Gene	LOEUF	Mis_Z	pLI
A1BG	1.3400e+00	-8.6092e-01	1.7706e-16
A1CF	8.2500e-01	1.2373e+00	7.6560e-10
A2M	7.6500e-01	2.7587e+00	9.7568e-20
A2ML1	9.5300e-01	1.6571e+00	1.7127e-40
A3GALT2	1.5290e+00	-4.0799e+00	1.0169e-06
A4GALT	1.3930e+00	-2.7835e-01	7.5507e-02
A4GNT	1.3750e+00	1.0640e+00	1.9136e-02
AAAS	9.2100e-01	8.8677e-01	8.9231e-16
AACS	9.6700e-01	4.8387e-01	8.8541e-18
AADAC	1.1260e+00	3.5127e-01	6.3501e-05
AADACL2	1.5290e+00	4.6695e-01	6.9637e-08
AADACL3	1.2500e+00	1.3335e-01	1.7704e-03
AADACL4	1.0630e+00	1.8346e-01	1.1751e-02
AADAT	6.2500e-01	2.0250e+00	4.6289e-01
AAGAB	1.1560e+00	-1.0037e+00	1.5706e-08
AAK1	4.0600e-01	2.6964e+00	9.9999e-01
AAMDC	1.5710e+00	1.7107e-01	1.0899e-05
AAMP	3.7200e-01	2.3950e+00	9.9998e-01
AANAT	1.2830e+00	-4.6577e-01	6.8842e-04
AAR2	1.4720e+00	1.4072e+00	5.4204e-12
AARD	1.7190e+00	-8.6864e-01	4.2882e-04
AARS1	7.7200e-01	1.0453e+00	4.0400e-14
AARS2	7.5200e-01	1.8985e+00	1.8233e-15
AARSD1	1.1220e+00	6.4600e-01	2.3928e-14
AASDH	9.4600e-01	9.0632e-01	3.2904e-18
AASDHPPT	7.5400e-01	4.3306e-01	2.1762e-02
AASS	9.4800e-01	1.5093e+00	4.5131e-21
AATF	1.0330e+00	8.8384e-01	2.9704e-13
AATK	1.5740e+00	-5.6829e+00	5.3635e-39
ABAT	8.7100e-01	7.5346e-01	1.1757e-10
ABCA10	1.0440e+00	9.6320e-01	8.7244e-43
ABCA12	5.8200e-01	2.9254e+00	4.8142e-17
ABCA13	1.0630e+00	-9.7771e-02	3.0027e-140
ABCA1	5.6300e-01	3.0760e+00	2.3118e-12
ABCA2	4.3600e-01	3.7441e+00	9.9999e-01
ABCA3	6.1200e-01	1.3112e+00	1.0831e-10
ABCA4	7.8600e-01	1.3815e+00	3.4822e-43
ABCA5	9.7000e-01	3.3724e-01	1.7677e-24
ABCA6	1.0410e+00	-3.2910e-01	2.9592e-33
ABCA7	1.3680e+00	-3.5932e+00	7.9220e-103
ABCA8	1.0860e+00	5.3784e-01	9.1537e-44
ABCA9	1.0060e+00	1.6275e+00	1.1383e-40
ABCB10	1.1420e+00	3.5076e-01	3.0297e-17
ABCB11	7.3900e-01	1.2052e+00	9.5597e-15
ABCB1	5.7500e-01	2.7727e+00	1.8910e-05
ABCB4	6.2300e-01	3.5556e+00	1.7893e-08
ABCB5	1.1780e+00	-2.0603e+00	2.1065e-45
ABCB6	9.8400e-01	9.0031e-01	2.0017e-25
ABCB8	8.9400e-01	9.4868e-01	7.4398e-13
ABCB9	7.9600e-01	1.0889e+00	2.9429e-07
ABCC10	8.9400e-01	2.2209e+00	1.7526e-29
ABCC11	1.0040e+00	1.0742e+00	4.0979e-38
ABCC12	1.0220e+00	1.2083e+00	9.7791e-42
ABCC1	5.6400e-01	2.0321e+00	1.2436e-06
ABCC2	9.8500e-01	1.0363e+00	1.5473e-45
ABCC3	8.3100e-01	1.2504e+00	2.7122e-28
ABCC4	6.4700e-01	2.2737e+00	7.0811e-11
ABCC5	4.5500e-01	4.8355e+00	9.9932e-01
ABCC6	9.1700e-01	1.0310e+00	1.2351e-33
ABCC8	8.2900e-01	2.8451e+00	9.5344e-33
ABCC9	5.5700e-01	7.0369e+00	7.2745e-06
ABCD2	7.1400e-01	2.3144e+00	7.7494e-05
ABCD3	4.8400e-01	2.4773e+00	9.9014e-01
ABCD4	7.7200e-01	5.3147e-01	4.0217e-10
ABCE1	4.6600e-01	4.7629e+00	9.9654e-01
ABCF1	6.9000e-01	3.3750e+00	7.1408e-12
ABCF2	6.1000e-01	3.7095e+00	3.3779e-03
ABCF2-H2BE1	6.3300e-01	3.7028e+00	3.1361e-04
ABCF3	7.7600e-01	1.3928e+00	1.1095e-12
ABCG1	5.7300e-01	2.3270e+00	1.9578e-01
ABCG2	1.3080e+00	5.0878e-01	5.0723e-29
ABCG4	6.9400e-01	3.3781e+00	3.4830e-05
ABCG5	1.2190e+00	-1.0834e+00	8.1322e-20
ABCG8	1.3290e+00	-2.6097e+00	5.1931e-31
ABHD10	1.0370e+00	7.2923e-01	1.2175e-05
ABHD11	1.1940e+00	9.6297e-01	1.8944e-08
ABHD1	1.3590e+00	-3.1823e-01	1.8338e-17
ABHD12	9.6700e-01	-5.0211e-01	7.5081e-10
ABHD12B	1.1480e+00	-8.6724e-01	5.0333e-12
ABHD13	5.0400e-01	2.1696e+00	9.7685e-01
ABHD14A	1.0810e+00	4.5437e-01	1.3328e-05
ABHD14A-ACY1	8.2100e-01	1.5597e+00	1.0199e-10
ABHD14B	1.7890e+00	7.2101e-01	7.6860e-09
ABHD15	1.4790e+00	-4.1310e-01	2.9886e-13
ABHD16A	6.8600e-01	1.9771e+00	4.0184e-07
ABHD16B	1.9550e+00	-2.7289e+00	3.4725e-09
ABHD17A	7.8300e-01	1.5027e+00	2.1099e-01
ABHD17B	5.7900e-01	2.7770e+00	8.5835e-01
ABHD17C	9.1900e-01	2.0635e+00	1.2876e-02
ABHD18	1.0280e+00	3.3876e-01	1.0028e-06
ABHD2	5.7000e-01	2.6532e+00	5.5070e-01
ABHD3	1.2110e+00	5.9178e-02	2.0979e-15
ABHD4	1.0380e+00	1.4270e+00	9.7984e-10
ABHD5	9.2200e-01	7.0878e-01	3.4236e-07
ABHD6	1.0670e+00	1.0868e+00	1.7139e-08
ABHD8	6.6400e-01	9.8917e-01	2.5012e-01
ABI1	4.1000e-01	2.6994e+00	9.9980e-01
ABI2	5.8500e-01	1.8219e+00	4.4932e-01
ABI3	1.1130e+00	-3.8629e-01	2.6510e-07
ABI3BP	9.4500e-01	5.6225e-01	9.7143e-43
ABITRAM	1.1750e+00	1.9145e-01	8.0601e-05
ABL1	1.9000e-01	4.2885e+00	1.0000e+00
ABL2	5.7800e-01	2.4001e+00	1.0035e-03
ABLIM1	5.1500e-01	2.0405e+00	6.9623e-01
ABLIM2	7.4300e-01	2.7325e-01	7.7590e-10
ABLIM3	6.9100e-01	1.5617e+00	7.7214e-10
ABO	1.9280e+00	-1.2097e+00	1.2467e-01
ABR	4.3100e-01	3.3628e+00	9.9996e-01
ABRA	9.9300e-01	2.7635e-01	9.4717e-07
ABRACL	1.2430e+00	-9.1913e-02	1.1384e-01
ABRAXAS1	1.3470e+00	2.9466e-01	4.4645e-05
ABRAXAS2	6.4100e-01	1.0646e+00	4.3358e-01
ABT1	1.2000e+00	-5.3904e-01	1.3440e-04
ABTB1	1.0030e+00	5.2501e-01	1.4524e-12
ABTB2	7.3300e-01	6.6179e-01	3.5697e-10
ACAA1	1.1990e+00	6.2215e-01	1.4146e-14
ACAA2	1.1480e+00	4.0510e-01	1.9640e-09
ACACA	3.7400e-01	1.0233e+01	1.0000e+00
ACACB	8.4300e-01	3.1108e+00	2.7387e-49
ACAD10	1.0500e+00	1.4698e+00	6.9671e-34
ACAD11	1.0100e+00	7.7624e-01	1.1192e-17
ACAD8	1.1100e+00	8.8893e-01	6.9510e-14
ACAD9	8.8400e-01	8.6095e-01	1.1413e-12
ACADL	1.2620e+00	7.0510e-01	3.5387e-14
ACADM	1.0720e+00	4.2409e-01	6.8458e-12
ACADS	8.5200e-01	7.9366e-01	3.5192e-06
ACADSB	8.9100e-01	-1.0091e-01	7.2450e-07
ACADVL	1.0770e+00	1.0097e-01	2.4250e-22
ACAN	3.7700e-01	3.2052e-01	1.0000e+00
ACAP1	5.7900e-01	2.9491e+00	2.0255e-03
ACAP2	4.7000e-01	3.0871e+00	9.9673e-01
ACAP3	8.1600e-01	-1.9452e+00	1.6380e-12
ACAT1	7.9800e-01	1.0654e+00	3.1856e-04
ACAT2	9.9000e-01	8.4893e-01	1.9103e-06
ACBD3	6.3400e-01	1.1158e+00	5.9197e-03
ACBD4	1.0900e+00	4.9605e-01	2.1826e-12
ACBD5	7.3400e-01	1.6734e+00	2.2882e-06
ACBD6	1.0370e+00	1.5707e-01	1.2278e-05
ACBD7	1.5150e+00	-1.7382e-01	1.9634e-04
ACCS	8.9900e-01	7.9116e-01	7.8032e-11
ACCSL	1.0370e+00	1.3813e+00	4.2141e-15
ACD	9.2100e-01	1.0660e+00	4.3134e-10
ACE	8.8000e-01	-5.0314e-01	6.2381e-32
ACER1	1.4110e+00	1.0975e-01	1.3147e-11
ACER2	1.1550e+00	-3.9921e-01	1.4586e-07
ACER3	8.1500e-01	8.7127e-01	3.0464e-01
ACHE	5.4600e-01	2.7525e+00	8.1412e-01
ACIN1	1.5000e-01	2.7821e+00	1.0000e+00
ACKR1	1.8410e+00	-3.8415e-01	1.9360e-02
ACKR2	1.9340e+00	8.0443e-01	1.1759e-01
ACKR3	4.9200e-01	1.6942e+00	9.8139e-01
ACKR4	1.2180e+00	3.5586e+00	1.2264e-01
ACLY	4.0100e-01	4.2591e+00	1.0000e+00
ACMSD	1.0630e+00	1.2934e-01	1.8164e-08
ACO1	8.3900e-01	2.1148e+00	1.5512e-14
ACO2	4.8900e-01	4.3358e+00	9.8113e-01
ACOD1	1.5300e+00	1.0182e+00	2.2454e-03
ACOT11	1.0880e+00	7.4673e-01	5.9289e-21
ACOT1	1.5310e+00	2.9932e+00	2.0157e-01
ACOT12	9.2000e-01	-4.1570e-01	4.8476e-13
ACOT13	1.4520e+00	3.1598e-01	6.1171e-04
ACOT2	1.1910e+00	2.7326e-01	6.9664e-05
ACOT4	1.5860e+00	5.8870e-02	9.9825e-06
ACOT6	1.9600e+00	-4.9539e-01	6.8000e-08
ACOT7	4.6800e-01	2.0883e+00	9.9457e-01
ACOT8	1.0960e+00	1.1075e+00	5.8302e-10
ACOX1	6.7000e-01	3.0670e+00	1.7103e-05
ACOX2	9.1400e-01	1.0739e+00	3.6110e-16
ACOX3	1.1140e+00	-8.6507e-02	8.4687e-23
ACOXL	1.2390e+00	8.3730e-01	1.7180e-23
ACP1	1.5470e+00	2.6275e-01	1.4858e-07
ACP2	8.0400e-01	1.3402e+00	1.0170e-06
ACP3	1.0790e+00	3.9750e-01	4.4344e-07
ACP4	1.4130e+00	-7.2954e-01	3.0241e-19
ACP5	1.1400e+00	1.4621e+00	8.6434e-08
ACP6	1.3130e+00	6.6500e-01	1.4193e-16
ACP7	1.1470e+00	6.2811e-01	1.1195e-18
ACR	9.4300e-01	1.2910e+00	3.0852e-04
ACRBP	9.1100e-01	1.2919e+00	6.8612e-13
ACRV1	8.2200e-01	8.1692e-01	2.3017e-03
ACSBG1	5.9400e-01	2.0511e+00	3.1721e-03
ACSBG2	9.9000e-01	1.3583e+00	3.6935e-16
ACSF2	8.4400e-01	1.8965e+00	6.4482e-12
ACSF3	1.7150e+00	-2.0014e+00	2.6577e-36
ACSL1	5.5500e-01	2.1766e+00	4.7811e-02
ACSL3	6.0500e-01	2.5061e+00	1.0744e-02
ACSL5	7.0200e-01	1.2545e+00	1.4483e-07
ACSL6	5.8400e-01	2.3193e+00	7.9870e-04
ACSM1	1.2480e+00	8.8969e-01	2.6229e-26
ACSM2A	1.2330e+00	-2.9019e-02	3.0224e-25
ACSM2B	9.5600e-01	9.4022e-02	1.3754e-15
ACSM3	9.9900e-01	1.0961e+00	5.1473e-16
ACSM4	1.0720e+00	1.1472e+00	1.0931e-19
ACSM5	1.0030e+00	1.4866e-01	1.6829e-15
ACSM6	NA	4.8236e-01	NA
ACSS1	7.1200e-01	1.8780e+00	7.0052e-07
ACSS2	7.8500e-01	1.6667e+00	5.5530e-10
ACSS3	9.3100e-01	9.3209e-01	2.5819e-14
ACTA1	9.3100e-01	6.0949e+00	3.1036e-06
ACTA2	4.7200e-01	4.6189e+00	9.9431e-01
ACTB	1.9300e-01	7.6921e+00	1.0000e+00
ACTBL2	1.6240e+00	-1.1385e-01	1.9762e-12
ACTC1	5.1100e-01	6.3225e+00	9.7314e-01
ACTG1	6.1700e-01	4.8895e+00	4.5871e-01
ACTG2	6.2600e-01	4.3554e+00	2.8166e-01
ACTL10	1.9470e+00	-1.4842e+00	2.7436e-03
ACTL6A	1.8600e-01	3.6318e+00	1.0000e+00
ACTL6B	9.5400e-01	3.3742e+00	9.6229e-13
ACTL7A	1.1820e+00	5.2133e-01	1.0553e-08
ACTL7B	1.4140e+00	-6.0995e-01	1.8885e-07
ACTL8	7.5600e-01	1.9958e+00	6.0141e-01
ACTL9	1.5750e+00	-5.5083e-01	1.8716e-01
ACTN1	3.3100e-01	5.2049e+00	1.0000e+00
ACTN2	4.3200e-01	2.2746e+00	9.9996e-01
ACTN3	9.4400e-01	-3.3789e-01	1.1649e-24
ACTN4	2.3800e-01	5.6941e+00	1.0000e+00
ACTR10	1.1480e+00	4.8863e-01	5.1056e-05
ACTR1A	3.3700e-01	4.1158e+00	9.9999e-01
ACTR1B	9.6800e-01	6.7004e-01	2.6759e-09
ACTR2	1.7700e-01	4.5219e+00	1.0000e+00
ACTR3	4.6100e-01	3.1102e+00	9.9496e-01
ACTR3B	3.2800e-01	3.5918e+00	9.9999e-01
ACTR3C	1.0460e+00	1.1904e+00	2.8858e-04
ACTR5	9.8600e-01	-1.6572e-01	1.2267e-12
ACTR6	1.0170e+00	1.9492e+00	2.2941e-06
ACTR8	1.0330e+00	1.3668e+00	7.1878e-17
ACTRT2	1.3070e+00	5.5155e-01	2.8829e-01
ACTRT3	1.2420e+00	6.0780e-01	4.6633e-07
ACVR1	8.3500e-01	2.9548e+00	2.4131e-08
ACVR1B	4.0300e-01	4.5480e+00	9.9992e-01
ACVR1C	6.0000e-01	1.9661e+00	1.7453e-01
ACVR2A	2.2200e-01	4.7321e+00	1.0000e+00
ACVR2B	4.0800e-01	3.0549e+00	9.9995e-01
ACVRL1	5.7000e-01	3.1905e+00	5.1066e-01
ACY1	9.0000e-01	1.2671e+00	1.5160e-09
ACY3	1.1960e+00	3.4173e-02	1.6724e-06
ACYP1	1.3010e+00	1.0091e+00	5.8814e-03
ACYP2	1.7280e+00	-4.0844e-01	6.7045e-02
ADA	1.1840e+00	4.6970e-01	9.6400e-15
ADA2	8.7900e-01	3.2476e-01	5.3900e-06
ADAD1	7.7800e-01	1.3454e+00	4.1725e-06
ADAD2	1.5240e+00	-4.6822e+00	4.0954e-25
ADAL	1.2040e+00	1.1002e+00	7.6328e-10
ADAM10	2.7600e-01	3.9218e+00	1.0000e+00
ADAM11	5.8400e-01	2.3911e+00	4.5604e-04
ADAM12	8.1800e-01	1.7643e+00	9.8869e-15
ADAM15	8.2600e-01	1.5426e+00	1.2469e-17
ADAM17	5.6500e-01	2.5759e+00	1.0138e-01
ADAM18	1.5850e+00	-8.0755e-01	2.4743e-29
ADAM19	7.3900e-01	1.5181e+00	2.7622e-13
ADAM20	1.9330e+00	7.3694e-01	1.1894e-01
ADAM2	1.1880e+00	1.4710e-02	4.6540e-11
ADAM21	1.9130e+00	2.3347e+00	1.4110e-01
ADAM22	5.1800e-01	2.2901e+00	5.5288e-01
ADAM23	4.1600e-01	1.9745e+00	9.9999e-01
ADAM28	1.2300e+00	-3.0369e-01	1.4340e-25
ADAM29	1.9390e+00	8.2639e-01	8.1078e-03
ADAM30	1.9030e+00	6.1184e-01	1.5001e-01
ADAM32	1.0410e+00	1.9488e-03	5.8986e-14
ADAM33	1.2910e+00	-1.7468e+00	6.2756e-39
ADAM7	1.1600e+00	-4.1696e-01	2.2772e-22
ADAM8	1.4230e+00	-1.4010e+00	2.8383e-40
ADAM9	5.7500e-01	2.3253e+00	1.8051e-03
ADAMDEC1	1.2340e+00	9.6702e-02	1.3303e-14
ADAMTS10	4.6700e-01	3.8057e+00	9.9647e-01
ADAMTS12	7.8200e-01	1.4830e+00	2.9445e-26
ADAMTS1	3.2900e-01	1.2400e-01	1.0000e+00
ADAMTS13	9.1700e-01	9.2747e-01	9.9963e-30
ADAMTS14	9.6600e-01	8.0769e-01	2.8381e-27
ADAMTS15	5.9900e-01	-6.8291e-02	3.4184e-02
ADAMTS16	7.9400e-01	-2.0053e-01	1.8384e-19
ADAMTS17	9.6600e-01	-1.5379e+00	2.2942e-31
ADAMTS18	1.0550e+00	-4.0930e+00	1.0763e-48
ADAMTS19	8.3000e-01	-3.8527e-01	5.2776e-18
ADAMTS20	9.4700e-01	-1.8347e-01	5.8816e-51
ADAMTS2	5.6800e-01	1.4864e+00	1.0101e-03
ADAMTS3	6.7000e-01	9.5069e-01	1.2131e-09
ADAMTS4	7.3200e-01	1.3266e+00	9.9457e-07
ADAMTS5	8.1800e-01	6.6177e-01	7.5384e-12
ADAMTS6	2.2800e-01	4.2154e+00	1.0000e+00
ADAMTS7	7.6100e-01	1.0363e+00	6.5978e-19
ADAMTS8	1.0760e+00	-6.8993e-01	1.1516e-15
ADAMTS9	4.6900e-01	1.5284e+00	8.6871e-01
ADAMTSL1	7.4400e-01	-2.7620e+00	1.5858e-24
ADAMTSL2	6.7900e-01	1.0796e+00	2.2710e-08
ADAMTSL3	6.9200e-01	1.6692e+00	2.8223e-20
ADAMTSL4	9.2000e-01	9.3574e-01	1.1088e-25
ADAMTSL5	1.4070e+00	-2.3090e+00	7.0705e-23
ADAP1	9.4900e-01	-1.2391e+00	5.3209e-08
ADAP2	1.0310e+00	7.7108e-01	1.9318e-11
ADAR	4.4900e-01	3.4201e+00	9.9972e-01
ADARB1	3.2300e-01	3.7351e+00	1.0000e+00
ADARB2	6.8100e-01	-1.5461e+00	4.4744e-03
ADAT1	1.1930e+00	-1.4041e+00	2.0916e-19
ADAT2	1.3260e+00	8.0136e-01	3.7540e-08
ADAT3	1.9290e+00	-4.8900e+00	5.6981e-04
ADCK1	9.1600e-01	5.6128e-01	5.8010e-09
ADCK2	9.2100e-01	1.2849e+00	2.7368e-09
ADCK5	9.9900e-01	-5.8025e-01	4.5106e-11
ADCY10	9.2200e-01	2.3147e+00	1.2559e-38
ADCY1	3.4600e-01	4.7110e+00	1.0000e+00
ADCY2	3.2900e-01	4.9485e+00	1.0000e+00
ADCY3	6.9500e-01	3.1960e+00	3.8965e-11
ADCY4	1.0890e+00	7.5020e-01	2.5047e-35
ADCY5	3.2600e-01	4.4785e+00	1.0000e+00
ADCY6	6.3900e-01	3.6344e+00	1.3560e-07
ADCY7	7.3800e-01	2.3934e+00	2.9515e-13
ADCY8	5.8600e-01	2.0467e+00	4.9635e-04
ADCY9	6.0300e-01	1.9141e+00	6.1060e-05
ADCYAP1	8.6400e-01	-1.5094e+00	2.2329e-01
ADCYAP1R1	7.9700e-01	1.9599e+00	7.4456e-09
ADD1	3.8700e-01	1.3492e+00	1.0000e+00
ADD2	3.8800e-01	2.6307e+00	1.0000e+00
ADD3	3.9500e-01	9.9475e-01	9.9998e-01
ADGB	9.4100e-01	2.3131e-02	1.5097e-32
ADGRA1	1.0250e+00	-9.9682e-01	2.4377e-03
ADGRA2	9.4300e-01	-5.3971e-01	1.2256e-15
ADGRA3	6.0700e-01	1.2509e+00	4.5445e-05
ADGRB1	3.7200e-01	1.6912e+00	1.0000e+00
ADGRB2	3.8300e-01	3.8435e+00	1.0000e+00
ADGRB3	2.4600e-01	2.4270e+00	1.0000e+00
ADGRD1	8.2600e-01	1.1242e+00	5.0406e-12
ADGRE1	9.5100e-01	8.9782e-01	2.7265e-22
ADGRE2	1.0280e+00	2.3707e+00	3.7208e-23
ADGRE3	1.2650e+00	1.1043e+00	2.5264e-24
ADGRE5	9.7300e-01	7.9778e-01	9.3388e-19
ADGRF1	1.2470e+00	-3.3835e-01	5.3118e-24
ADGRF2	1.1830e+00	-1.2124e-01	2.3286e-12
ADGRF3	1.0690e+00	1.5875e+00	4.7081e-26
ADGRF4	1.3600e+00	-5.6252e-01	1.1036e-16
ADGRF5	7.1900e-01	1.1973e+00	5.3761e-08
ADGRG1	8.7100e-01	1.4013e+00	6.3056e-12
ADGRG3	9.3000e-01	8.0219e-01	1.1337e-09
ADGRG5	9.8200e-01	6.4756e-01	9.8434e-10
ADGRG6	6.3000e-01	8.9445e-01	1.6537e-01
ADGRG7	1.1940e+00	7.6420e-01	1.4692e-15
ADGRL1	3.0200e-01	4.0328e+00	1.0000e+00
ADGRL2	3.0100e-01	2.6759e+00	1.0000e+00
ADGRL3	4.5100e-01	2.4878e+00	9.9956e-01
ADGRL4	1.4400e+00	-5.1770e-01	1.7279e-27
ADGRV1	6.3700e-01	2.3256e+00	6.4034e-36
ADH1A	1.1040e+00	1.6864e-01	8.7674e-09
ADH1B	1.0130e+00	8.0857e-01	1.2869e-06
ADH1C	9.9100e-01	1.1398e+00	5.1629e-07
ADH4	1.0770e+00	-2.4816e-01	1.8113e-06
ADH5	1.1910e+00	1.5936e+00	9.2579e-09
ADH6	1.2630e+00	3.3671e-01	5.8588e-11
ADH7	1.4290e+00	-9.3414e-01	6.4586e-15
ADHFE1	9.6600e-01	-2.6422e-02	9.9156e-09
ADI1	1.7130e+00	-2.6429e-01	1.0815e-10
ADIG	1.8450e+00	8.0743e-01	1.2014e-05
ADIPOQ	1.6550e+00	2.3310e-02	3.6258e-09
ADIPOR1	5.7100e-01	3.5353e+00	7.7920e-01
ADIPOR2	6.3600e-01	3.5224e+00	1.7629e-01
ADIRF	1.7880e+00	-7.4246e-01	1.1975e-04
ADK	8.9300e-01	1.7207e+00	2.1733e-04
ADM2	1.9010e+00	-2.0430e+00	1.2314e-04
ADM5	1.8180e+00	4.8658e-02	2.1076e-01
ADM	5.8100e-01	3.3158e-01	9.0376e-01
ADNP	1.0600e-01	2.5832e+00	1.0000e+00
ADNP2	8.9600e-01	6.8068e-01	1.8308e-01
ADO	1.4760e+00	-7.4926e-01	1.2344e-03
ADORA1	5.9800e-01	2.5507e+00	8.6185e-01
ADORA2A	8.4600e-01	1.8372e+00	3.0226e-02
ADORA2B	1.4120e+00	-3.9258e-01	3.4881e-08
ADORA3	1.2040e+00	1.2182e+00	1.2765e-01
ADPGK	9.3700e-01	4.9947e-01	8.2370e-07
ADPRH	1.1650e+00	8.2750e-01	6.5355e-09
ADPRHL1	1.2640e+00	1.2063e+00	6.3996e-15
ADPRM	9.5900e-01	1.7016e+00	2.4482e-04
ADPRS	1.1550e+00	-2.9451e-01	3.3734e-08
ADRA1A	1.3430e+00	2.8854e-01	3.6545e-11
ADRA1B	1.4490e+00	-9.6775e-01	1.8158e-06
ADRA1D	1.7720e+00	-1.0730e+00	4.4147e-10
ADRA2A	1.7830e+00	-6.9193e-01	4.5237e-03
ADRA2B	1.5560e+00	3.0931e-01	8.3783e-07
ADRA2C	1.1160e+00	4.6364e-01	1.6791e-01
ADRB1	1.9390e+00	-8.4844e-01	1.1145e-01
ADRB2	9.0100e-01	2.0128e+00	1.0180e-03
ADRB3	1.9520e+00	-1.5328e+00	2.8276e-16
ADRM1	1.8800e-01	1.2400e+00	1.0000e+00
ADSL	9.1500e-01	1.7937e+00	2.8047e-10
ADSS1	1.2450e+00	-1.0290e-01	9.8930e-19
ADSS2	6.4600e-01	2.6409e+00	1.3716e-01
ADTRP	1.0740e+00	8.4923e-01	1.4591e-05
AEBP1	7.3500e-01	1.3129e+00	6.2634e-13
AEBP2	4.6100e-01	-6.6969e-01	9.8680e-01
AEN	1.6660e+00	-2.5496e-01	8.6278e-09
AFAP1	9.1800e-01	-1.3475e+00	1.2782e-17
AFAP1L1	9.4400e-01	1.3430e+00	1.0845e-20
AFAP1L2	6.0500e-01	9.4741e-01	3.2142e-04
AFDN	3.9800e-01	1.8981e+00	1.0000e+00
AFF1	4.9000e-01	5.3163e-01	9.4566e-01
AFF3	3.1800e-01	2.2654e+00	1.0000e+00
AFF4	1.1400e-01	3.6501e+00	1.0000e+00
AFG1L	1.0180e+00	4.3451e-01	5.7967e-05
AFG3L2	7.2400e-01	3.0743e+00	1.0227e-08
AFM	1.4400e+00	-4.2108e-01	2.2172e-25
AFMID	1.0180e+00	4.3583e-01	5.3725e-11
AFP	9.6300e-01	6.7212e-01	5.2276e-14
AFTPH	NA	1.0275e+00	NA
AGA	9.3800e-01	1.1808e-01	3.0493e-05
AGAP1	3.6600e-01	1.7898e+00	1.0000e+00
AGAP2	4.1400e-01	1.9562e+00	9.9999e-01
AGAP3	3.5900e-01	4.0127e+00	1.0000e+00
AGAP4	7.6100e-01	4.0802e+00	1.9089e-01
AGAP5	7.1700e-01	5.3654e+00	4.6601e-01
AGAP6	7.5700e-01	3.4998e+00	5.9877e-05
AGAP9	8.2300e-01	4.1534e+00	4.9500e-04
AGBL1	1.3130e+00	-2.6251e+00	2.6956e-46
AGBL2	9.4400e-01	2.0835e+00	1.2893e-17
AGBL3	8.9300e-01	1.9561e+00	9.5555e-11
AGBL4	1.1070e+00	5.8610e-01	3.9504e-15
AGBL5	7.0900e-01	1.9344e+00	1.6548e-08
AGER	1.0680e+00	8.2843e-01	2.6621e-14
AGFG1	2.8600e-01	1.4997e+00	1.0000e+00
AGFG2	8.7300e-01	2.7600e-02	2.0088e-06
AGGF1	8.0800e-01	7.4272e-01	4.6139e-09
AGK	9.1800e-01	1.0683e+00	7.3523e-06
AGL	7.2000e-01	8.7709e-01	1.0330e-22
AGMAT	1.7120e+00	-7.8133e-01	4.9676e-16
AGMO	1.5610e+00	-2.5520e+00	6.4021e-16
AGO1	1.6400e-01	6.4391e+00	1.0000e+00
AGO2	1.0200e-01	6.9835e+00	1.0000e+00
AGO3	2.3200e-01	6.2067e+00	1.0000e+00
AGO4	3.9300e-01	4.4551e+00	1.0000e+00
AGPAT1	3.6700e-01	3.7824e+00	9.9968e-01
AGPAT2	1.1990e+00	-8.5710e-01	7.1770e-06
AGPAT3	2.1000e-01	3.1570e+00	1.0000e+00
AGPAT4	4.6100e-01	3.0509e+00	9.9730e-01
AGPAT5	1.3910e+00	-3.3713e+00	3.3307e-14
AGPS	4.0800e-01	2.8043e+00	9.9977e-01
AGR2	1.3400e+00	7.3655e-01	1.6551e-07
AGR3	1.9320e+00	-4.3599e-01	2.7110e-09
AGRN	7.3000e-01	-2.5712e+00	1.5815e-20
AGRP	1.0910e+00	2.9117e-01	1.8192e-02
AGT	1.2020e+00	4.1574e-01	1.6897e-08
AGTPBP1	5.5600e-01	2.5632e+00	6.6485e-03
AGTR1	1.1130e+00	1.3757e+00	7.2190e-05
AGTRAP	8.3800e-01	7.9283e-01	1.2563e-01
AGXT	1.2510e+00	-4.8001e-01	2.0059e-14
AGXT2	1.1850e+00	7.5848e-02	1.3802e-18
AHCTF1	1.4200e-01	2.7271e+00	1.0000e+00
AHCY	7.2700e-01	2.5289e+00	9.3098e-04
AHCYL1	3.4000e-01	5.1246e+00	1.0000e+00
AHCYL2	5.1600e-01	2.3621e+00	9.1149e-01
AHDC1	1.6800e-01	2.4789e+00	1.0000e+00
AHI1	1.0690e+00	-2.2863e-01	2.6598e-30
AHNAK2	9.1700e-01	-5.9310e+00	2.5356e-04
AHNAK	7.9300e-01	7.6862e-01	2.2260e-04
AHR	6.0600e-01	6.6328e-01	7.9940e-03
AHRR	8.9700e-01	-8.1612e-01	1.1095e-06
AHSA1	5.0500e-01	1.1759e+00	9.7802e-01
AHSG	1.0420e+00	1.4138e-01	1.1360e-05
AHSP	1.9470e+00	-3.0055e-01	2.7368e-03
AICDA	1.1440e+00	9.9122e-01	1.2839e-05
AIDA	5.4500e-01	1.5646e+00	9.3307e-01
AIF1	1.4070e+00	5.2863e-01	1.9979e-07
AIF1L	1.1020e+00	1.3556e-01	1.2316e-03
AIFM2	1.4040e+00	5.3031e-01	1.6036e-13
AIFM3	1.1090e+00	7.3396e-01	2.2617e-22
AIG1	1.2790e+00	7.6739e-02	6.8925e-07
AIM2	1.4210e+00	1.3088e+00	1.1254e-11
AIMP1	9.3100e-01	2.7475e-01	6.2809e-05
AIMP2	1.1070e+00	-1.4459e+00	2.3887e-06
AIP	6.2600e-01	1.2835e+00	2.8135e-01
AIPL1	1.0100e+00	4.2085e-01	7.0113e-07
AIRE	1.1690e+00	-1.0396e+00	2.8640e-16
AJAP1	3.7600e-01	-9.2316e-01	9.9921e-01
AJM1	1.1620e+00	-2.0249e+00	2.4787e-06
AJUBA	5.8100e-01	1.5197e+00	4.2940e-01
AK1	8.7300e-01	1.0139e+00	7.8122e-03
AK2	9.5400e-01	7.7091e-01	8.6478e-04
AK3	1.6020e+00	-2.8178e+00	3.3565e-10
AK4	9.4200e-01	1.7549e+00	1.0184e-02
AK4P3	NA	1.5589e+00	NA
AK5	5.0000e-01	2.5537e+00	9.7996e-01
AK6	1.3770e+00	4.2187e-01	9.1273e-09
AK7	9.4500e-01	6.6799e-01	1.1629e-15
AK8	1.1200e+00	8.4105e-01	1.1284e-13
AK9	8.4800e-01	2.2837e+00	2.6186e-37
AKAIN1	1.5060e+00	1.9170e-01	1.1342e-01
AKAP10	3.8100e-01	1.8372e+00	9.9999e-01
AKAP11	3.1900e-01	8.8300e-01	1.0000e+00
AKAP12	4.9600e-01	1.3880e+00	9.7372e-01
AKAP13	3.6200e-01	-6.8831e-01	1.0000e+00
AKAP1	5.2600e-01	2.4890e+00	6.7115e-01
AKAP3	6.2000e-01	1.5255e+00	2.1293e-02
AKAP5	6.9800e-01	1.5290e+00	6.6209e-01
AKAP6	3.6700e-01	1.1311e+00	1.0000e+00
AKAP7	1.3300e+00	3.7996e-01	6.8781e-09
AKAP8	4.8000e-01	4.0374e-02	9.9314e-01
AKAP8L	5.9200e-01	8.8962e-01	1.8734e-02
AKAP9	6.6200e-01	2.0527e+00	1.5524e-43
AKIP1	1.3240e+00	-6.1902e-01	1.0825e-05
AKIRIN1	4.3500e-01	-7.4362e-01	9.9261e-01
AKIRIN2	4.5900e-01	7.2022e-01	9.9192e-01
AKNA	6.3100e-01	3.9093e-01	2.1934e-08
AKNAD1	9.1200e-01	6.5986e-01	2.0930e-16
AKR1A1	8.7100e-01	9.1168e-01	6.6523e-06
AKR1B10	1.3240e+00	4.1846e-01	1.2141e-13
AKR1B15	1.5270e+00	-7.4096e-02	8.3094e-18
AKR1B1	7.5000e-01	9.6012e-01	7.3369e-04
AKR1C1	1.2550e+00	5.1475e-01	3.3450e-10
AKR1C2	1.0350e+00	9.3379e-01	8.8515e-07
AKR1C3	1.3400e+00	-1.2148e+00	8.9689e-11
AKR1C4	1.3370e+00	-4.5152e-01	5.3623e-13
AKR1D1	1.1570e+00	9.9354e-01	7.4662e-09
AKR1E2	1.3020e+00	-1.8634e-01	2.5795e-15
AKR7A2	1.0620e+00	-6.6683e-01	9.4203e-09
AKR7A3	1.4090e+00	8.4226e-01	5.9440e-14
AKR7L	NA	8.5499e-01	NA
AKT1	4.7400e-01	4.2239e+00	9.9545e-01
AKT1S1	1.4900e+00	-1.5434e+00	1.3423e-06
AKT2	3.9800e-01	3.4263e+00	9.9996e-01
AKT3	4.8200e-01	4.2350e+00	9.9015e-01
AKTIP	6.1200e-01	2.0383e+00	3.7378e-01
ALAD	6.3000e-01	2.4257e+00	9.7632e-02
ALAS1	6.4900e-01	1.9652e+00	2.8188e-03
ALB	5.7700e-01	1.0132e+00	1.0930e-01
ALCAM	4.7400e-01	1.7510e+00	9.9519e-01
ALDH16A1	1.1830e+00	-2.4012e+00	4.4086e-30
ALDH18A1	6.1700e-01	3.0998e+00	1.3089e-04
ALDH1A1	5.4200e-01	1.5456e+00	8.7463e-01
ALDH1A2	5.8100e-01	1.3270e+00	1.6502e-01
ALDH1A3	6.6700e-01	2.2593e+00	3.7408e-03
ALDH1B1	1.0290e+00	6.0146e-01	3.6419e-06
ALDH1L1	8.2200e-01	1.0581e+00	2.5911e-15
ALDH1L2	9.7400e-01	1.7159e+00	3.7563e-25
ALDH2	9.8900e-01	1.6597e+00	5.9378e-11
ALDH3A1	1.2460e+00	2.6411e-01	3.5553e-16
ALDH3A2	9.7200e-01	9.8365e-01	8.6514e-09
ALDH3B1	1.2170e+00	-1.3463e-02	5.5371e-12
ALDH3B2	1.8380e+00	3.9154e-01	7.3189e-11
ALDH4A1	9.0200e-01	-4.4932e-02	2.0602e-11
ALDH5A1	8.5200e-01	2.8896e-01	2.1451e-07
ALDH6A1	8.3500e-01	2.0222e+00	4.5152e-09
ALDH7A1	9.8300e-01	9.3997e-01	1.2571e-16
ALDH8A1	1.1130e+00	6.9298e-01	5.3411e-12
ALDH9A1	8.8700e-01	3.6313e-01	4.3291e-08
ALDOA	8.2100e-01	1.0505e+00	2.3604e-05
ALDOB	1.1830e+00	-7.5151e-01	2.3588e-11
ALDOC	7.8500e-01	2.3418e+00	2.7555e-04
ALG10	9.0100e-01	1.1777e+00	5.8848e-06
ALG10B	1.0180e+00	3.1936e-01	1.6377e-07
ALG1	1.4190e+00	-2.6689e+00	1.6267e-25
ALG11	9.0800e-01	1.1209e+00	1.5591e-06
ALG12	9.6500e-01	9.3748e-01	1.4977e-09
ALG14	1.0550e+00	1.9929e-02	7.0391e-05
ALG1L2	1.6070e+00	-1.2884e+00	3.3746e-13
ALG2	1.4080e+00	-9.3806e-01	5.5991e-12
ALG3	9.7200e-01	7.5767e-01	1.7952e-10
ALG5	8.2300e-01	1.2373e+00	1.5945e-02
ALG6	8.9200e-01	1.3207e+00	2.2406e-05
ALG8	9.0900e-01	4.2414e-01	1.8738e-10
ALG9	8.5300e-01	1.7414e+00	1.3976e-12
ALK	5.6200e-01	9.5723e-01	3.8217e-06
ALKAL1	1.9440e+00	-1.7808e+00	7.9389e-06
ALKAL2	1.2970e+00	-2.2503e+00	2.5534e-02
ALKBH1	1.1280e+00	4.2436e-01	2.4628e-08
ALKBH2	1.3920e+00	6.6714e-01	5.3215e-07
ALKBH3	1.4340e+00	1.0368e-01	3.5288e-16
ALKBH4	1.0350e+00	1.1061e-01	4.1694e-03
ALKBH5	1.9000e-01	3.3366e+00	1.0000e+00
ALKBH6	1.1520e+00	3.3250e-01	6.5151e-07
ALKBH7	1.6750e+00	-1.2173e+00	1.1462e-09
ALKBH8	7.9700e-01	5.4694e-01	2.7075e-05
ALLC	1.1440e+00	6.1653e-02	5.2281e-11
ALMS1	8.2500e-01	-1.6920e+00	2.1295e-65
ALOX12	9.2100e-01	1.6259e+00	8.9707e-16
ALOX12B	7.8300e-01	1.7673e+00	3.6631e-10
ALOX15	1.1170e+00	5.2454e-01	7.4766e-21
ALOX15B	1.2630e+00	-3.1708e-01	2.2638e-27
ALOX5	9.3300e-01	8.6600e-01	7.7684e-17
ALOX5AP	7.9500e-01	1.0133e+00	1.3095e-01
ALOXE3	1.0360e+00	1.0722e-01	5.0055e-23
ALPG	1.1030e+00	7.9930e-01	1.0455e-09
ALPI	1.1630e+00	5.2949e-01	3.4185e-16
ALPK1	1.0790e+00	5.1701e-01	1.3166e-32
ALPK2	8.6200e-01	2.5584e+00	3.4526e-31
ALPK3	8.7400e-01	-2.0306e-01	2.2790e-26
ALPL	9.8700e-01	1.9112e+00	1.7059e-11
ALPP	1.1170e+00	1.4343e+00	4.8450e-12
ALS2	6.4900e-01	2.9747e+00	2.8160e-17
ALS2CL	1.0800e+00	6.7071e-01	5.2251e-37
ALX1	8.3800e-01	2.8720e-01	6.0691e-04
ALX3	1.0510e+00	-6.0958e-01	7.4098e-05
ALX4	9.0200e-01	-2.6237e-01	3.2775e-05
ALYREF	2.3500e-01	-1.7490e-01	9.9971e-01
AMACR	1.2390e+00	-1.4623e-01	1.0248e-05
AMBN	1.3450e+00	-7.4370e-02	2.6606e-12
AMBP	1.0170e+00	1.4387e-01	5.4457e-11
AMBRA1	4.9100e-01	3.4449e+00	9.3732e-01
AMD1	4.4200e-01	2.8349e+00	9.9693e-01
AMDHD1	1.3810e+00	-7.4160e-01	2.3957e-13
AMDHD2	8.6800e-01	3.9349e-01	2.1624e-05
AMER2	6.5500e-01	-1.1384e+00	8.3912e-01
AMER3	NA	-5.9824e-01	NA
AMFR	6.3300e-01	1.6276e+00	6.2362e-04
AMH	1.9540e+00	-5.9633e+00	1.0623e-19
AMHR2	7.8400e-01	1.3246e+00	2.7267e-07
AMIGO1	9.9000e-02	4.0712e+00	1.0000e+00
AMIGO2	9.7000e-01	1.5923e+00	1.1286e-04
AMIGO3	1.8440e+00	-3.2413e-01	2.0745e-04
AMMECR1L	2.5700e-01	3.2139e+00	9.9999e-01
AMN	1.4460e+00	-2.7320e+00	1.8277e-15
AMN1	8.3800e-01	1.5815e+00	7.8309e-03
AMOTL1	5.8100e-01	1.2895e+00	2.9055e-03
AMOTL2	5.7400e-01	7.6596e-01	5.6222e-02
AMPD1	1.0360e+00	1.0985e+00	7.1588e-21
AMPD2	7.0500e-01	3.6393e+00	1.3901e-08
AMPD3	8.1700e-01	2.0819e+00	1.5297e-12
AMPH	6.9700e-01	1.1391e+00	1.6051e-06
AMT	8.0500e-01	1.0014e+00	1.0023e-04
AMTN	1.6560e+00	3.1853e-01	5.1559e-10
AMY1A	1.9030e+00	9.7134e-01	7.0662e-02
AMY1C	5.6400e-01	1.9703e+00	8.7039e-01
AMY2A	8.4800e-01	1.9290e+00	1.8220e-02
AMY2B	1.3950e+00	-4.5910e-01	1.9899e-26
AMZ1	1.8800e+00	-5.6773e+00	4.1978e-19
AMZ2	1.0040e+00	9.2246e-01	1.5011e-06
ANAPC10	8.6300e-01	7.2646e-01	5.1575e-01
ANAPC11	7.8500e-01	1.6569e+00	5.4592e-01
ANAPC1	2.7300e-01	5.2641e+00	1.0000e+00
ANAPC13	1.5960e+00	5.9027e-01	7.3928e-04
ANAPC15	9.3900e-01	2.0544e+00	1.8212e-02
ANAPC16	8.4700e-01	6.6443e-01	3.3811e-01
ANAPC2	4.8200e-01	3.0165e+00	9.9028e-01
ANAPC4	7.5700e-01	2.5443e+00	2.8288e-08
ANAPC5	8.8900e-01	3.3062e+00	1.6677e-12
ANAPC7	4.7800e-01	2.8084e+00	9.9414e-01
ANG	1.6970e+00	5.1680e-01	4.1982e-01
ANGEL1	9.8000e-01	1.6664e+00	3.7645e-17
ANGEL2	7.8800e-01	1.5725e+00	3.0779e-08
ANGPT1	4.1400e-01	2.0158e+00	9.9987e-01
ANGPT2	6.0600e-01	-1.4366e+00	3.1906e-02
ANGPT4	1.1890e+00	2.0044e-02	1.5442e-16
ANGPTL1	9.8100e-01	7.0826e-01	1.0041e-09
ANGPTL2	6.4300e-01	1.9108e+00	1.4026e-02
ANGPTL3	1.2090e+00	4.3204e-01	1.4168e-11
ANGPTL4	1.4810e+00	-4.0370e-01	3.6960e-16
ANGPTL5	1.1580e+00	-1.6938e-01	2.5851e-06
ANGPTL6	1.3380e+00	-1.7503e+00	1.8601e-16
ANGPTL7	1.2310e+00	5.7375e-01	1.8591e-12
ANGPTL8	1.7490e+00	-4.1436e-02	2.0296e-10
ANHX	7.7600e-01	3.1672e-01	8.8956e-04
ANK1	2.9900e-01	3.8484e+00	1.0000e+00
ANK2	2.7100e-01	4.2752e+00	1.0000e+00
ANK3	1.6000e-01	5.3717e+00	1.0000e+00
ANKAR	1.0700e+00	1.2618e+00	5.6721e-33
ANKDD1A	1.1370e+00	5.7476e-01	7.6013e-16
ANKDD1B	1.1730e+00	2.1988e-01	1.1295e-07
ANKEF1	7.7000e-01	8.0586e-01	2.0997e-06
ANKFN1	7.4100e-01	-3.7480e-01	5.0599e-11
ANKFY1	4.6300e-01	2.9040e+00	9.9797e-01
ANKH	4.6300e-01	3.5436e+00	9.9706e-01
ANKHD1	1.7800e-01	5.8076e+00	1.0000e+00
ANKHD1-EIF4EBP3	2.0400e-01	5.6908e+00	1.0000e+00
ANKIB1	5.3300e-01	3.2537e+00	3.4002e-01
ANKK1	1.3820e+00	-1.1404e+00	9.6430e-14
ANKLE1	1.3680e+00	7.1890e-02	2.3050e-22
ANKLE2	8.2500e-01	-5.2693e-01	2.9547e-12
ANKMY1	1.1410e+00	4.6146e-01	3.1232e-33
ANKMY2	9.1300e-01	-4.2355e-01	2.0856e-08
ANKRA2	1.3580e+00	1.1929e+00	3.8479e-10
ANKRD10	1.0350e+00	5.4679e-01	1.7098e-04
ANKRD1	1.0380e+00	8.0164e-01	7.6168e-09
ANKRD11	1.3200e-01	-1.0567e+00	1.0000e+00
ANKRD12	5.8300e-01	-1.4883e-01	1.0194e-07
ANKRD13A	7.2000e-01	1.7911e+00	4.7242e-07
ANKRD13B	6.7200e-01	1.4625e+00	3.3214e-04
ANKRD13C	4.4900e-01	1.9902e+00	9.9669e-01
ANKRD13D	5.5200e-01	7.2744e-01	5.4585e-01
ANKRD16	1.3560e+00	-7.2370e-01	1.6814e-10
ANKRD17	1.1800e-01	7.0131e+00	1.0000e+00
ANKRD18A	8.7200e-01	1.4941e+00	2.9181e-14
ANKRD18B	8.9000e-01	1.0382e+00	2.0378e-15
ANKRD20A1	5.1200e-01	3.0854e+00	9.3628e-01
ANKRD20A2P	1.1490e+00	1.9067e+00	6.0802e-01
ANKRD20A3P	NA	1.0295e+00	NA
ANKRD20A4P	1.8210e+00	1.3252e+00	3.5396e-01
ANKRD2	1.4260e+00	-5.2942e-02	1.0919e-13
ANKRD22	1.5130e+00	5.3735e-01	1.3142e-08
ANKRD23	1.6710e+00	-5.0549e-01	1.9405e-23
ANKRD24	1.2550e+00	-2.7671e+00	6.1319e-40
ANKRD26	7.2800e-01	1.0154e+00	1.9855e-20
ANKRD27	9.6500e-01	9.7786e-01	5.9527e-27
ANKRD28	4.5500e-01	1.8194e+00	9.9917e-01
ANKRD29	1.1870e+00	4.1010e-01	9.8159e-09
ANKRD30A	1.2950e+00	-1.4742e+00	1.3949e-46
ANKRD30B	9.8100e-01	-6.9619e-02	1.4115e-23
ANKRD30BL	1.9290e+00	-3.5129e-01	5.7109e-04
ANKRD31	8.4400e-01	1.7367e+00	3.0539e-24
ANKRD33	1.3510e+00	6.6960e-01	5.3205e-09
ANKRD33B	6.8200e-01	-4.2512e-01	7.0044e-01
ANKRD34A	4.6800e-01	3.1236e+00	9.9140e-01
ANKRD34B	NA	1.1136e+00	NA
ANKRD34C	1.7610e+00	1.6584e+00	2.4036e-01
ANKRD35	1.0710e+00	2.8094e-01	1.1716e-31
ANKRD36	1.1320e+00	7.7497e-01	3.9648e-55
ANKRD36B	5.6900e-01	1.4237e+00	1.4331e-01
ANKRD36C	3.6400e-01	1.8572e+00	9.8991e-01
ANKRD37	1.2650e+00	-1.3669e-01	8.1343e-06
ANKRD39	1.3750e+00	-1.4134e-01	1.4079e-06
ANKRD40	9.3600e-01	1.4990e+00	5.1839e-06
ANKRD42	1.0800e+00	7.7690e-01	2.7598e-12
ANKRD44	3.6500e-01	2.8338e+00	1.0000e+00
ANKRD45	1.1190e+00	1.1886e+00	2.0456e-06
ANKRD46	9.6500e-01	2.1470e+00	4.4588e-03
ANKRD49	1.2210e+00	1.6036e+00	5.4088e-05
ANKRD50	4.3900e-01	2.6157e+00	9.9992e-01
ANKRD52	1.2200e-01	5.1953e+00	1.0000e+00
ANKRD53	1.3790e+00	5.6587e-01	2.8779e-10
ANKRD54	1.1260e+00	-5.1321e-01	5.2004e-08
ANKRD55	8.4300e-01	8.6195e-01	1.8000e-08
ANKRD60	1.6070e+00	-4.6300e-01	5.5628e-09
ANKRD61	1.4980e+00	4.0011e-01	2.5461e-03
ANKRD62	9.4200e-01	2.3617e-01	1.7927e-11
ANKRD63	1.8350e+00	-1.0633e+00	9.7371e-08
ANKRD65	1.9680e+00	-2.2997e+00	7.1256e-12
ANKRD66	1.5790e+00	-1.5360e-01	1.4355e-04
ANKRD6	8.6900e-01	4.3045e-01	6.9313e-12
ANKRD7	1.2190e+00	7.5901e-01	2.7634e-06
ANKRD9	1.9660e+00	-4.6745e+00	4.1694e-07
ANKS1A	5.4900e-01	3.3020e+00	9.1996e-03
ANKS1B	2.9800e-01	3.7771e+00	1.0000e+00
ANKS3	1.1020e+00	-3.6943e+00	1.3297e-18
ANKS4B	1.3250e+00	7.4555e-01	2.5912e-10
ANKS6	8.6900e-01	-7.6490e-01	4.1775e-10
ANKUB1	1.0830e+00	6.6246e-01	1.2505e-12
ANKZF1	1.1250e+00	8.7467e-01	1.6314e-27
ANLN	5.3700e-01	1.8024e+00	7.8672e-02
ANO10	1.2400e+00	1.0031e+00	3.7519e-26
ANO1	6.1800e-01	2.4386e+00	8.8688e-07
ANO2	1.0220e+00	-9.5607e-02	1.0319e-30
ANO3	9.1100e-01	2.8578e+00	5.0884e-18
ANO4	5.7600e-01	3.1664e+00	6.4935e-05
ANO5	1.0340e+00	7.1114e-01	2.1745e-26
ANO6	1.0200e+00	2.4132e+00	2.4628e-30
ANO7	1.1590e+00	-1.2481e+00	7.0983e-35
ANO8	7.9500e-01	6.5474e-01	2.4434e-14
ANO9	1.0220e+00	-1.1298e-01	2.4483e-23
ANP32A	1.4300e-01	3.2971e+00	1.0000e+00
ANP32B	3.6400e-01	1.9190e+00	9.9950e-01
ANP32C	1.9050e+00	-3.5994e-01	3.0047e-02
ANP32D	1.4330e+00	-2.5141e-01	1.5664e-02
ANP32E	7.6200e-01	2.2372e+00	6.3372e-02
ANPEP	7.0500e-01	1.3814e+00	4.5127e-12
ANTKMT	1.9480e+00	-3.2298e+00	2.3679e-12
ANTXR1	3.4600e-01	2.8739e+00	1.0000e+00
ANTXR2	9.8100e-01	-6.6076e-01	3.7050e-09
ANTXRL	1.0040e+00	4.4136e-02	2.1718e-16
ANXA10	1.1460e+00	6.2810e-02	1.6460e-07
ANXA11	1.0860e+00	-2.4716e-01	1.5348e-14
ANXA1	1.1820e+00	-1.7361e-01	4.7906e-08
ANXA13	9.6000e-01	2.2877e-02	2.1774e-08
ANXA2	9.8500e-01	5.5835e-01	3.9002e-06
ANXA2R	NA	2.4094e-01	NA
ANXA3	1.2440e+00	2.3450e-01	2.0991e-05
ANXA4	1.0770e+00	1.1245e+00	2.8306e-08
ANXA5	1.4650e+00	9.4558e-01	3.5025e-09
ANXA6	8.7200e-01	6.5771e-01	9.2678e-15
ANXA7	1.0550e+00	8.3042e-01	8.4541e-11
ANXA8	7.2600e-01	2.3659e+00	5.9384e-01
ANXA8L1	1.8120e+00	1.4123e+00	6.4852e-04
ANXA9	1.0910e+00	1.4580e+00	2.7725e-14
AOAH	8.7600e-01	9.4951e-01	9.4434e-12
AOC1	1.2530e+00	1.3093e+00	2.4456e-20
AOC2	1.2920e+00	-9.1389e-02	1.8085e-22
AOC3	1.0560e+00	1.6108e+00	4.4650e-15
AOPEP	9.7900e-01	5.8132e-01	4.1523e-15
AOX1	1.0090e+00	7.8272e-01	6.5603e-31
AP1AR	1.0480e+00	2.8881e-01	2.8404e-04
AP1B1	4.7600e-01	3.2212e+00	9.9357e-01
AP1G1	1.1300e-01	3.0050e+00	1.0000e+00
AP1G2	1.0040e+00	1.0090e+00	1.5854e-23
AP1M1	4.7400e-01	3.4488e+00	9.9509e-01
AP1M2	1.0730e+00	5.5425e-01	3.3400e-12
AP1S1	1.0780e+00	1.7310e+00	7.7664e-04
AP1S3	8.1700e-01	1.0652e+00	6.8273e-02
AP2A1	3.3100e-01	3.7317e+00	1.0000e+00
AP2A2	4.3700e-01	3.0643e+00	9.9985e-01
AP2B1	2.7500e-01	6.5905e+00	1.0000e+00
AP2M1	1.8200e-01	6.3671e+00	1.0000e+00
AP2S1	4.7800e-01	3.5198e+00	9.8109e-01
AP3B1	5.9000e-01	2.0333e+00	3.2623e-03
AP3B2	5.2000e-01	2.3169e+00	2.1689e-01
AP3D1	4.4300e-01	1.8755e+00	9.9989e-01
AP3M1	8.2300e-01	1.6463e+00	1.7508e-04
AP3M2	8.5800e-01	1.8602e+00	8.9123e-06
AP3S1	1.4330e+00	1.8697e+00	7.2646e-03
AP3S2	1.3040e+00	1.2023e-01	1.0733e-07
AP4B1	7.7700e-01	4.9189e-01	8.6664e-10
AP4E1	5.7600e-01	3.6717e-01	4.3414e-04
AP4M1	1.1060e+00	-1.8504e-01	5.0074e-18
AP4S1	1.6750e+00	1.6915e-01	3.0245e-09
AP5B1	1.4240e+00	-3.0620e+00	7.5130e-03
AP5M1	1.0610e+00	7.2277e-01	5.8546e-07
AP5S1	1.5280e+00	-2.6309e-01	3.3391e-05
AP5Z1	1.6410e+00	-6.1066e+00	1.0010e-47
APAF1	6.6400e-01	2.2791e+00	2.2839e-12
APBA1	9.7800e-01	4.0539e-01	1.1515e-13
APBA2	5.2400e-01	2.9096e+00	7.8163e-01
APBA3	1.2370e+00	-1.6329e+00	2.3681e-15
APBB1	4.0100e-01	2.2198e+00	9.9999e-01
APBB1IP	5.8500e-01	-6.2421e-04	3.4480e-01
APBB2	5.4000e-01	2.6143e+00	6.0619e-01
APBB3	9.7300e-01	1.6916e+00	1.3447e-13
APC2	9.6100e-01	-7.0603e+00	3.6028e-11
APC	3.2100e-01	7.9810e-01	1.0000e+00
APCDD1	5.8600e-01	1.0002e+00	5.9395e-01
APCDD1L	1.8600e+00	-1.3014e+00	1.2324e-09
APCS	1.8260e+00	-6.8722e-01	2.0836e-02
APEH	8.7000e-01	1.1763e+00	2.3187e-18
APEX1	1.2250e+00	-4.2105e-01	1.1096e-10
APH1A	8.0600e-01	2.0656e+00	5.0779e-03
APH1B	1.3270e+00	3.4319e-01	2.5362e-10
API5	2.1100e-01	3.6846e+00	1.0000e+00
APIP	1.4230e+00	7.3321e-01	2.2729e-09
APLF	1.4510e+00	-1.0686e-02	2.5445e-21
APLNR	8.1000e-01	9.5955e-01	3.0856e-02
APLP1	7.1300e-01	6.3325e-01	1.1458e-07
APLP2	7.2300e-01	3.5303e-01	2.6598e-08
APMAP	1.1400e+00	7.9561e-01	2.4673e-10
APOA1	1.1680e+00	3.0209e-01	5.3313e-07
APOA2	1.0120e+00	1.0279e+00	3.4900e-01
APOA4	9.8500e-01	-3.4517e-01	5.8360e-07
APOA5	1.1460e+00	6.2785e-01	3.8516e-08
APOB	5.3700e-01	9.6416e-01	1.3512e-11
APOBEC1	1.0860e+00	9.8356e-01	2.4654e-05
APOBEC2	1.0850e+00	-3.5087e-01	3.7540e-04
APOBEC3A	9.0000e-01	7.8736e-01	2.7051e-02
APOBEC3B	8.5400e-01	1.9055e+00	6.3002e-07
APOBEC3C	1.0560e+00	1.6461e-01	2.6063e-04
APOBEC3D	1.0290e+00	2.1424e-01	1.5797e-10
APOBEC3F	1.0140e+00	2.8518e-01	4.4662e-10
APOBEC3G	1.1030e+00	6.6748e-01	1.7700e-13
APOBEC3H	6.5100e-01	2.2281e-01	6.3457e-01
APOBEC4	1.4120e+00	1.5505e+00	5.2239e-01
APOBR	9.9000e-01	-1.6767e+00	7.1274e-16
APOC1	1.4830e+00	-7.4857e-01	1.1906e-01
APOC2	1.0540e+00	4.4841e-01	7.4299e-02
APOC3	1.6800e+00	2.4201e-01	1.2283e-03
APOC4	1.8170e+00	1.1471e-02	9.8851e-05
APOC4-APOC2	1.1050e+00	3.1869e-01	7.8878e-05
APOD	1.4360e+00	4.5790e-01	2.7343e-08
APOE	1.3190e+00	-1.1323e+00	2.5668e-04
APOF	1.8850e+00	7.3449e-01	3.5106e-02
APOH	1.5420e+00	5.2703e-01	3.1416e-19
APOL1	1.6800e+00	-2.9624e-01	5.2365e-08
APOL2	1.7040e+00	-5.8923e-01	1.1069e-03
APOL3	NA	7.5765e-01	NA
APOL4	1.8630e+00	2.3651e-01	3.8236e-06
APOL5	1.0930e+00	5.8591e-01	4.3203e-08
APOL6	1.6560e+00	2.1955e-01	1.6117e-01
APOLD1	1.9590e+00	-2.3104e+00	4.0691e-12
APOM	1.4370e+00	8.2634e-01	4.7004e-09
APP	4.1000e-01	2.2633e+00	9.9999e-01
APPBP2	3.4000e-01	3.7598e+00	1.0000e+00
APPL1	5.2400e-01	9.8282e-01	8.8093e-01
APPL2	1.0750e+00	1.4402e+00	1.3554e-23
APRT	1.7890e+00	-1.8254e+00	4.7393e-11
APTX	9.7300e-01	2.7421e-01	2.0655e-07
AQP10	9.9100e-01	2.1673e+00	5.4655e-04
AQP11	1.7430e+00	-2.3682e-01	1.4795e-06
AQP12A	1.8280e+00	8.5090e-02	3.5704e-05
AQP12B	1.8750e+00	-7.3209e-01	4.1200e-04
AQP1	9.1500e-01	1.1070e+00	1.3569e-02
AQP2	1.3750e+00	6.7634e-01	2.6952e-07
AQP3	8.3800e-01	2.1441e+00	4.7403e-03
AQP4	9.0300e-01	3.6680e-01	3.1791e-04
AQP5	1.3160e+00	4.7680e-02	2.6203e-04
AQP6	1.3960e+00	9.8813e-01	1.4203e-05
AQP7	1.2400e+00	8.9601e-01	2.2156e-07
AQP8	8.1900e-01	1.0171e+00	1.0511e-02
AQP9	1.1600e+00	-7.0042e-01	2.5342e-06
AQR	4.1300e-01	4.7255e+00	1.0000e+00
ARAP1	5.7200e-01	1.8747e+00	1.1045e-06
ARAP2	8.8400e-01	-6.8052e-01	5.7363e-27
ARAP3	5.9800e-01	2.5014e+00	1.0218e-09
ARC	1.3930e+00	3.2399e-01	8.1608e-04
ARCN1	1.4500e-01	2.6523e+00	1.0000e+00
AREG	8.2300e-01	7.6552e-01	3.7006e-03
AREL1	7.3900e-01	2.2104e+00	3.5344e-11
ARF1	2.4700e-01	4.1558e+00	9.9953e-01
ARF3	4.8500e-01	3.6880e+00	9.7853e-01
ARF4	4.1800e-01	2.5983e+00	9.8754e-01
ARF5	6.8500e-01	2.2684e+00	3.5162e-01
ARF6	2.5100e-01	4.0361e+00	9.9477e-01
ARFGAP1	6.3200e-01	3.1000e-01	2.1957e-02
ARFGAP2	8.0000e-01	8.5046e-01	6.3036e-09
ARFGAP3	1.1160e+00	3.0704e-01	1.4979e-16
ARFGEF1	2.3600e-01	6.9600e+00	1.0000e+00
ARFGEF2	3.9100e-01	4.3680e+00	1.0000e+00
ARFGEF3	5.8800e-01	2.5538e+00	7.8929e-10
ARFIP1	8.6900e-01	1.7699e+00	1.6921e-03
ARFIP2	5.4300e-01	2.4284e+00	9.0415e-01
ARFRP1	9.3500e-01	5.3676e-01	1.0621e-04
ARG1	8.3300e-01	5.8597e-01	2.3675e-04
ARG2	7.8000e-01	1.2874e+00	2.0946e-03
ARGFX	1.8430e+00	1.1853e+00	2.1015e-04
ARGLU1	3.9600e-01	3.0766e+00	9.9954e-01
ARHGAP10	8.9400e-01	4.6451e-01	4.2253e-17
ARHGAP11A	8.0000e-01	1.6080e+00	1.1732e-06
ARHGAP11A-SCG5	8.1000e-01	2.7065e+00	2.8716e-07
ARHGAP11B	8.4200e-01	1.4175e+00	7.3308e-03
ARHGAP12	6.8100e-01	1.0082e+00	1.8530e-06
ARHGAP15	1.1340e+00	2.8560e-01	1.3199e-10
ARHGAP1	6.0100e-01	1.5567e+00	1.3550e-01
ARHGAP17	7.5300e-01	8.8842e-01	1.9007e-09
ARHGAP18	9.3100e-01	1.4324e+00	5.7861e-16
ARHGAP19	1.0230e+00	9.8781e-01	9.2321e-11
ARHGAP19-SLIT1	NA	9.5160e-01	NA
ARHGAP20	6.1300e-01	1.2660e+00	6.5488e-02
ARHGAP21	2.6100e-01	4.1930e+00	1.0000e+00
ARHGAP22	1.1410e+00	-1.3638e+00	6.6480e-16
ARHGAP23	4.1400e-01	6.7825e-01	9.9999e-01
ARHGAP24	7.9700e-01	3.7425e-01	3.1621e-10
ARHGAP25	6.2700e-01	1.7609e+00	1.7123e-03
ARHGAP26	4.9300e-01	2.9664e+00	9.7508e-01
ARHGAP27	7.0900e-01	-1.2875e-01	3.8325e-08
ARHGAP28	7.9600e-01	5.2529e-01	5.5899e-10
ARHGAP29	4.4800e-01	2.1869e+00	9.9970e-01
ARHGAP30	4.2900e-01	1.2910e+00	9.9987e-01
ARHGAP31	3.8000e-01	2.7098e+00	1.0000e+00
ARHGAP32	3.4900e-01	3.3510e+00	1.0000e+00
ARHGAP33	5.9000e-01	1.7937e+00	2.8164e-05
ARHGAP35	2.0400e-01	5.7739e+00	1.0000e+00
ARHGAP39	6.5800e-01	-3.2099e-01	7.9531e-06
ARHGAP40	1.3460e+00	6.4831e-01	4.3460e-02
ARHGAP42	6.6600e-01	2.7685e+00	9.8509e-06
ARHGAP44	6.0500e-01	1.4870e+00	1.1289e-03
ARHGAP45	7.5000e-01	-1.2435e+00	4.5814e-11
ARHGAP5	2.9500e-01	3.3151e+00	1.0000e+00
ARHGAP8	1.6480e+00	-5.1990e+00	5.8776e-26
ARHGAP9	1.0230e+00	4.6219e-01	1.8747e-22
ARHGDIA	6.0600e-01	7.1283e-01	7.6779e-01
ARHGDIB	8.8100e-01	1.0100e-01	5.3960e-02
ARHGDIG	1.2970e+00	-5.5114e-01	2.8009e-06
ARHGEF10	1.0620e+00	-3.4199e+00	1.0958e-43
ARHGEF10L	6.5400e-01	1.8832e+00	7.2835e-10
ARHGEF11	3.3600e-01	2.7709e+00	1.0000e+00
ARHGEF12	3.6900e-01	4.1270e+00	1.0000e+00
ARHGEF1	4.5900e-01	2.7781e+00	9.9897e-01
ARHGEF15	9.1700e-01	9.4848e-01	7.1445e-15
ARHGEF16	1.0180e+00	2.8551e-01	1.2710e-16
ARHGEF17	5.7000e-01	-5.6545e-01	4.8018e-07
ARHGEF18	8.1100e-01	8.2813e-01	7.8970e-20
ARHGEF19	1.3270e+00	-5.1321e-01	3.4980e-36
ARHGEF2	2.5900e-01	4.3716e+00	1.0000e+00
ARHGEF25	7.6200e-01	1.4677e+00	1.3478e-08
ARHGEF26	8.6100e-01	-1.4023e+00	1.6580e-13
ARHGEF28	8.9500e-01	-6.2638e-02	1.0554e-34
ARHGEF33	9.4700e-01	-1.3065e+00	2.6366e-14
ARHGEF35	1.8860e+00	9.3147e-01	1.6454e-01
ARHGEF3	5.9100e-01	1.9876e+00	8.4693e-02
ARHGEF37	9.6200e-01	1.2286e+00	1.4596e-14
ARHGEF38	1.2100e+00	-1.4958e-01	6.4479e-26
ARHGEF39	1.2640e+00	1.1878e-01	1.1751e-15
ARHGEF40	7.2200e-01	1.2775e+00	1.9320e-18
ARHGEF4	8.8400e-01	-2.7524e-01	1.7577e-30
ARHGEF5	4.1400e-01	5.9918e+00	9.9957e-01
ARHGEF7	5.3000e-01	1.2661e+00	7.7607e-01
ARID1A	1.4100e-01	2.4598e+00	1.0000e+00
ARID1B	2.0500e-01	8.1072e-01	1.0000e+00
ARID2	2.2400e-01	4.4902e+00	1.0000e+00
ARID3A	4.4200e-01	6.6049e-01	9.9829e-01
ARID3B	3.3200e-01	3.1154e+00	1.0000e+00
ARID3C	1.8410e+00	-1.2525e+00	5.9406e-16
ARID4A	3.3900e-01	1.6165e+00	1.0000e+00
ARID4B	1.7600e-01	2.7563e+00	1.0000e+00
ARID5A	8.0200e-01	1.0596e+00	1.3892e-02
ARID5B	2.1100e-01	3.0454e+00	1.0000e+00
ARIH1	3.0200e-01	4.1042e+00	1.0000e+00
ARIH2	2.4200e-01	4.8377e+00	1.0000e+00
ARL10	1.5210e+00	1.4802e-01	7.8184e-10
ARL11	1.8440e+00	-4.8977e-01	3.3687e-01
ARL13B	8.9400e-01	1.3935e-01	1.9828e-08
ARL14	1.6820e+00	-6.9198e-01	1.2203e-03
ARL14EP	8.2300e-01	1.4070e+00	2.5421e-02
ARL14EPL	1.4020e+00	-5.7524e-01	1.3630e-05
ARL15	1.3040e+00	4.3707e-01	6.0261e-05
ARL16	1.9290e+00	-6.3283e-01	5.3501e-13
ARL1	9.0600e-01	2.2243e+00	6.9841e-02
ARL2	9.3500e-01	5.1763e-01	1.9003e-02
ARL2BP	1.0300e+00	6.6749e-01	8.0810e-03
ARL2-SNX15	NA	4.8918e-01	NA
ARL3	5.5700e-01	1.4109e+00	9.3000e-01
ARL4A	7.7000e-01	1.9688e+00	4.9105e-01
ARL4C	7.9600e-01	2.8692e+00	3.4220e-01
ARL4D	1.8000e+00	9.5685e-01	2.2030e-01
ARL5A	9.2600e-01	1.0060e+00	2.2955e-01
ARL5B	5.7200e-01	1.1208e+00	9.1164e-01
ARL5C	1.3860e+00	8.6589e-01	1.9371e-08
ARL6	9.5600e-01	7.6332e-01	8.8078e-03
ARL6IP1	6.8200e-01	1.8159e+00	5.1353e-01
ARL6IP4	1.2770e+00	-1.0075e+00	2.9494e-08
ARL6IP5	8.5600e-01	1.2763e+00	2.3405e-01
ARL6IP6	1.4300e+00	-1.5381e+00	2.9106e-08
ARL8A	5.8000e-01	2.2668e+00	8.3794e-01
ARL8B	6.9800e-01	1.4022e+00	6.6360e-01
ARL9	9.6800e-01	-6.7279e-02	4.3406e-03
ARMC10	1.3410e+00	8.8703e-01	3.1770e-08
ARMC12	8.8000e-01	1.0766e+00	9.4350e-06
ARMC1	8.8500e-01	1.7875e+00	1.1223e-02
ARMC2	9.3600e-01	1.5870e+00	1.6643e-15
ARMC3	9.1000e-01	1.5930e+00	1.7854e-14
ARMC5	7.7200e-01	1.4172e-01	2.2461e-05
ARMC6	1.1120e+00	1.0424e+00	2.8967e-13
ARMC7	1.0050e+00	1.5294e-01	1.8048e-02
ARMC8	3.1700e-01	3.0345e+00	1.0000e+00
ARMC9	9.7500e-01	1.2468e+00	5.5271e-22
ARMH1	9.3400e-01	1.9105e-01	1.2090e-08
ARMH2	1.1560e+00	9.7462e-01	2.3945e-02
ARMH3	7.6500e-01	2.2623e+00	1.3387e-10
ARMH4	9.5300e-01	5.4995e-01	6.6673e-12
ARMS2	1.8150e+00	1.0534e+00	2.1973e-02
ARMT1	1.0830e+00	6.1722e-01	7.4456e-04
ARNT2	4.9800e-01	2.3501e+00	9.4024e-01
ARNT	3.8700e-01	2.9885e+00	1.0000e+00
ARNTL	2.5000e-01	3.6392e+00	1.0000e+00
ARNTL2	8.3100e-01	1.2754e+00	2.1145e-06
ARPC1A	3.1000e-01	3.4360e+00	1.0000e+00
ARPC1B	8.7600e-01	8.6139e-01	1.0630e-06
ARPC2	3.1900e-01	2.8405e+00	9.9984e-01
ARPC3	6.7800e-01	1.2824e+00	7.1113e-01
ARPC4	3.6200e-01	2.9640e+00	9.9820e-01
ARPC4-TTLL3	6.1700e-01	2.5268e+00	8.4183e-01
ARPC5	7.2500e-01	1.5472e+00	7.1808e-01
ARPC5L	6.0800e-01	1.0582e+00	8.6995e-01
ARPIN	1.2940e+00	-5.3305e-01	5.3992e-08
ARPIN-AP3S2	1.2690e+00	2.2098e-01	1.4761e-08
ARPP19	1.7460e+00	-2.0667e-01	1.2469e-02
ARPP21	7.1100e-01	1.4565e-01	2.0325e-07
ARRB1	6.1100e-01	1.9477e+00	1.4829e-01
ARRB2	5.6200e-01	2.6462e+00	5.9516e-01
ARRDC1	1.1910e+00	-9.5064e-01	9.3662e-12
ARRDC2	1.2970e+00	2.6781e-01	8.8721e-14
ARRDC3	3.2500e-01	2.3798e+00	9.9998e-01
ARRDC4	1.3090e+00	-9.2494e-01	2.1463e-12
ARRDC5	1.3420e+00	5.7504e-01	2.2357e-04
ARSA	1.1660e+00	-5.6045e-01	1.5110e-10
ARSB	1.0320e+00	-5.2327e-02	6.1124e-13
ARSG	9.9600e-01	1.2251e+00	2.5679e-09
ARSI	1.4030e+00	8.9049e-01	4.8294e-07
ARSJ	9.5100e-01	1.3056e+00	2.7209e-08
ARSK	9.5400e-01	7.2012e-01	5.7322e-10
ART1	1.4760e+00	-7.8488e-01	1.2948e-11
ART3	1.3770e+00	5.4591e-01	1.8702e-16
ART4	8.9500e-01	4.4443e-01	9.9907e-03
ART5	1.3320e+00	-4.5732e-01	3.4903e-08
ARTN	1.2060e+00	-1.3431e+00	6.9620e-02
ARV1	1.1310e+00	1.0529e+00	2.0524e-07
ARVCF	1.0320e+00	-1.8821e+00	2.8287e-19
AS3MT	1.2600e+00	1.2991e+00	3.7380e-14
ASAH1	1.4350e+00	-2.8275e+00	2.6013e-20
ASAH2	8.3800e-01	1.0830e+00	1.4425e-10
ASAH2B	NA	NA	NA
ASAP1	4.3900e-01	3.4319e+00	9.9991e-01
ASAP2	4.6500e-01	2.5779e+00	9.9788e-01
ASAP3	8.6400e-01	1.8180e+00	1.5967e-20
ASB10	1.6340e+00	-2.3330e-01	1.2199e-18
ASB13	1.6860e+00	-7.7866e-01	4.4348e-14
ASB14	1.3500e+00	3.6734e-01	1.5874e-22
ASB15	1.1860e+00	6.7221e-01	4.6107e-13
ASB16	1.6750e+00	-1.5654e+00	4.8360e-18
ASB17	1.3630e+00	5.7566e-01	1.9757e-09
ASB18	1.7640e+00	-3.2613e+00	1.2679e-13
ASB1	9.5100e-01	1.1399e+00	1.5110e-04
ASB2	1.2430e+00	-5.2866e-01	4.4214e-19
ASB3	9.9800e-01	-1.2287e+00	3.2574e-12
ASB4	1.2260e+00	-6.6218e-02	5.3145e-10
ASB5	1.3170e+00	2.7956e-01	2.4557e-14
ASB6	1.2250e+00	7.8443e-01	2.6544e-07
ASB7	2.7700e-01	4.2943e+00	9.9998e-01
ASB8	1.0040e+00	1.5643e+00	4.6794e-04
ASCC1	1.0020e+00	1.2584e+00	8.3188e-09
ASCC2	5.9300e-01	1.5957e+00	1.9576e-03
ASCC3	6.7700e-01	3.3492e+00	5.2923e-25
ASCL1	5.1000e-01	1.6975e+00	9.5264e-01
ASCL2	1.9620e+00	-3.9503e+00	6.6116e-04
ASCL3	1.5040e+00	-4.2391e-02	5.6662e-02
ASCL4	1.9210e+00	-2.7849e+00	1.3283e-01
ASCL5	1.7040e+00	-4.0999e-01	4.1690e-01
ASDURF	1.8650e+00	-2.5683e-02	3.1957e-01
ASF1A	5.7100e-01	2.3368e+00	9.1622e-01
ASF1B	9.1000e-01	8.7545e-01	2.4260e-02
ASGR1	1.3230e+00	4.3016e-02	1.6518e-12
ASGR2	1.3650e+00	2.8737e-01	7.7808e-13
ASH1L	1.0400e-01	4.8029e+00	1.0000e+00
ASH2L	5.2900e-01	2.7184e+00	8.7532e-01
ASIC1	4.6800e-01	3.3155e+00	9.9704e-01
ASIC2	5.9100e-01	1.1337e+00	1.9634e-01
ASIC3	1.0180e+00	-3.5501e-01	4.6521e-13
ASIC4	6.9000e-01	1.4669e+00	6.9603e-04
ASIC5	1.2860e+00	5.9326e-02	7.5418e-12
ASIP	1.7940e+00	-5.3971e-01	1.7733e-05
ASL	9.3700e-01	1.3965e+00	2.6098e-13
ASNS	7.4500e-01	2.4057e+00	9.1235e-06
ASNSD1	9.3900e-01	1.0933e+00	1.6025e-09
ASPA	1.0980e+00	1.2489e+00	4.2807e-05
ASPDH	1.2160e+00	-7.5391e-01	2.9942e-08
ASPG	1.2260e+00	-6.1289e-01	9.7372e-18
ASPH	1.0110e+00	-8.7304e-02	2.7445e-21
ASPHD1	1.1020e+00	7.1571e-02	4.1037e-05
ASPHD2	5.4700e-01	2.3610e+00	9.1905e-01
ASPM	7.6600e-01	8.0711e-01	3.3385e-55
ASPN	1.8830e+00	6.3042e-01	3.8354e-04
ASPRV1	1.2520e+00	7.8047e-01	1.7410e-03
ASPSCR1	1.0510e+00	-3.3034e-01	3.1427e-16
ASRGL1	1.1210e+00	1.2731e-01	6.6492e-05
ASS1	1.1400e+00	1.8142e+00	1.4303e-18
ASTE1	1.2910e+00	1.6752e+00	1.8566e-17
ASTL	1.0240e+00	8.0643e-01	2.8296e-07
ASTN1	3.9200e-01	2.2494e+00	1.0000e+00
ASTN2	4.7300e-01	1.3528e+00	9.9149e-01
ASXL1	9.1800e-01	1.9316e+00	1.5801e-16
ASXL2	2.3900e-01	2.1146e+00	1.0000e+00
ASXL3	2.2900e-01	1.2022e+00	1.0000e+00
ASZ1	1.3040e+00	-1.1683e-01	1.2539e-11
ATAD1	5.0500e-01	2.7024e+00	9.7793e-01
ATAD2	4.4900e-01	2.5582e+00	9.9973e-01
ATAD2B	3.7600e-01	3.3378e+00	1.0000e+00
ATAD3A	8.6100e-01	7.2563e-01	5.6203e-10
ATAD3B	1.1520e+00	-1.7987e+00	2.0120e-18
ATAD3C	1.1500e+00	-3.6375e-01	4.7998e-12
ATAD5	4.1700e-01	2.4753e+00	1.0000e+00
ATAT1	9.7500e-01	9.5591e-01	1.2553e-11
ATCAY	7.2500e-01	9.1006e-01	2.3577e-03
ATE1	6.8700e-01	2.6405e-01	5.3517e-04
ATF1	6.8300e-01	1.5874e+00	9.6976e-02
ATF2	5.3900e-01	2.6587e+00	8.5889e-01
ATF3	8.7900e-01	1.2346e+00	3.3738e-02
ATF4	7.1800e-01	-2.1609e+00	3.8210e-01
ATF5	1.5960e+00	-1.0403e+00	1.3180e-04
ATF6	8.8200e-01	7.6705e-01	1.6011e-07
ATF6B	7.5200e-01	1.4323e+00	1.9852e-09
ATF7	3.9100e-01	2.3364e+00	9.9983e-01
ATF7IP2	9.0900e-01	-8.9053e-01	8.9062e-06
ATF7IP	2.9400e-01	2.3404e+00	1.0000e+00
ATF7-NPFF	5.4500e-01	1.9107e+00	8.5621e-01
ATG101	6.8100e-01	2.2378e+00	6.4871e-01
ATG10	1.7440e+00	6.8629e-01	3.7918e-04
ATG12	1.6710e+00	-1.3504e+00	5.6283e-08
ATG13	4.7300e-01	2.0011e+00	9.9558e-01
ATG14	7.4400e-01	-2.2330e-02	2.2958e-04
ATG16L1	5.4500e-01	2.7578e+00	2.7327e-01
ATG16L2	1.1760e+00	-2.2355e-01	8.0591e-25
ATG2A	6.1400e-01	1.7760e+00	3.2251e-13
ATG2B	5.8600e-01	1.9044e+00	4.8066e-09
ATG3	8.8700e-01	1.2536e+00	6.4911e-03
ATG4B	8.5100e-01	2.4465e-01	2.0819e-06
ATG4C	1.2340e+00	-8.1861e-01	8.8066e-12
ATG4D	1.1960e+00	-3.0404e-01	5.6376e-17
ATG5	7.3900e-01	2.2908e+00	3.1691e-01
ATG7	9.8500e-01	1.2812e+00	1.5974e-17
ATG9A	3.3300e-01	3.3513e+00	1.0000e+00
ATG9B	1.3990e+00	-2.9257e+00	1.9490e-36
ATIC	1.0440e+00	-2.6716e-01	4.8854e-17
ATL1	5.7000e-01	3.8464e+00	3.5895e-01
ATL2	6.4700e-01	-4.0361e-01	4.3631e-03
ATL3	8.9100e-01	6.9424e-01	1.9910e-09
ATM	8.4700e-01	2.5412e+00	1.4847e-69
ATMIN	6.9500e-01	-5.0685e-01	4.0046e-03
ATN1	3.5200e-01	7.6172e-01	1.0000e+00
ATOH1	7.6700e-01	-2.5259e-01	1.7853e-01
ATOH7	1.7580e+00	-1.2184e+00	1.4175e-04
ATOH8	7.9400e-01	-1.3834e+00	1.3183e-01
ATOX1	1.3610e+00	6.0442e-01	8.2226e-02
ATP10A	8.7700e-01	4.9657e-01	2.9818e-27
ATP10B	9.6400e-01	5.9305e-01	7.1810e-32
ATP10D	7.0700e-01	1.7075e+00	2.5871e-14
ATP11A	5.9600e-01	1.8398e+00	2.4157e-06
ATP11B	5.2200e-01	2.1007e+00	7.5484e-01
ATP12A	8.4800e-01	1.7842e+00	1.5293e-19
ATP13A1	5.9200e-01	1.4206e+00	4.1213e-05
ATP13A2	7.1300e-01	2.0755e+00	5.5573e-15
ATP13A3	4.2800e-01	3.7554e+00	9.9999e-01
ATP13A4	8.9600e-01	1.0661e+00	2.2521e-27
ATP13A5	1.0720e+00	1.2529e+00	2.1042e-39
ATP1A1	1.8800e-01	8.2395e+00	1.0000e+00
ATP1A2	5.9800e-01	6.8360e+00	1.6587e-05
ATP1A3	1.7300e-01	9.1351e+00	1.0000e+00
ATP1A4	8.7900e-01	1.4876e+00	1.1113e-20
ATP1B1	1.9500e-01	3.0715e+00	1.0000e+00
ATP1B2	5.2600e-01	1.4830e+00	9.5400e-01
ATP1B3	6.1900e-01	1.3411e+00	7.8848e-01
ATP23	1.1600e+00	8.7172e-01	2.5351e-06
ATP2A1	8.8100e-01	2.9172e+00	9.5954e-21
ATP2A2	2.0500e-01	7.0341e+00	1.0000e+00
ATP2A3	7.5900e-01	2.0809e+00	5.7777e-12
ATP2B1	1.7200e-01	7.0115e+00	1.0000e+00
ATP2B2	1.9000e-01	6.3085e+00	1.0000e+00
ATP2B4	4.4000e-01	4.2923e+00	9.9990e-01
ATP2C1	4.0200e-01	3.7791e+00	9.9999e-01
ATP2C2	1.7120e+00	-6.8581e+00	2.8962e-72
ATP4A	8.0800e-01	3.4721e+00	3.8577e-16
ATP4B	1.0400e+00	7.9846e-02	1.0966e-07
ATP5F1A	5.7600e-01	3.1603e+00	2.8545e-01
ATP5F1B	5.3100e-01	4.3493e+00	9.1752e-01
ATP5F1C	7.8300e-01	1.8026e+00	4.9618e-03
ATP5F1D	1.9600e+00	-2.6522e+00	2.4290e-08
ATP5F1E	1.6540e+00	-1.0093e-01	1.7126e-02
ATP5IF1	1.6360e+00	-9.9507e-02	1.8920e-07
ATP5MC1	7.2300e-01	1.6140e+00	6.6730e-01
ATP5MC2	1.4710e+00	1.3070e+00	5.5957e-04
ATP5MC3	8.5100e-01	1.3521e+00	3.3191e-01
ATP5ME	1.6070e+00	-1.1496e+00	2.9888e-04
ATP5MF	1.2220e+00	-7.6621e-03	8.6995e-03
ATP5MF-PTCD1	NA	5.0579e-01	NA
ATP5MG	1.1240e+00	4.1851e-01	2.8423e-02
ATP5MGL	1.8380e+00	2.8798e-02	5.5093e-04
ATP5MJ	9.2800e-01	4.0767e-01	3.2484e-01
ATP5MK	1.6150e+00	4.6164e-01	8.9240e-02
ATP5PB	8.5700e-01	6.7122e-01	1.4209e-04
ATP5PD	8.7300e-01	8.1751e-01	7.7491e-03
ATP5PF	1.1180e+00	3.0746e-01	2.9337e-02
ATP5PO	8.7000e-01	5.1708e-01	8.0616e-03
ATP6V0A1	4.7800e-01	4.4412e+00	9.9284e-01
ATP6V0A2	6.0300e-01	1.9255e+00	1.7427e-03
ATP6V0A4	9.1600e-01	2.1353e+00	3.1336e-22
ATP6V0B	3.7200e-01	2.0567e+00	9.9876e-01
ATP6V0C	7.3900e-01	2.9069e+00	7.4407e-01
ATP6V0D1	5.1300e-01	3.6520e+00	9.6921e-01
ATP6V0D2	1.3700e+00	-3.4385e-01	5.7327e-11
ATP6V0E1	8.5900e-01	-1.7465e-01	4.1923e-01
ATP6V0E2	9.7300e-01	6.5359e-01	2.7543e-01
ATP6V1A	3.9100e-01	4.7238e+00	9.9998e-01
ATP6V1B1	8.2700e-01	1.0217e+00	6.0984e-09
ATP6V1B2	4.5700e-01	2.5286e+00	9.9842e-01
ATP6V1C1	1.1620e+00	2.4549e+00	7.6427e-11
ATP6V1C2	1.0120e+00	1.1654e+00	3.1654e-11
ATP6V1D	8.2800e-01	1.5925e+00	7.3317e-04
ATP6V1E1	8.5200e-01	2.2463e+00	1.3179e-03
ATP6V1E2	1.9350e+00	-4.4255e-01	5.1430e-04
ATP6V1F	1.2900e+00	1.0329e+00	9.9659e-02
ATP6V1FNB	1.2600e+00	1.1619e-01	8.3417e-05
ATP6V1G1	1.9210e+00	-5.2198e-01	6.3758e-07
ATP6V1G2	1.1510e+00	1.4244e+00	2.0444e-04
ATP6V1G2-DDX39B	NA	1.3288e+00	NA
ATP6V1G3	1.8100e+00	5.3235e-01	3.9605e-03
ATP6V1H	8.1900e-01	1.6013e+00	1.4577e-05
ATP7B	1.0630e+00	8.3587e-01	1.0828e-35
ATP8A1	6.6100e-01	3.2104e+00	2.8652e-08
ATP8A2	7.2800e-01	1.8645e+00	7.9069e-09
ATP8B1	6.2000e-01	3.3360e+00	1.6702e-09
ATP8B2	6.2400e-01	4.5518e+00	1.2150e-08
ATP8B3	1.2810e+00	-1.7049e+00	4.4452e-54
ATP8B4	1.0130e+00	4.0299e-01	4.4683e-27
ATP9A	4.5500e-01	4.5023e+00	9.9933e-01
ATP9B	8.5700e-01	6.1932e-01	2.7743e-19
ATPAF1	9.1700e-01	2.1772e-01	1.3726e-05
ATPAF2	1.1000e+00	1.2512e+00	4.6208e-09
ATPSCKMT	1.4360e+00	2.1559e-01	6.5336e-08
ATR	5.1800e-01	7.1459e+00	1.1669e-07
ATRAID	1.2350e+00	-4.0297e-01	1.0538e-08
ATRIP	7.0700e-01	4.1950e-01	1.4374e-06
ATRN	3.9500e-01	2.9594e+00	1.0000e+00
ATRNL1	5.3800e-01	1.6631e+00	2.8257e-01
ATXN10	7.1900e-01	3.9062e-01	5.1804e-04
ATXN1	2.6400e-01	1.3447e+00	1.0000e+00
ATXN1L	3.4600e-01	5.0458e-01	9.9997e-01
ATXN2	3.1900e-01	2.5897e+00	1.0000e+00
ATXN2L	2.9700e-01	8.9079e-01	1.0000e+00
ATXN3	5.8100e-01	1.6462e+00	6.3278e-01
ATXN7	2.5700e-01	-9.0971e-01	1.0000e+00
ATXN7L1	3.4500e-01	1.5422e+00	1.0000e+00
ATXN7L2	4.5300e-01	1.6563e+00	9.9855e-01
ATXN7L3	2.2700e-01	2.4450e+00	1.0000e+00
ATXN7L3B	1.6630e+00	-2.7213e-01	3.7095e-02
AUH	9.9400e-01	-6.3377e-01	2.5649e-07
AUNIP	1.6910e+00	3.2042e-01	6.9356e-09
AUP1	7.5800e-01	6.8159e-01	2.2319e-05
AURKA	5.2800e-01	2.7838e+00	9.3256e-01
AURKAIP1	1.9210e+00	-1.8253e+00	1.2170e-09
AURKB	9.5700e-01	1.4361e+00	1.5331e-07
AURKC	8.0600e-01	1.2343e+00	3.0941e-03
AUTS2	2.3200e-01	1.8752e+00	1.0000e+00
AVEN	1.1720e+00	-3.0930e+00	5.8399e-09
AVIL	8.1000e-01	2.0302e+00	6.5982e-17
AVL9	8.1100e-01	1.0786e+00	1.8368e-05
AVP	1.9230e+00	-1.7130e+00	3.3972e-05
AVPI1	1.1710e+00	-2.4116e-01	5.7483e-03
AVPR1A	1.2640e+00	5.1080e-01	1.2772e-10
AVPR1B	1.1940e+00	-1.7813e-01	4.0275e-08
AXDND1	9.8100e-01	1.1872e-01	1.1947e-20
AXIN1	5.6300e-01	2.0333e-01	1.6430e-01
AXIN2	3.9700e-01	-1.2915e-02	9.9999e-01
AXL	6.2500e-01	2.1744e+00	2.5337e-06
AZGP1	1.1410e+00	4.4989e-01	4.6087e-09
AZI2	6.8500e-01	4.9081e-01	9.3680e-02
AZIN1	3.6000e-01	2.3181e+00	9.9977e-01
AZIN2	7.9700e-01	1.0415e+00	1.6515e-05
AZU1	1.7300e+00	-6.2958e-01	4.9165e-09
B2M	5.0100e-01	1.2604e+00	9.6577e-01
B3GALNT1	9.0000e-01	1.0723e+00	5.9608e-04
B3GALNT2	1.0410e+00	1.2709e+00	9.1473e-16
B3GALT1	7.1000e-01	2.2874e+00	2.6175e-01
B3GALT2	5.8700e-01	1.8133e+00	7.1426e-01
B3GALT4	1.5010e+00	1.0683e+00	5.7181e-02
B3GALT5	1.8680e+00	1.1734e+00	3.1650e-01
B3GALT6	1.9870e+00	-4.8174e+00	1.0328e-14
B3GAT1	7.4900e-01	1.0997e+00	1.1224e-01
B3GAT2	1.3600e+00	-6.5957e-01	2.0344e-09
B3GAT3	8.2500e-01	1.8343e+00	7.9178e-04
B3GLCT	1.1090e+00	-9.5709e-02	3.9184e-09
B3GNT2	6.7300e-01	1.6365e+00	2.6841e-01
B3GNT3	1.0300e+00	1.9276e+00	4.8587e-02
B3GNT4	1.9160e+00	-3.1425e+00	2.7202e-02
B3GNT5	5.6800e-01	1.6313e+00	8.5984e-01
B3GNT6	NA	-2.0154e+00	NA
B3GNT7	1.9680e+00	1.4863e+00	2.4755e-05
B3GNT8	1.8550e+00	4.9204e-01	4.1803e-02
B3GNT9	1.9400e+00	-2.7538e+00	2.0059e-02
B3GNTL1	1.3740e+00	-2.9628e-01	7.9322e-21
B4GALNT1	1.1140e+00	3.8187e-01	2.7296e-13
B4GALNT2	1.1120e+00	9.7131e-01	6.0684e-13
B4GALNT3	8.3500e-01	1.5474e+00	2.2009e-20
B4GALNT4	1.0590e+00	-2.7678e+00	3.0435e-23
B4GALT1	7.3900e-01	8.9855e-01	1.9457e-02
B4GALT2	7.8700e-01	2.0159e+00	2.8421e-03
B4GALT3	9.2500e-01	2.4965e+00	3.1781e-07
B4GALT4	9.2500e-01	1.0985e+00	1.9295e-06
B4GALT5	4.1500e-01	2.8037e+00	9.9921e-01
B4GALT6	5.2800e-01	1.5742e+00	9.5532e-01
B4GALT7	1.2280e+00	-9.1817e-01	5.1437e-10
B4GAT1	8.9800e-01	8.8832e-01	3.4743e-04
B9D1	1.0230e+00	2.8279e-01	1.0346e-04
B9D2	1.5180e+00	7.8519e-01	3.0950e-08
BAALC	1.4390e+00	-7.4816e-01	3.2282e-03
BAAT	1.0490e+00	6.4824e-01	2.8051e-04
BABAM1	6.7200e-01	6.1036e-01	1.2552e-01
BABAM2	7.5300e-01	1.8344e+00	6.7425e-05
BACE1	5.5600e-01	2.2123e+00	7.6160e-01
BACE2	5.7400e-01	7.3575e-01	7.2888e-01
BACH1	8.3600e-01	1.2466e+00	3.5645e-07
BACH2	1.6400e-01	3.4460e+00	1.0000e+00
BAD	1.8890e+00	-2.4552e+00	1.8032e-08
BAG1	1.4770e+00	-4.9418e-01	1.2847e-11
BAG2	1.0020e+00	6.3112e-01	3.2943e-02
BAG3	5.3800e-01	-6.1263e-02	9.2034e-01
BAG4	7.0400e-01	7.7712e-01	1.3182e-03
BAG5	1.0400e+00	1.0333e+00	4.1786e-07
BAG6	2.6500e-01	3.1568e+00	1.0000e+00
BAHCC1	1.9590e+00	-3.1033e+00	1.3405e-02
BAHD1	4.4700e-01	1.8340e+00	9.9925e-01
BAIAP2	4.4600e-01	1.3039e+00	9.9910e-01
BAIAP2L1	6.6900e-01	3.7045e-01	1.1208e-03
BAIAP2L2	1.4680e+00	-1.9641e+00	9.6186e-26
BAIAP3	1.4060e+00	-2.3271e+00	4.3240e-74
BAK1	1.1970e+00	1.8787e+00	3.4942e-06
BAMBI	1.3020e+00	-1.0834e+00	2.4516e-07
BANF1	2.8600e-01	2.2912e+00	9.8926e-01
BANF2	1.1810e+00	5.5903e-01	4.0880e-02
BANK1	1.1560e+00	-4.9936e-01	3.4042e-20
BANP	3.0300e-01	2.6533e+00	1.0000e+00
BAP1	3.2400e-01	3.2770e+00	1.0000e+00
BARD1	1.0870e+00	-1.6636e-01	1.1813e-19
BARHL1	4.1900e-01	1.2584e+00	9.9503e-01
BARHL2	6.2900e-01	8.9787e-01	6.1963e-01
BARX1	1.2660e+00	-9.8399e-01	3.6317e-04
BARX2	7.2900e-01	2.1883e-01	1.0776e-01
BASP1	1.3200e+00	-1.1688e+00	2.8231e-01
BATF2	1.5220e+00	8.5686e-01	2.5529e-02
BATF3	1.0940e+00	1.9577e-01	6.0986e-02
BATF	7.3900e-01	1.3218e+00	5.6324e-01
BAX	1.2450e+00	2.4728e-01	4.5107e-07
BAZ1A	3.7600e-01	4.5449e+00	1.0000e+00
BAZ1B	2.0100e-01	4.5608e+00	1.0000e+00
BAZ2A	2.2600e-01	3.4353e+00	1.0000e+00
BAZ2B	3.8600e-01	2.1127e+00	1.0000e+00
BBC3	1.2930e+00	-9.7158e-01	5.1536e-02
BBIP1	1.6930e+00	2.3510e-01	7.3605e-02
BBLN	1.8370e+00	-3.2749e-01	8.3063e-03
BBOF1	1.0320e+00	1.0981e+00	3.3190e-08
BBOX1	9.8300e-01	1.9482e-01	3.1709e-07
BBS10	1.4180e+00	4.4532e-01	1.2190e-05
BBS1	1.0030e+00	9.3053e-01	5.6877e-17
BBS12	1.4190e+00	1.5921e+00	3.5062e-03
BBS2	8.9200e-01	1.9805e+00	6.2071e-15
BBS4	9.5300e-01	-3.7523e-01	6.8130e-12
BBS5	8.8400e-01	1.0111e+00	2.5273e-04
BBS7	7.0100e-01	1.7963e+00	8.5502e-07
BBS9	9.5900e-01	1.1685e+00	6.7214e-22
BBX	3.5900e-01	1.7997e+00	1.0000e+00
BCAM	1.1020e+00	-5.4318e-01	6.2181e-19
BCAN	6.9500e-01	7.9975e-01	4.1599e-08
BCAP29	1.5940e+00	-3.5386e-01	1.5904e-06
BCAR1	7.7800e-01	-2.1285e+00	2.5541e-06
BCAR3	5.8400e-01	1.3766e+00	1.0862e-02
BCAS1	8.5500e-01	1.3098e-01	6.8360e-10
BCAS2	1.4880e+00	1.0376e+00	6.7829e-09
BCAS3	5.8000e-01	2.8370e+00	8.8253e-03
BCAS4	1.0810e+00	1.5306e-01	1.0326e-02
BCAT1	1.2190e+00	4.6675e-01	1.6912e-15
BCAT2	1.0380e+00	8.0523e-01	5.2297e-13
BCCIP	1.0530e+00	1.8276e-01	2.5422e-06
BCDIN3D	1.0690e+00	1.0548e+00	3.0585e-05
BCHE	1.1950e+00	-1.2740e+00	6.4275e-16
BCKDHA	1.0860e+00	1.6588e+00	5.6705e-13
BCKDHB	1.2060e+00	4.5109e-03	1.5154e-11
BCKDK	8.5500e-01	1.7423e+00	3.1983e-06
BCL10	6.3700e-01	1.8440e+00	7.3351e-01
BCL11A	1.2500e-01	3.6173e+00	1.0000e+00
BCL11B	4.6200e-01	1.2930e+00	9.9537e-01
BCL2	3.6800e-01	1.5997e+00	9.8904e-01
BCL2A1	1.0940e+00	1.4181e+00	1.3133e-03
BCL2L10	1.8880e+00	-1.8873e+00	1.4193e-07
BCL2L11	1.2300e+00	-8.5136e-01	2.2187e-04
BCL2L12	1.5710e+00	-2.3280e-01	6.8460e-11
BCL2L1	2.6100e-01	2.1944e+00	9.9922e-01
BCL2L13	7.3800e-01	1.5076e+00	2.4620e-01
BCL2L14	9.6000e-01	5.5859e-01	7.1763e-05
BCL2L15	1.2340e+00	7.7803e-01	4.8529e-05
BCL2L2	8.8300e-01	1.0658e+00	1.9828e-01
BCL2L2-PABPN1	4.5500e-01	2.8835e+00	9.9687e-01
BCL3	7.0200e-01	-9.4572e-01	2.2288e-01
BCL6	2.2100e-01	3.4167e+00	1.0000e+00
BCL6B	8.2300e-01	8.8503e-01	7.8137e-06
BCL7A	6.8500e-01	1.0510e+00	2.8322e-01
BCL7B	8.6700e-01	6.2150e-01	2.3274e-02
BCL7C	5.4600e-01	7.6861e-01	9.3614e-01
BCL9	3.7400e-01	1.3117e+00	1.0000e+00
BCL9L	3.0000e-01	3.9026e-01	1.0000e+00
BCLAF1	2.1300e-01	3.8418e+00	1.0000e+00
BCO1	1.1700e+00	-1.0043e+00	1.2604e-16
BCO2	1.0470e+00	5.9178e-01	8.0386e-13
BCR	6.0800e-01	-1.7793e-01	6.2898e-06
BCS1L	9.5800e-01	2.6803e+00	2.6741e-10
BDH1	1.1880e+00	6.8222e-01	9.8618e-10
BDH2	1.2530e+00	8.5549e-01	4.1430e-07
BDKRB1	1.8510e+00	8.3971e-01	1.9011e-01
BDKRB2	1.9290e+00	2.0862e-01	8.0728e-05
BDNF	2.3300e-01	2.7789e+00	9.9974e-01
BDP1	6.8300e-01	1.3603e+00	7.3610e-21
BEAN1	1.4500e+00	7.6155e-02	1.8014e-06
BECN1	3.3000e-01	2.3443e+00	1.0000e+00
BECN2	1.5280e+00	3.1904e-01	4.8418e-01
BEGAIN	9.6100e-01	-1.0672e+00	1.1119e-05
BEND3	3.3900e-01	2.9929e+00	1.0000e+00
BEND4	7.5600e-01	-1.0549e+00	3.8482e-04
BEND5	7.5500e-01	1.7351e+00	9.9493e-04
BEND6	1.0850e+00	3.6572e-01	8.0170e-07
BEND7	8.4200e-01	6.1951e-01	1.3432e-05
BEST1	1.2800e+00	8.9191e-01	3.2090e-19
BEST2	9.6600e-01	1.3408e-03	1.4612e-09
BEST3	1.2750e+00	1.0688e+00	1.7474e-12
BEST4	1.0550e+00	4.3062e-01	8.4772e-11
BET1	1.5490e+00	2.9165e-01	2.0777e-03
BET1L	1.6620e+00	1.7128e-02	1.5816e-05
BFAR	1.1590e+00	-1.8262e-01	8.1083e-17
BFSP1	1.3710e+00	-7.6131e-01	7.9397e-15
BFSP2	1.0670e+00	6.0200e-01	1.5672e-11
BGLAP	1.7950e+00	3.4834e-01	1.0032e-06
BHLHA15	1.6420e+00	-1.3403e+00	3.3784e-03
BHLHA9	1.9310e+00	-2.8112e+00	1.2142e-01
BHLHE22	1.3100e+00	-2.4243e+00	5.6502e-03
BHLHE23	1.8920e+00	-2.8041e+00	2.9297e-01
BHLHE40	2.1900e-01	9.2281e-01	1.0000e+00
BHLHE41	1.2190e+00	-2.2157e+00	5.5104e-05
BHMT2	1.0130e+00	9.4356e-01	1.2818e-08
BHMT	8.8400e-01	1.5116e+00	1.5277e-07
BICC1	5.4100e-01	1.2448e+00	2.9986e-01
BICD1	4.8700e-01	3.0364e+00	9.8013e-01
BICD2	5.0700e-01	3.1197e+00	9.5260e-01
BICDL1	4.4400e-01	5.3501e-01	9.9942e-01
BICDL2	1.9180e+00	-3.8575e+00	1.1527e-29
BICRA	6.5900e-01	-3.9229e+00	2.7767e-02
BICRAL	1.2700e-01	3.1405e+00	1.0000e+00
BID	1.5530e+00	7.3267e-01	1.4101e-07
BIK	1.8380e+00	-5.4037e-01	1.8428e-06
BIN1	8.1700e-01	1.3433e+00	1.3843e-11
BIN2	7.6600e-01	1.7208e+00	6.5356e-06
BIN3	1.4500e+00	-6.8717e-01	6.6299e-16
BIRC2	3.8100e-01	7.2924e-01	9.9997e-01
BIRC3	5.4300e-01	1.4787e+00	8.1449e-01
BIRC5	1.0040e+00	3.4848e-01	5.7142e-02
BIRC6	2.1300e-01	2.4258e+00	1.0000e+00
BIRC7	1.1800e+00	-6.3515e-01	2.3321e-08
BIVM	6.6900e-01	1.4315e+00	5.4165e-04
BIVM-ERCC5	6.6300e-01	1.7182e+00	1.8214e-14
BLCAP	8.1000e-01	1.5881e+00	7.1882e-01
BLID	1.8850e+00	-3.9859e-02	1.6561e-01
BLK	1.2950e+00	-2.5547e+00	6.5972e-23
BLM	8.4700e-01	1.9677e+00	8.7183e-22
BLMH	7.2400e-01	1.7094e+00	1.5741e-03
BLNK	5.1700e-01	1.8811e+00	9.0436e-01
BLOC1S1	9.7200e-01	-4.8422e-01	7.4768e-03
BLOC1S2	1.0850e+00	9.8512e-01	1.4183e-03
BLOC1S3	1.8360e+00	-1.3295e+00	1.3877e-03
BLOC1S4	1.9450e+00	-1.4922e+00	7.3163e-03
BLOC1S5	1.6250e+00	-8.5043e-02	6.9658e-10
BLOC1S5-TXNDC5	NA	-4.8093e-01	NA
BLOC1S6	1.5000e+00	3.2337e-01	5.1903e-07
BLVRA	8.5700e-01	1.0224e+00	8.3026e-05
BLVRB	1.7180e+00	1.5633e-01	1.3668e-11
BLZF1	1.1450e+00	7.5149e-01	1.1445e-11
BMERB1	8.5700e-01	3.9186e-01	2.6385e-02
BMF	7.8800e-01	6.9906e-01	9.6968e-02
BMI1	4.1300e-01	2.8325e+00	9.9930e-01
BMP10	5.0300e-01	1.2200e+00	9.7936e-01
BMP1	6.4800e-01	2.1930e+00	1.3726e-08
BMP2	2.1300e-01	1.4680e+00	9.9999e-01
BMP2K	7.6800e-01	4.4890e-01	3.0745e-10
BMP3	8.3500e-01	-3.2632e-01	2.2602e-04
BMP4	2.5800e-01	1.7532e+00	9.9998e-01
BMP5	7.1100e-01	7.2929e-01	3.5467e-03
BMP6	5.2300e-01	-6.8506e-01	9.4295e-01
BMP7	5.2300e-01	1.8060e+00	9.5879e-01
BMP8A	1.3370e+00	3.3642e-01	5.0193e-04
BMP8B	1.2970e+00	1.1878e+00	2.9251e-05
BMPER	6.5200e-01	1.5503e+00	8.1808e-06
BMPR1A	1.9500e-01	3.9074e+00	1.0000e+00
BMPR1B	3.3100e-01	1.2676e+00	1.0000e+00
BMPR2	3.7600e-01	3.2823e+00	1.0000e+00
BMS1	5.0700e-01	1.7727e+00	5.0175e-01
BMT2	5.0700e-01	1.7206e+00	9.7675e-01
BNC1	2.1200e-01	2.2593e+00	1.0000e+00
BNC2	3.6500e-01	8.4672e-01	1.0000e+00
BNIP1	1.2310e+00	3.9507e-01	1.1380e-07
BNIP2	1.0480e+00	-1.0956e+00	9.4673e-08
BNIP3	1.0950e+00	8.6854e-01	6.6715e-04
BNIP3L	6.5900e-01	1.4414e+00	4.6993e-01
BNIP5	1.1120e+00	2.5066e-01	1.8447e-17
BNIPL	9.1100e-01	8.8997e-01	7.4222e-08
BOC	7.8900e-01	2.2833e+00	8.5065e-16
BOD1	1.3350e+00	5.5498e-01	5.0805e-04
BOD1L1	4.1200e-01	9.0785e-01	1.0000e+00
BOD1L2	1.7970e+00	4.7688e-03	2.8321e-04
BOK	1.8240e+00	-2.2039e+00	5.3457e-09
BOLA1	1.6490e+00	2.9969e-01	7.6178e-03
BOLA3	1.7120e+00	1.1088e-01	2.5646e-03
BOLL	8.1000e-01	7.1727e-01	3.1354e-01
BOP1	9.1300e-01	-1.7854e+00	9.8633e-14
BORA	7.5900e-01	1.6574e+00	8.2089e-03
BORCS5	1.1050e+00	4.4177e-01	3.9484e-05
BORCS6	1.6830e+00	-8.8684e-01	2.0902e-04
BORCS7	1.4840e+00	-1.2554e-01	5.2539e-04
BORCS7-ASMT	NA	-1.2554e-01	NA
BORCS8	1.1040e+00	5.7074e-02	6.1325e-04
BORCS8-MEF2B	NA	5.7074e-02	NA
BPGM	9.8700e-01	1.2279e+00	5.7152e-04
BPHL	1.2620e+00	1.2914e-01	3.2856e-09
BPI	1.0110e+00	-1.7135e-01	1.4953e-13
BPIFA1	1.3550e+00	-7.2544e-01	1.1702e-08
BPIFA2	1.1220e+00	3.0581e-01	1.6393e-05
BPIFA3	1.5110e+00	-2.4854e-03	4.7317e-13
BPIFB1	7.9500e-01	1.2210e+00	2.3474e-06
BPIFB2	9.5900e-01	3.6858e-01	4.9289e-10
BPIFB3	1.1580e+00	-2.4215e-01	8.6529e-16
BPIFB4	1.0820e+00	4.3012e-01	6.4386e-19
BPIFB6	1.0680e+00	-1.9878e-01	5.2856e-14
BPIFC	1.2530e+00	6.5294e-01	5.3518e-17
BPNT1	1.1250e+00	1.1473e+00	3.8255e-06
BPNT2	6.1900e-01	-4.3186e-01	7.8838e-01
BPTF	9.0000e-02	5.0945e+00	1.0000e+00
BRAF	2.3700e-01	4.9103e+00	1.0000e+00
BRAP	7.6600e-01	2.0636e+00	4.0417e-06
BRAT1	1.3900e+00	-1.9733e+00	3.0623e-29
BRCA1	8.8500e-01	2.3379e+00	1.5474e-34
BRCA2	8.0300e-01	1.0218e+00	6.5274e-44
BRD1	3.3700e-01	3.4994e+00	1.0000e+00
BRD2	2.8000e-01	-1.3697e-01	1.0000e+00
BRD3	3.9600e-01	2.7612e+00	9.9997e-01
BRD4	1.9100e-01	2.6425e+00	1.0000e+00
BRD7	3.3600e-01	1.2633e+00	1.0000e+00
BRD8	5.4600e-01	4.2361e+00	1.3736e-03
BRD9	9.2700e-01	6.1240e-01	5.4569e-11
BRDT	8.0100e-01	1.2182e+00	4.2670e-13
BRF1	9.2100e-01	-1.5663e+00	3.1018e-15
BRF2	8.2700e-01	7.7993e-01	2.0703e-03
BRI3	1.3260e+00	1.1469e-02	2.2877e-02
BRI3BP	1.0990e+00	-1.6270e-01	3.2503e-02
BRICD5	1.9760e+00	-3.2273e+00	6.0721e-26
BRINP1	3.1200e-01	2.0050e+00	1.0000e+00
BRINP2	4.1100e-01	1.7741e+00	9.9995e-01
BRINP3	3.6400e-01	3.0750e-01	1.0000e+00
BRIP1	8.4800e-01	2.4664e+00	8.7115e-19
BRIX1	6.2600e-01	-1.2913e-01	7.9821e-01
BRK1	1.7660e+00	1.0744e+00	1.1536e-02
BRME1	8.1400e-01	7.8937e-01	1.2487e-06
BRMS1	8.7400e-01	6.0095e-01	6.0727e-06
BRMS1L	8.0800e-01	8.5957e-01	2.0171e-02
BROX	1.1230e+00	3.1498e-01	7.9656e-06
BRPF1	2.0500e-01	5.0010e+00	1.0000e+00
BRPF3	2.5600e-01	4.3153e+00	1.0000e+00
BRSK1	2.9900e-01	3.7696e+00	1.0000e+00
BRSK2	3.6100e-01	2.1289e+00	1.0000e+00
BRWD1	4.4700e-01	3.3693e+00	9.9985e-01
BSCL2	8.6900e-01	1.0354e+00	7.4505e-10
BSDC1	7.6300e-01	8.6152e-01	7.6485e-05
BSG	1.2540e+00	-1.2919e+00	1.1595e-12
BSN	2.7100e-01	3.3318e+00	1.0000e+00
BSND	1.0300e+00	1.0448e+00	6.5519e-04
BSPH1	1.4350e+00	3.7577e-01	1.0840e-05
BSPRY	1.2160e+00	-4.0936e-01	2.7221e-11
BST1	1.6380e+00	-7.6804e-01	3.1674e-18
BST2	9.6900e-01	1.1930e+00	1.3708e-02
BSX	1.1720e+00	3.0474e-01	7.0538e-04
BTAF1	2.1300e-01	4.9615e+00	1.0000e+00
BTBD10	5.8700e-01	3.2998e+00	6.3105e-01
BTBD1	1.1050e+00	2.1024e-01	3.5801e-08
BTBD11	4.5100e-01	8.1610e-01	9.9946e-01
BTBD16	1.2460e+00	7.6694e-02	3.0416e-20
BTBD17	1.4890e+00	-1.5651e+00	4.4003e-10
BTBD18	4.3900e-01	1.2032e+00	9.3555e-01
BTBD19	8.1600e-01	1.3266e+00	5.7727e-04
BTBD2	6.3500e-01	6.8303e-01	2.7925e-01
BTBD3	5.2700e-01	3.6698e+00	9.4584e-01
BTBD6	1.0580e+00	-5.6898e-01	1.0192e-08
BTBD7	5.4200e-01	2.7053e+00	1.4070e-01
BTBD8	7.5300e-01	1.9683e+00	8.5868e-17
BTBD9	9.5900e-01	2.4910e+00	1.0457e-11
BTC	1.2090e+00	-2.7170e-01	9.3095e-03
BTD	1.2200e+00	1.6275e-01	5.4385e-05
BTF3	9.2500e-01	7.1954e-01	6.9551e-03
BTF3L4	1.3720e+00	1.5164e+00	2.6028e-01
BTG1	4.5800e-01	1.5220e+00	9.7591e-01
BTG2	1.1930e+00	1.2819e-01	5.0644e-03
BTG3	3.4000e-01	2.4809e+00	9.9961e-01
BTG4	1.0720e+00	8.8369e-01	8.2470e-04
BTLA	7.6800e-01	1.1824e+00	1.7589e-01
BTN1A1	1.0760e+00	1.9087e+00	5.7837e-08
BTN2A1	1.4610e+00	7.0971e-01	5.3856e-16
BTN2A2	1.0930e+00	9.7388e-01	1.0613e-08
BTN3A1	8.3400e-01	1.3049e+00	8.0672e-05
BTN3A2	1.0430e+00	2.2802e+00	3.9501e-07
BTN3A3	1.1330e+00	1.5207e+00	1.6026e-12
BTNL10	9.1700e-01	1.5494e+00	5.5333e-01
BTNL2	1.2600e+00	2.3180e+00	5.5620e-16
BTNL3	8.5000e-01	1.9607e+00	9.5283e-05
BTNL8	8.8000e-01	1.5293e+00	5.1000e-05
BTNL9	1.3250e+00	-1.2921e+00	2.5528e-16
BTRC	6.4300e-01	2.0569e+00	1.8720e-03
BUB1	7.2700e-01	1.4894e+00	7.3293e-13
BUB1B	7.0700e-01	1.7805e+00	2.5766e-14
BUB1B-PAK6	NA	8.0175e-01	NA
BUB3	7.7000e-01	2.2668e+00	6.5367e-04
BUD13	9.0900e-01	-1.2597e-01	5.4765e-11
BUD23	9.1600e-01	7.2493e-01	1.9186e-08
BUD31	8.6300e-01	1.1257e+00	6.4467e-02
BVES	9.1500e-01	6.1619e-01	7.8258e-06
BYSL	6.3200e-01	1.3069e+00	7.1366e-02
BZW1	1.8600e-01	3.8747e+00	1.0000e+00
BZW2	5.9700e-01	1.3959e+00	3.3340e-01
C10orf105	1.9680e+00	-1.0127e+00	3.6435e-03
C10orf120	1.8650e+00	-1.8808e-01	2.6120e-05
C10orf53	1.5710e+00	-1.9301e-01	1.9082e-03
C10orf62	1.9310e+00	3.6609e-01	1.2106e-01
C10orf67	1.8870e+00	-9.6286e-01	8.2182e-10
C10orf71	1.7390e+00	7.9643e-02	4.0046e-01
C10orf82	1.1520e+00	6.6960e-01	1.1661e-05
C10orf88	1.0340e+00	3.9334e-01	1.7578e-06
C10orf90	1.0320e+00	1.0194e-01	3.9185e-14
C10orf95	NA	-2.5754e+00	NA
C10orf99	1.6360e+00	1.9260e-01	7.9636e-03
C11orf1	1.7120e+00	-4.2347e-02	4.0092e-11
C11orf16	1.0500e+00	-5.5691e-03	3.8271e-10
C11orf21	1.8280e+00	1.5041e-01	1.4039e-08
C11orf24	1.1700e+00	8.3354e-01	7.9659e-02
C11orf40	1.8500e+00	-3.2410e+00	6.2101e-11
C11orf42	1.2220e+00	-2.7508e-01	5.9418e-08
C11orf45	1.3790e+00	8.2178e-01	1.8905e-02
C11orf49	9.9700e-01	4.7659e-01	4.8131e-09
C11orf52	1.0130e+00	7.4256e-01	1.5231e-01
C11orf53	1.3650e+00	-2.1071e-01	2.9526e-07
C11orf54	1.0570e+00	2.1803e-01	4.7324e-06
C11orf58	4.4500e-01	1.5843e+00	9.8034e-01
C11orf65	1.6690e+00	2.3182e-01	4.5263e-10
C11orf68	1.8600e+00	-6.7521e-01	4.0618e-02
C11orf71	1.8770e+00	-3.6033e-02	1.7211e-01
C11orf80	1.1570e+00	-3.6805e-01	4.0933e-12
C11orf86	1.6250e+00	1.6918e-01	5.1490e-07
C11orf87	8.3300e-01	5.9657e-01	5.5695e-01
C11orf91	1.3130e+00	-8.7178e-01	5.5608e-03
C11orf94	1.5770e+00	-1.3806e+00	8.0046e-04
C11orf96	1.9500e+00	-1.1513e+00	9.7489e-04
C11orf97	1.6800e+00	-9.2254e-01	1.5732e-02
C11orf98	1.4090e+00	-4.6183e-02	1.7007e-02
C12orf29	1.0180e+00	4.4363e-01	4.8485e-03
C12orf40	1.2190e+00	-7.0901e-01	2.8351e-07
C12orf42	1.7810e+00	-6.6459e-02	1.1055e-09
C12orf43	1.1830e+00	1.4109e-01	1.5511e-04
C12orf4	7.9700e-01	1.4990e+00	1.6561e-05
C12orf50	7.9700e-01	7.4036e-01	2.3235e-03
C12orf54	1.2240e+00	1.2862e-01	5.7621e-07
C12orf56	1.3530e+00	-1.2036e-01	3.4681e-18
C12orf57	1.7320e+00	-1.2555e+00	4.0930e-06
C12orf60	1.8690e+00	2.8088e-01	3.1570e-01
C12orf71	1.4290e+00	5.6297e-01	6.8269e-04
C12orf73	1.8790e+00	-8.3152e-01	1.7017e-01
C12orf75	1.8580e+00	-7.1835e-01	3.2564e-01
C12orf76	1.9000e+00	-5.6901e-01	3.1427e-02
C14orf119	1.7370e+00	3.3147e-01	2.2967e-07
C14orf132	1.8950e+00	-2.3983e-01	2.2192e-03
C14orf180	1.6310e+00	-1.1949e+00	1.8840e-05
C14orf28	1.4460e+00	-2.2905e-02	1.9688e-11
C14orf39	1.3060e+00	-5.8490e-01	1.1618e-06
C14orf93	7.3400e-01	1.7207e+00	1.1790e-03
C15orf39	6.5800e-01	8.3246e-01	7.6645e-03
C15orf40	1.0700e+00	-7.1198e-01	3.8321e-02
C15orf48	1.3530e+00	8.2266e-01	4.5931e-04
C15orf61	1.7580e+00	-1.9241e+00	3.5289e-04
C15orf62	1.3700e+00	6.6758e-01	4.1796e-04
C15orf65	1.9130e+00	8.7560e-02	4.6380e-03
C16orf46	1.8530e+00	-1.9293e+00	4.9239e-04
C16orf54	1.1410e+00	-4.8054e-01	3.7676e-01
C16orf72	4.6400e-01	1.1192e+00	9.9222e-01
C16orf74	1.9710e+00	-2.6361e+00	2.4895e-06
C16orf78	1.0220e+00	6.6645e-02	2.9030e-05
C16orf82	1.8840e+00	2.2405e-01	3.0171e-01
C16orf86	1.4310e+00	1.9497e-01	3.7998e-07
C16orf87	1.4790e+00	5.8063e-01	1.2000e-01
C16orf89	1.6800e+00	-1.8833e+00	4.6047e-23
C16orf90	1.5930e+00	-7.1831e-01	6.4648e-07
C16orf91	1.9080e+00	-4.6395e-01	1.2164e-02
C16orf92	1.6100e+00	8.9099e-01	8.6567e-06
C16orf95	1.6940e+00	-1.7200e+00	1.0183e-17
C16orf96	1.2410e+00	-9.5979e-01	8.8062e-39
C17orf100	1.9090e+00	-6.2929e-01	6.7283e-02
C17orf107	1.7030e+00	-6.7823e-01	4.6247e-04
C17orf113	9.0200e-01	2.1596e-01	1.7589e-01
C17orf49	1.3560e+00	4.4662e-01	1.8791e-05
C17orf50	1.6780e+00	-1.3430e+00	3.5509e-07
C17orf58	1.4880e+00	5.5749e-01	5.9217e-03
C17orf64	1.6020e+00	3.6460e-01	4.9722e-14
C17orf67	1.6780e+00	1.3793e-01	3.5696e-05
C17orf75	9.4900e-01	8.3505e-01	2.8292e-08
C17orf78	1.4900e+00	1.2352e+00	4.3715e-10
C17orf80	7.6100e-01	-3.8870e-01	2.1018e-04
C17orf97	1.9750e+00	7.7985e-01	5.9358e-07
C17orf98	1.5790e+00	3.9339e-01	4.2824e-06
C17orf99	1.1500e+00	1.0889e-01	1.2014e-05
C18orf21	1.1500e+00	1.5198e-01	2.8373e-06
C18orf25	6.6800e-01	1.3413e+00	1.0316e-01
C18orf32	1.5600e+00	1.5746e-01	4.9061e-02
C18orf54	1.3300e+00	-4.8658e-01	7.7264e-15
C18orf63	9.8300e-01	2.2554e-01	1.7502e-04
C19orf12	5.6800e-01	1.0705e+00	9.1468e-01
C19orf18	1.1500e+00	2.1653e-01	1.0139e-04
C19orf25	1.9350e+00	-1.9446e+00	2.1550e-02
C19orf33	1.6540e+00	-2.7593e-01	2.4011e-04
C19orf38	7.6600e-01	9.9666e-01	2.6198e-02
C19orf44	1.1430e+00	1.7734e+00	1.2561e-12
C19orf47	8.6800e-01	7.4280e-01	5.8045e-04
C19orf53	1.8910e+00	-9.4757e-01	1.3730e-04
C19orf54	1.1160e+00	-4.3683e-01	2.9973e-08
C19orf67	1.0190e+00	6.3363e-01	2.1763e-08
C19orf71	1.8600e+00	-3.2690e+00	7.8469e-13
C19orf73	1.9180e+00	-5.0249e-01	1.3508e-01
C19orf81	1.3370e+00	-3.3619e-01	8.7046e-07
C19orf84	1.1070e+00	6.9685e-02	5.2501e-01
C1D	8.2600e-01	2.3710e-01	6.4662e-01
C1GALT1	5.8900e-01	3.9462e-01	7.4102e-01
C1GALT1C1L	1.8490e+00	-8.8506e-01	9.5107e-02
C1orf100	1.4170e+00	6.4891e-01	6.3839e-05
C1orf105	9.1500e-01	-2.2668e-01	3.4072e-01
C1orf109	9.9900e-01	5.1778e-01	4.0141e-05
C1orf112	8.8500e-01	1.4063e+00	4.2215e-10
C1orf115	1.9810e+00	-2.0771e+00	3.5220e-09
C1orf116	1.3440e+00	-7.1578e-02	4.8482e-03
C1orf122	1.9130e+00	-7.7245e-01	5.4764e-06
C1orf127	1.0900e+00	9.2790e-01	2.5137e-13
C1orf131	1.0990e+00	9.1628e-01	6.5613e-07
C1orf141	1.8950e+00	6.7271e-02	2.2172e-03
C1orf146	1.8470e+00	3.1375e-02	9.5655e-02
C1orf158	1.5350e+00	2.3861e-01	1.3517e-05
C1orf159	1.1280e+00	2.2392e-01	7.5003e-06
C1orf162	1.4350e+00	5.2947e-01	2.9456e-04
C1orf167	1.0880e+00	1.7908e+00	2.2933e-39
C1orf174	1.0990e+00	2.3639e-01	3.2692e-04
C1orf185	1.6740e+00	3.3260e-01	1.2591e-03
C1orf189	1.3000e+00	4.0099e-01	6.2097e-05
C1orf194	1.4940e+00	6.6157e-01	6.3732e-09
C1orf198	9.5100e-01	2.2991e-01	2.7440e-04
C1orf210	1.8490e+00	3.5017e-01	3.0362e-05
C1orf21	3.4900e-01	1.3273e+00	9.9716e-01
C1orf216	1.5300e+00	8.5555e-01	4.1403e-07
C1orf226	1.0900e+00	2.7149e-01	1.8348e-02
C1orf232	1.7200e+00	4.6155e-02	1.7384e-04
C1orf35	1.7190e+00	-1.4542e+00	1.2802e-15
C1orf43	9.4800e-01	7.5284e-01	2.8552e-04
C1orf50	1.5080e+00	-9.9023e-01	1.1784e-06
C1orf52	6.1500e-01	2.8737e-03	8.6038e-01
C1orf53	1.9750e+00	-2.8871e+00	2.6768e-09
C1orf54	1.3160e+00	1.7742e-01	4.7802e-02
C1orf56	1.0050e+00	7.8927e-01	8.5893e-04
C1orf68	1.7180e+00	4.3301e-02	5.9174e-03
C1orf74	1.1650e+00	8.4400e-01	4.3842e-02
C1orf87	1.1550e+00	-8.3621e-02	9.6227e-14
C1orf94	1.0220e+00	1.9196e-01	8.2550e-13
C1QA	9.9700e-01	1.1379e+00	5.9746e-02
C1QB	1.0010e+00	1.2403e+00	2.4893e-01
C1QBP	1.1550e+00	2.0817e-01	1.4508e-07
C1QC	1.6430e+00	3.3866e-01	1.7715e-02
C1QL1	1.7230e+00	-4.1812e-02	1.7075e-06
C1QL2	1.4210e+00	-4.5810e-01	6.2208e-05
C1QL3	7.8800e-01	1.1425e+00	5.4038e-01
C1QL4	8.9300e-01	-8.6267e-01	2.6968e-01
C1QTNF1	1.1640e+00	3.8592e-01	5.5769e-07
C1QTNF12	1.7880e+00	-2.8387e+00	1.9375e-17
C1QTNF2	1.3830e+00	7.4362e-02	6.8409e-06
C1QTNF3	1.0290e+00	1.0492e+00	7.0584e-06
C1QTNF3-AMACR	NA	1.1973e+00	NA
C1QTNF4	1.7840e+00	-2.0297e+00	2.8613e-06
C1QTNF5	1.0370e+00	7.3127e-01	1.3707e-01
C1QTNF6	1.2560e+00	1.3584e+00	8.8104e-06
C1QTNF7	1.1200e+00	1.0390e+00	1.3535e-04
C1QTNF8	1.9240e+00	-3.5348e+00	6.0984e-13
C1QTNF9	9.1200e-01	2.3501e+00	1.0629e-01
C1QTNF9B	1.4420e+00	1.3475e+00	5.4968e-05
C1R	6.3500e-01	2.4049e+00	8.5520e-01
C1RL	1.2050e+00	1.1518e+00	7.5060e-10
C1S	7.8300e-01	2.0076e+00	1.8058e-04
C20orf141	1.8190e+00	-3.9046e-01	3.8243e-05
C20orf144	1.9730e+00	-2.7648e+00	1.8070e-05
C20orf173	1.1480e+00	1.0698e+00	6.9050e-07
C20orf202	1.6900e+00	-4.1298e-01	6.5859e-03
C20orf203	1.8350e+00	-7.8187e-01	7.1043e-07
C20orf27	1.0450e+00	1.3461e+00	3.8302e-03
C20orf85	1.3270e+00	-2.2837e-01	5.1242e-05
C20orf96	1.3150e+00	-6.8677e-01	3.9260e-18
C21orf58	1.5440e+00	-1.6887e+00	2.3801e-10
C21orf62	1.6530e+00	1.3745e+00	1.6614e-05
C21orf91	1.1370e+00	1.0434e+00	2.8137e-05
C22orf15	1.4620e+00	7.6714e-01	5.1211e-08
C22orf23	1.2350e+00	1.0298e+00	2.3580e-07
C22orf31	1.4430e+00	5.0845e-01	1.0282e-05
C22orf39	1.9620e+00	-2.6083e+00	2.8794e-10
C22orf42	1.1050e+00	9.6897e-01	1.2217e-06
C2	9.0900e-01	2.3109e+00	2.4382e-16
C2CD2	9.2400e-01	7.7398e-01	2.4855e-09
C2CD2L	4.9400e-01	1.5329e+00	9.8316e-01
C2CD3	6.3700e-01	2.6212e+00	1.8824e-14
C2CD4A	1.9630e+00	-3.9120e+00	1.1906e-02
C2CD4B	NA	-4.7600e+00	NA
C2CD4C	1.8030e+00	-1.5838e+00	9.8306e-03
C2CD4D	1.9310e+00	-2.1313e+00	1.2104e-01
C2CD5	7.5500e-01	2.5745e+00	9.0737e-03
C2CD6	9.0800e-01	3.3273e+00	1.1336e-26
C2orf15	1.2070e+00	6.5590e-01	2.1625e-01
C2orf16	1.7890e+00	2.4229e+00	2.2632e-01
C2orf42	9.7500e-01	9.0097e-01	5.6528e-05
C2orf49	8.7600e-01	-5.0335e-02	2.1076e-02
C2orf50	1.8760e+00	-5.4130e-01	1.6703e-07
C2orf66	1.5790e+00	3.8629e-01	9.6447e-03
C2orf68	1.1780e+00	-5.2285e-01	7.8595e-05
C2orf69	9.1400e-01	1.2579e+00	4.7159e-04
C2orf72	1.9590e+00	-1.5025e+00	7.1629e-08
C2orf73	1.8880e+00	-9.5478e-01	1.8239e-08
C2orf74	1.1340e+00	3.3282e-01	1.8738e-03
C2orf76	1.8890e+00	1.5951e-01	1.4078e-04
C2orf78	8.9300e-01	9.0330e-01	1.7266e-02
C2orf80	1.3030e+00	5.3212e-01	1.1937e-06
C2orf81	1.4280e+00	5.5970e-01	3.3749e-02
C2orf83	1.9550e+00	5.7351e-01	1.4801e-02
C2orf88	1.2280e+00	1.8681e-01	4.6368e-01
C3	5.4100e-01	4.4464e+00	1.2692e-06
C3AR1	1.5800e+00	5.5111e-01	3.1782e-01
C3orf14	1.4890e+00	2.5487e-01	9.6948e-05
C3orf18	1.4200e+00	3.5038e-01	1.4143e-04
C3orf20	9.9500e-01	1.3273e+00	7.7489e-22
C3orf22	1.1660e+00	3.1063e-01	2.2818e-02
C3orf33	1.3820e+00	-5.2659e-01	3.0375e-06
C3orf38	9.2000e-01	9.3517e-01	7.5696e-05
C3orf52	1.3360e+00	1.1381e-01	4.4267e-06
C3orf56	1.9370e+00	-4.6666e-01	1.1404e-01
C3orf62	1.1720e+00	5.4247e-01	4.0416e-05
C3orf70	1.2670e+00	-3.5444e-01	3.6997e-05
C3orf80	1.7510e+00	-2.5129e+00	1.4800e-04
C3orf84	1.4520e+00	7.5807e-01	2.2466e-05
C4A	7.5200e-01	3.7950e+00	1.0773e-01
C4B	4.1300e-01	4.2700e+00	9.9810e-01
C4BPA	7.1700e-01	2.0774e+00	4.4764e-03
C4BPB	1.1470e+00	7.0528e-01	1.0434e-04
C4orf17	1.1310e+00	3.5398e-01	1.4742e-05
C4orf19	1.6600e+00	1.1893e+00	2.8546e-01
C4orf3	1.4970e+00	1.1387e-01	2.7424e-02
C4orf33	1.2150e+00	7.1022e-01	2.4712e-04
C4orf36	1.4450e+00	1.3598e-01	2.8040e-04
C4orf45	1.7950e+00	2.5609e-02	7.1972e-09
C4orf46	1.8870e+00	-4.6105e-01	3.6880e-04
C4orf47	1.3620e+00	6.4005e-01	6.9251e-07
C4orf48	1.8330e+00	-4.0968e-01	8.4856e-03
C4orf50	NA	-1.0182e+00	NA
C4orf51	1.4850e+00	-9.2510e-02	9.9014e-05
C4orf54	1.0250e+00	-6.5912e-01	6.1868e-18
C5	7.7900e-01	2.3738e+00	7.7641e-17
C5AR1	1.7790e+00	1.0077e+00	3.7956e-01
C5AR2	1.7880e+00	1.0639e-02	3.7415e-01
C5orf15	9.7500e-01	3.9832e-01	1.3042e-02
C5orf22	9.2400e-01	8.6528e-01	1.0824e-06
C5orf24	9.0100e-01	1.8547e+00	3.5937e-01
C5orf34	8.7900e-01	6.4579e-01	1.5792e-04
C5orf46	1.7680e+00	2.2146e-01	2.6490e-02
C5orf47	1.9670e+00	-1.5960e+00	1.1652e-06
C5orf49	1.8630e+00	-9.6873e-01	1.1522e-03
C5orf51	8.2600e-01	6.8395e-01	2.4368e-02
C5orf52	1.1490e+00	4.1580e-01	1.2882e-02
C5orf58	1.7840e+00	1.1693e-01	2.2887e-01
C5orf63	1.9560e+00	4.1698e-01	1.8966e-06
C6	1.0080e+00	-3.4752e-01	6.1993e-27
C6orf118	1.2880e+00	-7.3473e-01	4.5994e-14
C6orf120	1.5330e+00	-6.7906e-01	4.8249e-01
C6orf132	8.6500e-01	3.7784e-01	8.5484e-09
C6orf136	9.1800e-01	4.3815e-01	3.7782e-07
C6orf141	1.8690e+00	2.5710e-02	3.1618e-01
C6orf15	1.9420e+00	1.1818e+00	1.1695e-03
C6orf163	1.0840e+00	1.1348e+00	1.2762e-05
C6orf201	1.2830e+00	1.5030e-01	3.0662e-03
C6orf226	1.9580e+00	-6.1983e-01	1.3640e-02
C6orf47	6.1000e-01	1.1332e+00	8.7887e-01
C6orf52	1.7860e+00	3.3697e-01	1.8743e-05
C6orf58	9.8600e-01	5.5800e-01	1.9615e-03
C6orf62	7.6600e-01	1.8789e+00	8.7872e-02
C6orf89	8.9300e-01	1.0560e+00	2.2003e-06
C7	9.2600e-01	-4.2561e-01	3.8847e-13
C7orf25	7.9400e-01	1.8841e+00	1.5867e-02
C7orf26	3.8700e-01	-2.1638e+00	9.9954e-01
C7orf31	1.0630e+00	3.5033e-01	2.8710e-07
C7orf33	1.6850e+00	1.1751e+00	2.1967e-06
C7orf50	1.3230e+00	-9.9456e-01	5.2807e-05
C7orf57	1.1870e+00	2.2178e-01	9.8758e-09
C7orf61	6.5400e-01	1.0810e+00	4.9490e-01
C8A	1.1680e+00	-2.3762e-01	1.4084e-23
C8B	1.1800e+00	-2.1839e-01	1.1001e-21
C8G	1.8090e+00	-1.1357e+00	4.7280e-18
C8orf33	1.4490e+00	-1.1507e+00	1.1504e-10
C8orf34	1.1040e+00	9.2148e-02	2.8033e-11
C8orf44-SGK3	1.8940e+00	6.9052e-02	7.4986e-02
C8orf48	NA	-3.6694e+00	NA
C8orf58	1.1210e+00	-1.1602e+00	5.6757e-08
C8orf74	1.8580e+00	-2.9924e+00	2.7842e-13
C8orf76	1.4890e+00	-1.6629e-01	3.5849e-19
C8orf82	1.9830e+00	-2.7234e+00	1.0781e-12
C8orf88	1.9090e+00	2.2320e-01	1.4445e-01
C8orf89	1.7160e+00	2.3309e-01	1.7715e-04
C9	1.2230e+00	-6.6282e-01	4.8359e-12
C9orf116	1.6740e+00	3.5943e-01	3.6554e-05
C9orf131	1.5760e+00	-2.7253e-02	1.4534e-04
C9orf135	1.2610e+00	-1.7332e-01	7.9044e-04
C9orf152	1.7430e+00	-3.7721e-01	5.3652e-03
C9orf153	1.9500e+00	1.0280e-01	5.0641e-05
C9orf163	1.9050e+00	-1.5673e-01	1.4858e-01
C9orf24	7.7400e-01	3.1598e-01	5.9650e-03
C9orf40	1.4180e+00	-1.3288e+00	2.4212e-01
C9orf43	9.8200e-01	9.5110e-01	1.0128e-11
C9orf47	1.9230e+00	-1.0802e+00	9.5863e-09
C9orf50	1.3330e+00	5.4284e-01	2.7655e-01
C9orf57	1.5850e+00	6.4807e-01	3.2938e-04
C9orf64	1.1200e+00	6.0715e-01	2.4053e-07
C9orf72	9.8900e-01	1.5902e-01	1.9027e-03
C9orf78	7.6400e-01	1.5137e+00	1.8334e-01
C9orf85	1.5120e+00	3.3331e-01	5.4127e-03
CA10	6.8200e-01	1.3066e+00	2.9464e-01
CA11	6.7900e-01	1.8359e+00	5.7444e-02
CA1	1.8000e+00	1.8249e-02	4.3577e-05
CA12	9.6800e-01	4.5595e-01	3.3815e-08
CA13	8.5500e-01	2.3775e-01	5.9562e-03
CA14	1.1670e+00	5.9882e-01	3.2405e-14
CA2	1.4910e+00	2.7169e-01	3.9499e-08
CA3	1.2150e+00	1.0258e+00	1.2901e-05
CA4	9.7500e-01	1.3739e-01	1.3264e-06
CA5A	1.2570e+00	-1.3698e+00	1.8303e-07
CA6	1.2180e+00	3.0664e-01	6.1179e-07
CA7	5.6600e-01	2.8287e+00	8.7904e-01
CA8	6.9800e-01	1.5581e+00	2.3629e-01
CA9	1.0210e+00	5.0021e-01	1.6460e-12
CAAP1	1.1360e+00	-1.2514e+00	3.6487e-03
CAB39	6.9300e-01	2.1138e+00	6.7460e-01
CAB39L	9.0100e-01	6.2171e-01	1.7882e-03
CABCOCO1	1.1500e+00	3.3458e-01	3.3265e-03
CABIN1	6.6100e-01	3.5716e+00	5.7560e-21
CABLES1	1.1950e+00	-9.0134e-01	7.9853e-07
CABLES2	1.0000e+00	9.2450e-01	2.3415e-09
CABP1	9.5800e-01	1.3970e-01	8.1960e-04
CABP2	1.2990e+00	-1.8317e-01	1.0077e-08
CABP4	1.3450e+00	-6.5326e-01	8.2977e-11
CABP5	1.3520e+00	1.4179e-02	3.8636e-06
CABP7	8.1700e-01	7.9742e-01	1.0299e-01
CABS1	1.8630e+00	-1.5853e-01	1.8187e-01
CABYR	1.1750e+00	8.8931e-01	2.4816e-08
CACFD1	1.8570e+00	-1.1464e+00	6.8214e-12
CACHD1	6.3300e-01	2.3429e+00	1.3473e-06
CACNA1A	3.3100e-01	3.9533e+00	1.0000e+00
CACNA1B	4.2500e-01	3.2473e+00	1.0000e+00
CACNA1C	1.8600e-01	7.2836e+00	1.0000e+00
CACNA1D	2.5300e-01	6.6240e+00	1.0000e+00
CACNA1E	2.2100e-01	6.7175e+00	1.0000e+00
CACNA1G	4.0600e-01	5.0503e+00	1.0000e+00
CACNA1H	1.0590e+00	-7.6469e+00	6.7955e-47
CACNA1I	5.2500e-01	3.3072e+00	5.3623e-03
CACNA1S	6.5100e-01	1.3387e+00	6.2927e-18
CACNA2D1	4.3700e-01	2.3712e+00	9.9947e-01
CACNA2D2	3.9600e-01	3.1353e+00	1.0000e+00
CACNA2D3	4.5400e-01	1.5521e+00	9.9937e-01
CACNA2D4	1.1750e+00	3.5183e-01	9.5520e-50
CACNB1	5.5600e-01	2.2758e+00	5.8222e-01
CACNB2	7.7000e-01	-7.1303e-01	9.0033e-06
CACNB3	7.2200e-01	2.5297e+00	6.1222e-06
CACNB4	7.7800e-01	1.9354e+00	1.3747e-03
CACNG1	1.3180e+00	5.3165e-01	4.6588e-07
CACNG2	2.7100e-01	2.0130e+00	9.9979e-01
CACNG3	2.9600e-01	3.3403e+00	9.9983e-01
CACNG4	5.9000e-01	1.6118e+00	8.6171e-01
CACNG5	1.0360e+00	6.6211e-01	4.6216e-05
CACNG6	1.6010e+00	-1.1961e+00	1.5053e-08
CACNG7	5.7600e-01	1.9032e+00	8.6765e-01
CACNG8	4.0900e-01	9.9074e-01	9.9618e-01
CACTIN	4.6500e-01	1.3409e+00	9.9735e-01
CACUL1	6.4300e-01	-2.0735e-01	7.9040e-01
CACYBP	1.4410e+00	8.0172e-01	7.0348e-03
CAD	4.0900e-01	5.7821e+00	1.0000e+00
CADM1	4.2200e-01	2.8456e+00	9.9959e-01
CADM2	5.1600e-01	2.0293e+00	9.6797e-01
CADM3	3.8100e-01	1.5651e+00	9.9991e-01
CADM4	4.9600e-01	1.7497e+00	9.8478e-01
CADPS2	6.9900e-01	1.1100e+00	5.5356e-09
CADPS	4.4500e-01	2.9899e+00	9.9979e-01
CAGE1	7.9200e-01	1.3945e+00	1.9835e-07
CALB1	6.1200e-01	1.0394e+00	8.4999e-01
CALB2	9.5800e-01	-1.3079e-01	5.3217e-07
CALCA	1.1860e+00	3.2780e-01	1.3467e-01
CALCB	1.3920e+00	-1.4220e-01	3.9330e-03
CALCOCO1	6.2900e-01	2.0974e+00	1.5007e-04
CALCOCO2	9.3300e-01	1.0594e+00	1.9635e-04
CALCR	1.0390e+00	8.3346e-01	1.6157e-06
CALCRL	7.0100e-01	1.9565e+00	1.5549e-02
CALD1	4.9800e-01	1.2584e+00	9.6477e-01
CALHM1	1.2930e+00	9.5572e-01	6.5281e-05
CALHM2	1.2120e+00	7.6397e-01	6.2749e-06
CALHM3	1.0990e+00	-5.8047e-01	9.1005e-03
CALHM4	1.5510e+00	8.9075e-01	3.6593e-09
CALHM5	1.1300e+00	4.2827e-01	1.4916e-05
CALHM6	1.9660e+00	-1.7918e+00	5.0554e-08
CALM1	2.7600e-01	3.5866e+00	9.9100e-01
CALM2	2.6200e-01	3.5543e+00	9.9327e-01
CALM3	5.5600e-01	3.6331e+00	9.3101e-01
CALML3	1.7080e+00	7.2421e-01	2.6514e-01
CALML4	1.3740e+00	1.3753e-01	1.6503e-05
CALML5	1.8830e+00	-1.1560e-01	3.0218e-01
CALML6	1.6480e+00	-1.0534e-01	2.9234e-11
CALN1	8.9800e-01	1.2337e+00	1.0696e-03
CALR3	1.0280e+00	7.2326e-01	6.2862e-10
CALR	4.2300e-01	1.1558e+00	9.9965e-01
CALU	5.5600e-01	2.0353e+00	9.1348e-01
CALY	1.5490e+00	-6.1042e-01	3.8951e-04
CAMK1	9.7300e-01	6.4336e-01	9.3430e-11
CAMK1D	3.6500e-01	3.1845e+00	9.9983e-01
CAMK1G	6.1700e-01	1.5694e+00	5.4754e-02
CAMK2A	1.8700e-01	6.1108e+00	1.0000e+00
CAMK2B	4.5000e-01	3.3648e+00	9.9933e-01
CAMK2D	4.4700e-01	1.1744e+00	9.6672e-01
CAMK2G	4.0400e-01	3.0314e+00	9.9982e-01
CAMK2N1	1.5720e+00	3.3385e-01	1.8820e-01
CAMK2N2	1.1030e+00	6.3505e-01	2.7691e-01
CAMK4	1.0980e+00	6.7238e-01	5.9688e-02
CAMKK1	4.7100e-01	1.1669e+00	9.9628e-01
CAMKK2	6.4900e-01	1.8893e+00	3.9267e-03
CAMKMT	1.6430e+00	-1.0178e+00	1.1508e-11
CAMKV	2.0200e-01	4.3398e+00	1.0000e+00
CAMLG	1.2270e+00	4.6104e-01	1.1508e-05
CAMP	1.2040e+00	4.2090e-01	9.5150e-03
CAMSAP1	5.4400e-01	9.9861e-01	9.9751e-03
CAMSAP2	1.9600e-01	3.7730e+00	1.0000e+00
CAMSAP3	5.1000e-01	-7.4851e-02	8.7872e-01
CAMTA1	2.2700e-01	4.7704e+00	1.0000e+00
CAMTA2	5.1200e-01	2.2687e+00	2.8444e-01
CAND1	7.6000e-02	4.8229e+00	1.0000e+00
CAND2	8.1500e-01	1.1012e+00	3.1980e-13
CANT1	1.2390e+00	5.6905e-01	2.0744e-09
CANX	2.6800e-01	1.4881e+00	9.9999e-01
CAP1	3.6100e-01	2.1876e+00	9.9992e-01
CAP2	7.6300e-01	1.3087e+00	3.0872e-03
CAPG	9.4700e-01	6.3187e-01	5.5350e-08
CAPN10	1.1210e+00	7.6106e-01	1.2652e-22
CAPN11	1.1940e+00	6.7364e-01	1.5701e-35
CAPN12	1.3980e+00	-1.9667e+00	1.1118e-42
CAPN13	1.1210e+00	-3.6750e-01	5.0738e-26
CAPN14	1.1090e+00	3.2892e-01	4.7068e-26
CAPN15	9.7400e-01	-2.1004e+00	1.8190e-14
CAPN1	9.7700e-01	1.6060e+00	2.8441e-20
CAPN2	1.0260e+00	1.1953e+00	2.3939e-17
CAPN3	8.9600e-01	8.6012e-01	5.2262e-19
CAPN5	9.2800e-01	1.2087e+00	5.4670e-14
CAPN7	8.8200e-01	2.6175e-02	9.1158e-07
CAPN8	1.1840e+00	-1.7965e-01	1.2210e-24
CAPN9	1.0360e+00	6.4619e-01	4.7708e-19
CAPNS1	1.1860e+00	-3.9064e-01	4.5159e-08
CAPNS2	1.1140e+00	7.9454e-01	5.6624e-04
CAPRIN1	3.7200e-01	1.2679e+00	1.0000e+00
CAPRIN2	5.5900e-01	1.3442e+00	4.3916e-02
CAPS	1.4580e+00	-2.5936e-01	1.6965e-06
CAPS2	1.8150e+00	-2.8438e-01	1.5753e-03
CAPSL	1.1700e+00	-3.1643e-01	4.1116e-05
CAPZA1	3.2900e-01	1.2883e+00	9.9489e-01
CAPZA2	4.4400e-01	1.2482e+00	9.8062e-01
CAPZA3	1.3100e+00	7.8482e-02	1.0103e-07
CAPZB	2.2100e-01	3.0868e+00	9.9985e-01
CARD10	6.7800e-01	4.1014e-01	1.3323e-07
CARD11	3.6400e-01	3.7309e+00	1.0000e+00
CARD14	1.2220e+00	-2.5379e-01	3.0278e-38
CARD16	1.1600e+00	-2.2663e-01	2.3463e-02
CARD17	1.4580e+00	-1.7402e+00	1.3373e-03
CARD18	1.5450e+00	-7.8530e-01	4.8159e-03
CARD19	1.5650e+00	-1.1294e-01	4.9157e-10
CARD6	1.4870e+00	6.1117e-01	6.8540e-09
CARD8	8.8300e-01	1.7419e+00	1.5184e-08
CARD9	1.1430e+00	-9.2366e-01	6.2657e-17
CARF	7.8200e-01	1.1749e+00	5.9940e-06
CARHSP1	1.7350e+00	-3.2159e+00	6.4745e-05
CARM1	3.5300e-01	4.6485e+00	1.0000e+00
CARMIL1	6.0600e-01	2.0427e+00	1.9925e-05
CARMIL2	7.0100e-01	6.3741e-01	2.0165e-16
CARMIL3	5.7400e-01	2.3505e+00	3.1959e-08
CARNMT1	1.1570e+00	3.0678e-01	1.2644e-06
CARNS1	1.3840e+00	-2.2251e+00	2.1364e-23
CARS1	5.7100e-01	1.1950e+00	1.3447e-02
CARS2	1.2250e+00	-1.0737e+00	1.8986e-13
CARTPT	9.5600e-01	4.3976e-01	1.2718e-01
CASC3	4.6600e-01	1.5999e+00	9.9755e-01
CASD1	6.1700e-01	1.1221e+00	3.3699e-01
CASKIN1	6.1400e-01	-2.5169e+00	3.1628e-04
CASKIN2	5.2400e-01	1.9859e-01	4.1320e-01
CASP10	1.0460e+00	6.1351e-01	6.3858e-09
CASP12	NA	2.7306e-01	NA
CASP14	1.2170e+00	-2.0450e-02	6.3158e-09
CASP1	8.1600e-01	4.7126e-01	1.7654e-02
CASP2	9.3600e-01	1.4453e+00	1.7417e-09
CASP3	8.5900e-01	1.4892e+00	6.6906e-02
CASP4	9.8100e-01	5.9114e-01	3.3470e-04
CASP5	1.0440e+00	4.6770e-01	1.5001e-06
CASP6	9.5300e-01	7.5485e-01	7.9741e-05
CASP7	9.9300e-01	1.1270e+00	6.4490e-06
CASP8	6.9500e-01	1.6719e+00	1.2509e-02
CASP8AP2	4.6800e-01	1.2387e+00	9.7986e-01
CASP9	9.9400e-01	-7.5831e-01	7.0015e-08
CASQ1	9.6500e-01	4.1130e-01	1.0316e-05
CASQ2	1.3220e+00	3.0635e-01	1.1783e-10
CASR	4.6900e-01	4.8379e+00	9.9692e-01
CASS4	5.3000e-01	2.0672e+00	8.8251e-01
CAST	1.2080e+00	-4.6104e-01	6.0475e-05
CASTOR1	9.0600e-01	1.2622e+00	5.3665e-04
CASTOR2	4.5500e-01	3.2422e+00	9.9517e-01
CASZ1	2.8500e-01	2.0333e+00	1.0000e+00
CAT	9.0000e-01	5.1938e-01	1.6440e-08
CATIP	1.1440e+00	2.6056e-01	2.4316e-11
CATSPER1	9.0700e-01	1.9515e+00	6.9905e-14
CATSPER2	1.0470e+00	7.6469e-01	1.4708e-15
CATSPER3	9.1100e-01	7.8991e-01	1.5299e-05
CATSPER4	1.0330e+00	9.7086e-01	1.1773e-12
CATSPERB	9.3500e-01	1.5479e+00	6.2938e-15
CATSPERD	9.9800e-01	4.6489e-01	5.2811e-16
CATSPERE	8.9400e-01	1.3781e+00	1.0138e-09
CATSPERG	8.7300e-01	2.4176e+00	1.1583e-27
CATSPERZ	1.6230e+00	-6.8209e-01	1.2442e-08
CAV1	9.6700e-01	8.2289e-01	1.4002e-02
CAV2	9.3800e-01	-3.1579e-01	8.8711e-02
CAV3	1.0640e+00	9.9211e-01	3.9666e-02
CAVIN1	1.0920e+00	5.8859e-01	9.0236e-05
CAVIN2	1.5930e+00	4.2240e-01	9.5931e-06
CAVIN3	1.9580e+00	-2.2938e+00	1.7539e-06
CAVIN4	8.7500e-01	-2.8286e-02	2.1390e-02
CBARP	1.1070e+00	-2.0350e+00	5.8826e-07
CBFA2T2	3.1400e-01	2.5578e+00	1.0000e+00
CBFA2T3	9.5700e-01	-2.9988e+00	1.5278e-07
CBFB	1.0650e+00	5.0011e-01	1.9912e-01
CBL	6.2200e-01	1.6974e+00	3.3116e-04
CBLB	4.0600e-01	1.8747e+00	9.9998e-01
CBLC	1.0580e+00	-9.4842e-01	2.9764e-13
CBLIF	8.6500e-01	6.6559e-01	5.1339e-03
CBLL1	2.5100e-01	1.3449e+00	9.9998e-01
CBLN1	6.9500e-01	2.2057e+00	6.6907e-01
CBLN2	1.1180e+00	6.3690e-01	2.9319e-02
CBLN3	1.2710e+00	1.6003e-01	7.6940e-05
CBLN4	9.5100e-01	1.4182e+00	2.9875e-01
CBR1	1.4190e+00	2.3959e-01	6.2710e-05
CBR3	1.8460e+00	9.9634e-01	4.5331e-06
CBR4	1.7910e+00	-2.9768e-02	5.5250e-08
CBWD1	NA	2.5348e-01	NA
CBWD2	5.7200e-01	2.3946e+00	8.6317e-01
CBWD3	1.0780e+00	2.0058e+00	6.3316e-01
CBWD5	3.6300e-01	3.5984e+00	9.9600e-01
CBWD6	7.4800e-01	1.9859e+00	2.9185e-01
CBX1	7.2100e-01	2.8893e+00	2.9399e-01
CBX2	9.4600e-01	-3.1280e-01	9.7406e-03
CBX3	5.6500e-01	2.1980e+00	9.2200e-01
CBX4	4.8000e-01	1.8041e-01	9.8767e-01
CBX5	7.2600e-01	2.7283e+00	5.1778e-01
CBX6	5.8300e-01	3.7022e-01	8.7690e-01
CBX7	7.6700e-01	7.8564e-01	3.9391e-02
CBX8	4.2800e-01	2.2172e-01	9.9818e-01
CBY1	1.1390e+00	3.8535e-01	4.9137e-02
CBY2	1.3930e+00	-1.0511e+00	5.7210e-10
CBY3	1.9570e+00	-9.9511e-01	2.1429e-03
CC2D1A	6.4900e-01	1.1895e+00	2.7205e-09
CC2D1B	9.7800e-01	-3.4306e-01	5.7182e-25
CC2D2A	8.5400e-01	4.6757e-01	6.8922e-26
CC2D2B	8.3200e-01	1.3559e+00	2.9800e-05
CCAR1	6.5100e-01	3.2778e+00	4.0077e-06
CCAR2	2.8800e-01	8.2873e-01	1.0000e+00
CCBE1	9.3300e-01	-1.4009e-02	2.2995e-08
CCDC102A	1.1300e+00	-8.0329e-01	1.1498e-08
CCDC102B	1.5840e+00	-2.6838e-01	9.2000e-26
CCDC103	1.2560e+00	8.1517e-01	3.5424e-03
CCDC105	1.4000e+00	-1.9635e+00	4.4313e-15
CCDC106	1.0400e+00	1.1430e+00	8.4424e-05
CCDC107	1.4890e+00	-6.6181e-01	7.5712e-06
CCDC110	1.1550e+00	1.1549e+00	3.7609e-19
CCDC112	8.7500e-01	-1.0043e+00	2.9661e-04
CCDC113	1.6100e+00	4.1933e-01	8.0458e-16
CCDC115	1.1980e+00	-8.5192e-02	7.7714e-07
CCDC116	1.1580e+00	4.0279e-01	1.3984e-07
CCDC117	2.5400e-01	-1.0557e+00	9.9940e-01
CCDC121	1.8480e+00	1.5346e+00	3.3409e-01
CCDC12	1.5680e+00	2.8315e-01	2.7248e-11
CCDC122	1.5350e+00	4.1196e-01	6.6768e-10
CCDC124	9.9100e-01	1.8977e-01	2.0176e-02
CCDC125	9.7000e-01	5.9419e-01	9.5005e-06
CCDC126	8.7800e-01	5.4230e-01	3.9094e-01
CCDC127	1.4300e+00	6.7569e-01	3.3546e-02
CCDC134	1.4010e+00	8.8150e-01	1.2344e-09
CCDC136	9.2400e-01	1.1734e+00	6.1011e-25
CCDC137	1.3080e+00	-1.8238e+00	1.0316e-07
CCDC138	9.1500e-01	-3.5196e-01	2.0055e-08
CCDC13	9.0600e-01	8.7561e-01	2.8520e-16
CCDC14	1.0800e+00	5.4302e-01	1.5970e-13
CCDC141	1.0520e+00	-2.7709e-01	7.5047e-41
CCDC142	9.7600e-01	8.3352e-01	1.6000e-18
CCDC144A	5.7000e-01	5.0299e+00	3.1097e-02
CCDC146	9.2600e-01	1.4943e+00	7.0944e-16
CCDC148	1.2090e+00	3.6505e-02	3.2845e-22
CCDC149	1.1500e+00	1.0376e+00	9.0202e-10
CCDC150	1.1120e+00	-2.4936e-02	2.6718e-31
CCDC15	1.2650e+00	-1.1079e-01	1.0432e-24
CCDC152	1.8710e+00	2.6587e-01	4.2658e-04
CCDC153	1.2370e+00	7.8227e-01	1.0580e-07
CCDC154	1.3660e+00	-9.2568e-01	2.2034e-35
CCDC157	1.1650e+00	4.8912e-01	1.1441e-19
CCDC158	9.5700e-01	1.0212e+00	2.7187e-17
CCDC159	1.1100e+00	-3.5993e-01	1.1724e-11
CCDC166	1.9390e+00	-2.8324e+00	1.8013e-08
CCDC167	1.7020e+00	1.3261e-01	1.9641e-06
CCDC168	1.6610e+00	2.4082e+00	1.6762e-02
CCDC169	1.1620e+00	2.4984e-01	6.3141e-08
CCDC169-SOHLH2	7.2300e-01	1.4712e+00	3.7947e-06
CCDC170	1.1580e+00	7.5568e-02	5.0253e-23
CCDC171	1.2500e+00	-3.1820e+00	4.3564e-37
CCDC17	1.5190e+00	-9.3204e-01	6.8295e-33
CCDC172	1.5360e+00	-5.1547e-02	1.1141e-02
CCDC173	1.3440e+00	3.6060e-01	1.8780e-26
CCDC174	9.2600e-01	8.3417e-01	1.0490e-06
CCDC175	1.2350e+00	-1.5011e-01	4.5880e-10
CCDC177	1.1210e+00	-6.1087e-01	3.8912e-01
CCDC178	1.3470e+00	-2.5499e-01	1.3139e-14
CCDC179	1.7690e+00	-4.8894e-01	1.2424e-01
CCDC180	8.2100e-01	1.5697e+00	7.7787e-33
CCDC181	8.5000e-01	1.2634e+00	1.2161e-06
CCDC182	1.1220e+00	-3.1146e-01	9.5841e-02
CCDC183	1.2250e+00	-1.4154e+00	7.1871e-23
CCDC184	1.8000e+00	-1.8681e-01	4.3734e-05
CCDC185	1.6950e+00	-2.2002e+00	4.2099e-01
CCDC186	5.6000e-01	1.6756e+00	2.0909e-02
CCDC187	1.1620e+00	2.2718e+00	1.3214e-07
CCDC188	1.1510e+00	1.8942e-01	1.0010e-11
CCDC18	9.0100e-01	1.0462e+00	1.6425e-13
CCDC189	1.1980e+00	1.1922e-01	1.6774e-12
CCDC190	1.2240e+00	-6.1263e-02	2.0614e-03
CCDC191	1.0290e+00	1.5211e+00	1.4160e-22
CCDC194	1.8190e+00	-4.2986e-01	9.0919e-03
CCDC198	6.9200e-01	-1.0436e-01	1.9980e-01
CCDC24	1.5530e+00	-7.3710e-01	9.9203e-14
CCDC25	9.2300e-01	1.3791e+00	3.6205e-02
CCDC27	1.2340e+00	8.4947e-02	8.9604e-27
CCDC28A	1.6280e+00	9.8248e-01	2.7102e-04
CCDC28B	1.3570e+00	6.6356e-01	3.7097e-06
CCDC30	8.8600e-01	1.7142e+00	3.7614e-11
CCDC3	1.7900e+00	-1.8514e+00	7.3124e-13
CCDC32	7.6000e-01	4.9157e-01	1.9314e-01
CCDC33	1.1700e+00	2.4435e-01	7.9723e-31
CCDC34	1.0800e+00	-1.7928e-01	1.0863e-07
CCDC38	9.5500e-01	4.8968e-01	2.4687e-08
CCDC39	1.2260e+00	9.5849e-02	6.1729e-20
CCDC40	9.6200e-01	9.1122e-01	2.6347e-28
CCDC42	1.2220e+00	9.6794e-01	2.2324e-12
CCDC43	1.1020e+00	4.9172e-01	2.0416e-05
CCDC47	9.1800e-01	1.2024e+00	5.4337e-09
CCDC50	9.3300e-01	5.4055e-01	4.6044e-11
CCDC51	1.2620e+00	1.1907e+00	1.3373e-10
CCDC54	1.5730e+00	5.7347e-01	1.4789e-04
CCDC57	1.2600e+00	-3.7485e-01	7.3655e-41
CCDC59	1.1850e+00	-1.5207e+00	3.9638e-06
CCDC60	1.0630e+00	9.2724e-01	8.6271e-12
CCDC61	1.3180e+00	-3.2032e-01	1.0157e-19
CCDC62	1.0120e+00	1.3803e+00	1.0946e-12
CCDC63	1.0510e+00	1.1385e+00	3.1327e-16
CCDC65	1.0040e+00	1.0412e+00	7.7889e-11
CCDC6	5.6200e-01	2.6685e+00	8.9095e-01
CCDC66	1.1350e+00	-9.9441e-02	3.2942e-30
CCDC68	9.2300e-01	6.3735e-01	6.0264e-02
CCDC69	1.1810e+00	-1.6267e-01	2.4625e-10
CCDC70	1.2280e+00	-4.7142e-01	2.0188e-03
CCDC7	1.1070e+00	1.7368e-03	5.2325e-25
CCDC71	1.1350e+00	5.8486e-01	2.5629e-01
CCDC71L	1.7480e+00	-1.6133e+00	5.2568e-03
CCDC73	1.1030e+00	1.6539e+00	4.8403e-16
CCDC74A	1.3660e+00	6.3666e-01	5.3538e-14
CCDC74B	1.2740e+00	3.0428e-01	9.3314e-12
CCDC77	1.0770e+00	5.6478e-01	6.0962e-12
CCDC78	1.6150e+00	-2.0179e+00	1.0158e-33
CCDC80	7.4900e-01	6.2287e-01	1.6537e-08
CCDC81	1.1250e+00	4.4868e-01	1.1840e-19
CCDC8	1.7960e+00	-1.2651e-01	1.7454e-03
CCDC82	1.0600e+00	6.0601e-01	3.8279e-08
CCDC83	1.2630e+00	-4.4901e-01	7.7395e-08
CCDC85A	1.0580e+00	-1.2562e+00	3.1704e-10
CCDC85B	1.9360e+00	-4.1353e-01	1.8838e-04
CCDC85C	9.4700e-01	-2.1910e+00	1.6000e-04
CCDC86	1.0080e+00	7.3570e-01	2.7600e-08
CCDC87	NA	1.6889e-01	NA
CCDC88A	2.5000e-01	1.5949e+00	1.0000e+00
CCDC88B	1.0090e+00	-2.7703e-01	8.2286e-41
CCDC88C	7.5900e-01	-3.9584e-01	1.3467e-22
CCDC89	1.2870e+00	-3.0383e-01	1.0313e-09
CCDC90B	1.1120e+00	-4.7920e-01	2.8879e-04
CCDC91	1.0840e+00	9.4366e-02	6.3935e-02
CCDC9	1.1190e+00	-1.6200e+00	2.8837e-16
CCDC92	7.3800e-01	7.9759e-01	2.4561e-01
CCDC92B	1.4100e+00	5.8932e-01	2.4491e-01
CCDC93	9.8600e-01	3.6196e-01	9.0445e-05
CCDC96	1.6320e+00	-2.1417e+00	3.4945e-11
CCDC97	1.1490e+00	1.0829e+00	7.6416e-08
CCDC9B	1.1640e+00	-5.3948e-01	7.6956e-14
CCER1	1.8140e+00	-8.9273e-01	2.1285e-01
CCER2	1.2980e+00	-9.3439e-01	2.5499e-07
CCHCR1	9.5400e-01	2.2035e+00	2.4220e-24
CCIN	6.8300e-01	2.2542e+00	9.8300e-02
CCK	1.6470e+00	8.3487e-01	4.2207e-05
CCKAR	1.0120e+00	3.7853e-01	4.8098e-06
CCKBR	1.1800e+00	-2.5815e-01	1.1598e-10
CCL11	1.7420e+00	-6.3377e-01	1.2674e-02
CCL1	1.9480e+00	4.2463e-01	1.4393e-04
CCL13	1.8740e+00	4.8852e-02	8.4265e-02
CCL14	1.6420e+00	-2.0576e-02	3.9377e-02
CCL15	1.5180e+00	3.8942e-01	2.3499e-03
CCL15-CCL14	NA	3.8942e-01	NA
CCL16	1.6760e+00	3.5340e-01	6.9398e-03
CCL17	1.7970e+00	1.7578e-01	1.0094e-02
CCL18	1.7220e+00	7.4699e-01	5.8396e-03
CCL19	9.1900e-01	1.2417e+00	1.5848e-01
CCL20	1.8490e+00	5.5821e-01	3.3313e-01
CCL21	1.1230e+00	4.9282e-01	1.0332e-03
CCL2	1.8400e+00	8.9300e-01	9.8444e-02
CCL22	1.6340e+00	1.5966e-01	8.0347e-03
CCL23	1.4120e+00	2.4955e-01	3.6135e-03
CCL24	1.1460e+00	7.3906e-01	8.7211e-02
CCL25	1.5610e+00	2.9024e-01	1.9779e-06
CCL26	1.7820e+00	1.0077e-01	4.5374e-03
CCL27	1.8140e+00	2.1552e-01	1.5381e-05
CCL28	1.2370e+00	5.9718e-01	6.2422e-02
CCL3	1.3460e+00	3.6838e-01	4.7934e-03
CCL3L3	1.5760e+00	4.5334e-01	4.2979e-03
CCL4	1.4430e+00	2.6955e-01	3.1802e-03
CCL4L2	1.4470e+00	7.9026e-01	2.3099e-01
CCL5	1.3870e+00	1.3141e-01	1.4581e-01
CCL7	1.7270e+00	-6.3313e-01	5.7208e-03
CCL8	1.7940e+00	-2.0186e-01	2.2396e-01
CCM2	7.5300e-01	1.7870e+00	1.0505e-03
CCM2L	9.0700e-01	3.2407e-01	8.1073e-08
CCN1	5.0900e-01	7.1569e-01	9.7496e-01
CCN2	1.0500e+00	-2.2824e-01	2.6895e-06
CCN3	9.6600e-01	1.2975e-01	5.4648e-06
CCN4	1.1510e+00	2.4653e-01	1.8485e-09
CCN5	1.4700e+00	-8.3267e-01	1.5551e-06
CCN6	1.0550e+00	1.1806e+00	5.3805e-09
CCNA1	5.8300e-01	1.8195e+00	4.6206e-01
CCNA2	1.8300e-01	2.5241e+00	1.0000e+00
CCNB1	7.7700e-01	1.0119e+00	3.5733e-03
CCNB1IP1	7.5700e-01	1.5472e+00	6.9342e-02
CCNB2	1.0130e+00	1.9093e-01	8.9144e-10
CCNC	7.3700e-01	1.4480e+00	7.4613e-01
CCND1	6.0900e-01	1.2714e+00	7.2090e-01
CCND2	3.8500e-01	2.8824e+00	9.9932e-01
CCND3	5.4800e-01	1.4122e+00	9.2963e-01
CCNDBP1	1.2350e+00	3.7966e-03	4.6136e-10
CCNE1	3.6600e-01	1.2212e+00	9.9996e-01
CCNE2	5.3700e-01	1.1115e+00	9.4615e-01
CCNF	5.3100e-01	1.3035e+00	7.0443e-01
CCNG1	6.4800e-01	1.1217e+00	6.4835e-01
CCNG2	6.3800e-01	1.0897e+00	5.7343e-01
CCNH	1.0500e+00	5.2270e-01	7.4251e-05
CCNI2	1.4510e+00	-8.9225e-01	4.6124e-13
CCNI	5.7400e-01	1.1974e+00	8.9597e-01
CCNJ	4.9700e-01	2.3125e+00	9.8387e-01
CCNJL	1.2630e+00	9.7594e-03	2.5792e-11
CCNK	3.4000e-01	2.0035e+00	9.9998e-01
CCNL1	3.8000e-01	2.7574e+00	9.9997e-01
CCNL2	6.6500e-01	2.0509e-01	1.9761e-03
CCNO	1.6980e+00	-1.8829e+00	3.3991e-10
CCNP	1.3970e+00	-4.3687e-01	1.1726e-06
CCNT1	3.1000e-01	1.5615e+00	1.0000e+00
CCNT2	4.2800e-01	1.3854e+00	9.9889e-01
CCNY	7.6100e-01	9.9461e-01	2.8702e-02
CCNYL1	5.1400e-01	1.3100e+00	9.6885e-01
CCP110	1.4200e+00	5.5676e-01	3.8105e-01
CCPG1	7.7700e-01	7.4177e-01	4.2891e-06
CCR10	1.6470e+00	2.8703e-01	1.0277e-04
CCR1	1.9310e+00	1.8322e+00	1.2123e-01
CCR2	1.8250e+00	9.2640e-01	4.8055e-02
CCR3	1.9250e+00	7.2932e-01	1.2784e-01
CCR4	8.0900e-01	1.2285e+00	4.9060e-02
CCR5	1.5920e+00	-3.8831e-01	1.8146e-01
CCR6	1.5380e+00	2.7238e+00	1.9943e-01
CCR7	6.6000e-01	2.6932e+00	3.9665e-01
CCR8	1.9500e+00	1.4413e+00	1.6749e-02
CCR9	9.8700e-01	1.4053e+00	2.6154e-01
CCRL2	1.9390e+00	-3.7356e-01	1.1145e-01
CCS	1.1930e+00	5.6914e-01	8.9524e-09
CCSAP	1.4720e+00	-8.4147e-01	3.6122e-06
CCSER1	5.9000e-01	-1.4238e-01	1.4040e-01
CCSER2	5.8900e-01	7.1631e-01	7.3697e-02
CCT2	4.4500e-01	1.2725e+00	9.9766e-01
CCT3	2.8200e-01	1.4302e+00	1.0000e+00
CCT4	6.4700e-01	1.0257e+00	7.0055e-01
CCT5	2.3500e-01	2.3498e+00	1.0000e+00
CCT6A	2.3400e-01	1.4250e+00	9.9997e-01
CCT6B	1.1200e+00	3.3131e-01	7.9186e-03
CCT7	4.5500e-01	2.7498e+00	9.9818e-01
CCT8	2.8700e-01	1.1217e+00	1.0000e+00
CCT8L2	1.2520e+00	1.6494e+00	7.7963e-10
CCZ1	6.7500e-01	2.6114e+00	2.0474e-01
CCZ1B	1.1300e+00	2.4431e+00	1.4856e-05
CD101	8.8900e-01	1.3609e+00	4.3095e-19
CD109	1.0920e+00	-1.5900e-03	5.7787e-25
CD14	1.9440e+00	8.8632e-01	2.9381e-03
CD151	8.1600e-01	6.2523e-01	5.6955e-04
CD160	8.7600e-01	1.0647e+00	5.6488e-02
CD163	5.6000e-01	3.7869e+00	5.3022e-04
CD163L1	8.3900e-01	2.9337e+00	4.1717e-26
CD164	1.2320e+00	-1.6333e+00	3.2935e-02
CD164L2	1.2680e+00	-1.3998e-01	3.5267e-07
CD177	1.5570e+00	-1.6244e+00	9.3562e-14
CD180	1.8860e+00	1.0925e+00	5.5468e-05
CD19	6.2700e-01	1.3202e+00	5.9088e-03
CD1A	1.6440e+00	-5.4671e-01	7.4555e-22
CD1B	1.3340e+00	-1.2773e+00	1.2319e-15
CD1C	1.4120e+00	-3.9143e-02	5.1326e-18
CD1D	1.1910e+00	-1.3777e-01	4.0953e-13
CD1E	1.5170e+00	2.4213e-02	1.3883e-21
CD200	8.5000e-01	1.5288e+00	1.7635e-02
CD200R1	1.1240e+00	8.8110e-01	5.1619e-04
CD200R1L	8.1700e-01	1.5007e-01	1.0353e-01
CD207	1.2050e+00	3.9426e-01	7.4759e-09
CD209	9.4600e-01	9.8855e-01	1.0648e-07
CD2	1.1430e+00	2.7214e-01	2.6337e-05
CD226	1.0120e+00	6.7634e-01	3.3291e-05
CD22	6.3900e-01	1.9774e+00	4.8504e-06
CD24	1.8910e+00	1.4252e-01	2.9411e-01
CD244	5.0100e-01	6.9468e-01	9.8103e-01
CD247	6.3300e-01	3.7572e-01	6.5538e-01
CD248	1.5940e+00	7.9911e-01	4.0329e-03
CD274	4.7600e-01	4.4887e-01	9.8208e-01
CD276	8.8800e-01	1.3232e+00	4.2878e-08
CD27	9.4600e-01	8.8168e-01	1.6116e-04
CD28	6.3400e-01	9.2709e-01	7.8043e-01
CD2AP	8.1500e-01	-1.6853e-01	9.8434e-06
CD2BP2	9.9300e-01	-5.6272e-01	2.6363e-07
CD300A	9.3200e-01	8.3073e-01	1.8646e-05
CD300C	1.0430e+00	2.8567e-01	3.8906e-03
CD300E	1.0500e+00	7.1597e-01	5.3471e-04
CD300H	NA	8.1881e-01	NA
CD300LB	1.1890e+00	8.6316e-01	7.1188e-05
CD300LD	1.2780e+00	1.0336e+00	7.3033e-05
CD300LF	1.1070e+00	5.0648e-01	3.4761e-08
CD300LG	1.2330e+00	5.1675e-01	2.2743e-09
CD302	1.2730e+00	-2.1454e-01	3.4683e-06
CD320	1.4880e+00	-1.0094e+00	3.2364e-06
CD33	1.0720e+00	9.7413e-01	1.2367e-07
CD34	1.1840e+00	6.5335e-01	1.0815e-10
CD36	1.9530e+00	-1.8190e+00	8.8525e-17
CD37	1.2150e+00	5.2228e-01	2.5766e-12
CD38	1.2920e+00	3.4252e-01	1.3957e-05
CD3D	1.3250e+00	4.4866e-01	1.9408e-07
CD3E	6.5900e-01	8.8647e-01	4.6931e-01
CD3G	1.1910e+00	1.3555e-01	8.3830e-07
CD40	6.7700e-01	2.0303e+00	3.0797e-02
CD44	6.5400e-01	9.0454e-01	1.6068e-03
CD4	6.7300e-01	1.6912e+00	6.0803e-03
CD46	7.6300e-01	7.5927e-01	4.1886e-02
CD47	7.2500e-01	9.4521e-01	7.5934e-01
CD48	1.3100e+00	-6.2033e-02	5.0268e-07
CD52	1.7870e+00	7.0179e-01	1.1835e-01
CD53	9.1200e-01	1.2128e+00	4.0080e-02
CD55	1.2340e+00	3.2192e-01	1.1051e-06
CD5	8.3500e-01	1.3463e+00	1.2515e-07
CD58	7.5600e-01	5.2747e-01	3.4981e-01
CD59	1.2770e+00	4.9864e-01	5.6556e-01
CD5L	1.1480e+00	4.2956e-01	2.3834e-12
CD6	1.0300e+00	4.1164e-01	5.2168e-15
CD63	8.0000e-01	1.2923e+00	5.5993e-03
CD68	1.0130e+00	1.1445e-01	1.2863e-06
CD69	8.6000e-01	6.8431e-01	4.1800e-01
CD70	1.2510e+00	7.9554e-01	3.6492e-03
CD7	1.6730e+00	8.9087e-02	2.1348e-08
CD72	8.3200e-01	6.0419e-01	2.4444e-04
CD74	8.4900e-01	9.5054e-01	8.1854e-04
CD79A	9.9100e-01	1.1783e+00	1.0109e-03
CD79B	4.2100e-01	1.9247e+00	9.9818e-01
CD80	8.1800e-01	1.4654e+00	1.0245e-01
CD81	7.0200e-01	1.0663e+00	3.5955e-01
CD82	1.2210e+00	1.4577e-01	1.2573e-09
CD83	1.3830e+00	-1.0178e-01	3.5041e-05
CD84	9.1000e-01	3.2881e-01	5.0059e-05
CD86	5.5500e-01	1.1111e+00	9.2642e-01
CD8A	1.4960e+00	-1.2645e+00	2.5309e-09
CD8B2	1.2480e+00	8.6724e-01	1.7869e-03
CD8B	7.6400e-01	8.2026e-01	4.1723e-01
CD93	1.2370e+00	-7.6676e-01	1.2172e-14
CD9	5.5500e-01	4.2290e-01	9.3242e-01
CD96	1.1600e+00	1.1578e-01	3.8083e-04
CDA	9.5500e-01	6.9108e-01	7.8742e-02
CDADC1	9.1700e-01	1.1985e+00	7.5116e-06
CDAN1	9.0800e-01	-1.1406e+00	1.6127e-27
CDC123	1.0130e+00	8.0762e-01	9.2386e-08
CDC14A	1.1410e+00	1.3835e+00	4.1688e-08
CDC14B	5.2600e-01	8.0763e-01	9.5893e-01
CDC14C	1.4340e+00	3.9305e-01	6.7856e-02
CDC16	6.5700e-01	1.2685e+00	2.1435e-02
CDC20	7.4400e-01	2.5053e+00	2.3736e-05
CDC20B	1.2500e+00	7.9597e-01	2.0550e-14
CDC23	4.5200e-01	3.0629e+00	9.9922e-01
CDC25A	4.8900e-01	2.2830e+00	9.8745e-01
CDC25B	6.4100e-01	7.5477e-01	2.1032e-03
CDC25C	1.1750e+00	7.9162e-01	2.5044e-08
CDC26	1.6400e+00	3.9365e-01	2.9377e-01
CDC27	3.8000e-01	1.4195e+00	9.6144e-01
CDC34	1.1360e+00	5.7568e-01	1.4003e-05
CDC37	3.2100e-01	2.2903e+00	1.0000e+00
CDC37L1	1.2380e+00	-4.4789e-01	9.8968e-05
CDC40	4.9100e-01	2.0922e+00	9.7911e-01
CDC42	6.1100e-01	2.9049e+00	8.7200e-01
CDC42BPA	4.6400e-01	2.5563e+00	9.9822e-01
CDC42BPB	2.3500e-01	4.0147e+00	1.0000e+00
CDC42BPG	1.0390e+00	4.9150e-02	3.8163e-46
CDC42EP1	1.8630e+00	-8.3444e-01	2.6825e-05
CDC42EP2	1.3640e+00	9.4625e-01	4.1078e-02
CDC42EP3	5.5700e-01	2.8539e-01	9.3074e-01
CDC42EP4	1.5770e+00	3.3308e-01	4.2806e-03
CDC42EP5	1.9610e+00	-4.1685e+00	1.2583e-02
CDC42SE1	1.7420e+00	1.1242e+00	5.3800e-03
CDC42SE2	1.4070e+00	7.9664e-01	5.2383e-01
CDC45	7.7000e-01	1.4196e+00	6.6732e-08
CDC5L	2.6000e-01	2.7719e+00	1.0000e+00
CDC6	9.9000e-01	1.0039e+00	4.1027e-10
CDC73	4.2000e-01	3.3697e+00	9.9901e-01
CDC7	8.8900e-01	1.4910e+00	2.3083e-04
CDCA2	8.4000e-01	1.4446e-01	9.4051e-07
CDCA3	8.8500e-01	9.5067e-01	3.8966e-03
CDCA4	1.8070e+00	8.5997e-01	3.6307e-01
CDCA5	8.8000e-01	1.9315e-01	4.1618e-03
CDCA7	6.7600e-01	1.8093e+00	2.5650e-03
CDCA7L	9.8300e-01	-6.8650e-01	2.6497e-12
CDCA8	9.4400e-01	1.8080e+00	5.4742e-04
CDCP1	6.0100e-01	2.7132e+00	5.1762e-02
CDCP2	1.3690e+00	9.6722e-01	1.3876e-10
CDH10	6.5500e-01	1.6532e+00	1.8404e-01
CDH11	2.4900e-01	2.2578e+00	1.0000e+00
CDH12	6.6800e-01	9.4614e-01	2.4729e-03
CDH13	4.5600e-01	-9.3707e-01	9.9807e-01
CDH1	5.1400e-01	1.9041e+00	8.5613e-01
CDH15	1.4100e+00	-2.6625e+00	1.0184e-28
CDH16	1.0790e+00	-2.1929e-01	5.1358e-24
CDH17	9.6000e-01	5.5919e-01	2.1547e-13
CDH18	7.3700e-01	1.4106e+00	2.8711e-04
CDH19	1.1050e+00	-3.1120e-01	1.7606e-08
CDH20	5.3200e-01	1.1364e+00	7.2062e-01
CDH22	7.8200e-01	1.0244e+00	1.5976e-05
CDH2	3.3600e-01	2.8683e+00	1.0000e+00
CDH23	6.8500e-01	1.6119e+00	2.8869e-32
CDH24	1.1460e+00	7.5281e-01	5.2898e-19
CDH26	1.0320e+00	8.2934e-01	2.0967e-21
CDH3	8.2300e-01	7.1843e-01	5.7123e-12
CDH4	5.3300e-01	2.2343e+00	5.4084e-01
CDH5	6.6100e-01	1.7147e+00	1.1440e-03
CDH6	5.1100e-01	3.0210e+00	9.4861e-01
CDH7	5.5200e-01	1.5816e+00	5.9730e-01
CDH8	3.6900e-01	3.2124e+00	1.0000e+00
CDH9	5.7800e-01	1.4201e+00	6.5898e-01
CDHR1	1.0040e+00	-4.3308e-01	1.0861e-16
CDHR2	8.8000e-01	1.4164e+00	1.4260e-26
CDHR3	1.0870e+00	6.7832e-01	2.6956e-20
CDHR4	1.1740e+00	1.4262e+00	3.2476e-30
CDHR5	1.4790e+00	-1.6126e+00	9.8543e-33
CDIN1	9.3100e-01	4.9871e-01	1.9060e-05
CDIP1	1.1420e+00	-7.3393e-02	6.8728e-03
CDIPT	1.0420e+00	4.6478e-01	3.9437e-03
CDK10	1.3440e+00	-1.8828e+00	1.8927e-20
CDK11A	1.1500e+00	7.8587e-01	2.3901e-14
CDK11B	9.0200e-01	2.4953e+00	9.8271e-07
CDK12	2.1000e-01	2.6395e+00	1.0000e+00
CDK13	4.3400e-01	-1.1078e+00	9.9987e-01
CDK14	8.9400e-01	1.4405e+00	6.5575e-04
CDK15	1.2910e+00	1.6853e-01	5.4428e-19
CDK1	5.6500e-01	2.2306e+00	9.0399e-01
CDK17	6.0200e-01	1.6560e+00	8.3460e-01
CDK18	1.0810e+00	3.7502e-01	1.7737e-14
CDK19	6.5500e-01	2.7676e+00	4.9182e-01
CDK20	1.3420e+00	-1.0434e+00	1.4576e-14
CDK2	3.9000e-01	2.9267e+00	9.9867e-01
CDK2AP1	1.5220e+00	1.3067e+00	5.4106e-02
CDK2AP2	4.1000e-01	7.3010e-01	9.7898e-01
CDK3	1.0820e+00	9.0122e-01	1.6832e-06
CDK4	6.1000e-01	2.2555e+00	5.6668e-01
CDK5	5.8400e-01	3.3542e+00	5.5833e-01
CDK5R1	2.3400e-01	1.9097e+00	9.9973e-01
CDK5R2	7.4500e-01	1.0557e+00	3.7936e-01
CDK5RAP1	1.0800e+00	1.4725e+00	4.0131e-10
CDK5RAP2	6.9200e-01	1.1451e+00	1.2853e-20
CDK5RAP3	9.6500e-01	1.4750e+00	1.7688e-13
CDK6	4.1200e-01	3.1383e+00	9.9728e-01
CDK7	7.7400e-01	8.3974e-01	3.0573e-01
CDK8	6.4600e-01	2.9169e+00	4.6798e-01
CDK9	1.1390e+00	2.2746e+00	4.8126e-09
CDKAL1	6.4300e-01	9.2839e-01	4.8329e-01
CDKL1	1.2070e+00	7.5013e-01	7.3414e-09
CDKL2	1.2230e+00	4.1554e-01	5.5575e-10
CDKL3	1.5230e+00	2.4594e-01	1.0479e-12
CDKL4	1.3310e+00	-1.4489e-01	7.9863e-08
CDKN1A	1.4920e+00	8.2899e-01	1.7576e-05
CDKN1B	8.0400e-01	-1.3002e+00	2.4233e-01
CDKN1C	1.9430e+00	-1.8500e+00	4.3741e-04
CDKN2A	7.9100e-01	-1.3314e+00	6.1783e-01
CDKN2AIP	4.9000e-01	-1.6461e-01	9.8679e-01
CDKN2AIPNL	1.5910e+00	1.2382e-01	9.2973e-03
CDKN2B	1.8360e+00	-1.2127e+00	5.5708e-04
CDKN2C	9.4000e-01	1.5054e+00	2.1445e-01
CDKN2D	1.4260e+00	7.0695e-01	2.3914e-01
CDKN3	1.1230e+00	1.1129e+00	3.8791e-01
CDNF	1.3320e+00	-3.1925e-01	5.1200e-03
CDO1	1.1320e+00	2.2456e-01	3.7417e-03
CDON	7.3300e-01	1.7698e+00	4.8789e-12
CDPF1	1.5660e+00	3.1084e-01	1.0096e-02
CDR2	8.7900e-01	1.2108e+00	3.1083e-06
CDR2L	1.6010e+00	-1.3019e+00	7.0043e-12
CDRT15	1.3430e+00	1.7159e+00	2.2778e-03
CDRT15L2	1.1740e+00	1.4840e-02	6.9170e-04
CDRT1	6.1800e-01	3.9092e+00	2.1092e-03
CDRT4	1.2870e+00	9.4352e-01	4.3676e-01
CDS1	9.6500e-01	5.0743e-01	8.0115e-03
CDS2	9.4400e-01	3.0627e+00	3.7802e-07
CDSN	7.7000e-01	9.2465e-01	8.3225e-02
CDT1	1.7370e+00	-2.6749e+00	1.2251e-28
CDV3	1.9600e+00	-2.0040e+00	9.8205e-05
CDX1	1.6250e+00	-2.3646e+00	6.5203e-04
CDX2	6.0900e-01	-1.4577e-02	7.8773e-01
CDYL2	7.1300e-01	-2.0930e-01	2.2035e-03
CDYL	2.9300e-01	3.5819e+00	1.0000e+00
CEACAM16	1.1390e+00	6.0416e-01	2.2949e-09
CEACAM18	1.2630e+00	3.3165e-01	2.5976e-11
CEACAM1	8.2600e-01	1.4314e+00	1.4567e-06
CEACAM19	1.4950e+00	3.8032e-01	5.9739e-13
CEACAM20	1.0540e+00	9.9070e-01	1.9690e-14
CEACAM21	1.4290e+00	-1.1829e-01	1.6293e-14
CEACAM3	1.3590e+00	6.5998e-01	3.7636e-10
CEACAM4	1.4520e+00	-4.8534e-01	2.7525e-10
CEACAM5	1.0070e+00	1.3382e+00	2.2405e-14
CEACAM6	9.0800e-01	8.6304e-01	9.3879e-05
CEACAM7	1.3730e+00	2.6438e-01	2.2205e-08
CEACAM8	1.2190e+00	1.0096e+00	1.2913e-09
CEBPA	1.3720e+00	-1.2385e+00	2.6038e-01
CEBPB	1.6770e+00	-2.9753e+00	1.5438e-01
CEBPD	9.9000e-01	-2.6296e+00	5.9354e-01
CEBPE	8.4800e-01	3.2337e-02	4.7268e-02
CEBPG	1.0720e+00	8.7529e-01	3.7724e-02
CEBPZ	9.2300e-01	-1.6320e+00	3.6364e-14
CEBPZOS	NA	NA	NA
CECR2	2.5900e-01	1.1141e+00	1.0000e+00
CEL	9.7200e-01	1.4207e+00	3.4493e-10
CELA1	1.2670e+00	6.4278e-01	3.0634e-09
CELA2A	1.1610e+00	6.1720e-01	7.8034e-11
CELA2B	9.8700e-01	4.5277e-01	5.5868e-07
CELA3A	1.2090e+00	6.6399e-02	3.1208e-11
CELA3B	1.2800e+00	1.8510e-01	8.3933e-12
CELF1	2.4700e-01	3.8793e+00	1.0000e+00
CELF2	2.9400e-01	4.1462e+00	1.0000e+00
CELF3	6.6200e-01	3.1569e+00	4.4937e-03
CELF4	5.4600e-01	2.8751e+00	8.3578e-01
CELF5	2.4800e-01	3.5482e+00	1.0000e+00
CELF6	1.0820e+00	2.3008e-01	3.1521e-09
CELSR1	5.6400e-01	6.3145e-01	3.7951e-10
CELSR2	3.9600e-01	3.9105e+00	1.0000e+00
CELSR3	3.4400e-01	5.1027e+00	1.0000e+00
CEMIP2	5.8800e-01	1.4422e+00	1.0274e-06
CEMIP	7.6400e-01	3.3221e+00	2.7548e-21
CEMP1	NA	-1.1051e+00	NA
CENATAC	1.2270e+00	-8.4860e-01	2.1520e-17
CEND1	1.1870e+00	-9.7428e-01	4.8349e-01
CENPA	7.6900e-01	7.7049e-01	3.1797e-01
CENPB	8.2800e-01	1.4553e+00	7.4539e-04
CENPBD1	NA	-1.0695e+00	NA
CENPC	8.8600e-01	4.8879e-01	2.5822e-05
CENPE	4.5100e-01	1.8159e+00	9.9958e-01
CENPF	7.3400e-01	1.3914e+00	1.0803e-39
CENPH	1.9440e+00	-1.5539e+00	7.4030e-03
CENPJ	9.4200e-01	1.2328e+00	7.4549e-29
CENPK	1.6430e+00	-7.7043e-02	1.4314e-03
CENPL	7.3900e-01	1.0738e+00	9.2320e-02
CENPM	1.0380e+00	6.5566e-02	6.0493e-04
CENPN	1.2570e+00	-1.5245e-01	3.9779e-07
CENPO	1.1380e+00	3.9085e-01	4.3470e-08
CENPP	1.2720e+00	-1.9192e-01	1.6313e-04
CENPQ	1.0400e+00	4.1098e-01	2.5402e-02
CENPS	1.4780e+00	-2.6152e-02	3.4647e-06
CENPS-CORT	1.5360e+00	-2.6152e-02	9.6200e-07
CENPT	9.1700e-01	1.0060e-01	1.4423e-10
CENPU	1.2070e+00	-9.4086e-02	1.4839e-06
CENPV	9.5300e-01	-6.8541e-01	1.6013e-02
CENPW	5.5000e-01	1.0407e-02	8.7795e-01
CENPX	1.6630e+00	-1.5576e+00	1.5677e-05
CEP104	8.5100e-01	1.5089e+00	2.4722e-17
CEP112	9.1000e-01	8.3530e-01	1.1527e-13
CEP120	9.3000e-01	-4.4298e-01	1.9566e-18
CEP126	7.3200e-01	1.0020e+00	1.6124e-07
CEP128	9.5700e-01	5.7206e-01	3.7996e-18
CEP131	1.0310e+00	-8.8157e-01	1.6277e-28
CEP135	9.8900e-01	-1.4089e-02	4.5509e-24
CEP152	7.8400e-01	1.2282e+00	2.2782e-26
CEP162	1.1010e+00	-4.0864e-01	6.0129e-18
CEP164	1.0090e+00	1.0225e+00	3.2099e-45
CEP170	2.6100e-01	5.9408e+00	1.0000e+00
CEP170B	6.8200e-01	-1.3990e+00	1.8563e-08
CEP19	1.2080e+00	2.2283e-01	1.2527e-04
CEP192	6.1000e-01	1.6220e+00	3.2978e-11
CEP20	1.5790e+00	-1.8552e-01	1.7546e-06
CEP250	8.6000e-01	2.7810e+00	2.8204e-60
CEP290	1.0940e+00	1.7962e-01	1.2493e-48
CEP295	7.3500e-01	1.1234e+00	1.9115e-29
CEP295NL	1.7110e+00	8.0682e-01	6.0918e-03
CEP350	4.0200e-01	1.1473e+00	1.0000e+00
CEP41	1.0660e+00	7.9493e-01	2.3358e-04
CEP43	1.1630e+00	-6.9879e-01	7.5233e-04
CEP44	1.3400e+00	3.9006e-01	6.1026e-09
CEP55	1.1380e+00	1.2481e+00	7.3852e-16
CEP57	7.4000e-01	5.0453e-02	6.8356e-06
CEP57L1	9.4900e-01	1.4830e+00	2.8336e-04
CEP63	1.1270e+00	-1.5809e-01	2.2922e-17
CEP68	6.2700e-01	4.5771e-01	4.7782e-02
CEP70	1.0770e+00	2.6829e-01	2.2767e-07
CEP72	1.4090e+00	-6.7618e-01	2.7735e-28
CEP76	7.1600e-01	1.6558e+00	3.8446e-04
CEP78	1.5310e+00	-1.0296e+00	7.6315e-18
CEP83	8.0700e-01	1.0200e+00	1.2207e-05
CEP85	7.8400e-01	9.5178e-01	3.5918e-10
CEP85L	6.9600e-01	4.8639e-02	1.0923e-04
CEP89	1.1730e+00	8.6542e-01	1.0671e-17
CEP95	1.0610e+00	-3.5046e-01	3.4710e-19
CEP97	8.4700e-01	1.3970e+00	1.4351e-07
CEPT1	3.5900e-01	3.3681e+00	9.9988e-01
CER1	1.4510e+00	-1.7394e+00	5.1972e-05
CERCAM	1.1590e+00	-3.5236e-01	3.2039e-19
CERK	8.2900e-01	2.7625e-01	2.2397e-06
CERKL	1.4300e+00	-1.4752e-01	2.2725e-17
CERS1	6.8500e-01	-5.1218e-01	1.6869e-01
CERS2	5.0100e-01	2.3616e+00	9.7588e-01
CERS3	1.1400e+00	2.4839e-02	8.6441e-08
CERS4	1.4720e+00	-9.1299e-01	8.0623e-23
CERS5	9.8100e-01	1.4045e+00	3.3056e-07
CERS6	5.9300e-01	1.1612e+00	4.2627e-01
CERT1	6.5600e-01	2.6715e+00	1.0300e-01
CES1	1.2720e+00	-6.8229e-01	1.3333e-17
CES2	1.0020e+00	1.2727e+00	1.0979e-11
CES3	9.8700e-01	1.7624e+00	8.6017e-14
CES4A	9.5300e-01	6.0516e-01	5.2588e-13
CES5A	1.2600e+00	-1.9997e-01	2.5536e-19
CETN1	1.5680e+00	5.0617e-01	1.9319e-03
CETN3	1.7500e+00	6.6696e-01	9.0072e-04
CETP	1.0130e+00	4.3530e-01	1.2053e-15
CFAP100	1.0410e+00	-3.2642e-01	3.8672e-19
CFAP126	1.5910e+00	1.2502e+00	1.6414e-08
CFAP157	9.9800e-01	6.8226e-01	3.2270e-12
CFAP161	1.0290e+00	2.1932e-01	3.4972e-04
CFAP206	9.9200e-01	1.4648e+00	7.6357e-10
CFAP20	7.8300e-01	1.7791e+00	6.9187e-02
CFAP20DC	8.9400e-01	3.6661e-01	1.5343e-11
CFAP221	1.1020e+00	3.1570e-01	3.1725e-24
CFAP251	8.2900e-01	1.6369e+00	5.7652e-19
CFAP298	1.2670e+00	3.1379e-01	5.4028e-11
CFAP298-TCP10L	NA	3.9800e-01	NA
CFAP299	1.3580e+00	1.9862e-01	9.7519e-04
CFAP300	1.3860e+00	-3.7899e-01	2.4243e-07
CFAP36	8.6700e-01	-5.0419e-01	1.4125e-02
CFAP410	1.4530e+00	-1.8237e+00	1.7639e-06
CFAP418	1.6420e+00	1.3822e-01	1.7648e-05
CFAP43	7.8000e-01	1.8962e+00	2.0347e-26
CFAP44	6.9700e-01	1.8195e+00	1.5316e-20
CFAP45	7.1300e-01	6.5888e-01	1.0658e-06
CFAP46	8.8800e-01	1.0462e+00	3.2940e-63
CFAP52	1.0220e+00	6.2936e-01	3.4277e-15
CFAP53	1.2820e+00	-4.8666e-02	7.1897e-19
CFAP54	9.2800e-01	1.1509e+00	1.5910e-46
CFAP57	9.2000e-01	1.8406e+00	2.6832e-29
CFAP58	9.0100e-01	7.8661e-01	1.7853e-20
CFAP61	8.9200e-01	9.7607e-01	3.8847e-22
CFAP65	8.5000e-01	1.5422e+00	1.7660e-38
CFAP69	1.0000e+00	7.3999e-02	1.4515e-14
CFAP70	7.5800e-01	2.7037e+00	3.6450e-12
CFAP73	1.3540e+00	-6.5102e-01	5.4198e-12
CFAP74	7.9900e-01	-6.0956e-02	6.9399e-26
CFAP77	1.0920e+00	2.1054e-01	1.4488e-06
CFAP91	1.1290e+00	1.2954e-01	9.8021e-20
CFAP92	9.5900e-01	1.0139e+00	1.7883e-22
CFAP97	1.0950e+00	-2.3582e-01	6.9349e-11
CFAP97D1	9.9200e-01	1.0928e+00	2.0117e-02
CFAP99	1.2030e+00	-2.1132e+00	2.6798e-24
CFB	7.1900e-01	2.7519e+00	1.4693e-10
CFC1	5.8600e-01	1.7480e+00	8.5842e-01
CFD	1.9480e+00	-4.9554e+00	2.4289e-12
CFDP1	1.1000e+00	-1.3646e+00	3.9002e-08
CFH	4.3000e-01	1.4706e+00	9.9998e-01
CFHR1	1.2080e+00	1.8632e+00	6.9235e-07
CFHR2	1.4980e+00	-2.8177e-03	1.5167e-08
CFHR3	1.3020e+00	1.5020e+00	5.4275e-07
CFHR4	1.2040e+00	5.8343e-01	1.3755e-19
CFHR5	1.4660e+00	-6.9479e-01	6.6119e-22
CFI	1.0760e+00	2.8073e-01	4.9115e-15
CFL1	4.0800e-01	3.3773e+00	9.8965e-01
CFL2	9.1000e-01	1.3419e+00	1.0827e-01
CFLAR	3.9700e-01	2.8938e+00	9.9930e-01
CFTR	1.1520e+00	-1.0736e+00	2.3757e-39
CGA	7.9600e-01	1.1230e+00	6.7948e-01
CGAS	1.5290e+00	6.0031e-01	2.8036e-10
CGB1	1.5320e+00	6.9144e-01	1.0728e-01
CGB2	1.7300e+00	1.1757e+00	3.0292e-02
CGB3	1.9050e+00	1.6113e+00	3.0047e-02
CGB5	9.8400e-01	3.0210e+00	4.9193e-01
CGB7	1.8380e+00	1.2361e+00	3.3812e-03
CGB8	1.1990e+00	2.5788e+00	3.4221e-01
CGGBP1	7.6700e-01	1.9320e+00	5.8077e-01
CGN	8.8000e-01	1.1618e+00	3.2167e-29
CGNL1	1.0860e+00	-1.7122e+00	1.3682e-36
CGREF1	1.3640e+00	1.5234e+00	7.8975e-06
CGRRF1	1.0970e+00	1.4562e-01	2.1796e-05
CH25H	1.0290e+00	6.3862e-01	4.3948e-03
CHAC1	1.4250e+00	3.9758e-01	3.0471e-08
CHAC2	1.6730e+00	-8.6938e-01	1.4288e-07
CHAD	1.0530e+00	8.1447e-01	3.7029e-05
CHADL	1.4150e+00	-8.0665e-01	1.8992e-18
CHAF1A	1.0900e-01	1.7507e+00	1.0000e+00
CHAF1B	2.7000e-01	2.1559e+00	1.0000e+00
CHAMP1	1.6000e-01	3.1653e-01	1.0000e+00
CHAT	9.7300e-01	6.7235e-01	9.9145e-17
CHCHD10	1.5430e+00	-1.0154e+00	4.0056e-04
CHCHD1	1.6280e+00	5.5110e-01	1.1307e-04
CHCHD2	1.5860e+00	5.6000e-01	6.7914e-07
CHCHD3	8.6900e-01	4.8765e-01	4.8750e-03
CHCHD4	1.2250e+00	9.2472e-01	3.3929e-02
CHCHD5	1.0150e+00	-1.2554e-01	4.9786e-03
CHCHD6	1.2110e+00	-3.3095e-01	1.3394e-05
CHCHD7	1.8430e+00	1.7929e-01	3.2831e-03
CHD1	2.0700e-01	3.2892e+00	1.0000e+00
CHD1L	1.1520e+00	-7.5107e-01	1.4939e-28
CHD2	1.7400e-01	6.0349e+00	1.0000e+00
CHD3	2.5700e-01	8.4269e+00	1.0000e+00
CHD4	1.9200e-01	8.6275e+00	1.0000e+00
CHD5	3.8300e-01	5.7006e+00	1.0000e+00
CHD6	2.2100e-01	5.5396e+00	1.0000e+00
CHD7	1.0900e-01	3.9606e+00	1.0000e+00
CHD8	1.5400e-01	7.0384e+00	1.0000e+00
CHD9	3.0900e-01	4.2631e+00	1.0000e+00
CHDH	1.0920e+00	-4.5895e-01	4.2832e-12
CHEK1	8.3100e-01	2.0784e+00	5.1418e-05
CHEK2	1.3990e+00	-1.6674e-02	2.8470e-14
CHERP	1.5200e-01	3.0318e+00	1.0000e+00
CHFR	9.2900e-01	4.2774e-01	2.8089e-11
CHGA	1.0490e+00	-1.8944e-01	6.1157e-12
CHGB	7.5400e-01	5.8554e-01	5.9032e-07
CHI3L1	1.0000e+00	2.2530e-01	3.2199e-08
CHI3L2	1.2500e+00	-1.1929e-01	5.5748e-13
CHIA	1.0630e+00	-4.5018e-01	6.1394e-14
CHIC2	7.6600e-01	1.4127e+00	1.7965e-01
CHID1	1.0170e+00	4.8593e-01	1.4312e-11
CHIT1	1.1470e+00	5.9405e-01	5.5414e-15
CHKA	9.2600e-01	-6.4702e-01	3.9274e-04
CHKB	1.0150e+00	-1.4666e-01	5.1371e-13
CHKB-CPT1B	NA	6.8449e-02	NA
CHL1	6.7800e-01	-2.6290e+00	6.5575e-07
CHML	8.5400e-01	1.7982e-01	3.3089e-06
CHMP1A	1.0450e+00	-2.6423e-01	7.9416e-05
CHMP1B	8.6900e-01	6.1166e-01	3.0375e-01
CHMP2A	5.0800e-01	1.5314e-01	9.7268e-01
CHMP2B	1.5030e+00	-3.9500e-02	4.8165e-04
CHMP3	5.4300e-01	1.4152e+00	9.4017e-01
CHMP4A	1.3430e+00	7.7869e-01	4.6720e-10
CHMP4B	2.0800e-01	2.8951e+00	9.9992e-01
CHMP4C	1.3930e+00	-6.4782e-02	2.2881e-07
CHMP5	1.4410e+00	4.6082e-01	1.5286e-02
CHMP6	5.9900e-01	-5.1574e-01	7.6147e-01
CHMP7	4.9600e-01	2.3492e-01	9.8433e-01
CHN1	7.9000e-01	1.5173e+00	6.8059e-03
CHN2	8.8500e-01	1.4685e+00	2.6640e-06
CHODL	1.3010e+00	1.0821e-01	4.9861e-08
CHORDC1	8.8200e-01	8.5959e-01	1.1738e-02
CHP1	6.9100e-01	1.8604e+00	4.7853e-01
CHP2	1.6530e+00	-1.0966e+00	5.1415e-13
CHPF2	1.1360e+00	6.5435e-02	1.6625e-18
CHPF	9.5400e-01	7.2931e-01	7.2108e-09
CHPT1	1.3930e+00	-1.0626e+00	3.2674e-05
CHRAC1	1.6520e+00	-1.3908e+00	3.8316e-02
CHRD	7.7200e-01	7.1121e-01	3.9835e-14
CHRDL2	9.9400e-01	7.5831e-01	1.9434e-10
CHRFAM7A	6.9700e-01	3.3033e+00	7.6046e-01
CHRM1	3.2500e-01	4.2948e+00	9.9991e-01
CHRM2	5.5500e-01	2.3314e+00	9.2288e-01
CHRM3	4.2000e-01	2.6775e+00	9.9943e-01
CHRM4	3.9800e-01	3.7955e+00	9.9826e-01
CHRM5	6.4900e-01	2.4000e+00	9.4895e-02
CHRNA10	1.3090e+00	-7.0448e-01	1.4396e-10
CHRNA1	9.4300e-01	1.6855e+00	5.0496e-09
CHRNA2	1.1950e+00	8.9981e-01	1.7932e-12
CHRNA3	1.0650e+00	1.6569e+00	2.7242e-10
CHRNA4	8.3400e-01	1.8604e-01	5.6303e-06
CHRNA5	1.6590e+00	1.1160e+00	8.0300e-02
CHRNA6	1.0530e+00	1.0166e+00	1.7047e-07
CHRNA7	1.0640e+00	2.6720e+00	1.7143e-03
CHRNA9	8.8200e-01	2.8523e-01	8.5890e-05
CHRNB1	1.0470e+00	1.2258e+00	1.0067e-13
CHRNB2	1.1160e+00	1.0117e+00	1.6832e-09
CHRNB3	1.0660e+00	1.2257e+00	6.9200e-08
CHRNB4	7.7200e-01	1.7163e+00	2.4084e-04
CHRND	8.4800e-01	1.0189e+00	4.9651e-09
CHRNE	1.2980e+00	-1.4499e+00	8.8183e-22
CHRNG	1.2860e+00	9.9050e-01	4.4206e-25
CHST10	9.3600e-01	1.2164e+00	5.1563e-06
CHST11	5.1100e-01	2.2076e+00	9.7380e-01
CHST12	1.1220e+00	-7.3822e-01	4.7445e-07
CHST13	1.0700e+00	-3.5405e+00	5.4582e-01
CHST14	9.1700e-01	4.1448e-01	4.4188e-03
CHST15	7.4300e-01	1.8604e+00	3.8108e-05
CHST1	6.9600e-01	1.9737e+00	1.3985e-01
CHST2	1.1500e+00	-5.3103e-01	3.2192e-07
CHST3	1.1190e+00	-9.8194e-01	4.1464e-06
CHST4	1.8360e+00	8.4843e-01	3.4280e-01
CHST5	1.5490e+00	-3.4461e-01	3.2987e-01
CHST6	1.7100e+00	-1.6367e+00	2.6408e-01
CHST8	1.0010e+00	-3.2668e-01	1.6809e-03
CHST9	1.4220e+00	2.7971e-01	2.7151e-11
CHSY1	3.5700e-01	8.7685e-01	1.0000e+00
CHSY3	8.9200e-01	8.7351e-02	2.2522e-06
CHTF18	1.7120e+00	-7.3404e+00	5.6719e-69
CHTF8	1.0460e+00	6.1329e-01	7.7490e-02
CHTOP	7.6800e-01	1.7100e+00	4.3070e-03
CHUK	6.1000e-01	2.0823e+00	3.9130e-01
CHURC1	1.4550e+00	1.6960e-02	6.0112e-04
CHURC1-FNTB	1.3590e+00	1.7567e-01	2.1029e-03
CIAO1	1.0600e+00	3.5264e-01	2.4213e-09
CIAO2A	1.0540e+00	1.2674e-01	2.3166e-02
CIAO2B	1.6810e+00	5.5660e-02	1.9887e-08
CIAO3	1.1400e+00	-7.1506e-01	3.0849e-14
CIAPIN1	6.8700e-01	1.3147e+00	2.1437e-01
CIART	6.0600e-01	8.5742e-01	8.2384e-01
CIB1	1.2330e+00	7.8080e-02	2.3786e-06
CIB2	1.2740e+00	6.4344e-01	1.5892e-06
CIB3	1.2770e+00	7.9354e-03	1.4440e-07
CIB4	1.4560e+00	-1.7873e-01	7.2859e-07
CIBAR1	1.0590e+00	7.2079e-01	2.5203e-04
CIBAR2	1.3900e+00	-1.4226e+00	4.3312e-11
CIC	2.4900e-01	1.6344e+00	1.0000e+00
CIDEA	1.0270e+00	-1.2137e-01	8.2921e-03
CIDEB	1.5420e+00	-2.0732e-01	2.0932e-12
CIDEC	9.2700e-01	-6.4995e-02	3.8824e-03
CIITA	7.2900e-01	-8.6816e-01	2.4166e-13
CILK1	7.7400e-01	1.8417e+00	1.5236e-07
CILP	1.0770e+00	1.0646e+00	2.3702e-22
CILP2	1.3290e+00	-1.6410e+00	6.2334e-13
CINP	7.7700e-01	1.0559e+00	1.1124e-01
CIP2A	1.0570e+00	-6.1038e-01	4.0604e-08
CIPC	6.4000e-01	1.5409e+00	4.3779e-01
CIR1	9.7100e-01	1.2537e+00	4.1961e-03
CIRBP	7.1700e-01	-7.4520e-01	3.0679e-01
CISD1	1.3440e+00	7.5331e-01	8.5919e-02
CISD2	4.3700e-01	1.3254e+00	9.7014e-01
CISD3	1.1320e+00	6.6399e-01	7.3507e-03
CISH	9.5600e-01	1.5387e+00	8.7680e-03
CIT	3.5300e-01	5.1795e+00	1.0000e+00
CITED2	5.8800e-01	-1.0202e+00	8.9808e-01
CITED4	1.9580e+00	-4.5213e+00	1.3772e-02
CIZ1	6.9000e-01	1.8709e+00	2.9115e-09
CKAP2	9.8300e-01	4.5638e-01	7.0301e-11
CKAP2L	7.2000e-01	-1.8164e-02	1.3949e-04
CKAP4	1.3770e+00	-9.3835e-02	1.1454e-07
CKAP5	1.4300e-01	4.8899e+00	1.0000e+00
CKB	7.2400e-01	9.2483e-01	1.1656e-01
CKLF	1.7160e+00	7.4167e-01	6.9741e-07
CKLF-CMTM1	1.8470e+00	9.3689e-01	1.6945e-06
CKM	1.0880e+00	6.0934e-01	2.3304e-08
CKMT1A	1.5230e+00	1.6221e+00	4.3811e-07
CKMT1B	8.0000e-01	1.4415e+00	2.5046e-01
CKMT2	1.0670e+00	1.5462e+00	2.1149e-09
CKS1B	9.9100e-01	1.6699e+00	1.6862e-01
CKS2	7.8300e-01	7.5212e-01	5.5149e-01
CLASP1	2.1000e-01	3.4653e+00	1.0000e+00
CLASP2	3.6500e-01	2.5406e+00	1.0000e+00
CLASRP	6.9900e-01	1.2490e+00	6.4107e-07
CLBA1	1.3330e+00	-3.5028e-01	9.9221e-11
CLC	1.6750e+00	4.3754e-01	2.3459e-06
CLCA1	8.9300e-01	1.2952e+00	4.8313e-12
CLCA2	1.1440e+00	9.3036e-01	1.0624e-21
CLCA4	1.0780e+00	5.6771e-01	4.5683e-15
CLCC1	7.7800e-01	2.0354e+00	3.0014e-05
CLCF1	7.3400e-01	1.4258e+00	3.3153e-01
CLCN1	1.0260e+00	9.6457e-01	9.6830e-28
CLCN2	7.8600e-01	2.1216e+00	3.1071e-15
CLCN3	3.4100e-01	5.2049e+00	1.0000e+00
CLCN6	7.8700e-01	2.0157e+00	7.0013e-14
CLCN7	8.2100e-01	8.9844e-01	1.2342e-12
CLCNKA	9.5900e-01	1.0649e+00	1.2579e-17
CLCNKB	1.0720e+00	1.2899e+00	1.4731e-22
CLDN10	1.2080e+00	1.1408e+00	5.3866e-04
CLDN11	3.4800e-01	1.8943e+00	9.9251e-01
CLDN12	9.6100e-01	1.6839e+00	2.5947e-02
CLDN14	1.7450e+00	8.0695e-01	2.8763e-02
CLDN15	7.1800e-01	9.8687e-01	3.0501e-01
CLDN16	8.3700e-01	2.8667e-01	7.8488e-03
CLDN17	1.9480e+00	-5.4444e-02	1.7397e-02
CLDN18	1.1790e+00	1.1136e+00	1.6011e-04
CLDN1	8.3700e-01	7.8688e-01	2.1176e-02
CLDN19	1.2540e+00	6.2566e-01	4.1664e-06
CLDN20	1.6950e+00	4.4740e-01	4.2102e-01
CLDN22	1.8380e+00	6.2995e-01	3.4131e-01
CLDN23	1.9610e+00	-4.4140e+00	2.6080e-04
CLDN24	1.9000e+00	7.3382e-01	1.5267e-01
CLDN25	1.8920e+00	1.8474e-01	2.9296e-01
CLDN3	7.4900e-01	1.4131e+00	4.5418e-01
CLDN4	1.4380e+00	1.1371e+00	1.2783e-04
CLDN5	1.9720e+00	1.2792e+00	4.0517e-04
CLDN6	1.7650e+00	8.5946e-02	2.3852e-01
CLDN7	1.1980e+00	5.8020e-01	6.5827e-05
CLDN8	1.8650e+00	-4.3356e-01	3.9563e-02
CLDN9	1.7110e+00	-5.6273e-01	7.1804e-07
CLDND1	8.0800e-01	7.6857e-01	3.1638e-02
CLDND2	1.5800e+00	-2.2622e-01	2.8502e-07
CLEC10A	1.2220e+00	9.8090e-01	2.2172e-12
CLEC11A	1.5760e+00	-2.1442e+00	2.6667e-14
CLEC12A	1.3660e+00	-2.8872e-01	3.4626e-06
CLEC12B	8.9400e-01	4.0391e-01	6.4853e-04
CLEC14A	1.8830e+00	-5.8302e-01	3.0218e-01
CLEC16A	6.3900e-01	7.1805e-01	2.0043e-05
CLEC17A	7.7600e-01	1.0713e+00	2.7574e-06
CLEC18A	6.3000e-01	2.2204e+00	8.1587e-01
CLEC18B	3.4000e-01	5.5945e+00	9.9981e-01
CLEC18C	5.2900e-01	3.2661e+00	9.4184e-01
CLEC19A	1.1550e+00	1.5459e-01	6.2390e-07
CLEC1A	1.5290e+00	-7.4159e-01	4.2878e-11
CLEC1B	1.4840e+00	-1.3215e-01	1.8721e-10
CLEC2A	1.0410e+00	6.3822e-01	1.3465e-01
CLEC2B	1.4040e+00	6.4148e-01	5.2493e-01
CLEC2D	1.5020e+00	7.7627e-01	5.6291e-03
CLEC2L	1.1340e+00	1.5286e-01	2.3791e-04
CLEC3A	1.7280e+00	-2.4086e+00	4.3790e-12
CLEC3B	1.3720e+00	6.3049e-01	1.6771e-05
CLEC4A	1.0860e+00	3.4230e-01	1.4115e-03
CLEC4C	8.4200e-01	4.6819e-01	1.2209e-01
CLEC4D	1.6130e+00	6.5496e-02	5.0382e-05
CLEC4E	1.5060e+00	5.9648e-01	2.0573e-04
CLEC4F	1.0360e+00	-4.0087e-01	4.3291e-12
CLEC4G	1.4400e+00	-7.9929e-01	5.2911e-11
CLEC4M	8.6900e-01	1.2191e+00	3.7033e-05
CLEC5A	1.6130e+00	2.7346e-01	6.8848e-04
CLEC6A	1.2670e+00	-1.5729e-01	3.3361e-03
CLEC7A	1.4530e+00	4.1672e-01	9.5954e-06
CLEC9A	1.0100e+00	8.8828e-01	1.7979e-05
CLECL1	1.3810e+00	4.8604e-01	1.9002e-03
CLGN	8.2700e-01	1.2254e+00	8.0963e-07
CLHC1	1.1860e+00	-7.2530e-01	4.8189e-11
CLIC1	8.8600e-01	1.4773e+00	1.2780e-03
CLIC3	1.9030e+00	-1.2628e+00	3.9724e-14
CLIC4	9.0100e-01	1.1794e+00	4.4323e-02
CLIC5	1.2330e+00	-3.3465e-01	5.1213e-06
CLIC6	1.4450e+00	-2.6278e+00	7.8457e-14
CLINT1	4.1900e-01	1.9476e+00	9.9966e-01
CLIP1	4.5500e-01	3.4614e+00	9.9939e-01
CLIP2	4.7600e-01	2.2578e+00	9.9290e-01
CLIP3	3.9700e-01	3.6648e+00	9.9993e-01
CLIP4	7.2000e-01	3.3423e-01	9.2460e-05
CLK1	7.7600e-01	8.5902e-01	1.2076e-05
CLK2	2.7300e-01	2.5519e+00	1.0000e+00
CLK3	5.0500e-01	2.4881e+00	9.6593e-01
CLK4	8.7000e-01	1.9482e+00	3.6112e-05
CLMN	7.5500e-01	1.3112e+00	2.3208e-10
CLMP	7.9200e-01	1.1001e+00	3.1884e-05
CLN3	1.0220e+00	9.7718e-01	5.3225e-14
CLN5	1.1970e+00	2.7528e-01	3.9441e-10
CLN6	1.0150e+00	5.5889e-01	8.7664e-06
CLN8	1.1830e+00	-5.9713e-01	1.9452e-06
CLNK	1.3080e+00	-4.2842e-02	1.1753e-11
CLNS1A	7.7600e-01	1.0552e+00	1.6099e-01
CLOCK	4.9600e-01	1.6513e+00	9.6830e-01
CLP1	8.5600e-01	3.2892e+00	7.2565e-04
CLPB	6.4300e-01	1.6433e+00	3.5321e-04
CLPP	9.3600e-01	1.2828e-01	6.1632e-03
CLPS	1.4230e+00	1.4973e-01	1.5599e-03
CLPSL1	1.8670e+00	-7.0148e-01	1.7326e-04
CLPSL2	1.3560e+00	-5.8415e-01	8.3149e-02
CLPTM1	4.0200e-01	3.5353e+00	9.9998e-01
CLPTM1L	7.3700e-01	7.3808e-01	7.9443e-07
CLPX	5.8600e-01	1.7617e+00	4.8836e-01
CLRN1	1.1680e+00	-3.6895e-01	8.5957e-05
CLRN2	1.1900e+00	5.1185e-01	1.6429e-05
CLRN3	1.1660e+00	-5.7882e-02	5.9258e-03
CLSPN	5.1100e-01	2.0988e+00	3.7539e-01
CLSTN1	3.4100e-01	1.7981e+00	1.0000e+00
CLSTN2	5.7800e-01	1.3097e+00	1.7686e-03
CLSTN3	5.0800e-01	2.1241e+00	8.6415e-01
CLTA	5.4600e-01	-1.3012e-01	9.4180e-01
CLTB	5.6700e-01	9.7540e-01	8.7767e-01
CLTC	1.0400e-01	1.0229e+01	1.0000e+00
CLTCL1	9.9300e-01	1.4622e+00	1.2928e-45
CLU	7.1600e-01	1.7407e+00	5.7997e-04
CLUAP1	1.2300e+00	-1.9851e-01	4.2174e-12
CLUH	7.9900e-01	-9.4971e-01	2.3969e-16
CLUL1	1.0650e+00	1.2721e+00	1.6743e-11
CLVS1	4.7300e-01	1.9510e+00	9.9116e-01
CLVS2	9.6800e-01	2.2517e+00	2.3910e-03
CLYBL	1.1860e+00	-3.3093e-01	2.1159e-08
CMA1	1.5780e+00	-2.0511e+00	6.3757e-11
CMAS	5.6600e-01	1.8907e+00	8.3000e-01
CMBL	7.8100e-01	1.1848e-01	1.0541e-01
CMC1	1.9060e+00	1.7185e-01	6.8977e-02
CMC2	NA	NA	NA
CMIP	1.8900e-01	1.5063e+00	1.0000e+00
CMKLR1	1.3640e+00	1.2275e+00	1.9956e-02
CMKLR2	1.0570e+00	6.2029e-01	6.8989e-05
CMPK1	9.0200e-01	9.2578e-01	1.7633e-01
CMPK2	1.7080e+00	-2.6199e+00	7.1598e-13
CMSS1	1.0210e+00	4.2162e-01	7.2424e-04
CMTM1	1.0380e+00	7.5537e-01	1.4100e-02
CMTM2	1.3100e+00	1.1316e+00	5.7909e-05
CMTM3	8.0100e-01	-1.0041e-01	2.4712e-01
CMTM4	1.1360e+00	2.3718e-01	1.3920e-02
CMTM5	1.2450e+00	2.4613e-01	2.0127e-08
CMTM6	1.3210e+00	-1.7921e-01	2.3327e-02
CMTM7	7.5900e-01	5.0115e-01	3.4323e-01
CMTM8	1.1370e+00	2.8919e-01	2.6519e-02
CMTR1	4.3700e-01	4.6842e+00	9.9988e-01
CMTR2	1.0090e+00	4.5164e-01	9.0545e-12
CMYA5	8.0700e-01	1.7302e+00	1.9329e-53
CNBD1	1.7800e+00	-1.3600e+00	7.6046e-06
CNBD2	1.1730e+00	7.5914e-01	1.0435e-17
CNBP	5.4100e-01	3.1262e+00	9.4605e-01
CNDP1	9.4400e-01	9.6600e-01	7.5406e-10
CNDP2	9.1600e-01	6.7176e-01	9.1483e-10
CNEP1R1	1.9360e+00	-6.0027e-01	1.1420e-01
CNFN	1.4570e+00	-5.7428e-01	5.9679e-04
CNGA1	7.7900e-01	1.0037e+00	4.6542e-05
CNGA3	1.1260e+00	5.0859e-01	9.6893e-14
CNGA4	9.2400e-01	8.5851e-01	8.3788e-09
CNGB1	9.4000e-01	-2.6888e-01	1.6912e-34
CNGB3	1.0440e+00	-1.5051e-01	8.5316e-20
CNIH1	1.1270e+00	2.3879e-01	9.4148e-02
CNIH2	6.5000e-01	2.3708e+00	6.9105e-01
CNIH3	9.8400e-01	7.9246e-01	6.6523e-03
CNIH4	8.1700e-01	2.2289e-01	5.7927e-01
CNKSR1	1.0740e+00	1.2363e+00	7.7922e-26
CNKSR3	6.7100e-01	8.0061e-01	4.5728e-03
CNMD	1.2250e+00	3.7393e-01	2.6503e-08
CNN1	8.1100e-01	1.7548e+00	3.8762e-04
CNN2	1.0060e+00	2.2808e-01	1.0093e-05
CNN3	4.3000e-01	2.7732e+00	9.9878e-01
CNNM1	6.1700e-01	2.4191e+00	4.1286e-02
CNNM2	3.1200e-01	5.0163e+00	1.0000e+00
CNNM3	1.2300e+00	-1.7171e+00	2.3489e-16
CNNM4	7.9400e-01	2.9619e+00	2.4379e-06
CNOT10	4.0500e-01	1.2342e+00	9.9986e-01
CNOT11	5.8300e-01	1.6499e+00	7.7426e-01
CNOT1	6.4000e-02	9.1629e+00	1.0000e+00
CNOT2	2.1100e-01	3.2082e+00	9.9999e-01
CNOT3	5.7000e-02	3.7821e+00	1.0000e+00
CNOT4	2.3600e-01	3.1462e+00	1.0000e+00
CNOT6	3.2000e-01	3.8822e+00	1.0000e+00
CNOT6L	1.6900e-01	5.6851e+00	1.0000e+00
CNOT7	2.5500e-01	3.1484e+00	9.9998e-01
CNOT8	7.7600e-01	3.1388e+00	5.1084e-02
CNOT9	5.2300e-01	3.6872e+00	9.6282e-01
CNP	3.7900e-01	1.7355e+00	9.9980e-01
CNPPD1	1.0390e+00	2.6590e-01	1.2513e-10
CNPY1	1.8590e+00	2.0323e-01	4.7067e-04
CNPY2	1.0390e+00	7.5635e-01	2.3090e-05
CNPY3	8.8200e-01	7.7674e-01	2.6212e-04
CNPY3-GNMT	1.2090e+00	9.7055e-02	1.3568e-05
CNPY4	1.3300e+00	-5.9151e-02	1.0436e-10
CNR1	6.9400e-01	3.2646e+00	3.1652e-01
CNR2	1.5310e+00	1.3785e+00	5.2898e-02
CNRIP1	1.1780e+00	-2.7913e-01	2.7585e-03
CNST	7.8600e-01	3.4069e-01	1.4328e-05
CNTD1	6.1700e-01	1.2045e+00	5.1954e-01
CNTF	1.5550e+00	-4.0280e-01	4.9724e-06
CNTFR	5.4700e-01	1.0229e+00	9.0978e-01
CNTLN	1.4310e+00	-3.7713e+00	2.4515e-52
CNTN1	4.3100e-01	2.7437e+00	9.9993e-01
CNTN2	5.4200e-01	3.3008e+00	1.9495e-02
CNTN3	6.6800e-01	1.6094e+00	2.7911e-06
CNTN4	7.2700e-01	6.4317e-01	4.8485e-12
CNTN5	7.3000e-01	-8.0510e-01	1.5804e-11
CNTN6	1.3160e+00	-3.4526e+00	5.7208e-42
CNTNAP1	5.7800e-01	3.8452e+00	1.5140e-07
CNTNAP2	7.2100e-01	2.6666e-01	1.9949e-18
CNTNAP3	7.3200e-01	2.2975e+00	1.4933e-05
CNTNAP3B	7.0000e-01	4.0894e+00	3.3268e-02
CNTNAP4	8.3100e-01	-2.6333e+00	8.7352e-17
CNTNAP5	6.3200e-01	4.5905e-01	2.8986e-08
CNTRL	8.3000e-01	1.7679e+00	2.6150e-45
CNTROB	8.7900e-01	1.7600e+00	2.4910e-18
COA1	1.8410e+00	-2.8571e-03	2.1336e-04
COA3	1.6930e+00	2.4209e-01	8.1218e-05
COA4	1.7400e+00	6.8605e-01	6.3102e-05
COA5	1.8520e+00	-3.3681e-01	3.1022e-03
COA6	1.0650e+00	-1.1036e+00	1.1550e-02
COA7	8.6700e-01	1.2262e+00	3.8416e-02
COA8	1.3050e+00	-1.0740e+00	1.1686e-06
COASY	7.9100e-01	2.7059e-01	2.6657e-06
COBL	6.3800e-01	3.3814e-01	1.0746e-05
COBLL1	6.6400e-01	3.3578e-01	3.2663e-04
COCH	8.9600e-01	1.3663e+00	5.7486e-09
COG1	7.1800e-01	1.1315e+00	6.1028e-11
COG2	7.2400e-01	1.0125e+00	2.2958e-06
COG3	3.1400e-01	1.8639e+00	1.0000e+00
COG4	8.0500e-01	-4.7756e-03	1.9463e-13
COG5	1.0260e+00	-5.3705e-01	4.6848e-17
COG6	1.0570e+00	2.0587e-01	1.6039e-07
COG7	6.5100e-01	1.3020e+00	2.5620e-05
COG8	1.2570e+00	6.6344e-01	1.4237e-15
COIL	7.5500e-01	4.7949e-01	1.0064e-04
COL10A1	8.5500e-01	1.5396e-02	1.6450e-02
COL11A1	3.4900e-01	1.0145e+00	1.0000e+00
COL11A2	5.0300e-01	3.4045e+00	2.2512e-04
COL12A1	3.7500e-01	3.5739e+00	1.0000e+00
COL13A1	8.8600e-01	-1.3261e-01	1.5227e-19
COL14A1	6.7300e-01	2.4195e+00	2.5194e-18
COL15A1	7.6300e-01	1.0432e+00	5.9832e-17
COL16A1	7.9400e-01	1.7469e+00	4.2720e-41
COL17A1	9.0900e-01	7.9988e-01	2.3058e-48
COL18A1	1.0010e+00	-2.8284e+00	8.5915e-33
COL19A1	8.7600e-01	6.0054e-01	1.3873e-24
COL1A1	1.5900e-01	5.7881e+00	1.0000e+00
COL1A2	3.3900e-01	3.5486e+00	1.0000e+00
COL20A1	1.4190e+00	-2.9109e+00	4.6567e-66
COL21A1	1.3390e+00	-3.9551e-01	1.3360e-31
COL22A1	1.0050e+00	-7.2286e-01	4.4429e-49
COL23A1	1.3240e+00	-1.4784e+00	4.0469e-34
COL24A1	9.5600e-01	4.6209e-01	1.3300e-40
COL25A1	1.0340e+00	9.6891e-01	5.7892e-16
COL26A1	1.1450e+00	-9.7166e-01	2.4184e-11
COL27A1	5.3900e-01	1.2258e+00	4.2046e-07
COL28A1	1.1240e+00	-7.1200e-01	5.3895e-22
COL2A1	1.8300e-01	5.3873e+00	1.0000e+00
COL3A1	2.9100e-01	4.6137e+00	1.0000e+00
COL4A1	2.3800e-01	4.9877e+00	1.0000e+00
COL4A2	6.1800e-01	2.4069e+00	3.9603e-12
COL4A3	7.0900e-01	2.4627e+00	2.7709e-21
COL4A4	6.0700e-01	2.2347e+00	3.9265e-10
COL5A1	8.9000e-02	4.1992e+00	1.0000e+00
COL5A2	1.0600e-01	3.3665e+00	1.0000e+00
COL5A3	8.1200e-01	-5.7062e-01	4.1070e-38
COL6A1	7.0600e-01	3.9780e-01	4.5705e-14
COL6A2	8.9500e-01	-9.1252e-01	5.0534e-23
COL6A3	5.6400e-01	2.1118e+00	2.2106e-13
COL6A5	9.1300e-01	6.6914e-01	1.8846e-09
COL6A6	1.0430e+00	5.5101e-01	2.1338e-43
COL7A1	6.9000e-01	4.0644e+00	1.4204e-56
COL8A1	6.8400e-01	2.3762e+00	1.2161e-02
COL8A2	1.1390e+00	2.9122e-01	5.5890e-05
COL9A1	8.8900e-01	1.2097e-01	6.4083e-24
COL9A2	8.1700e-01	1.5536e-01	3.1387e-14
COL9A3	1.0260e+00	-1.6352e+00	1.4149e-25
COLCA2	6.9900e-01	4.2318e-01	7.8862e-01
COLEC10	1.0820e+00	2.4254e-01	5.4092e-03
COLEC11	1.1680e+00	1.6017e+00	2.3153e-06
COLEC12	6.0000e-01	1.5744e+00	3.5766e-01
COLGALT1	1.0210e+00	2.0611e-01	1.6488e-12
COLGALT2	8.0000e-01	6.6462e-01	4.1951e-07
COLQ	9.0200e-01	-1.6893e-01	6.1710e-12
COMMD10	1.8100e+00	-2.1385e+00	3.9492e-03
COMMD1	1.1160e+00	-6.0025e-01	8.1378e-03
COMMD2	1.6110e+00	2.8776e-01	5.6900e-07
COMMD3	1.3270e+00	-8.4283e-01	4.6985e-11
COMMD3-BMI1	7.6600e-01	1.8395e+00	1.5266e-06
COMMD4	9.8200e-01	1.1956e-01	9.6051e-05
COMMD5	1.7520e+00	1.2521e+00	3.5907e-06
COMMD6	1.5380e+00	-1.4208e+00	1.0587e-01
COMMD7	1.1470e+00	5.8970e-01	8.6892e-09
COMMD8	1.3690e+00	-3.0695e-01	8.5649e-05
COMMD9	1.5130e+00	4.3118e-01	4.7171e-07
COMP	1.0730e+00	1.5119e+00	1.6355e-24
COMT	1.1280e+00	7.3971e-01	4.9821e-04
COMTD1	1.8690e+00	-1.9646e+00	3.6034e-16
COP1	5.5700e-01	-3.5153e-01	9.2458e-01
COPA	9.8000e-02	4.8017e+00	1.0000e+00
COPB1	2.6900e-01	2.5707e+00	1.0000e+00
COPB2	1.7700e-01	3.4692e+00	1.0000e+00
COPE	7.6400e-01	-1.7851e-01	1.9087e-03
COPG1	3.7600e-01	3.2467e+00	1.0000e+00
COPG2	1.1320e+00	1.0904e-01	1.4194e-02
COPRS	9.7400e-01	-2.0784e-01	4.0685e-02
COPS2	1.3800e-01	3.0755e+00	9.9996e-01
COPS3	3.4800e-01	2.9178e+00	9.9999e-01
COPS4	3.0400e-01	3.2445e+00	9.9997e-01
COPS5	2.1800e-01	3.9119e+00	9.9999e-01
COPS6	3.7300e-01	2.4927e+00	9.9991e-01
COPS7A	7.7900e-01	2.2809e+00	1.3456e-03
COPS7B	5.1700e-01	1.8052e+00	9.6849e-01
COPS8	7.6300e-01	6.7807e-01	4.1916e-01
COPS9	1.8470e+00	-3.6853e-02	5.1627e-04
COPZ1	4.4300e-01	1.0262e+00	9.9111e-01
COPZ2	1.3670e+00	-1.1289e-01	2.9048e-07
COQ10A	1.5240e+00	2.0247e-01	4.7444e-09
COQ10B	1.1470e+00	-2.7309e-02	5.0376e-01
COQ2	1.0320e+00	-1.2344e+00	1.7758e-04
COQ3	1.0450e+00	3.8176e-01	7.9676e-05
COQ4	1.6450e+00	-8.4373e-02	2.7347e-14
COQ5	8.1100e-01	4.1323e-01	6.4145e-04
COQ6	9.7200e-01	9.7970e-01	2.5926e-11
COQ7	1.2470e+00	7.9609e-02	2.0603e-06
COQ8A	9.9900e-01	-5.0193e-01	7.6305e-15
COQ8B	9.2300e-01	1.1205e+00	1.1559e-10
COQ9	1.0350e+00	3.4190e-01	8.0652e-09
CORIN	1.0420e+00	9.6809e-01	2.2777e-25
CORO1A	5.7200e-01	3.0728e+00	7.0891e-01
CORO1B	7.9300e-01	6.0750e-01	6.9058e-06
CORO1C	3.8000e-01	2.9409e+00	9.9991e-01
CORO2A	9.0200e-01	1.4431e+00	3.8291e-11
CORO2B	6.3300e-01	2.9840e+00	1.5373e-02
CORO6	1.1770e+00	8.9361e-02	5.5209e-14
CORO7	1.0890e+00	-1.3290e+00	5.8401e-34
CORO7-PAM16	NA	-1.1070e+00	NA
CORT	1.3910e+00	-6.0013e-01	2.5264e-01
COTL1	1.8550e+00	-1.0399e+00	5.7903e-07
COX10	9.3400e-01	1.3958e+00	4.7226e-07
COX11	7.9000e-01	1.0335e+00	1.7066e-02
COX14	1.2030e+00	1.6147e-01	2.1849e-01
COX15	1.1980e+00	1.6685e+00	5.8917e-16
COX16	1.3730e+00	4.3046e-04	1.8572e-04
COX17	1.3280e+00	-1.2808e-02	4.1926e-01
COX18	1.6820e+00	-1.1170e+00	1.6716e-14
COX19	1.9110e+00	-1.2643e+00	7.3241e-04
COX20	1.9270e+00	-1.4490e+00	5.6908e-02
COX4I1	1.1500e+00	-2.1368e-01	1.1962e-05
COX4I2	1.0790e+00	2.2645e-01	5.3139e-05
COX5A	8.2000e-01	2.7004e-01	6.5300e-01
COX5B	7.6600e-01	1.8853e-02	4.9998e-01
COX6A1	1.3550e+00	-2.6249e-01	2.0606e-02
COX6A2	1.9130e+00	-2.7303e+00	2.7357e-04
COX6B1	4.2100e-01	1.2958e+00	9.8685e-01
COX6B2	1.6060e+00	-5.5816e-01	5.2304e-05
COX6C	1.2310e+00	2.0052e-01	3.2522e-01
COX7A1	1.9220e+00	-2.7503e-01	3.4371e-09
COX7A2	1.8640e+00	-3.2244e-01	1.6980e-02
COX7A2L	1.7650e+00	-9.7041e-01	6.8896e-08
COX7B2	1.7700e+00	-2.7212e-01	1.2399e-01
COX7C	1.0160e+00	5.2081e-01	6.5609e-01
COX8A	1.9220e+00	7.4031e-01	6.3287e-04
COX8C	1.8760e+00	-1.2266e+00	1.7265e-01
CP	6.2400e-01	1.6070e+00	4.9953e-07
CPA1	1.1400e+00	1.3589e+00	2.9591e-13
CPA2	1.2820e+00	4.1436e-01	2.8404e-13
CPA3	1.1820e+00	-6.9841e-01	4.7367e-08
CPA4	1.0940e+00	1.1781e+00	8.5851e-08
CPA5	1.1100e+00	1.0649e+00	4.4629e-10
CPA6	1.3380e+00	-8.0037e-02	2.1646e-10
CPAMD8	8.2500e-01	6.8676e-01	4.7182e-30
CPB1	1.1670e+00	7.7917e-01	3.1500e-15
CPB2	1.3730e+00	1.2537e+00	3.1247e-10
CPD	6.2700e-01	1.9862e+00	7.7514e-07
CPE	5.6500e-01	1.0303e+00	8.3335e-01
CPEB1	1.7700e-01	2.6847e+00	1.0000e+00
CPEB2	1.3280e+00	-3.9218e+00	2.3944e-16
CPEB3	5.8500e-01	1.2937e+00	5.9917e-01
CPEB4	2.8700e-01	3.4732e+00	1.0000e+00
CPED1	1.1420e+00	3.3451e-01	9.7847e-24
CPLANE1	7.2800e-01	2.7342e+00	2.7962e-36
CPLANE2	1.6490e+00	4.5979e-01	2.0746e-10
CPLX1	7.5600e-01	-1.2146e+00	4.3566e-01
CPLX2	6.8300e-01	1.0402e+00	6.9950e-01
CPLX3	1.1910e+00	8.9695e-01	6.1249e-04
CPLX4	1.7290e+00	2.6769e-01	4.1800e-06
CPM	1.0170e+00	2.1417e+00	1.1796e-08
CPN1	1.0100e+00	1.0034e+00	9.4351e-10
CPN2	1.8310e+00	1.1018e+00	2.0264e-01
CPNE1	1.0120e+00	6.7652e-01	9.4935e-15
CPNE2	7.7100e-01	2.0449e+00	3.8921e-08
CPNE3	1.3890e+00	-1.7964e-02	3.0928e-12
CPNE4	5.4000e-01	3.2422e+00	8.8261e-01
CPNE5	6.9500e-01	2.4213e+00	1.4258e-05
CPNE6	6.4500e-01	2.1393e+00	8.8394e-04
CPNE7	1.5220e+00	-4.0008e+00	1.7141e-32
CPNE8	9.6400e-01	4.9665e-01	4.5170e-03
CPNE9	8.6300e-01	1.5997e+00	2.7157e-13
CPO	1.6200e+00	6.5190e-01	1.5713e-03
CPOX	8.0000e-01	2.4182e-01	5.0093e-04
CPPED1	1.2880e+00	-1.3477e+00	8.7211e-11
CPQ	1.0770e+00	9.2115e-01	3.4706e-09
CPS1	7.6400e-01	1.7456e+00	1.7622e-19
CPSF1	7.4000e-01	2.0401e+00	7.9584e-21
CPSF2	6.5100e-01	3.4283e+00	2.6310e-03
CPSF3	1.0100e+00	3.5773e+00	2.5306e-10
CPSF4	4.8000e-01	4.2417e+00	9.9139e-01
CPSF4L	1.4520e+00	3.9564e-01	9.7069e-06
CPSF6	3.0600e-01	4.0786e+00	9.9999e-01
CPSF7	1.3000e-01	2.3111e+00	1.0000e+00
CPT1A	7.0900e-01	3.0969e+00	2.7892e-09
CPT1B	7.4200e-01	8.4429e-01	1.2073e-10
CPT1C	7.7800e-01	1.1543e+00	2.8029e-12
CPT2	1.0380e+00	7.5528e-01	1.9677e-09
CPTP	1.7480e+00	-1.0425e+00	1.5019e-04
CPVL	9.7200e-01	5.2226e-01	1.4140e-06
CPXM1	1.0810e+00	1.0824e+00	4.0428e-22
CPXM2	9.7400e-01	8.1420e-01	2.5542e-15
CPZ	1.9660e+00	-6.6902e+00	4.5575e-51
CR1	7.7400e-01	1.8867e+00	1.1672e-19
CR1L	1.1650e+00	2.9208e-01	2.8555e-18
CR2	8.7100e-01	1.5057e+00	1.8413e-20
CRABP1	1.0140e+00	7.9123e-01	1.6873e-02
CRABP2	1.5160e+00	7.3522e-01	7.7467e-08
CRACD	7.1200e-01	-7.1707e-01	2.2118e-09
CRACDL	6.2400e-01	-1.3327e+00	3.1118e-02
CRACR2A	9.6900e-01	1.3519e+00	5.6434e-21
CRACR2B	1.7220e+00	-2.6945e+00	4.1077e-21
CRADD	9.9900e-01	6.8636e-01	3.3664e-02
CRAMP1	6.8000e-01	-7.4244e-01	1.2806e-06
CRAT	1.1110e+00	1.3003e+00	9.8479e-21
CRB1	7.7600e-01	6.3626e-01	9.3619e-17
CRB2	1.2020e+00	-2.0580e+00	1.0689e-28
CRB3	1.3680e+00	-1.8461e-01	8.0719e-02
CRBN	1.1470e+00	-9.1879e-01	1.0366e-10
CRCP	1.3970e+00	1.2597e+00	1.6169e-04
CRCT1	1.8980e+00	-1.8879e+00	1.5430e-01
CREB1	1.8900e-01	3.5959e+00	1.0000e+00
CREB3	1.1450e+00	3.6438e-01	9.8354e-10
CREB3L1	9.5400e-01	-5.9648e-01	3.0933e-07
CREB3L2	6.4500e-01	-4.6940e-02	3.3175e-02
CREB3L3	1.1550e+00	5.8443e-01	8.6908e-11
CREB3L4	9.8400e-01	7.7553e-01	1.6587e-07
CREB5	4.2100e-01	1.6764e+00	9.9968e-01
CREBBP	1.0100e-01	4.7763e+00	1.0000e+00
CREBL2	4.2700e-01	1.8282e+00	9.8542e-01
CREBRF	1.7300e-01	2.8602e+00	1.0000e+00
CREBZF	7.3800e-01	-2.7289e-01	3.1909e-01
CREG1	1.7950e+00	-1.3328e+00	2.6407e-06
CREG2	1.5080e+00	-1.0342e+00	3.3807e-08
CRELD1	8.8500e-01	9.6935e-01	7.6352e-10
CRELD2	1.1190e+00	-1.9555e-01	6.7014e-09
CREM	5.3300e-01	1.7544e+00	9.4507e-01
CRH	1.7180e+00	-1.5812e+00	5.9250e-03
CRHBP	7.6600e-01	1.7897e+00	4.5370e-03
CRHR1	6.5500e-01	2.9324e+00	4.2238e-03
CRHR2	1.2210e+00	-6.3960e-02	4.9005e-18
CRIM1	3.7600e-01	6.0286e-01	1.0000e+00
CRIP1	1.4470e+00	-7.1681e-01	2.7650e-04
CRIP2	1.5530e+00	-3.3476e+00	6.9101e-13
CRIP3	1.0360e+00	-1.2232e-02	1.7078e-06
CRIPT	1.8520e+00	-5.7206e-01	1.8985e-01
CRISP1	1.7370e+00	-1.2631e+00	2.2666e-14
CRISP2	1.0860e+00	-5.0626e-01	2.4889e-05
CRISP3	1.4770e+00	-8.0466e-03	1.4732e-06
CRISPLD1	1.0480e+00	2.9371e-01	1.2452e-11
CRISPLD2	8.7100e-01	-2.0633e+00	6.6528e-11
CRK	3.3700e-01	2.0656e+00	9.9965e-01
CRKL	3.1600e-01	2.9300e+00	9.9962e-01
CRLF1	1.0450e+00	5.2571e-01	8.3681e-10
CRLF3	8.7100e-01	7.0979e-01	2.1240e-06
CRLS1	1.9130e+00	-1.8766e+00	1.4790e-05
CRMP1	4.4000e-01	1.1217e+00	9.9952e-01
CRNKL1	4.4500e-01	2.5304e+00	9.9967e-01
CRNN	1.1110e+00	4.0140e-01	5.5340e-12
CROCC	1.1650e+00	-2.7952e+00	1.2562e-62
CROCC2	1.2140e+00	-7.5107e-01	2.5071e-46
CROT	1.0030e+00	6.1739e-01	1.9449e-13
CRP	1.9320e+00	-3.0172e-01	5.4280e-04
CRPPA	1.4620e+00	-1.6315e+00	3.8872e-06
CRTAC1	7.7300e-01	1.6615e+00	2.6345e-07
CRTAM	1.1350e+00	7.3446e-01	2.4704e-09
CRTAP	1.2510e+00	-2.2798e+00	7.1791e-11
CRTC1	4.1700e-01	2.0702e+00	9.9976e-01
CRTC2	5.0200e-01	2.1356e+00	9.6627e-01
CRTC3	5.4400e-01	3.5863e-02	8.7731e-01
CRX	6.7300e-01	1.0896e+00	7.2313e-01
CRY1	7.3300e-01	2.0468e+00	3.7616e-07
CRY2	5.9600e-01	2.5509e+00	2.3609e-02
CRYAB	1.1800e+00	1.1939e+00	5.4680e-03
CRYBA1	9.8700e-01	1.2062e+00	2.5475e-05
CRYBA2	1.3720e+00	7.5643e-02	2.7800e-07
CRYBA4	1.2380e+00	1.0664e+00	4.3917e-10
CRYBB1	7.8900e-01	1.3118e+00	7.0272e-03
CRYBB2	7.6500e-01	1.7421e+00	8.9294e-02
CRYBB3	1.5880e+00	3.2693e-01	2.2260e-14
CRYBG1	8.5600e-01	9.4747e-01	6.4719e-31
CRYBG2	8.7400e-01	2.8436e-01	7.6635e-26
CRYBG3	6.2300e-01	9.2995e-01	7.1235e-14
CRYGA	1.2450e+00	-3.9590e-01	2.0738e-05
CRYGB	1.3050e+00	-6.5438e-01	5.9729e-05
CRYGC	9.4100e-01	2.4242e-01	1.8396e-03
CRYGD	1.7960e+00	9.6428e-02	6.8117e-06
CRYGN	1.6210e+00	1.8985e-02	5.3054e-07
CRYGS	8.8100e-01	8.5912e-01	1.9928e-02
CRYL1	1.2970e+00	9.4265e-02	8.8864e-10
CRYM	8.4100e-01	1.0240e+00	1.6189e-03
CRYZ	1.5470e+00	4.3957e-01	5.7448e-15
CRYZL1	8.1300e-01	7.3286e-01	1.0843e-01
CRYZL2P-SEC16B	1.1640e+00	-4.2144e-01	4.0258e-36
CS	3.5600e-01	4.3605e+00	9.9999e-01
CSAD	9.7200e-01	7.8081e-01	5.2270e-13
CSDC2	1.1230e+00	-3.8795e-01	1.4976e-02
CSDE1	2.9500e-01	4.0667e+00	1.0000e+00
CSE1L	2.7700e-01	3.3870e+00	1.0000e+00
CSF1	3.3800e-01	4.9258e-01	9.9999e-01
CSF1R	4.8500e-01	2.4273e+00	9.7537e-01
CSF2	6.1900e-01	1.0817e+00	8.5353e-01
CSF2RB	5.1100e-01	8.8803e-01	9.3260e-01
CSF3	1.2370e+00	9.3431e-01	4.9096e-06
CSF3R	7.2600e-01	2.4079e+00	3.6121e-09
CSGALNACT1	1.2570e+00	-3.0062e+00	3.7150e-18
CSGALNACT2	8.8600e-01	1.9283e+00	4.5738e-06
CSH1	1.2130e+00	6.8413e-02	9.1053e-03
CSH2	1.0930e+00	1.2164e+00	9.4751e-03
CSHL1	1.3990e+00	-1.1565e+00	3.0155e-09
CSK	2.2200e-01	4.7576e+00	1.0000e+00
CSKMT	1.8560e+00	-3.4119e-01	2.1104e-07
CSMD1	5.8600e-01	-1.2425e+01	3.4493e-19
CSMD2	3.6400e-01	5.4760e+00	1.0000e+00
CSMD3	4.6400e-01	2.2394e+00	9.7254e-01
CSN1S1	1.8150e+00	-8.5920e-01	1.1828e-07
CSN2	1.1680e+00	-1.0568e+00	1.4644e-03
CSN3	1.2840e+00	-2.5499e-01	2.9890e-01
CSNK1A1	3.4000e-01	4.9368e+00	9.9982e-01
CSNK1A1L	1.1170e+00	5.0979e-01	4.2394e-06
CSNK1D	5.1200e-01	2.6595e+00	9.6783e-01
CSNK1E	5.8800e-01	3.0602e+00	5.2360e-01
CSNK1G1	6.5100e-01	2.3248e+00	2.5010e-01
CSNK1G2	4.7700e-01	9.7736e-01	9.9231e-01
CSNK1G3	6.1500e-01	2.1600e+00	7.3139e-01
CSNK2A1	2.7400e-01	5.3272e+00	1.0000e+00
CSNK2A2	4.2400e-01	3.0647e+00	9.9718e-01
CSNK2A3	1.1100e+00	9.2091e-01	1.8654e-09
CSNK2B	2.3700e-01	3.7843e+00	9.9996e-01
CSNKA2IP	NA	4.4871e-01	NA
CSPG4	6.9300e-01	2.4730e+00	3.5752e-12
CSPG5	8.9700e-01	1.0030e+00	1.1578e-05
CSPP1	8.7600e-01	7.3622e-01	1.8241e-09
CSRNP1	6.1400e-01	1.2106e+00	7.7302e-01
CSRNP2	4.6600e-01	3.2156e+00	9.9554e-01
CSRNP3	3.8700e-01	2.4280e+00	9.9993e-01
CSRP1	9.1400e-01	1.0213e+00	8.3989e-04
CSRP2	1.0150e+00	7.1265e-01	4.0941e-04
CSRP3	1.3070e+00	4.6588e-01	1.0390e-07
CST11	1.4150e+00	-3.3759e-01	3.2652e-04
CST1	1.9640e+00	-1.8721e+00	8.4432e-11
CST2	1.9510e+00	-1.8740e+00	8.4350e-15
CST3	1.9120e+00	-1.0646e+00	1.0608e-04
CST4	1.8740e+00	-1.8004e+00	6.2387e-08
CST5	1.8000e+00	-1.1585e+00	6.5827e-06
CST6	1.4880e+00	-5.3571e-01	1.1722e-03
CST7	1.7420e+00	-4.8205e-02	2.2035e-07
CST8	1.9520e+00	-5.9929e-01	2.7500e-07
CST9	1.8850e+00	-1.2212e-01	2.1325e-05
CST9L	1.8260e+00	1.7931e-01	1.4039e-05
CSTA	1.2190e+00	-2.0959e-01	1.2232e-01
CSTB	1.6810e+00	-2.4896e-01	2.9059e-03
CSTF1	1.1600e-01	4.6144e+00	1.0000e+00
CSTF2T	6.4700e-01	1.9959e+00	1.0009e-01
CSTF3	3.7600e-01	5.4998e+00	9.9999e-01
CSTL1	1.5400e+00	2.7067e-01	4.8999e-03
CTAGE15	7.0000e-01	1.2959e+00	7.9726e-01
CTAGE1	NA	-9.4524e-01	NA
CTAGE4	NA	2.8480e+00	NA
CTAGE6	3.4500e-01	4.3166e+00	9.9741e-01
CTAGE8	NA	2.3023e+00	NA
CTAGE9	1.7130e+00	5.9420e+00	4.1257e-01
CTBP1	5.3300e-01	2.2636e+00	9.4590e-01
CTBP2	5.2200e-01	1.6895e+00	8.1782e-01
CTBS	1.0840e+00	-3.3453e-01	1.0186e-07
CTC1	7.7600e-01	1.0969e+00	4.0781e-18
CTCF	2.0500e-01	4.8464e+00	1.0000e+00
CTCFL	6.6900e-01	1.1139e+00	8.2655e-05
CTDNEP1	2.3900e-01	3.1498e+00	9.9995e-01
CTDP1	6.5000e-01	8.2764e-01	2.7597e-05
CTDSP1	6.8600e-01	1.2639e+00	9.1069e-02
CTDSP2	5.1100e-01	1.8425e+00	9.7367e-01
CTDSPL2	1.8400e-01	4.0184e-01	9.9939e-01
CTDSPL	3.6900e-01	2.1060e+00	9.9780e-01
CTF1	1.9590e+00	-2.2418e+00	1.6729e-06
CTH	1.0780e+00	6.7056e-01	1.0152e-10
CTHRC1	1.1270e+00	4.0525e-01	7.6239e-06
CTIF	4.8700e-01	1.1112e+00	9.8959e-01
CTLA4	2.1100e-01	2.0899e+00	9.9829e-01
CTNNA1	4.9100e-01	4.1777e+00	9.7254e-01
CTNNA2	4.9100e-01	3.6947e+00	9.7551e-01
CTNNA3	8.7500e-01	-4.8097e-01	2.7314e-13
CTNNAL1	8.9800e-01	3.2884e-01	3.4724e-13
CTNNB1	1.3900e-01	5.7223e+00	1.0000e+00
CTNNBIP1	1.2850e+00	3.0773e-02	1.3134e-02
CTNNBL1	6.4700e-01	2.5646e+00	8.2960e-03
CTNND1	1.8700e-01	2.7344e+00	1.0000e+00
CTNND2	2.2800e-01	2.5135e+00	1.0000e+00
CTNS	7.5400e-01	6.4366e-01	1.0072e-03
CTPS1	4.2300e-01	3.8850e+00	9.9986e-01
CTR9	3.6800e-01	4.7753e+00	1.0000e+00
CTRB1	1.9020e+00	-1.4694e+00	4.6278e-05
CTRB2	1.1680e+00	-1.1148e+00	3.6026e-01
CTRC	1.1470e+00	1.0022e+00	4.5697e-10
CTRL	1.3720e+00	5.2126e-01	4.7747e-14
CTSA	8.5100e-01	1.6492e+00	1.4137e-09
CTSB	1.7560e+00	-5.2014e+00	4.3277e-25
CTSC	1.0510e+00	-5.4589e-01	2.2986e-08
CTSD	8.8600e-01	1.2419e+00	1.4812e-06
CTSE	1.1830e+00	-2.0111e-01	2.3700e-11
CTSF	1.2960e+00	-6.4111e-01	1.0803e-23
CTSG	1.3910e+00	5.3143e-01	1.8346e-08
CTSH	1.2670e+00	1.1121e-01	5.9620e-15
CTSK	7.4800e-01	2.1653e+00	6.8816e-03
CTSL	9.3200e-01	1.2023e+00	1.0187e-05
CTSO	1.5060e+00	-1.4696e+00	1.4438e-10
CTSS	6.6400e-01	2.6897e+00	1.9484e-01
CTSV	1.3740e+00	3.2843e-01	3.8871e-12
CTSW	1.1350e+00	4.3416e-01	1.5025e-12
CTSZ	1.6280e+00	1.1649e-01	6.2092e-20
CTTN	4.8000e-01	1.4180e+00	9.9261e-01
CTTNBP2	7.7400e-01	1.5571e+00	3.1192e-16
CTTNBP2NL	9.9300e-01	1.6954e+00	3.3470e-03
CTU1	1.9780e+00	-4.2309e+00	1.8254e-09
CTU2	1.5350e+00	-5.9994e+00	5.4023e-34
CTXN1	1.9390e+00	-1.6110e+00	8.1652e-03
CTXN2	1.2880e+00	3.7258e-01	1.8045e-01
CTXN3	1.7710e+00	4.7209e-01	2.6238e-02
CUBN	7.5600e-01	1.0005e+00	1.0686e-57
CUEDC1	9.5900e-01	6.7953e-01	7.8215e-08
CUEDC2	4.5700e-01	2.1961e+00	9.9612e-01
CUL1	2.9400e-01	6.4881e+00	1.0000e+00
CUL2	3.0500e-01	2.5557e+00	1.0000e+00
CUL3	3.6500e-01	5.1560e+00	9.9999e-01
CUL4A	3.2400e-01	2.9265e+00	1.0000e+00
CUL5	5.0600e-01	3.6507e+00	9.7606e-01
CUL7	6.2000e-01	2.9059e+00	1.1970e-11
CUL9	3.3400e-01	5.2734e+00	1.0000e+00
CUTA	1.3580e+00	2.0444e-01	1.1361e-08
CUTC	1.2180e+00	3.2413e-01	1.2490e-05
CUX1	2.7700e-01	3.1172e+00	1.0000e+00
CUX2	3.8300e-01	2.1579e+00	1.0000e+00
CUZD1	1.0660e+00	1.0113e+00	1.1430e-13
CWC15	6.5800e-01	1.4137e+00	7.5720e-01
CWC22	8.7500e-01	9.6759e-01	1.9441e-07
CWC25	7.9600e-01	1.1738e+00	7.5721e-05
CWC27	1.1810e+00	7.5484e-01	4.1569e-06
CWF19L1	1.2040e+00	7.3674e-01	6.1789e-14
CWF19L2	1.0350e+00	-6.4025e-01	3.5061e-11
CWH43	1.3130e+00	1.0679e-01	8.6490e-23
CX3CL1	5.7700e-01	4.3367e-01	9.1048e-01
CX3CR1	1.3810e+00	1.5925e+00	5.3222e-01
CXADR	7.5100e-01	2.0578e+00	4.1939e-03
CXCL10	9.9700e-01	1.8662e-01	1.0077e-01
CXCL11	1.0160e+00	5.1057e-01	9.1185e-02
CXCL1	1.2050e+00	-2.6250e-01	4.6988e-03
CXCL12	1.0670e+00	-5.3508e-01	1.9751e-01
CXCL13	7.7700e-01	8.4774e-01	7.4414e-01
CXCL14	9.8700e-01	8.3521e-01	2.0967e-02
CXCL16	1.0350e+00	5.1745e-01	6.2382e-04
CXCL17	1.0260e+00	3.3581e-01	1.4388e-01
CXCL2	1.5980e+00	1.4677e-01	5.4630e-05
CXCL3	1.3830e+00	-8.4141e-01	8.5821e-04
CXCL5	1.4650e+00	-3.6410e-01	5.7441e-04
CXCL6	1.9230e+00	-5.1020e-01	9.5900e-09
CXCL8	1.8220e+00	-8.1157e-01	3.7199e-03
CXCL9	1.3590e+00	4.2801e-01	2.0283e-02
CXCR1	1.7500e+00	6.1426e-01	3.9496e-01
CXCR2	1.1540e+00	1.9458e+00	2.4489e-01
CXCR4	5.1400e-01	2.6131e+00	9.6908e-01
CXCR5	1.2900e+00	2.8258e+00	1.7949e-01
CXCR6	1.4760e+00	1.9772e+00	1.3583e-02
CXXC1	3.7000e-01	3.0310e+00	1.0000e+00
CXXC4	4.9600e-01	1.6390e+00	9.6824e-01
CXXC5	3.6700e-01	2.1111e+00	9.9554e-01
CYB561	7.0700e-01	9.3206e-01	2.0708e-01
CYB561A3	9.5600e-01	2.0990e+00	4.6255e-04
CYB561D1	1.1860e+00	-2.5228e-01	7.3393e-05
CYB561D2	1.1350e+00	7.6273e-01	5.7734e-05
CYB5A	1.1980e+00	3.3298e-01	3.8003e-02
CYB5B	1.0920e+00	8.1732e-01	9.5451e-03
CYB5D1	1.5800e+00	9.5015e-01	3.4215e-12
CYB5D2	1.3370e+00	1.1439e-01	6.2815e-09
CYB5R1	1.2040e+00	9.1606e-01	7.5507e-10
CYB5R2	1.4710e+00	-1.1884e+00	2.0043e-14
CYB5R3	1.0740e+00	-1.0086e+00	6.0512e-08
CYB5R4	8.1500e-01	8.2354e-01	4.6444e-05
CYB5RL	1.3270e+00	3.9162e-01	6.4760e-13
CYBA	1.7260e+00	-2.4309e+00	2.5895e-10
CYBC1	1.5560e+00	-1.2492e-01	3.4921e-09
CYBRD1	9.4100e-01	8.3951e-01	1.8442e-03
CYC1	5.8300e-01	-6.0664e-01	8.4630e-01
CYCS	3.3500e-01	1.3753e+00	9.7708e-01
CYFIP1	4.4000e-01	3.1531e+00	9.9995e-01
CYFIP2	2.7400e-01	6.9395e+00	1.0000e+00
CYGB	1.0570e+00	6.5180e-01	9.5233e-04
CYHR1	1.1630e+00	2.1883e+00	6.0337e-03
CYLC2	1.6080e+00	-1.6317e+00	1.4165e-08
CYLD	3.2500e-01	4.7125e+00	1.0000e+00
CYP11A1	6.9800e-01	1.8931e+00	3.3079e-04
CYP11B1	9.2300e-01	-2.6072e-01	2.9594e-08
CYP11B2	1.0080e+00	1.0610e-02	1.3679e-10
CYP17A1	1.2490e+00	1.3441e+00	1.9908e-07
CYP19A1	7.9300e-01	1.2112e+00	1.6139e-02
CYP1A1	1.4720e+00	6.8511e-01	9.2763e-18
CYP1A2	1.3550e+00	4.1091e-01	9.3016e-13
CYP1B1	1.0890e+00	-2.0908e+00	1.5114e-06
CYP20A1	1.6110e+00	1.7444e-01	1.6548e-11
CYP21A2	9.1000e-01	1.8091e+00	8.7239e-06
CYP24A1	1.5070e+00	-1.1340e+00	1.2314e-17
CYP26A1	1.4270e+00	-2.4131e-01	3.7151e-10
CYP26B1	3.7100e-01	1.2829e+00	9.9987e-01
CYP26C1	1.8150e+00	-3.3118e+00	5.7243e-20
CYP27A1	1.0390e+00	1.0597e-01	1.9163e-15
CYP27B1	1.1000e+00	2.5516e-01	9.3072e-14
CYP27C1	9.5000e-01	1.9270e+00	5.2237e-08
CYP2A13	9.9000e-01	-9.9665e-01	2.0882e-08
CYP2A6	8.7900e-01	-4.5596e-02	3.1144e-06
CYP2A7	1.1580e+00	-6.7091e-01	1.8350e-11
CYP2B6	1.0440e+00	2.8150e-01	2.1839e-10
CYP2C18	1.1620e+00	-3.0435e-01	3.4212e-10
CYP2C19	1.6680e+00	-2.2833e+00	4.6472e-22
CYP2C8	1.5020e+00	-5.9845e-01	1.9472e-21
CYP2C9	1.6070e+00	-1.9978e+00	1.1880e-20
CYP2D6	1.7060e+00	-1.3217e+00	8.0482e-23
CYP2D7	NA	-3.7881e-01	NA
CYP2E1	9.1400e-01	1.4084e+00	1.2588e-07
CYP2F1	1.1550e+00	9.1939e-01	1.8399e-10
CYP2J2	1.0610e+00	7.5521e-02	4.5568e-12
CYP2R1	1.1130e+00	3.9152e-01	2.5249e-12
CYP2S1	9.9300e-01	1.3319e+00	1.0248e-08
CYP2U1	9.8000e-01	1.3159e-01	4.9537e-08
CYP2W1	1.8350e+00	-2.2878e+00	1.9718e-23
CYP39A1	1.0940e+00	4.8762e-01	1.7560e-07
CYP3A43	9.5700e-01	5.9088e-01	7.7522e-11
CYP3A4	8.1800e-01	1.7594e+00	1.8249e-06
CYP3A5	1.0280e+00	1.3209e+00	8.1599e-11
CYP3A7	1.0340e+00	1.1674e+00	2.9484e-13
CYP3A7-CYP3A51P	9.8300e-01	1.1599e+00	9.6499e-12
CYP46A1	5.0100e-01	2.8689e+00	9.7685e-01
CYP4A11	1.1190e+00	1.2281e-01	2.9427e-16
CYP4A22	1.0680e+00	1.3931e+00	1.0955e-13
CYP4B1	1.0160e+00	3.5604e-01	9.9168e-13
CYP4F11	1.4690e+00	-9.0142e-01	2.6370e-31
CYP4F12	1.3050e+00	-8.0462e-02	2.8221e-22
CYP4F2	1.1970e+00	1.0949e+00	1.7755e-19
CYP4F22	7.6600e-01	1.2449e+00	5.7941e-07
CYP4F3	1.1340e+00	-2.2077e-01	1.7887e-16
CYP4F8	1.2320e+00	3.9250e-01	4.9943e-20
CYP4V2	1.1260e+00	-1.3305e-01	5.1146e-17
CYP4X1	9.0800e-01	1.8237e+00	5.6579e-11
CYP4Z1	1.0350e+00	1.1551e+00	2.0769e-09
CYP51A1	1.1560e+00	1.9862e+00	1.8135e-10
CYP7A1	8.2000e-01	8.3203e-02	4.0289e-05
CYP7B1	8.8900e-01	-5.4362e-01	2.4458e-06
CYP8B1	1.8650e+00	5.7996e-01	8.8193e-02
CYREN	1.3100e+00	-2.3615e-01	1.1794e-02
CYRIA	6.1500e-01	2.6696e+00	5.8986e-01
CYRIB	3.3600e-01	1.6671e+00	9.7678e-01
CYS1	1.8600e+00	-2.2896e+00	7.2056e-03
CYSLTR2	1.6160e+00	5.6837e-01	4.5268e-01
CYSRT1	1.8920e+00	1.3927e-01	9.0319e-04
CYSTM1	6.5700e-01	1.0250e+00	7.9187e-01
CYTH1	4.1400e-01	2.9958e+00	9.9990e-01
CYTH2	5.9700e-01	2.7451e+00	1.2834e-01
CYTH3	5.5100e-01	1.7425e+00	8.2568e-01
CYTH4	5.1600e-01	2.1796e+00	9.4279e-01
CYTIP	8.9700e-01	4.2787e-01	6.3610e-06
CYTL1	1.7760e+00	-1.4005e+00	6.3125e-08
CYYR1	1.5260e+00	-9.5114e-02	1.8618e-04
CZIB	1.2440e+00	7.1632e-01	9.3301e-09
D2HGDH	9.0900e-01	5.2596e-01	4.6247e-07
DAAM1	5.0900e-01	1.9445e+00	5.3941e-01
DAAM2	4.8800e-01	8.7380e-01	9.7715e-01
DAB1	4.0700e-01	1.6851e+00	9.9978e-01
DAB2	4.7900e-01	1.4104e+00	9.9346e-01
DAB2IP	1.2390e+00	4.2972e-01	5.7811e-01
DACH1	3.7100e-01	1.1322e+00	9.9997e-01
DACT1	7.0300e-01	-7.8096e-01	1.6566e-01
DACT2	1.4690e+00	-1.0019e-01	4.6712e-05
DACT3	7.0300e-01	-3.1916e+00	6.5123e-01
DAD1	9.5800e-01	8.5016e-01	2.9025e-01
DAG1	2.9800e-01	2.5564e+00	1.0000e+00
DAGLA	3.0500e-01	5.1894e+00	1.0000e+00
DAGLB	1.1210e+00	-1.8376e+00	6.2974e-21
DALRD3	1.1260e+00	-1.6847e+00	1.0027e-14
DAND5	1.5210e+00	1.9988e-01	1.0181e-03
DAO	1.2220e+00	3.9362e-01	7.8742e-15
DAOA	1.4570e+00	-1.2421e+00	2.1803e-05
DAP	1.2890e+00	5.4740e-01	6.2249e-03
DAP3	7.0600e-01	7.5609e-01	8.1756e-04
DAPK1	3.8300e-01	3.9970e+00	1.0000e+00
DAPK2	1.1430e+00	6.1151e-01	2.1284e-09
DAPK3	1.1820e+00	-4.5856e-01	7.5695e-05
DAPL1	1.8340e+00	-1.1303e+00	8.4161e-03
DAPP1	9.0500e-01	1.4451e+00	5.1196e-03
DARS1	1.0230e+00	9.4301e-01	4.0557e-06
DARS2	9.2300e-01	1.4245e+00	8.0697e-13
DAW1	1.1330e+00	1.6508e-01	7.0842e-12
DAXX	5.2400e-01	1.8538e+00	8.9136e-01
DAZAP1	2.3600e-01	3.0219e+00	1.0000e+00
DAZAP2	4.5700e-01	1.2819e+00	9.8344e-01
DAZL	2.0000e-01	6.8240e-01	9.9995e-01
DBF4	4.7500e-01	1.5931e+00	9.9487e-01
DBF4B	1.0030e+00	1.6015e+00	7.9164e-11
DBH	9.3600e-01	3.5624e-01	9.4704e-13
DBI	1.7500e+00	2.9403e-01	9.0046e-04
DBN1	3.4700e-01	2.4194e-01	1.0000e+00
DBNDD1	1.4600e+00	-6.4035e-01	1.1312e-04
DBNDD2	1.0610e+00	2.5679e-01	2.2114e-02
DBNL	7.8200e-01	1.2510e+00	8.1636e-07
DBP	1.0430e+00	-1.0255e+00	1.0905e-03
DBR1	8.4100e-01	1.1425e+00	6.9606e-05
DBT	1.2550e+00	1.3238e+00	3.6458e-09
DBX1	9.8000e-01	-6.9941e-01	3.8470e-03
DBX2	1.6100e+00	-2.8171e+00	1.4229e-06
DCAF10	6.6400e-01	2.2648e+00	6.2191e-02
DCAF11	7.2700e-01	1.8574e+00	5.3692e-08
DCAF1	1.8000e-01	6.3833e+00	1.0000e+00
DCAF12	6.9800e-01	2.2725e+00	4.9334e-04
DCAF13	8.4800e-01	1.5610e+00	5.8162e-05
DCAF15	5.0200e-01	2.4890e+00	9.6917e-01
DCAF16	9.8500e-01	2.7219e-01	6.6330e-03
DCAF17	8.5500e-01	9.2354e-01	3.4768e-07
DCAF4	7.8700e-01	1.3960e+00	8.8706e-08
DCAF4L1	2.9500e-01	3.2229e+00	9.9995e-01
DCAF4L2	1.0960e+00	3.4103e-01	6.8757e-07
DCAF5	1.9100e-01	4.2890e+00	1.0000e+00
DCAF6	5.6700e-01	1.9044e+00	5.7853e-02
DCAF7	2.3500e-01	5.6137e+00	1.0000e+00
DCAF8	4.6600e-01	4.3257e+00	9.9707e-01
DCAKD	1.1640e+00	6.8867e-01	4.3393e-05
DCANP1	1.9440e+00	-4.1562e-01	1.0345e-01
DCBLD1	9.4200e-01	3.8498e-01	4.0017e-13
DCBLD2	8.0800e-01	4.9955e-01	3.7024e-11
DCC	4.1400e-01	9.7556e-01	1.0000e+00
DCD	1.8090e+00	-2.2103e-01	4.6333e-08
DCDC1	1.0930e+00	-3.9280e-01	5.5849e-41
DCDC2	1.0620e+00	5.8407e-01	1.1753e-09
DCDC2B	1.3830e+00	-2.8449e-01	1.0159e-15
DCDC2C	1.4980e+00	-5.7573e-01	1.4488e-17
DCHS1	4.9100e-01	1.5704e+00	3.3407e-01
DCHS2	9.0900e-01	2.9745e-01	2.1902e-36
DCK	1.0310e+00	5.8267e-01	4.3339e-03
DCLK1	3.1000e-01	4.3006e+00	1.0000e+00
DCLK2	5.2500e-01	1.1210e+00	8.4481e-01
DCLK3	9.4700e-01	6.9994e-01	1.0261e-07
DCLRE1A	8.5600e-01	1.3721e+00	1.9549e-15
DCLRE1B	5.4500e-01	9.6227e-01	9.4257e-01
DCLRE1C	8.6600e-01	5.7832e-02	8.1784e-08
DCN	7.8900e-01	7.9087e-01	1.4050e-01
DCP1A	4.1400e-01	1.2333e+00	9.9945e-01
DCP1B	9.4300e-01	8.6785e-01	1.7415e-11
DCP2	7.9300e-01	-2.6479e-01	6.8123e-06
DCPS	1.0000e+00	-1.1585e-01	2.2711e-07
DCST1	1.0320e+00	5.5590e-01	6.0631e-23
DCST2	9.4100e-01	1.0553e+00	5.5190e-17
DCSTAMP	1.0030e+00	8.2257e-01	7.9894e-07
DCT	1.1010e+00	-1.0125e-03	1.8443e-13
DCTD	1.9240e+00	3.0030e-01	2.1187e-07
DCTN1	4.4800e-01	2.5036e+00	9.9981e-01
DCTN2	5.4000e-01	1.4422e+00	8.7043e-01
DCTN3	1.1760e+00	2.7308e-01	5.2145e-08
DCTN4	5.4900e-01	1.2699e+00	8.7124e-01
DCTN5	8.9900e-01	1.7663e+00	2.7144e-02
DCTN6	5.7500e-01	9.2412e-01	9.1235e-01
DCTPP1	1.4580e+00	1.5147e-01	1.1470e-04
DCUN1D1	5.2900e-01	2.4167e+00	9.4156e-01
DCUN1D2	1.3570e+00	1.0690e-01	6.0664e-08
DCUN1D3	4.6000e-01	2.5029e+00	9.9174e-01
DCUN1D4	7.8700e-01	8.9360e-01	1.1443e-02
DCUN1D5	4.4300e-01	2.1883e+00	9.8748e-01
DCXR	1.3620e+00	-5.0544e-01	3.6267e-10
DDA1	4.5500e-01	7.0223e-01	9.8425e-01
DDAH1	1.1370e+00	-2.6103e-01	4.6259e-04
DDAH2	5.5400e-01	2.2067e+00	9.2407e-01
DDB1	1.9500e-01	6.4646e+00	1.0000e+00
DDB2	7.1900e-01	2.2896e+00	1.4594e-04
DDC	9.2200e-01	1.0856e+00	7.7907e-10
DDHD1	6.4200e-01	7.1714e-01	4.5078e-05
DDHD2	7.5800e-01	1.7398e+00	1.2846e-06
DDI1	1.3370e+00	6.9161e-01	4.7905e-05
DDI2	2.2300e-01	3.7532e+00	1.0000e+00
DDIAS	1.1180e+00	1.5782e+00	9.7506e-02
DDIT3	1.1880e+00	-1.7088e-01	1.4889e-04
DDIT4	1.4750e+00	-6.0554e-02	1.0999e-07
DDIT4L	1.2660e+00	2.9146e-02	1.7081e-04
DDN	1.1660e+00	-2.8724e-02	4.3647e-02
DDO	1.2820e+00	1.8926e-01	3.2145e-06
DDOST	7.4700e-01	6.5920e-01	7.7990e-04
DDR1	8.0800e-01	2.7524e+00	1.6272e-13
DDR2	3.7500e-01	3.8315e+00	1.0000e+00
DDRGK1	1.2130e+00	-1.3405e-01	1.2333e-12
DDT	1.9260e+00	-5.7309e-02	9.8964e-03
DDTL	1.8320e+00	-1.1034e-01	2.0229e-01
DDX10	8.6000e-01	1.3523e+00	9.2842e-15
DDX11	7.8100e-01	2.2907e+00	4.4735e-15
DDX1	3.3000e-01	1.2780e+00	9.9999e-01
DDX17	2.5200e-01	4.3675e+00	1.0000e+00
DDX18	4.9600e-01	7.3542e-01	9.7984e-01
DDX19A	3.6000e-01	4.1972e+00	9.9997e-01
DDX19B	6.3500e-01	3.1700e+00	3.5137e-02
DDX20	9.6500e-01	4.9168e-01	5.0886e-16
DDX21	2.9000e-01	3.6297e+00	1.0000e+00
DDX23	4.1200e-01	6.3122e+00	1.0000e+00
DDX24	5.2100e-01	1.1125e+00	8.6568e-01
DDX25	1.3480e+00	3.9819e-01	1.6395e-26
DDX27	5.2800e-01	2.4091e+00	2.8736e-01
DDX28	1.2610e+00	-1.1737e+00	7.4481e-09
DDX31	9.0200e-01	6.5916e-01	2.8108e-17
DDX39A	4.5500e-01	3.5591e+00	9.9756e-01
DDX39B	2.1900e-01	5.9626e+00	1.0000e+00
DDX41	7.6800e-01	3.1508e+00	8.2138e-10
DDX42	2.9700e-01	4.1996e+00	1.0000e+00
DDX4	3.4000e-01	2.9736e+00	1.0000e+00
DDX43	7.8700e-01	1.5527e+00	3.0158e-06
DDX46	2.9200e-01	6.7723e+00	1.0000e+00
DDX47	1.3120e+00	9.4855e-01	1.1632e-14
DDX49	1.1940e+00	2.2964e-01	1.3294e-16
DDX50	7.7800e-01	2.1248e+00	2.2702e-11
DDX51	1.2650e+00	-2.9327e+00	2.9904e-26
DDX5	1.7700e-01	3.7661e+00	1.0000e+00
DDX52	8.8900e-01	3.4871e-01	5.6418e-12
DDX54	8.2100e-01	3.3065e-02	4.8112e-15
DDX55	1.0090e+00	6.0933e-01	6.8450e-16
DDX56	9.0500e-01	-1.6121e-02	3.4390e-11
DDX58	9.8500e-01	1.6290e+00	3.6576e-20
DDX59	8.6400e-01	1.2315e+00	2.7973e-08
DDX60	8.5700e-01	1.0638e+00	4.9270e-27
DDX60L	1.0370e+00	-2.3161e-02	1.1206e-35
DDX6	1.2800e-01	4.2783e+00	1.0000e+00
DEAF1	1.1800e+00	8.3045e-01	1.6906e-18
DECR1	1.5660e+00	-2.6923e-01	1.1438e-14
DECR2	1.7310e+00	-1.6255e+00	8.6009e-15
DEDD2	1.1200e+00	5.1633e-01	1.6689e-05
DEDD	2.5500e-01	3.1269e+00	9.9998e-01
DEF6	6.1000e-01	2.8420e+00	6.3107e-03
DEF8	9.2800e-01	5.6367e-01	1.1796e-09
DEFA3	7.4000e-01	1.5520e+00	7.7680e-01
DEFA4	1.9540e+00	-2.6630e+00	4.4419e-05
DEFA5	1.8790e+00	-1.7944e+00	6.0032e-05
DEFA6	1.9110e+00	-2.0187e+00	4.7197e-03
DEFB104A	NA	1.3777e-01	NA
DEFB105A	1.5660e+00	1.0139e+00	4.7100e-01
DEFB108B	1.8490e+00	-7.4093e-01	1.9134e-01
DEFB110	1.9500e+00	-8.7970e-01	1.3583e-04
DEFB112	1.9550e+00	-7.4095e-01	8.4167e-04
DEFB113	1.9620e+00	-1.0305e+00	4.7609e-03
DEFB114	1.8410e+00	-8.7644e-01	1.9651e-01
DEFB115	1.4860e+00	-1.4368e+00	5.9575e-03
DEFB116	1.9100e+00	-1.4659e+00	4.7817e-03
DEFB118	1.8640e+00	-1.9142e-01	3.9771e-02
DEFB119	1.7740e+00	-2.2840e-01	1.1168e-02
DEFB1	1.9690e+00	-3.2863e+00	2.2418e-05
DEFB121	1.9560e+00	7.3323e-02	8.2182e-04
DEFB123	1.7180e+00	2.8648e-01	3.1485e-02
DEFB124	8.3300e-01	3.8562e-01	7.3231e-01
DEFB125	1.5260e+00	2.2196e-01	3.3885e-01
DEFB126	1.6960e+00	2.5963e-01	2.7031e-01
DEFB127	1.7020e+00	2.8935e-01	1.4654e-01
DEFB128	1.5950e+00	-6.2976e-01	3.1186e-01
DEFB129	1.4760e+00	1.2451e+00	2.2052e-01
DEFB131A	1.9090e+00	-1.5381e+00	2.8944e-02
DEFB131B	1.7970e+00	7.9154e-02	5.3662e-02
DEFB132	1.9470e+00	-8.3010e-02	2.7261e-03
DEFB134	1.6720e+00	-1.0764e+00	3.0037e-03
DEFB135	1.9540e+00	-1.8306e+00	2.6224e-07
DEFB136	1.9680e+00	-8.9088e-01	1.8577e-04
DEFB4A	1.8500e+00	1.1539e+00	3.3189e-01
DEGS1	1.0510e+00	7.9470e-01	3.8147e-05
DEGS2	1.1250e+00	1.0305e+00	6.4136e-05
DEK	7.6800e-01	4.2422e-01	2.7550e-03
DELE1	1.1790e+00	3.2596e-01	9.4373e-17
DENND10	1.0820e+00	1.5410e+00	7.5229e-04
DENND11	1.0490e+00	1.3179e+00	6.1094e-09
DENND1A	5.9300e-01	9.5655e-01	1.9933e-04
DENND1B	7.9800e-01	1.1130e+00	5.7710e-06
DENND1C	1.0230e+00	-6.2864e-02	1.6321e-18
DENND2A	6.3200e-01	1.8551e+00	4.0359e-06
DENND2B	3.7300e-01	2.3239e+00	1.0000e+00
DENND2C	7.4200e-01	1.7249e+00	1.7878e-11
DENND2D	7.8500e-01	1.2268e+00	2.6249e-07
DENND3	8.0500e-01	2.7116e+00	1.6001e-16
DENND4A	4.4300e-01	3.9851e+00	9.9992e-01
DENND4B	5.2700e-01	4.0283e+00	5.4079e-03
DENND4C	5.9000e-01	-7.3669e-01	1.9494e-09
DENND5A	5.7400e-01	3.2048e+00	2.3707e-04
DENND5B	3.5100e-01	3.6633e+00	1.0000e+00
DENND6A	7.0800e-01	1.6330e+00	4.2422e-05
DENND6B	1.2120e+00	-5.9724e-01	3.3262e-25
DENR	5.7000e-01	1.6072e+00	9.1670e-01
DEPDC1	9.3100e-01	1.6297e+00	2.5988e-11
DEPDC1B	9.5900e-01	1.2925e+00	7.3204e-11
DEPDC4	1.4150e+00	1.1616e-02	2.1012e-14
DEPDC5	4.0300e-01	3.7429e+00	1.0000e+00
DEPDC7	9.8600e-01	1.1873e+00	3.2551e-09
DEPP1	1.7740e+00	4.7500e-01	3.8207e-01
DEPTOR	1.2430e+00	5.9640e-01	2.8273e-13
DERA	6.5800e-01	-1.6005e-01	3.4069e-01
DERL1	7.3700e-01	1.2636e+00	9.0634e-03
DERL2	8.0100e-01	1.3445e+00	3.3268e-01
DERL3	1.4140e+00	-8.7251e-01	3.4176e-08
DERPC	1.8390e+00	-2.2187e-01	3.4113e-01
DES	8.1000e-01	3.7093e-01	2.4033e-06
DESI1	1.1180e+00	9.9770e-01	3.4513e-05
DESI2	8.1100e-01	1.1617e+00	5.8812e-01
DET1	6.9200e-01	4.0873e-01	6.5174e-03
DEUP1	1.0800e+00	6.2210e-02	9.6822e-11
DEXI	1.8230e+00	5.7455e-01	1.0500e-01
DFFA	7.8400e-01	5.9137e-01	7.7183e-03
DFFB	1.1430e+00	7.8887e-01	4.4922e-09
DGAT1	1.0550e+00	4.1962e-01	3.8462e-18
DGAT2	9.3000e-01	6.7584e-01	2.4276e-08
DGCR2	6.8600e-01	1.4575e-01	3.7203e-03
DGCR6L	1.1190e+00	1.4503e+00	2.4374e-07
DGCR8	2.7000e-01	4.0164e+00	1.0000e+00
DGKA	4.1900e-01	3.5512e+00	9.9999e-01
DGKB	7.5500e-01	9.5957e-01	1.5842e-04
DGKD	5.4700e-01	2.3324e+00	5.0459e-04
DGKE	9.9500e-01	8.8371e-01	1.2614e-13
DGKG	9.1500e-01	1.2253e+00	3.4251e-16
DGKH	6.8900e-01	2.7811e+00	1.3580e-12
DGKI	4.2800e-01	2.7270e+00	9.9997e-01
DGKQ	1.2940e+00	-2.6186e+00	7.7468e-36
DGKZ	NA	-4.8529e-01	NA
DGLUCY	1.2150e+00	5.3603e-01	2.1198e-19
DGUOK	1.1150e+00	-2.6190e-01	6.2222e-08
DHCR24	5.9700e-01	2.3914e+00	4.8572e-02
DHCR7	1.0870e+00	7.6289e-01	1.1484e-12
DHDDS	5.3600e-01	1.7803e+00	9.0959e-01
DHDH	1.2750e+00	2.6156e-01	5.4539e-10
DHFR2	1.3200e+00	8.9282e-01	2.5394e-03
DHFR	9.9400e-01	1.7043e+00	6.0812e-02
DHH	9.9900e-01	1.4250e+00	2.6650e-04
DHODH	1.0340e+00	-1.1329e-01	1.6102e-08
DHPS	8.2400e-01	2.2451e-01	3.6337e-05
DHRS1	1.2020e+00	1.2682e+00	7.4650e-12
DHRS11	9.0700e-01	4.8131e-01	2.9890e-04
DHRS12	1.2390e+00	-3.2410e-02	1.0309e-07
DHRS13	1.8940e+00	-1.0751e-01	4.1944e-13
DHRS2	1.4000e+00	-1.0657e+00	8.9919e-11
DHRS3	7.9000e-01	1.8287e+00	1.7117e-02
DHRS4	1.0430e+00	-3.3217e-01	1.1154e-05
DHRS4L2	1.3060e+00	-1.9566e+00	1.0550e-07
DHRS7	1.2920e+00	-2.9724e-01	1.5411e-11
DHRS7B	1.1790e+00	1.2335e+00	1.0510e-07
DHRS7C	1.2970e+00	-1.1913e-01	8.9446e-10
DHRS9	9.5100e-01	-4.5761e-01	1.5085e-04
DHTKD1	8.6400e-01	3.0914e-02	2.3646e-15
DHX15	1.5600e-01	7.9376e+00	1.0000e+00
DHX16	7.1600e-01	4.2612e+00	1.0486e-14
DHX29	5.7800e-01	2.1458e+00	2.7926e-04
DHX30	8.0000e-02	6.9127e+00	1.0000e+00
DHX32	9.1900e-01	2.0353e+00	2.2925e-14
DHX33	7.4300e-01	1.3623e+00	3.7704e-07
DHX34	1.0470e+00	8.8730e-02	1.2787e-29
DHX35	1.0080e+00	8.7128e-01	1.6282e-21
DHX36	4.0100e-01	2.3160e+00	1.0000e+00
DHX37	5.1800e-01	1.7658e+00	1.9775e-01
DHX38	7.5200e-01	2.3268e+00	2.7522e-20
DHX40	5.6900e-01	3.7006e+00	2.7695e-01
DHX57	7.4200e-01	-9.2733e-01	3.0238e-17
DHX58	9.5800e-01	1.8318e+00	8.8830e-15
DHX8	5.5400e-01	6.8604e+00	7.1142e-04
DHX9	2.6300e-01	7.2288e+00	1.0000e+00
DIABLO	1.2450e+00	-3.7595e-01	3.9070e-10
DIAPH1	3.6700e-01	2.4456e+00	1.0000e+00
DIAPH3	8.8900e-01	6.4132e-01	5.8673e-21
DICER1	2.7500e-01	6.1513e+00	1.0000e+00
DIDO1	2.3500e-01	5.4322e-01	1.0000e+00
DIMT1	1.1130e+00	8.3959e-01	3.6471e-09
DIO1	9.2400e-01	1.1669e+00	4.0861e-04
DIO2	1.2860e+00	9.2039e-01	1.4050e-06
DIO3	5.3700e-01	1.7147e+00	9.4963e-01
DIP2A	6.1700e-01	2.2200e+00	1.5943e-09
DIP2B	4.4800e-01	4.0735e+00	9.9980e-01
DIP2C	2.3500e-01	4.7898e+00	1.0000e+00
DIPK1A	1.2440e+00	1.3213e+00	2.1220e-07
DIPK1B	1.2150e+00	-9.3192e-01	2.7168e-05
DIPK1C	1.8820e+00	-1.0253e+00	9.3948e-17
DIPK2A	1.0040e+00	4.5220e-02	7.8662e-07
DIRAS1	9.0700e-01	1.4741e+00	3.5054e-01
DIRAS2	7.8200e-01	1.9206e+00	4.6370e-01
DIRAS3	1.8400e+00	1.4037e+00	3.4042e-01
DIS3	1.0760e+00	6.9229e-01	3.6179e-29
DIS3L2	4.6800e-01	1.4012e+00	9.9711e-01
DIS3L	9.6400e-01	1.3836e+00	6.3123e-27
DISC1	8.9300e-01	8.9913e-01	5.9742e-15
DISP1	1.0280e+00	3.0938e+00	1.3426e-07
DISP2	8.1300e-01	2.8516e-01	1.0978e-12
DISP3	8.8600e-01	1.6657e+00	1.0615e-25
DIXDC1	7.8300e-01	1.0106e+00	6.0360e-12
DKK1	1.1010e+00	3.3864e-01	2.0669e-05
DKK2	6.2100e-01	5.5298e-01	6.1166e-01
DKK3	9.5500e-01	1.0536e+00	1.9559e-06
DKK4	1.6360e+00	4.6831e-01	2.8845e-08
DKKL1	1.0170e+00	3.6301e-02	4.8961e-03
DLAT	7.5900e-01	1.3325e+00	3.1812e-06
DLC1	4.7400e-01	-4.3080e+00	9.8756e-01
DLD	7.2700e-01	1.5317e+00	2.5663e-04
DLEC1	8.1300e-01	6.7697e-01	3.5457e-34
DLEU7	1.9020e+00	-1.5756e+00	4.1442e-08
DLG1	4.9100e-01	1.5463e+00	9.8737e-01
DLG2	4.4400e-01	1.8693e+00	9.9976e-01
DLG4	1.5100e-01	4.8436e+00	1.0000e+00
DLG5	3.3300e-01	2.9122e+00	1.0000e+00
DLGAP1	2.2400e-01	2.6632e+00	1.0000e+00
DLGAP2	4.2500e-01	-4.7074e+00	9.9993e-01
DLGAP3	3.6700e-01	1.3592e+00	1.0000e+00
DLGAP4	3.3100e-01	2.7239e+00	1.0000e+00
DLGAP5	1.1120e+00	-1.9594e-01	4.2927e-23
DLK1	4.6100e-01	3.6075e-01	9.9480e-01
DLK2	5.2600e-01	2.2315e+00	9.5994e-01
DLL1	2.3600e-01	1.5314e+00	1.0000e+00
DLL3	1.5120e+00	-3.4030e+00	3.0199e-20
DLL4	1.9700e-01	3.9013e+00	1.0000e+00
DLST	4.8900e-01	1.2547e+00	9.8900e-01
DLX1	5.4600e-01	2.1748e+00	9.3873e-01
DLX2	5.2900e-01	3.1064e-01	9.5772e-01
DLX3	5.5900e-01	1.4283e+00	9.0732e-01
DLX4	1.0560e+00	1.6399e-01	4.9846e-04
DLX5	4.9800e-01	1.1636e+00	9.8115e-01
DLX6	3.7900e-01	-6.5997e-01	9.9841e-01
DMAC1	1.8420e+00	-1.6454e+00	1.2370e-05
DMAC2	1.3190e+00	6.6901e-01	9.7359e-12
DMAC2L	1.3150e+00	5.1483e-01	4.8046e-07
DMAP1	6.9100e-01	2.6135e+00	1.4506e-03
DMBT1	9.0400e-01	-3.5288e-01	1.0000e-51
DMBX1	4.0700e-01	1.1032e+00	9.9892e-01
DMC1	9.9000e-01	2.2737e+00	4.5409e-05
DMGDH	9.4200e-01	1.1583e+00	6.2725e-21
DMKN	1.0440e+00	2.2976e-01	4.9473e-17
DMP1	1.2090e+00	1.2873e+00	2.2589e-03
DMPK	6.7000e-01	-5.5874e-01	5.3027e-04
DMRT1	4.3200e-01	-2.3223e+00	9.9733e-01
DMRT2	1.2790e+00	-5.3430e+00	1.9527e-11
DMRT3	1.2730e+00	-2.6615e+00	5.6159e-10
DMRTA1	1.2790e+00	-2.9594e+00	3.7271e-12
DMRTA2	1.2360e+00	-2.2130e+00	8.0797e-03
DMRTB1	7.1600e-01	-1.8764e+00	2.4115e-01
DMRTC2	5.2100e-01	7.9925e-01	9.5952e-01
DMTF1	5.3900e-01	2.3525e+00	7.2035e-01
DMTN	6.9500e-01	1.3150e+00	8.2996e-04
DMWD	6.5000e-01	8.3944e-01	6.9449e-02
DMXL1	3.5900e-01	-1.3761e-01	1.0000e+00
DMXL2	3.6000e-01	3.3184e+00	1.0000e+00
DNA2	1.1150e+00	1.2240e+00	6.8618e-27
DNAAF10	9.9100e-01	9.5957e-01	5.1851e-07
DNAAF11	1.0180e+00	3.8254e-01	1.6371e-07
DNAAF1	1.1350e+00	-3.0342e+00	3.4027e-21
DNAAF2	1.8110e+00	-2.5823e+00	1.8693e-27
DNAAF3	1.1390e+00	-8.0759e-01	6.1143e-12
DNAAF4	1.0180e+00	-1.2189e+00	4.0683e-10
DNAAF5	1.1200e+00	-2.1906e+00	3.0536e-20
DNAAF8	1.4560e+00	-2.4178e+00	1.2498e-22
DNAAF9	7.5200e-01	1.0891e+00	6.7662e-04
DNAH10	7.6300e-01	3.5163e+00	8.4880e-78
DNAH11	9.1200e-01	-6.7134e+00	1.1451e-114
DNAH12	8.2700e-01	1.2387e+00	9.1992e-63
DNAH14	9.6900e-01	2.6300e+00	4.6434e-102
DNAH1	7.5900e-01	2.5890e+00	5.1879e-73
DNAH17	8.5900e-01	-1.9781e+00	1.7826e-96
DNAH2	6.5500e-01	4.8263e+00	6.6977e-56
DNAH3	8.3700e-01	2.4955e+00	3.3802e-77
DNAH5	7.6400e-01	2.1186e+00	8.8294e-79
DNAH6	7.5000e-01	3.4249e+00	1.3689e-56
DNAH7	9.6100e-01	3.5611e-01	2.9812e-102
DNAH8	6.9200e-01	2.6580e+00	1.3946e-41
DNAH9	7.7500e-01	1.7474e+00	6.7994e-74
DNAI1	8.5400e-01	8.5587e-01	7.0296e-16
DNAI2	9.6600e-01	1.9448e+00	9.4569e-16
DNAI3	8.7900e-01	1.2417e+00	4.5727e-18
DNAI4	8.6200e-01	9.0516e-02	2.6675e-14
DNAI7	1.2820e+00	7.8211e-01	2.8353e-13
DNAJA1	7.7200e-01	2.9475e+00	1.5757e-03
DNAJA2	2.5800e-01	2.8740e+00	1.0000e+00
DNAJA3	7.3700e-01	-7.9035e-01	1.8070e-04
DNAJA4	1.0240e+00	1.3773e+00	7.4782e-08
DNAJB11	9.3300e-01	1.5926e+00	1.1029e-04
DNAJB12	5.0900e-01	1.3639e+00	9.7302e-01
DNAJB13	9.0000e-01	3.5175e-01	1.9212e-04
DNAJB14	6.4000e-01	2.5698e+00	9.4879e-02
DNAJB1	9.5300e-01	-8.2995e-01	1.5878e-03
DNAJB2	8.3600e-01	1.2410e+00	2.2079e-04
DNAJB3	1.4740e+00	1.5404e-01	1.3658e-02
DNAJB4	6.1700e-01	1.8205e+00	6.8111e-01
DNAJB5	6.0500e-01	3.3647e+00	6.5152e-01
DNAJB6	9.2000e-01	9.0043e-02	7.7061e-04
DNAJB7	1.8500e+00	-7.7828e-01	4.2838e-02
DNAJB8	1.7860e+00	-5.8372e-01	3.7536e-01
DNAJB9	9.6400e-01	5.1731e-02	4.5376e-03
DNAJC10	1.0760e+00	-2.2182e-01	1.0183e-14
DNAJC11	2.8200e-01	2.4974e+00	1.0000e+00
DNAJC12	1.1930e+00	3.0641e-01	8.2410e-07
DNAJC13	2.6700e-01	3.3940e+00	1.0000e+00
DNAJC14	2.7200e-01	1.8483e+00	1.0000e+00
DNAJC15	1.6340e+00	-6.1626e-01	2.4289e-10
DNAJC16	9.3300e-01	1.4844e+00	3.2137e-18
DNAJC17	9.5000e-01	6.5332e-01	2.2343e-09
DNAJC18	1.0000e+00	1.8690e+00	8.6559e-09
DNAJC19	1.5470e+00	1.0653e+00	7.1195e-05
DNAJC1	9.6100e-01	-1.7781e-01	3.1837e-09
DNAJC21	1.0830e+00	3.0635e-01	1.0319e-16
DNAJC22	1.3740e+00	8.7621e-02	1.7268e-09
DNAJC24	1.5140e+00	6.4845e-01	1.0469e-03
DNAJC2	4.6600e-01	2.1712e+00	9.9747e-01
DNAJC25	9.6100e-01	2.4607e-01	3.2100e-06
DNAJC25-GNG10	1.9190e+00	-7.3527e-01	9.6288e-05
DNAJC27	7.9900e-01	3.5094e-01	5.5699e-02
DNAJC28	9.7200e-01	4.7727e-01	4.9076e-06
DNAJC30	1.4840e+00	-2.0128e-01	5.8770e-07
DNAJC3	7.3800e-01	1.0366e+00	1.1976e-05
DNAJC4	1.4440e+00	-6.2772e-01	7.3553e-10
DNAJC5	2.0500e-01	1.7888e+00	9.9993e-01
DNAJC5B	1.3560e+00	2.3707e-01	2.6825e-08
DNAJC5G	1.0190e+00	-5.2298e-02	1.3889e-03
DNAJC6	4.1600e-01	2.2290e+00	9.9999e-01
DNAJC7	3.8900e-01	2.9103e+00	9.9998e-01
DNAJC8	7.3300e-01	2.0675e+00	6.4658e-03
DNAJC9	8.4200e-01	-1.9480e-02	9.3997e-04
DNAL1	1.4700e+00	5.5016e-01	2.0090e-05
DNAL4	1.4430e+00	-6.1158e-02	6.3929e-04
DNALI1	1.2020e+00	7.1393e-01	3.6489e-10
DNASE1	1.4600e+00	-2.3431e+00	5.4406e-16
DNASE1L2	1.7480e+00	-2.0830e+00	2.3996e-15
DNASE1L3	1.1220e+00	3.3991e-01	5.5930e-08
DNASE2	1.1950e+00	8.8396e-01	1.8542e-08
DNASE2B	1.2100e+00	6.7724e-01	2.4275e-14
DND1	6.3500e-01	1.0669e-01	6.9869e-01
DNER	5.6100e-01	3.7265e-01	2.1022e-01
DNHD1	8.9700e-01	3.3197e+00	1.1816e-104
DNLZ	1.9550e+00	-1.5426e+00	4.3389e-05
DNM1	4.1700e-01	5.0313e+00	9.9997e-01
DNM1L	5.0600e-01	5.3293e+00	9.2424e-01
DNM2	2.3900e-01	4.8688e+00	1.0000e+00
DNM3	6.8900e-01	2.3973e+00	5.7830e-06
DNMBP	6.6400e-01	2.1962e+00	6.7533e-13
DNMT1	1.5000e-01	7.3454e+00	1.0000e+00
DNMT3A	1.9980e+00	1.9970e+00	3.0684e-146
DNMT3B	3.9600e-01	3.3349e+00	1.0000e+00
DNMT3L	1.1790e+00	1.5019e-01	1.1787e-10
DNPEP	9.6300e-01	6.5214e-01	2.5859e-12
DNPH1	1.9140e+00	-1.1837e+00	1.1585e-08
DNTT	9.4200e-01	-2.4869e-02	6.4596e-11
DNTTIP1	6.7300e-01	2.5071e+00	1.7542e-02
DNTTIP2	9.7600e-01	3.6279e-01	1.6153e-10
DOC2A	9.7400e-01	1.3197e+00	1.5809e-08
DOC2B	1.3710e+00	-1.3442e+00	1.4579e-06
DOCK10	6.4900e-01	1.8749e+00	1.3444e-15
DOCK1	6.3700e-01	3.3656e+00	1.9567e-18
DOCK2	4.2100e-01	4.9199e+00	1.0000e+00
DOCK3	2.9800e-01	4.3974e+00	1.0000e+00
DOCK4	4.4500e-01	1.6961e+00	9.9990e-01
DOCK5	6.7900e-01	1.7300e+00	2.2949e-21
DOCK6	8.7000e-01	8.3921e-01	1.3800e-40
DOCK7	5.5100e-01	3.8839e+00	8.7006e-08
DOCK8	6.2200e-01	-1.7115e+00	2.9093e-17
DOCK9	4.2500e-01	3.4648e+00	1.0000e+00
DOHH	1.6880e+00	-1.6771e+00	8.4720e-07
DOK1	7.4000e-01	9.4033e-01	1.2705e-02
DOK2	1.8380e+00	-2.3572e+00	3.8138e-13
DOK3	1.4700e+00	-9.3933e-01	1.3437e-09
DOK4	9.1500e-01	1.0853e+00	2.3966e-06
DOK5	9.3200e-01	3.7233e-01	1.0244e-05
DOK6	6.9200e-01	1.4643e+00	1.9936e-02
DOK7	1.6580e+00	-4.9970e+00	2.3110e-14
DOLK	8.5800e-01	1.6948e+00	2.3739e-04
DOLPP1	6.9000e-01	1.2364e+00	8.4124e-02
DONSON	9.1800e-01	-7.0976e-01	4.6796e-10
DOP1A	3.9500e-01	3.6898e+00	1.0000e+00
DOP1B	8.3100e-01	2.0642e+00	1.0660e-39
DOT1L	3.2100e-01	1.3785e+00	1.0000e+00
DPAGT1	8.3500e-01	2.3802e+00	2.7530e-05
DPCD	1.0700e+00	1.3313e+00	2.9916e-05
DPEP1	1.5050e+00	-1.3812e+00	3.5079e-20
DPEP2	1.0890e+00	4.6639e-01	1.2437e-13
DPEP2NB	1.8630e+00	3.5357e-01	1.8217e-01
DPEP3	1.0970e+00	1.4765e+00	8.8818e-13
DPF1	4.1500e-01	2.6541e+00	9.9983e-01
DPF2	2.8700e-01	3.3606e+00	1.0000e+00
DPF3	4.9100e-01	1.4757e+00	9.8725e-01
DPH1	1.3210e+00	-4.3560e-01	9.9258e-22
DPH2	9.1400e-01	8.3063e-01	7.5361e-07
DPH3	1.4390e+00	1.5704e-01	7.0828e-03
DPH5	1.2950e+00	7.5845e-01	1.2937e-06
DPH6	1.3990e+00	-8.0493e-01	1.6892e-08
DPH7	1.3700e+00	-8.5839e-01	3.5530e-17
DPM1	1.0050e+00	3.3652e-01	1.9340e-05
DPM2	1.2740e+00	4.5509e-02	1.3762e-02
DPM3	1.3640e+00	5.0157e-01	9.4613e-03
DPP10	3.7800e-01	1.7288e+00	1.0000e+00
DPP3	8.2700e-01	1.8932e+00	2.9700e-13
DPP4	9.0100e-01	6.4490e-01	1.6454e-17
DPP6	7.5100e-01	1.3720e+00	1.1525e-10
DPP7	1.7070e+00	-2.2504e+00	5.6935e-33
DPP8	3.6800e-01	2.6409e+00	1.0000e+00
DPP9	6.4700e-01	1.4404e+00	8.9310e-07
DPPA2	1.0040e+00	3.7575e-01	4.0989e-07
DPPA3	1.1130e+00	1.1018e+00	8.3259e-03
DPPA4	9.0100e-01	6.6940e-01	5.9267e-05
DPPA5	1.4840e+00	8.8566e-01	4.2878e-05
DPRX	1.7770e+00	8.5528e-01	1.9972e-05
DPT	9.6300e-01	2.3180e-01	1.9815e-05
DPY19L1	6.3300e-01	1.7514e+00	2.9103e-01
DPY19L2	7.3200e-01	2.0125e+00	3.3290e-04
DPY19L3	6.7300e-01	2.2618e+00	4.4930e-05
DPY19L4	1.1980e+00	3.3896e-01	5.1334e-26
DPY30	7.4700e-01	1.4465e+00	4.6037e-01
DPYD	1.0900e+00	1.0047e-01	6.0188e-30
DPYS	1.0290e+00	1.4001e-01	4.0417e-11
DPYSL2	2.9000e-01	3.9345e+00	1.0000e+00
DPYSL3	3.9100e-01	2.4417e+00	9.9998e-01
DPYSL4	8.8600e-01	1.2338e+00	1.2303e-10
DPYSL5	2.6800e-01	3.7416e+00	1.0000e+00
DQX1	9.7100e-01	1.3023e+00	3.8918e-18
DR1	6.4900e-01	2.8284e+00	6.9423e-01
DRAM1	1.1340e+00	2.3624e-01	3.6930e-03
DRAM2	1.1150e+00	3.9663e-01	1.0566e-06
DRAP1	7.3800e-01	1.6186e-01	1.8330e-01
DRAXIN	1.0820e+00	1.7687e+00	5.2414e-08
DRC1	8.6700e-01	6.5957e-01	1.5561e-18
DRC3	1.0560e+00	5.3783e-01	2.0476e-11
DRC7	8.8300e-01	1.6713e+00	1.0766e-18
DRD1	2.5200e-01	3.2072e+00	9.9991e-01
DRD2	3.7200e-01	3.3779e+00	9.9986e-01
DRD3	6.0400e-01	1.0876e+00	6.5813e-01
DRD4	1.9520e+00	-6.3234e+00	7.1662e-14
DRD5	1.8510e+00	-1.3312e+00	9.4369e-02
DRG1	6.9800e-01	2.8225e+00	1.6645e-02
DRG2	9.3200e-01	2.3504e+00	6.7865e-09
DRGX	1.0620e+00	-2.4256e-01	4.3971e-06
DRICH1	1.3090e+00	1.8094e-01	1.7268e-09
DROSHA	3.9000e-01	4.5499e+00	1.0000e+00
DSC1	9.5100e-01	9.0944e-02	2.0145e-21
DSC2	7.4300e-01	8.4916e-01	7.7585e-10
DSC3	1.2710e+00	-7.2382e-01	2.1745e-31
DSCAM	2.8000e-01	4.4469e+00	1.0000e+00
DSCAML1	2.5300e-01	4.5942e+00	1.0000e+00
DSCC1	8.4700e-01	5.4870e-01	6.0525e-05
DSE	5.6300e-01	3.7030e+00	6.2098e-02
DSEL	7.4300e-01	1.7670e+00	1.6427e-11
DSG1	4.5500e-01	4.8529e-01	9.9927e-01
DSG2	7.6400e-01	1.3758e+00	1.4607e-07
DSG3	8.6200e-01	4.2856e-01	1.5328e-13
DSG4	1.0610e+00	-2.3289e-01	6.2985e-24
DSN1	8.4700e-01	7.4906e-01	7.7743e-07
DSP	4.4300e-01	2.6512e+00	9.9991e-01
DSPP	1.2710e+00	3.2166e+00	1.3084e-09
DST	2.9700e-01	3.9467e+00	1.0000e+00
DSTN	1.0050e+00	1.5791e+00	1.0012e-02
DSTYK	4.4500e-01	2.8480e+00	9.9974e-01
DTD1	8.0900e-01	1.5902e+00	3.1362e-02
DTD2	1.4290e+00	3.6897e-01	1.3436e-04
DTHD1	1.0340e+00	2.9944e-01	2.1500e-18
DTL	6.3500e-01	2.0335e+00	1.0461e-02
DTNA	5.2300e-01	2.2978e+00	4.0228e-01
DTNB	9.3600e-01	7.8178e-01	2.4508e-16
DTNBP1	1.1030e+00	-3.1502e-01	2.4763e-10
DTWD1	1.2830e+00	7.6073e-03	2.4768e-09
DTWD2	1.7110e+00	-2.8957e+00	1.4309e-15
DTX1	7.4000e-01	1.3033e+00	2.5379e-04
DTX2	8.5500e-01	1.8869e+00	5.6227e-06
DTX3	5.9500e-01	2.6695e+00	7.7819e-01
DTX3L	6.8600e-01	1.2485e+00	2.5397e-04
DTX4	7.3200e-01	1.2900e+00	1.3802e-04
DTYMK	1.4040e+00	-7.3633e-01	2.0617e-07
DUOX1	8.9000e-01	1.8820e+00	3.1158e-34
DUOX2	1.1650e+00	3.3927e-02	4.3443e-64
DUOXA1	1.0120e+00	7.3892e-01	1.7428e-05
DUOXA2	1.1600e+00	-8.4977e-01	5.9217e-07
DUS1L	1.1030e+00	5.0491e-01	2.1723e-15
DUS2	8.7500e-01	1.3527e+00	9.6795e-12
DUS3L	1.1390e+00	-6.8328e-03	6.6133e-20
DUS4L	1.1780e+00	6.2177e-01	2.5049e-09
DUS4L-BCAP29	NA	2.1508e-01	NA
DUSP10	7.0400e-01	1.4100e+00	8.6550e-02
DUSP11	1.9000e+00	5.6072e-01	7.2156e-02
DUSP12	9.4500e-01	8.0695e-01	4.3746e-06
DUSP13	1.4070e+00	6.4254e-01	2.3022e-12
DUSP14	7.6600e-01	2.0306e+00	4.9867e-01
DUSP15	1.5000e+00	-1.7995e+00	6.0078e-09
DUSP16	5.0200e-01	1.6928e+00	9.7336e-01
DUSP1	6.9100e-01	1.7756e-01	3.2647e-01
DUSP18	9.8400e-01	5.9778e-01	1.0856e-01
DUSP19	1.5160e+00	2.4588e-01	1.1108e-06
DUSP2	1.4420e+00	-1.4221e+00	1.4629e-07
DUSP22	1.4070e+00	-1.2408e+00	8.2465e-11
DUSP23	1.3520e+00	-1.2326e+00	1.0061e-03
DUSP26	9.7700e-01	1.5818e+00	2.1714e-03
DUSP28	1.9770e+00	-4.2304e+00	5.0228e-07
DUSP29	1.4400e+00	1.9999e-01	2.4226e-05
DUSP3	1.0620e+00	7.2933e-01	4.0157e-02
DUSP4	8.0800e-01	1.2889e+00	2.0237e-02
DUSP5	1.0690e+00	-1.4189e+00	2.0296e-06
DUSP6	4.5000e-01	1.0269e+00	9.9379e-01
DUSP7	5.4700e-01	1.8478e+00	9.3773e-01
DUSP8	8.1300e-01	-3.5229e-01	1.8540e-02
DUT	1.6840e+00	-1.2104e+00	3.3881e-07
DUXA	1.1800e+00	1.5107e-01	1.0350e-07
DVL1	1.0460e+00	-2.5647e+00	1.2538e-14
DVL2	7.1900e-01	1.0542e+00	2.9734e-06
DVL3	5.3600e-01	2.4758e+00	6.9837e-01
DXO	1.2640e+00	7.1815e-01	1.4657e-14
DYDC1	1.0600e+00	2.5532e-01	6.6006e-05
DYDC2	1.4040e+00	9.3766e-01	4.7968e-07
DYM	1.0810e+00	9.2126e-01	7.9636e-21
DYNAP	1.2210e+00	-5.6219e-01	6.5982e-02
DYNC1H1	1.1700e-01	1.6078e+01	1.0000e+00
DYNC1I1	6.4700e-01	2.6579e+00	4.7741e-05
DYNC1I2	8.4000e-01	3.3565e+00	2.0289e-08
DYNC1LI1	5.0200e-01	6.7057e-01	9.8072e-01
DYNC1LI2	4.7400e-01	2.2842e+00	9.9538e-01
DYNC2H1	8.5900e-01	4.7463e-01	1.5874e-83
DYNC2I1	8.0200e-01	5.5820e-01	2.2708e-17
DYNC2I2	1.0360e+00	-5.5611e-01	8.6153e-12
DYNC2LI1	1.0280e+00	-8.5502e-01	8.2431e-03
DYNLL1	7.4400e-01	2.3196e+00	6.8880e-01
DYNLL2	4.6200e-01	2.8055e+00	9.6044e-01
DYNLRB1	8.5100e-01	1.2495e+00	2.4199e-01
DYNLRB2	1.6240e+00	-6.8060e-01	7.9805e-06
DYNLT1	1.2760e+00	2.5848e-01	7.4145e-05
DYNLT2	1.3760e+00	-3.7580e-01	2.6813e-07
DYNLT2B	1.2360e+00	7.8097e-01	2.1154e-04
DYNLT4	1.9430e+00	-2.0438e+00	4.3724e-04
DYNLT5	1.6570e+00	3.2060e-02	4.1270e-07
DYRK1A	1.7200e-01	4.1205e+00	1.0000e+00
DYRK1B	5.4800e-01	1.2093e+00	7.7746e-01
DYRK2	4.9400e-01	1.4215e+00	9.8561e-01
DYRK3	1.0230e+00	7.6789e-01	3.9383e-08
DYRK4	1.1180e+00	8.1454e-01	7.1086e-20
DYSF	8.3600e-01	1.3979e+00	3.6575e-52
DYTN	1.3280e+00	-8.5322e-02	5.4938e-27
DZANK1	NA	-1.3458e-01	NA
DZIP1	1.0100e+00	5.3707e-01	1.1751e-23
DZIP1L	1.2570e+00	4.1775e-01	2.5456e-30
DZIP3	7.8100e-01	1.3337e+00	5.4483e-16
E2F1	3.9900e-01	1.8728e+00	9.9923e-01
E2F2	7.6100e-01	1.2011e+00	2.0761e-03
E2F3	3.9300e-01	1.3750e+00	9.9959e-01
E2F4	6.1500e-01	2.3990e-01	3.5515e-01
E2F5	1.0080e+00	4.5287e-01	4.4343e-04
E2F6	1.0730e+00	1.2450e+00	2.1621e-04
E2F7	5.8000e-01	1.8762e+00	1.8949e-02
E2F8	5.3900e-01	1.5470e+00	4.2701e-01
E4F1	6.3800e-01	-4.8053e-01	6.5018e-03
EAF1	1.0120e+00	1.6177e+00	6.3214e-05
EAF2	1.1360e+00	5.7549e-01	1.1609e-04
EAPP	1.4410e+00	3.2552e-01	1.2797e-10
EARS2	1.1380e+00	8.0959e-02	7.0535e-14
EBAG9	6.6400e-01	1.1120e+00	6.4538e-01
EBF1	2.6400e-01	3.5096e+00	1.0000e+00
EBF2	3.9400e-01	1.4447e+00	9.9998e-01
EBF3	3.5300e-01	3.1501e+00	1.0000e+00
EBF4	8.6800e-01	-1.8613e+00	2.4171e-07
EBI3	1.3730e+00	-7.8138e-01	6.3142e-07
EBLN1	1.9080e+00	5.7841e-02	1.2116e-02
EBLN2	1.9620e+00	-1.1814e+00	9.0397e-05
EBNA1BP2	1.0060e+00	1.1089e+00	1.0360e-09
EBPL	1.4120e+00	5.4108e-02	6.1693e-09
ECD	8.8800e-01	1.2646e+00	1.8919e-11
ECE1	4.8200e-01	2.4896e+00	9.8765e-01
ECE2	9.6500e-01	1.2304e+00	2.4459e-22
ECEL1	1.0990e+00	-4.1176e-01	1.7007e-27
ECH1	1.0830e+00	-1.6112e-01	1.5281e-09
ECHDC1	1.4520e+00	6.8436e-01	4.4817e-11
ECHDC2	1.0330e+00	7.7383e-01	1.2410e-07
ECHDC3	1.6140e+00	-6.2354e-01	3.4446e-06
ECHS1	9.0700e-01	7.0813e-01	9.3220e-04
ECI1	1.4850e+00	-1.3647e+00	6.9732e-13
ECI2	9.4900e-01	4.6659e-01	6.3048e-07
ECM1	1.0510e+00	1.0007e+00	3.8236e-17
ECM2	1.0030e+00	1.4986e+00	1.9387e-13
ECPAS	3.1600e-01	2.7229e+00	1.0000e+00
ECRG4	1.5250e+00	-4.3520e-01	2.5092e-06
ECSCR	1.2700e+00	-2.8863e-01	3.2974e-03
ECSIT	1.0330e+00	9.1236e-01	4.2841e-09
ECT2	6.6400e-01	1.9037e+00	1.5403e-04
ECT2L	1.1270e+00	9.9586e-01	6.6862e-35
EDAR	9.2700e-01	1.2955e+00	1.2430e-09
EDARADD	9.9100e-01	1.2558e+00	1.0143e-03
EDC3	6.5600e-01	3.2166e+00	4.2724e-02
EDC4	4.9400e-01	4.7364e+00	5.9346e-01
EDDM13	1.9430e+00	-3.2148e-01	1.6156e-04
EDDM3A	1.9430e+00	-3.1356e-01	1.0504e-01
EDDM3B	1.8830e+00	1.4151e-02	3.0261e-01
EDEM1	1.1150e+00	-1.3832e+00	8.0603e-19
EDEM2	7.4900e-01	2.0111e+00	7.2159e-07
EDEM3	6.7100e-01	1.4624e+00	4.8964e-06
EDF1	4.9700e-01	1.6366e+00	9.7673e-01
EDIL3	7.0500e-01	1.2321e+00	8.9833e-06
EDN1	8.4000e-01	7.1523e-01	4.5322e-03
EDN2	9.6900e-01	2.6787e-01	4.2966e-03
EDN3	6.9600e-01	-5.1700e-02	3.8182e-01
EDNRA	4.2400e-01	3.9853e+00	9.9908e-01
EDNRB	5.8500e-01	1.8888e+00	4.9438e-01
EDRF1	5.3000e-01	3.8194e+00	1.7283e-02
EEA1	6.6300e-01	2.0998e+00	8.2297e-12
EED	4.1000e-01	2.9266e+00	9.9914e-01
EEF1A1	1.2600e-01	5.7264e+00	1.0000e+00
EEF1A2	3.1400e-01	6.0642e+00	9.9995e-01
EEF1AKMT1	1.1690e+00	5.7948e-01	4.7460e-06
EEF1AKMT2	1.5890e+00	6.1792e-02	4.0274e-06
EEF1AKMT3	1.3450e+00	1.2569e+00	4.0906e-06
EEF1AKMT4	1.0450e+00	6.0492e-01	7.9360e-05
EEF1AKMT4-ECE2	8.8500e-01	1.5440e+00	4.0209e-21
EEF1AKNMT	9.4900e-01	1.1374e+00	8.8281e-14
EEF1B2	6.8800e-01	1.0229e+00	2.1200e-01
EEF1D	1.0850e+00	-1.0022e+00	3.2684e-14
EEF1E1	1.3500e+00	3.6156e-01	9.6669e-05
EEF1E1-BLOC1S5	NA	-8.8472e-02	NA
EEF1G	3.9700e-01	3.3563e+00	9.9994e-01
EEF2	3.9000e-01	3.6054e+00	9.9999e-01
EEF2K	8.9600e-01	7.7470e-01	3.9516e-17
EEF2KMT	1.3770e+00	-1.4101e+00	2.1724e-11
EEFSEC	1.3450e+00	5.7989e-01	9.5613e-16
EEPD1	5.6100e-01	1.1755e+00	8.1230e-01
EFCAB10	1.8840e+00	NA	1.6678e-01
EFCAB11	1.0600e+00	2.5871e-01	4.7870e-04
EFCAB1	1.3500e+00	3.7947e-02	2.1220e-04
EFCAB12	1.0610e+00	1.1101e+00	5.4121e-13
EFCAB13	9.5300e-01	1.6529e+00	1.0011e-12
EFCAB14	9.6200e-01	1.1059e+00	6.6719e-11
EFCAB2	1.4660e+00	-1.0982e-01	3.4513e-09
EFCAB3	1.1020e+00	1.6262e+00	6.9134e-12
EFCAB5	9.0800e-01	8.4360e-01	8.3587e-31
EFCAB6	1.0130e+00	9.9427e-01	1.9572e-39
EFCAB7	1.1120e+00	1.0148e+00	1.3984e-13
EFCAB8	9.4600e-01	1.3615e+00	1.8296e-20
EFCAB9	1.4930e+00	8.4698e-01	3.1223e-06
EFCC1	1.4340e+00	-1.1105e+00	3.1325e-18
EFEMP1	3.7300e-01	2.7165e+00	1.0000e+00
EFEMP2	5.6000e-01	1.7076e+00	6.2375e-01
EFHB	1.2440e+00	-5.3957e-01	5.4228e-27
EFHC1	9.0600e-01	1.3019e+00	2.4306e-13
EFHD1	1.1210e+00	-5.8425e-01	4.0676e-03
EFHD2	1.1820e+00	9.5416e-01	6.5333e-04
EFL1	7.1800e-01	2.3359e+00	1.4689e-12
EFNA1	5.9000e-01	1.2176e+00	8.4650e-01
EFNA2	1.4470e+00	-5.3744e-01	1.8385e-06
EFNA3	1.0330e+00	2.8434e-01	3.3472e-04
EFNA4	1.3320e+00	-1.4398e-01	7.9676e-08
EFNA5	4.7600e-01	1.2368e+00	9.7720e-01
EFNB2	2.6100e-01	3.1166e+00	9.9997e-01
EFNB3	8.0500e-01	4.2550e-01	2.0898e-02
EFR3A	9.6700e-01	1.5178e-01	4.5923e-14
EFR3B	7.4700e-01	3.9641e+00	4.5772e-12
EFS	1.1650e+00	-3.9835e-01	7.2180e-11
EFTUD2	1.4500e-01	5.3671e+00	1.0000e+00
EGF	7.4100e-01	2.2238e+00	1.3128e-17
EGFL7	1.7970e+00	-8.9099e-01	9.1665e-21
EGFL8	1.0910e+00	4.7084e-01	6.4594e-10
EGFLAM	8.3000e-01	7.2897e-01	1.6393e-17
EGFR	4.7500e-01	3.0635e+00	9.8251e-01
EGLN1	7.3900e-01	9.1454e-01	1.2898e-02
EGLN2	5.8200e-01	1.4572e+00	6.6800e-01
EGLN3	8.0000e-01	1.8425e+00	3.5666e-02
EGR1	4.6200e-01	2.5696e+00	9.9384e-01
EGR2	4.0100e-01	2.7999e+00	9.9692e-01
EGR3	3.9600e-01	3.9103e+00	9.9740e-01
EGR4	1.5640e+00	-1.9647e+00	8.2494e-09
EHBP1	5.5700e-01	1.6875e+00	6.1801e-03
EHBP1L1	1.0620e+00	-1.2209e+00	5.7191e-38
EHD1	6.7600e-01	2.7604e+00	1.1375e-01
EHD2	1.0230e+00	8.8571e-01	1.4726e-07
EHD3	5.7800e-01	1.9688e+00	6.1278e-01
EHD4	1.0180e+00	1.1845e+00	2.0805e-10
EHF	4.8300e-01	1.9501e+00	9.9126e-01
EHHADH	8.7300e-01	6.2203e-01	1.1695e-08
EHMT1	1.5900e-01	1.9902e+00	1.0000e+00
EHMT2	7.0800e-01	2.5208e+00	3.9319e-02
EI24	7.2200e-01	1.7574e+00	1.9204e-02
EID1	5.4400e-01	5.2504e-02	9.3908e-01
EID2	1.2950e+00	6.2996e-01	4.3338e-01
EID2B	1.7590e+00	-1.6684e-01	2.4148e-01
EID3	1.9080e+00	-5.7266e-01	4.8698e-03
EIF1	6.2600e-01	2.4200e+00	8.5646e-01
EIF1AD	6.8900e-01	1.1561e+00	4.0984e-01
EIF1B	8.0000e-01	2.4483e+00	5.1839e-01
EIF2A	1.1070e+00	4.5147e-01	4.3393e-16
EIF2AK1	8.8400e-01	-3.6429e-01	2.2262e-11
EIF2AK2	7.3500e-01	1.2600e+00	2.1200e-05
EIF2AK3	6.0600e-01	1.8175e+00	5.7257e-04
EIF2AK4	7.5000e-01	3.5338e+00	2.0877e-22
EIF2B1	1.0600e+00	2.2755e+00	9.7941e-09
EIF2B2	1.2500e+00	1.8987e+00	1.6143e-10
EIF2B3	5.2200e-01	1.9412e+00	9.2891e-01
EIF2B4	6.8700e-01	6.7524e-01	7.3276e-05
EIF2B5	5.4400e-01	1.8363e+00	1.6470e-01
EIF2D	8.6200e-01	2.2462e+00	9.1418e-13
EIF2S1	2.6800e-01	3.5275e+00	9.9981e-01
EIF2S2	2.6100e-01	3.9025e+00	9.9999e-01
EIF2S3B	8.9600e-01	1.2450e+00	3.3412e-03
EIF3A	1.8000e-01	4.0897e+00	1.0000e+00
EIF3B	1.0700e-01	8.8764e-01	1.0000e+00
EIF3C	7.4600e-01	2.5888e+00	7.3634e-01
EIF3D	1.9100e-01	4.6131e+00	1.0000e+00
EIF3E	8.2500e-01	3.1028e+00	2.8501e-04
EIF3F	4.6000e-01	2.7315e-01	9.9419e-01
EIF3G	4.0800e-01	2.6765e+00	9.9958e-01
EIF3H	7.9900e-01	1.6424e+00	7.0136e-05
EIF3I	8.2200e-01	2.2867e+00	2.6082e-02
EIF3J	6.7700e-01	9.4830e-01	5.3152e-01
EIF3K	1.0410e+00	1.2264e+00	1.0712e-07
EIF3L	5.8500e-01	3.4030e+00	3.5874e-02
EIF3M	6.3100e-01	1.6399e+00	1.2509e-01
EIF4A1	3.3700e-01	5.2170e+00	1.0000e+00
EIF4A2	2.9800e-01	5.4571e+00	1.0000e+00
EIF4A3	8.4000e-02	5.2237e+00	1.0000e+00
EIF4B	1.7600e-01	3.5295e+00	1.0000e+00
EIF4E1B	1.0850e+00	-1.9488e-01	1.6195e-06
EIF4E2	7.2600e-01	1.8285e+00	8.0345e-02
EIF4E3	1.2560e+00	-7.0309e-01	1.7415e-08
EIF4E	9.0000e-02	3.4842e+00	1.0000e+00
EIF4EBP1	1.2820e+00	-4.4756e-02	5.3500e-02
EIF4EBP2	1.6070e+00	-1.2662e+00	4.3340e-02
EIF4EBP3	1.5940e+00	-1.9973e-01	1.3354e-04
EIF4ENIF1	2.8500e-01	2.5489e+00	1.0000e+00
EIF4G1	4.8000e-02	4.0767e+00	1.0000e+00
EIF4G2	1.1700e-01	3.5343e+00	1.0000e+00
EIF4G3	2.1300e-01	3.5699e+00	1.0000e+00
EIF4H	5.0700e-01	2.7848e+00	9.7569e-01
EIF5	3.4700e-01	2.4897e+00	9.9999e-01
EIF5A2	1.3010e+00	9.8438e-01	1.3192e-03
EIF5A	2.7800e-01	4.4862e+00	9.9865e-01
EIF5AL1	1.2250e+00	2.1776e+00	2.0754e-01
EIF5B	3.8200e-01	3.6127e+00	1.0000e+00
EIF6	6.2300e-01	1.5989e+00	6.5122e-01
EIPR1	7.6000e-01	1.4553e+00	2.1645e-04
ELAC1	1.0450e+00	9.6333e-01	4.1173e-05
ELAC2	1.0200e+00	-7.4804e-02	2.8305e-27
ELANE	1.2450e+00	-5.5026e-01	4.1675e-04
ELAPOR1	7.6800e-01	2.0288e+00	6.9846e-15
ELAPOR2	9.3900e-01	1.0284e+00	1.1501e-16
ELAVL1	1.5800e-01	5.2521e+00	1.0000e+00
ELAVL2	2.4900e-01	5.6236e-01	1.0000e+00
ELAVL3	4.1200e-01	4.1267e+00	9.9908e-01
ELAVL4	1.3700e-01	3.6603e+00	1.0000e+00
ELF1	6.5600e-01	1.6083e+00	2.1991e-02
ELF2	2.7100e-01	2.8502e+00	1.0000e+00
ELF3	6.7800e-01	2.0139e+00	1.4955e-02
ELF5	1.0640e+00	4.8334e-01	4.4793e-09
ELFN1	1.8410e+00	-9.5313e-01	3.3237e-03
ELFN2	5.6600e-01	3.0022e+00	7.1553e-01
ELK3	6.0800e-01	1.1297e+00	7.2150e-01
ELK4	8.5600e-01	1.0696e+00	2.0780e-03
ELL2	3.4800e-01	2.7409e+00	1.0000e+00
ELL3	1.0180e+00	5.8647e-01	1.2010e-13
ELL	4.6600e-01	1.6474e-01	9.9714e-01
ELMO1	3.4300e-01	4.0945e+00	1.0000e+00
ELMO2	4.8600e-01	4.6759e+00	9.8091e-01
ELMO3	1.0930e+00	3.5909e-01	2.5115e-25
ELMOD1	6.6500e-01	1.0745e+00	1.4738e-01
ELMOD2	8.8100e-01	3.5648e-01	1.5299e-04
ELMOD3	1.0210e+00	1.1518e+00	2.1153e-08
ELN	6.9600e-01	1.2583e+00	7.6169e-10
ELOA2	1.8410e+00	-2.7145e+00	4.4847e-02
ELOA	2.8500e-01	2.1575e+00	1.0000e+00
ELOA3CP	NA	4.3026e+00	NA
ELOB	7.8800e-01	6.8858e-01	6.2297e-01
ELOC	3.0400e-01	3.1977e+00	9.8531e-01
ELOF1	1.1000e+00	1.3418e+00	4.0307e-01
ELOVL1	4.2700e-01	2.1943e+00	9.9896e-01
ELOVL2	1.3360e+00	5.3239e-01	9.6100e-14
ELOVL3	1.1340e+00	1.5541e+00	3.7082e-03
ELOVL4	6.4900e-01	1.7180e+00	1.2588e-01
ELOVL5	4.0500e-01	1.8660e+00	9.9902e-01
ELOVL6	4.2800e-01	4.1115e+00	9.9683e-01
ELOVL7	1.0350e+00	5.6208e-01	8.9339e-05
ELP1	8.0300e-01	9.8074e-01	1.1953e-23
ELP2	8.6900e-01	8.8423e-01	5.4885e-16
ELP3	9.3600e-01	1.8390e+00	1.8128e-12
ELP4	1.3770e+00	2.3458e-02	5.2279e-11
ELP5	1.3290e+00	3.2561e-01	1.4748e-12
ELP6	1.2040e+00	7.0302e-01	3.2451e-06
ELSPBP1	1.4670e+00	1.5698e-01	8.3180e-15
EMB	8.8900e-01	-3.6037e-01	6.2839e-03
EMC10	1.6060e+00	-1.7206e+00	3.4071e-13
EMC1	9.1300e-01	2.3619e+00	1.0051e-25
EMC2	1.8400e+00	-5.4987e-01	3.2488e-05
EMC3	5.4800e-01	2.1756e+00	9.1578e-01
EMC4	7.0700e-01	1.6562e+00	3.4265e-01
EMC6	7.3400e-01	9.8385e-01	7.7762e-01
EMC7	3.7500e-01	1.8558e+00	9.9861e-01
EMC8	9.1500e-01	1.8611e-01	2.3214e-02
EMC9	1.1150e+00	6.0967e-01	4.3378e-06
EMCN	1.3550e+00	2.8662e-01	8.4788e-06
EME1	1.2480e+00	1.0855e+00	2.8937e-20
EME2	1.9420e+00	-3.3838e+00	3.5651e-28
EMG1	1.2280e+00	4.8780e-01	2.5463e-07
EMID1	9.9400e-01	-3.8644e-01	5.1538e-11
EMILIN1	8.3200e-01	-1.3608e-01	3.1940e-10
EMILIN2	1.0470e+00	-8.8715e-01	8.8336e-21
EMILIN3	1.1270e+00	5.7544e-01	4.3645e-14
EML1	3.6000e-01	3.3528e+00	1.0000e+00
EML2	8.4500e-01	7.8272e-01	1.1628e-13
EML3	6.3000e-01	2.0603e+00	2.4595e-06
EML4	6.8000e-01	-1.3340e+00	3.8359e-07
EML5	5.6500e-01	3.0963e+00	1.2485e-08
EML6	7.2600e-01	-2.9156e+00	1.4134e-21
EMP1	6.2900e-01	9.7487e-01	8.1803e-01
EMP2	1.8550e+00	-6.9260e-01	1.3258e-09
EMP3	1.0210e+00	7.1389e-01	3.8448e-04
EMSY	1.0430e+00	1.1455e+00	4.4407e-01
EMX1	1.3240e+00	-2.0683e+00	1.1646e-03
EMX2	4.9900e-01	9.3448e-01	9.7789e-01
EN1	7.2400e-01	-6.1377e-01	5.2279e-01
EN2	7.7500e-01	-2.3468e+00	3.9034e-01
ENAH	4.2300e-01	1.7270e+00	9.9976e-01
ENAM	8.9200e-01	6.1748e-01	1.1786e-03
ENC1	6.5300e-01	3.8720e+00	6.3940e-02
ENDOD1	1.8430e+00	-4.6117e-01	1.2227e-05
ENDOG	1.8470e+00	-1.5398e+00	5.2150e-10
ENDOU	1.0940e+00	1.0548e+00	1.9393e-12
ENDOV	1.4390e+00	-2.1508e+00	3.4618e-14
ENG	3.7400e-01	1.2850e+00	1.0000e+00
ENGASE	1.0180e+00	6.3261e-01	2.6141e-19
ENHO	1.8710e+00	5.9254e-01	6.6900e-03
ENKD1	1.4740e+00	-2.7066e-01	2.8410e-15
ENKUR	9.8000e-01	2.3968e-01	5.2640e-05
ENO1	9.2600e-01	1.4001e+00	9.2993e-08
ENO2	5.4200e-01	2.5255e+00	8.4151e-01
ENO3	1.1810e+00	2.6335e-01	4.7177e-15
ENO4	8.8800e-01	7.3538e-01	7.6907e-08
ENOPH1	7.3300e-01	1.7577e+00	1.0121e-01
ENOSF1	1.2360e+00	-1.2381e-01	2.5469e-22
ENOX1	6.2700e-01	3.0798e+00	1.2261e-03
ENPEP	1.0260e+00	9.0470e-02	5.6977e-25
ENPP1	7.2900e-01	1.2082e+00	1.7403e-05
ENPP2	6.3900e-01	1.6684e+00	4.1819e-02
ENPP3	1.2110e+00	5.1033e-01	2.0771e-15
ENPP4	8.3500e-01	1.2833e+00	8.1339e-03
ENPP5	1.1130e+00	8.5835e-01	1.7865e-09
ENPP6	9.9700e-01	6.4076e-01	1.8045e-08
ENPP7	1.4710e+00	9.4102e-01	2.9803e-15
ENSA	7.9000e-01	1.6723e+00	2.7003e-01
ENTHD1	9.2800e-01	1.3001e+00	2.0256e-05
ENTPD1	7.3700e-01	1.9370e+00	1.2180e-05
ENTPD2	1.3770e+00	-1.3652e+00	1.8583e-18
ENTPD3	1.4540e+00	1.1510e+00	2.6730e-24
ENTPD4	9.0500e-01	3.6154e-01	4.6672e-13
ENTPD5	9.4500e-01	7.8992e-01	1.6701e-08
ENTPD6	9.4900e-01	4.0707e-01	1.4580e-11
ENTPD7	8.1300e-01	1.8700e+00	1.4373e-10
ENTPD8	9.8900e-01	-1.5145e-01	1.5630e-09
ENTR1	1.3380e+00	-1.3295e+00	1.5895e-14
ENY2	7.3900e-01	2.0861e+00	6.3633e-01
EOGT	1.1210e+00	-4.6780e-01	4.8218e-07
EOMES	4.9300e-01	-1.5048e-01	9.8623e-01
EP300	1.6400e-01	2.6711e+00	1.0000e+00
EP400	3.6500e-01	4.1628e+00	1.0000e+00
EPAS1	3.6600e-01	2.2063e-01	1.0000e+00
EPB41	7.3800e-01	2.3584e+00	3.8406e-11
EPB41L1	3.8600e-01	4.2506e+00	1.0000e+00
EPB41L2	5.1400e-01	1.2455e+00	7.6184e-01
EPB41L3	5.6200e-01	1.4002e+00	2.3911e-03
EPB41L4A	1.2610e+00	-1.4707e+00	1.3959e-18
EPB41L4B	2.8600e-01	1.0978e+00	1.0000e+00
EPB41L5	6.0900e-01	9.8176e-01	1.5529e-02
EPB42	7.7100e-01	2.2129e+00	1.1421e-09
EPC1	2.2900e-01	3.3837e+00	1.0000e+00
EPC2	2.0300e-01	2.4978e+00	1.0000e+00
EPCAM	1.3410e+00	-1.9634e+00	4.2301e-06
EPDR1	1.6260e+00	-1.7141e+00	1.9408e-12
EPG5	5.8000e-01	1.7487e+00	1.6929e-14
EPGN	1.4560e+00	-2.6831e-01	1.7240e-06
EPHA10	1.4810e+00	-1.1369e+00	4.7268e-50
EPHA1	9.8900e-01	1.2079e+00	7.5026e-26
EPHA2	6.5200e-01	2.6670e+00	2.8105e-07
EPHA3	5.0800e-01	8.4553e-01	8.0091e-01
EPHA4	2.5600e-01	4.0297e+00	1.0000e+00
EPHA5	7.1100e-01	7.1188e-01	2.3690e-09
EPHA6	6.3300e-01	1.6758e+00	6.0266e-05
EPHA7	2.8200e-01	3.0052e+00	1.0000e+00
EPHA8	7.1700e-01	1.1270e+00	3.9755e-10
EPHB1	4.4100e-01	3.0453e+00	9.9980e-01
EPHB2	2.6500e-01	4.1240e+00	1.0000e+00
EPHB3	4.3500e-01	3.6680e+00	9.9991e-01
EPHB4	6.4500e-01	1.6946e+00	4.3123e-06
EPHB6	6.0700e-01	2.5377e+00	1.8466e-05
EPHX1	1.1000e+00	7.3864e-01	1.6760e-12
EPHX2	1.0930e+00	2.3314e-02	4.8926e-22
EPHX3	1.1660e+00	4.1551e-01	7.2593e-12
EPHX4	9.3100e-01	1.0832e+00	1.9053e-05
EPM2A	1.1910e+00	-9.6030e-01	4.0040e-07
EPM2AIP1	6.9100e-01	1.7551e+00	4.6378e-03
EPN1	7.3600e-01	-1.9146e-01	2.9205e-04
EPN2	8.0400e-01	1.5505e+00	1.3396e-05
EPN3	1.2510e+00	-1.1128e+00	8.1427e-19
EPO	8.1900e-01	8.5156e-01	2.6938e-02
EPOP	1.8960e+00	-2.1295e+00	9.5437e-07
EPOR	7.8700e-01	1.0613e+00	4.1923e-04
EPPIN	1.3450e+00	6.2014e-01	1.0445e-03
EPPIN-WFDC6	1.3300e+00	3.8261e-01	2.0850e-06
EPPK1	1.9290e+00	-4.3254e+00	1.2331e-01
EPRS1	5.4900e-01	1.9921e+00	1.9945e-02
EPS15	8.4900e-01	3.7095e-01	1.4697e-08
EPS15L1	4.5300e-01	2.5635e+00	9.9949e-01
EPS8	4.4300e-01	7.0282e-01	9.9945e-01
EPS8L1	1.3610e+00	-1.6141e+00	1.9346e-41
EPS8L2	1.1640e+00	-3.3533e+00	6.1813e-25
EPS8L3	1.0520e+00	5.6071e-01	5.0836e-24
EPSTI1	1.5900e+00	-2.8512e-01	2.6035e-18
EPX	9.8400e-01	7.3859e-01	3.3395e-15
EPYC	1.3960e+00	6.1342e-01	5.1233e-07
EQTN	1.7320e+00	-3.2171e-01	2.3742e-07
ERAL1	8.4400e-01	8.8773e-01	5.3521e-08
ERAP1	9.4700e-01	1.8456e+00	1.2589e-21
ERAP2	1.2840e+00	1.5583e-01	1.4112e-37
ERBB2	5.1800e-01	4.2475e+00	6.3119e-02
ERBB3	6.9500e-01	3.3038e+00	2.6217e-16
ERBB4	3.5700e-01	2.8306e+00	1.0000e+00
ERBIN	5.2600e-01	1.6586e-01	7.2343e-01
ERC1	5.0300e-01	2.0596e+00	7.8992e-01
ERC2	4.7600e-01	2.6924e+00	9.9151e-01
ERCC1	1.3060e+00	8.6216e-01	9.5936e-13
ERCC2	1.0890e+00	6.0860e-01	6.8729e-28
ERCC3	7.9700e-01	2.0790e+00	3.8380e-11
ERCC4	9.8400e-01	-5.7103e-01	3.5282e-11
ERCC5	7.6600e-01	1.1266e+00	1.0200e-13
ERCC6	8.0300e-01	1.7245e+00	1.2087e-23
ERCC6L2	7.9200e-01	2.3101e+00	2.4418e-13
ERCC8	1.6080e+00	-6.6199e-01	1.7192e-11
EREG	1.8430e+00	-3.5306e-01	4.6661e-06
ERF	4.4300e-01	1.6580e+00	9.9787e-01
ERFE	1.6970e+00	-1.8605e+00	6.2266e-12
ERFL	6.0300e-01	1.7464e+00	8.0895e-01
ERG	2.3400e-01	2.9353e+00	1.0000e+00
ERG28	9.5100e-01	1.7785e+00	2.8333e-02
ERGIC1	6.8300e-01	2.1287e+00	3.5998e-02
ERGIC2	1.2660e+00	5.7394e-01	1.4258e-02
ERGIC3	7.8100e-01	1.7279e+00	2.2603e-06
ERH	4.3000e-01	2.5994e+00	9.7267e-01
ERI1	1.5260e+00	-2.4737e+00	4.2781e-07
ERI2	9.8100e-01	1.7558e+00	5.1804e-10
ERI3	6.5100e-01	2.2497e+00	1.1807e-01
ERICH1	1.7900e+00	-3.3692e+00	5.5654e-24
ERICH2	1.5450e+00	1.0621e-01	1.0422e-01
ERICH3	1.1190e+00	-1.5131e+00	2.0832e-36
ERICH4	1.8900e+00	-1.0563e+00	1.4157e-02
ERICH5	1.1480e+00	5.5954e-01	3.3465e-07
ERICH6	1.1470e+00	2.8976e-01	1.1000e-18
ERICH6B	1.0230e+00	1.0197e+00	1.0471e-19
ERLEC1	9.4600e-01	2.8363e-01	3.0637e-08
ERLIN1	1.0490e+00	1.5345e+00	4.3212e-02
ERLIN2	7.0300e-01	3.3092e+00	1.0039e-02
ERMAP	9.1300e-01	9.5549e-01	7.0546e-08
ERMARD	9.9600e-01	4.7435e-02	1.5088e-16
ERMN	9.6300e-01	8.7780e-02	2.5356e-03
ERMP1	1.2390e+00	-2.3918e+00	2.9344e-27
ERN1	4.9800e-01	2.9016e+00	9.5278e-01
ERN2	1.2090e+00	2.7208e-03	9.9981e-37
ERO1A	1.2160e+00	5.2867e-01	2.6773e-05
ERO1B	8.3500e-01	4.3392e-01	2.7214e-05
ERP27	1.0720e+00	-3.6220e-01	3.8588e-06
ERP29	9.6200e-01	1.0843e+00	1.4255e-03
ERP44	8.1600e-01	1.6527e+00	1.5389e-01
ERRFI1	1.0880e+00	1.7764e+00	7.1228e-04
ERV3-1	NA	NA	NA
ERV3-1-ZNF117	1.1810e+00	1.8266e-01	5.2454e-12
ERVFRD-1	9.5700e-01	1.7040e+00	1.2391e-08
ERVMER34-1	1.8210e+00	4.5150e-01	3.5331e-01
ERVV-1	NA	3.3917e+00	NA
ERVV-2	1.4510e+00	2.1459e+00	3.6856e-01
ESAM	1.0090e+00	5.5466e-01	3.7021e-07
ESCO1	5.1100e-01	1.7476e+00	9.2536e-01
ESCO2	1.0130e+00	4.6974e-01	2.0840e-12
ESD	1.5150e+00	-6.2671e-02	1.9120e-07
ESF1	8.5400e-01	8.4726e-01	1.3007e-10
ESM1	8.6200e-01	1.2700e+00	1.5425e-01
ESPL1	2.9200e-01	6.0698e+00	1.0000e+00
ESPN	1.3070e+00	-1.0887e+00	7.2662e-24
ESPNL	1.6510e+00	-3.0173e+00	4.0718e-20
ESR1	4.5600e-01	2.4607e+00	9.9795e-01
ESR2	1.0020e+00	-1.4268e-01	5.9579e-10
ESRP1	4.4500e-01	2.2465e+00	9.9932e-01
ESRP2	7.5300e-01	1.4707e+00	4.9601e-09
ESRRA	4.5800e-01	2.2452e+00	9.9354e-01
ESRRB	5.6000e-01	1.7910e+00	7.9243e-01
ESRRG	4.6400e-01	2.7657e+00	9.9434e-01
ESS2	8.4400e-01	4.8942e-01	8.4357e-07
ESYT1	8.3900e-01	1.7815e+00	6.8718e-28
ESYT2	6.8400e-01	5.4452e-01	3.6326e-08
ESYT3	1.0930e+00	1.8369e-01	2.3370e-30
ETAA1	8.4900e-01	2.9236e-02	2.8415e-10
ETF1	1.9000e-01	5.8280e+00	1.0000e+00
ETFA	1.1660e+00	7.9660e-01	2.9774e-03
ETFB	1.1000e+00	1.2791e+00	2.0928e-05
ETFBKMT	1.0260e+00	5.7386e-01	1.0064e-04
ETFDH	1.1260e+00	5.0137e-01	7.6935e-06
ETFRF1	1.8580e+00	8.8473e-02	1.8653e-04
ETHE1	9.7000e-01	5.8782e-01	3.8514e-04
ETNK1	3.6900e-01	1.6046e+00	9.9938e-01
ETNK2	1.0180e+00	6.3552e-01	3.0331e-09
ETNPPL	6.5100e-01	1.4378e+00	5.0770e-01
ETS1	3.9300e-01	2.6084e+00	9.9981e-01
ETS2	4.3400e-01	2.9027e+00	9.9905e-01
ETV1	6.5800e-01	5.1117e-01	5.4283e-02
ETV2	1.4480e+00	-1.3407e+00	2.8780e-10
ETV3	4.4700e-01	2.8658e+00	9.9781e-01
ETV3L	1.4520e+00	3.6300e-01	1.8000e-11
ETV4	8.2100e-01	8.9876e-01	4.5126e-09
ETV5	2.3300e-01	3.0847e+00	1.0000e+00
ETV6	4.4000e-01	2.2005e+00	9.9891e-01
ETV7	1.3840e+00	-2.6882e-02	4.0249e-16
EVA1A	1.2770e+00	2.1444e-01	1.3589e-02
EVA1B	1.9230e+00	-1.4785e+00	6.2286e-04
EVA1C	9.0000e-01	8.0574e-01	1.9295e-05
EVC	1.1340e+00	-1.5572e+00	6.2955e-37
EVC2	1.0920e+00	-1.7856e+00	1.7773e-47
EVI2A	1.2970e+00	5.6939e-01	2.9599e-04
EVI2B	1.1870e+00	9.8613e-01	1.0434e-02
EVI5	7.4100e-01	1.0020e+00	5.2760e-03
EVI5L	5.2300e-01	1.6914e+00	7.9377e-01
EVL	5.0100e-01	1.7068e+00	9.7521e-01
EVPL	9.9900e-01	2.5140e-01	4.2250e-29
EVPLL	1.7090e+00	-1.1746e+00	6.4945e-17
EVX1	1.0970e+00	-1.6963e+00	1.0918e-05
EVX2	1.2280e+00	-2.0517e+00	1.0740e-04
EWSR1	2.4900e-01	3.0805e+00	1.0000e+00
EXD1	1.5360e+00	-6.7688e-01	1.4803e-26
EXD2	7.8500e-01	1.6331e+00	4.3736e-07
EXD3	1.3730e+00	-2.1106e+00	1.1894e-32
EXO1	1.0130e+00	1.3990e-01	4.5955e-15
EXO5	1.0490e+00	1.6091e+00	1.9962e-05
EXOC1	6.8600e-01	2.6685e+00	1.7082e-07
EXOC2	6.2600e-01	2.5178e+00	4.2713e-07
EXOC3	4.7500e-01	1.4344e+00	9.9523e-01
EXOC3L1	1.1700e+00	-6.2650e-02	3.2797e-27
EXOC3L2	6.8700e-01	6.1545e-02	4.5725e-02
EXOC3L4	1.5320e+00	-3.0248e+00	4.4327e-26
EXOC4	7.4500e-01	1.4637e+00	9.9407e-11
EXOC5	4.8000e-01	1.5793e+00	9.7531e-01
EXOC6	7.8800e-01	3.7893e-01	2.5713e-04
EXOC6B	6.8800e-01	2.1536e+00	1.8167e-06
EXOC7	7.6000e-01	2.0537e+00	7.6704e-10
EXOC8	5.2300e-01	2.0474e+00	9.3128e-01
EXOG	1.7720e+00	9.7776e-02	2.4352e-08
EXOSC10	8.5200e-01	1.1361e+00	3.5665e-20
EXOSC1	1.1990e+00	7.8153e-01	1.7534e-08
EXOSC2	1.0090e+00	6.8158e-01	5.2170e-08
EXOSC3	1.0720e+00	-5.4311e-01	2.9349e-05
EXOSC4	1.3590e+00	-5.1812e-01	3.6426e-06
EXOSC5	1.1360e+00	-3.4517e-02	1.8424e-03
EXOSC6	1.9520e+00	-1.2958e+00	3.9148e-02
EXOSC7	1.0120e+00	7.1681e-02	3.3455e-05
EXOSC8	1.9440e+00	2.5225e-01	1.2734e-07
EXOSC9	1.1210e+00	-5.9334e-02	1.1629e-07
EXPH5	1.1420e+00	9.0174e-01	3.5934e-07
EXT1	3.3900e-01	2.7372e+00	1.0000e+00
EXT2	7.7500e-01	2.1935e+00	1.2232e-10
EXTL1	9.3900e-01	1.3253e+00	3.8201e-11
EXTL2	1.0540e+00	1.0619e+00	3.6648e-05
EXTL3	5.1100e-01	2.9438e+00	9.2595e-01
EYA1	2.9100e-01	1.3988e+00	1.0000e+00
EYA2	6.4700e-01	1.1942e+00	4.3091e-03
EYA3	6.0900e-01	2.1673e+00	1.2390e-01
EYA4	5.3600e-01	1.2878e+00	8.6351e-01
EYS	9.6000e-01	-4.5186e-01	6.4354e-50
EZH1	4.3900e-01	5.5939e+00	9.9987e-01
EZH2	2.7200e-01	5.1188e+00	1.0000e+00
EZR	6.9700e-01	1.3602e+00	3.8273e-06
F10	9.6800e-01	2.0575e+00	9.9027e-06
F11	1.1450e+00	8.4839e-01	4.4437e-22
F11R	9.0000e-01	1.0780e+00	1.8856e-06
F12	1.2860e+00	-2.2747e-01	2.9444e-26
F13A1	7.3400e-01	1.8962e+00	1.4198e-08
F13B	8.9300e-01	6.2963e-01	4.8042e-12
F2	5.5200e-01	2.7726e+00	1.5426e-01
F2R	8.8000e-01	1.5448e+00	7.1124e-03
F2RL1	9.8900e-01	1.0323e+00	5.5949e-04
F2RL2	1.3930e+00	1.1154e+00	1.8004e-02
F2RL3	1.7460e+00	-1.4882e+00	6.3491e-02
F3	8.3900e-01	1.1136e-01	1.6619e-03
F5	7.0400e-01	2.7865e+00	5.2212e-24
F7	1.1130e+00	3.6920e-01	1.1139e-11
FA2H	7.5900e-01	-8.8456e-01	5.3396e-03
FAAH	1.1470e+00	5.7246e-01	9.7379e-21
FAAP100	1.0760e+00	-5.8150e-01	8.6804e-14
FAAP20	1.3390e+00	-8.1118e-01	2.1270e-05
FAAP24	1.3360e+00	9.7249e-01	8.7894e-07
FABP1	1.4870e+00	5.0234e-01	5.1847e-04
FABP12	1.7460e+00	-3.4026e-01	2.8693e-02
FABP2	1.3410e+00	-6.9702e-02	1.6067e-01
FABP3	1.0290e+00	1.0660e+00	2.7364e-02
FABP4	1.8720e+00	2.5887e-01	3.5049e-06
FABP5	8.3900e-01	5.4026e-01	4.5179e-01
FABP6	1.3720e+00	2.5786e-01	9.0753e-04
FABP7	1.3630e+00	4.6214e-01	8.8684e-05
FABP9	1.5000e+00	-3.5636e-01	1.2552e-02
FADD	1.7150e+00	6.6783e-01	6.9433e-02
FADS1	4.2800e-01	3.4415e+00	9.9967e-01
FADS2	4.1500e-01	4.1372e+00	9.9989e-01
FADS3	7.2700e-01	2.0028e+00	7.0197e-05
FADS6	1.2330e+00	4.7700e-02	2.2752e-09
FAF1	4.5000e-01	1.6552e+00	9.9507e-01
FAF2	2.7600e-01	3.0204e+00	1.0000e+00
FAH	1.0670e+00	1.1148e+00	1.8906e-12
FAHD1	1.5440e+00	-7.1590e-01	5.3571e-06
FAHD2A	1.0550e+00	1.9097e+00	8.3655e-08
FAHD2B	1.1000e+00	2.0058e+00	1.5943e-07
FAIM	1.1240e+00	9.0854e-01	2.0304e-03
FAIM2	7.5300e-01	1.6760e+00	1.0830e-04
FAM102A	7.6000e-01	1.4945e+00	2.1544e-03
FAM102B	5.5400e-01	1.4656e+00	9.0120e-01
FAM104A	1.7160e+00	-1.1861e+00	2.8932e-05
FAM107A	1.8080e+00	-2.7662e-01	4.7119e-08
FAM107B	9.0600e-01	-1.0153e+00	5.4315e-05
FAM110A	1.5710e+00	-1.0657e+00	8.2250e-04
FAM110B	5.6600e-01	1.4138e+00	9.1633e-01
FAM110C	1.9390e+00	-3.2810e+00	7.5827e-10
FAM110D	1.9410e+00	-2.0182e+00	1.0785e-01
FAM111A	1.8900e+00	1.0515e+00	1.6155e-01
FAM111B	1.8170e+00	5.3467e-01	1.0723e-01
FAM114A1	1.1490e+00	8.7110e-01	2.2421e-18
FAM114A2	1.1550e+00	1.7971e-01	1.4473e-07
FAM117A	7.6700e-01	1.4721e+00	1.1403e-03
FAM117B	7.6400e-01	1.1071e-01	1.2107e-03
FAM118A	8.4800e-01	8.5217e-01	1.7040e-04
FAM118B	8.0100e-01	1.9648e+00	1.3043e-03
FAM120A	2.2200e-01	5.0813e+00	1.0000e+00
FAM120AOS	1.1760e+00	2.2451e-01	8.0220e-05
FAM120B	9.9700e-01	1.3572e+00	2.7592e-21
FAM124A	1.6780e+00	1.1439e+00	1.1063e-09
FAM124B	1.2420e+00	6.7146e-01	4.6671e-06
FAM126A	7.4500e-01	8.1720e-01	2.5698e-02
FAM126B	5.7400e-01	2.1671e+00	7.6287e-01
FAM131A	8.3000e-01	1.7557e+00	9.0031e-05
FAM131B	7.0200e-01	1.8853e+00	1.5141e-02
FAM131C	1.0590e+00	5.7874e-01	1.7879e-03
FAM133B	9.3300e-01	9.7554e-01	6.3728e-03
FAM135A	6.9100e-01	1.6597e+00	8.3505e-11
FAM135B	4.4400e-01	1.6099e+00	9.9978e-01
FAM136A	1.6270e+00	-1.3669e-01	2.6032e-10
FAM13A	7.4600e-01	1.6327e+00	6.4372e-10
FAM13B	5.8600e-01	1.5477e+00	1.5591e-03
FAM13C	6.7300e-01	2.0633e+00	6.5635e-05
FAM149A	1.0820e+00	-9.9598e-01	6.4065e-19
FAM149B1	9.8000e-01	8.0716e-01	5.3985e-10
FAM151A	1.2030e+00	4.6383e-01	6.3087e-14
FAM151B	1.0740e+00	9.2591e-01	2.8587e-05
FAM153A	1.1290e+00	2.4805e+00	5.1602e-02
FAM153B	1.2730e+00	7.4149e-01	3.0400e-01
FAM161A	1.0250e+00	2.9301e-02	1.9950e-16
FAM161B	9.1600e-01	6.2231e-01	1.2414e-11
FAM162A	1.6430e+00	3.3842e-01	1.7610e-05
FAM162B	1.6720e+00	-2.0571e+00	3.6871e-05
FAM163A	1.2040e+00	4.6890e-01	1.8987e-02
FAM163B	1.5650e+00	-3.3854e-01	1.0109e-02
FAM166A	1.4420e+00	-3.0290e+00	7.7097e-16
FAM166B	1.5570e+00	-5.5633e-01	9.3448e-14
FAM166C	1.5450e+00	-2.2552e-01	6.0981e-08
FAM167A	1.9340e+00	-2.4435e+00	3.4254e-11
FAM167B	1.1090e+00	-7.6646e-01	3.0714e-02
FAM168A	2.5600e-01	2.0965e+00	9.9998e-01
FAM168B	1.3750e+00	2.1698e-01	3.2218e-06
FAM169A	4.3200e-01	1.1570e+00	9.9895e-01
FAM170A	1.1160e+00	4.8957e-02	1.0436e-06
FAM170B	1.7640e+00	-7.5134e-01	4.9089e-03
FAM171A1	4.4600e-01	5.3226e-01	9.9949e-01
FAM171A2	5.9900e-01	-9.6293e-01	6.8722e-01
FAM171B	3.6700e-01	2.1256e+00	1.0000e+00
FAM172A	9.8600e-01	1.0251e-01	2.5679e-05
FAM174A	1.7660e+00	9.8194e-02	3.3735e-04
FAM174B	1.8310e+00	-1.8070e+00	1.3526e-05
FAM174C	1.9560e+00	-2.6883e+00	6.8947e-07
FAM177A1	1.3200e+00	-2.2411e-01	2.0371e-07
FAM177B	1.7670e+00	2.3783e-01	8.2751e-04
FAM178B	1.1150e+00	6.5176e-01	3.7616e-21
FAM180A	1.4070e+00	7.2466e-01	6.7754e-05
FAM180B	1.6200e+00	3.9314e-01	8.3691e-08
FAM181A	7.7700e-01	7.3694e-01	2.9832e-01
FAM181B	1.8510e+00	-4.3249e+00	4.3103e-06
FAM183A	1.1440e+00	6.0749e-01	1.7465e-03
FAM184A	7.8500e-01	9.8430e-01	8.1200e-17
FAM184B	1.0090e+00	-4.0456e-01	6.3991e-31
FAM185A	9.1000e-01	2.1748e+00	5.0825e-04
FAM186A	8.5200e-01	3.9920e+00	3.6833e-40
FAM186B	9.6900e-01	1.7622e+00	1.1518e-18
FAM187A	1.1270e+00	1.4222e+00	5.1940e-02
FAM187B	1.3000e+00	6.7248e-01	1.1223e-07
FAM189A1	1.1240e+00	-5.6228e-01	3.0006e-09
FAM189A2	9.4700e-01	1.0055e+00	1.6048e-08
FAM189B	8.9700e-01	-3.0008e-01	3.0107e-09
FAM193A	2.7100e-01	1.1430e+00	1.0000e+00
FAM193B	6.6900e-01	-5.9834e-01	2.4011e-03
FAM200A	7.9100e-01	1.2851e+00	5.3159e-05
FAM200B	1.1580e+00	5.3249e-01	1.9175e-13
FAM204A	7.8400e-01	4.0131e-01	1.8876e-02
FAM205A	4.1000e-01	3.4610e+00	9.9997e-01
FAM207A	1.4580e+00	-5.7850e-01	2.2165e-08
FAM209A	1.0810e+00	2.8122e-01	3.5809e-02
FAM209B	1.7510e+00	8.5692e-01	5.9226e-05
FAM20A	1.1080e+00	-6.7761e-01	2.8931e-12
FAM20B	7.5200e-01	1.3383e+00	1.4732e-02
FAM20C	1.2260e+00	-1.6641e+00	8.1566e-14
FAM210A	7.6000e-01	4.4527e-01	9.6189e-02
FAM210B	1.3080e+00	-2.8111e-01	5.9282e-04
FAM214A	6.3400e-01	9.4106e-01	4.8013e-06
FAM214B	6.0500e-01	6.0055e-01	4.9097e-01
FAM216A	1.1530e+00	-5.5439e-01	4.8225e-05
FAM216B	1.2570e+00	7.4107e-02	3.5359e-03
FAM217A	1.1070e+00	6.2959e-01	3.1107e-02
FAM217B	1.7900e+00	3.3022e-01	2.2591e-01
FAM219A	5.8800e-01	1.7357e+00	8.6679e-01
FAM219B	1.5650e+00	-1.0738e+00	3.1804e-07
FAM220A	1.9110e+00	-1.2146e+00	1.4245e-01
FAM221A	1.5970e+00	-2.8788e-01	6.1003e-09
FAM221B	1.0980e+00	7.8851e-01	5.6308e-10
FAM222A	7.5000e-01	-6.8334e-02	3.6619e-01
FAM222B	5.3600e-01	3.7301e-01	9.3657e-01
FAM227A	1.2020e+00	6.7233e-01	1.3066e-14
FAM227B	1.8690e+00	-4.2311e-01	1.9597e-12
FAM228A	9.5900e-01	1.9449e-01	7.6688e-02
FAM228B	1.3750e+00	4.9802e-01	1.4176e-06
FAM229A	1.9160e+00	-2.2709e+00	1.0067e-04
FAM229B	5.7400e-01	3.5605e-01	8.6479e-01
FAM234A	1.1200e+00	-6.4134e-01	9.4193e-12
FAM234B	6.2300e-01	1.2377e+00	2.4708e-02
FAM237A	1.7150e+00	-6.4287e-01	1.0380e-07
FAM240A	1.9160e+00	1.8655e-01	1.7536e-03
FAM240C	1.9230e+00	-9.2283e-01	6.0551e-07
FAM241A	1.1920e+00	3.9351e-02	7.3487e-02
FAM241B	1.3320e+00	8.4411e-01	1.0792e-02
FAM24A	1.6510e+00	9.2367e-01	1.6277e-01
FAM24B	1.8550e+00	6.6662e-01	1.8754e-01
FAM25A	1.1380e+00	5.6005e-01	8.9948e-02
FAM25C	1.5740e+00	1.3262e+00	9.7735e-02
FAM25G	1.7720e+00	6.1449e-01	2.3498e-01
FAM32A	1.1180e+00	4.2457e-01	8.0484e-03
FAM3B	1.2220e+00	5.5573e-01	1.2532e-06
FAM3C	9.0700e-01	1.2120e+00	1.7064e-01
FAM3D	1.1280e+00	1.1136e+00	1.1826e-08
FAM43A	1.4580e+00	-1.2040e+00	4.9904e-05
FAM43B	1.8510e+00	-2.4191e+00	8.2086e-08
FAM47E	1.1720e+00	6.7084e-01	1.2975e-09
FAM47E-STBD1	NA	-2.6971e-01	NA
FAM50B	6.0000e-01	2.1573e+00	7.8879e-01
FAM53A	1.7770e+00	-2.3573e+00	2.4387e-12
FAM53B	5.6800e-01	1.6333e+00	8.4268e-01
FAM53C	4.6300e-01	1.5299e+00	9.9516e-01
FAM71A	1.8670e+00	5.5632e-01	3.1761e-01
FAM71B	1.2480e+00	3.5206e-01	9.1847e-05
FAM71C	1.1360e+00	1.1971e-01	1.3901e-02
FAM71D	9.7400e-01	8.0499e-01	2.5156e-06
FAM71E1	1.5010e+00	-8.9825e-01	7.0259e-06
FAM71E2	1.1770e+00	-3.8878e-01	3.2447e-25
FAM71F1	1.1230e+00	9.5689e-01	1.6699e-10
FAM71F2	1.3550e+00	-1.0173e+00	1.4317e-07
FAM72A	7.2700e-01	2.6275e+00	7.8380e-01
FAM72B	1.1530e+00	1.2014e+00	2.4538e-01
FAM72C	1.7870e+00	1.5867e+00	2.2744e-01
FAM72D	1.8410e+00	1.4474e+00	3.3902e-01
FAM76A	1.1170e+00	1.4083e+00	1.4214e-08
FAM76B	5.1600e-01	1.0176e+00	9.6314e-01
FAM78A	8.3100e-01	1.3952e+00	3.6606e-02
FAM78B	8.9800e-01	1.2467e+00	2.7465e-02
FAM81A	6.2500e-01	1.4781e+00	1.8564e-01
FAM81B	1.2430e+00	7.2172e-01	1.0301e-18
FAM83A	1.2530e+00	-7.6558e-01	4.1308e-07
FAM83B	9.1500e-01	8.6918e-02	6.6924e-08
FAM83C	1.3210e+00	3.2239e-01	1.4591e-09
FAM83D	1.7280e+00	-2.7138e-01	3.3668e-11
FAM83E	1.4230e+00	-1.4142e+00	2.6942e-11
FAM83F	1.5500e+00	5.1180e-02	2.0017e-18
FAM83G	8.6200e-01	1.6781e+00	1.6760e-08
FAM83H	1.1180e+00	-3.7236e+00	2.4709e-07
FAM86B1	7.3900e-01	2.4381e+00	7.7731e-01
FAM86B2	6.3600e-01	1.9828e+00	8.5404e-01
FAM89A	1.9570e+00	-2.0100e+00	5.2255e-06
FAM89B	1.4610e+00	-1.4489e+00	1.3199e-03
FAM8A1	1.2410e+00	-1.7483e+00	4.7006e-06
FAM90A1	1.3570e+00	-2.6039e-01	2.1256e-03
FAM90A23P	1.6710e+00	8.9726e-01	4.3105e-01
FAM91A1	4.6200e-01	3.2644e+00	9.9827e-01
FAM95C	NA	1.2055e-01	NA
FAM98A	6.4500e-01	2.1137e-01	3.3073e-02
FAM98B	1.2820e+00	-3.4487e-02	2.4887e-09
FAM98C	1.3750e+00	-1.1536e+00	4.4685e-14
FAN1	1.0150e+00	3.4726e-01	5.2757e-25
FANCA	1.3440e+00	-6.4686e+00	1.7065e-87
FANCC	1.0220e+00	4.1238e-01	2.6625e-14
FANCD2	7.7700e-01	1.7648e+00	2.7719e-19
FANCD2OS	1.2940e+00	1.9737e-01	6.4685e-04
FANCE	9.5700e-01	3.2308e-01	7.6995e-11
FANCF	NA	-4.9930e-01	NA
FANCG	1.0500e+00	1.7875e+00	1.5160e-20
FANCI	9.5900e-01	-6.9162e-01	8.6548e-36
FANCL	1.4440e+00	-8.1485e-01	1.6815e-17
FANCM	7.5400e-01	7.0017e-01	2.3950e-13
FANK1	1.2670e+00	9.0483e-01	4.6532e-16
FAP	8.9200e-01	1.1244e-01	3.8036e-08
FAR1	5.9500e-01	3.7127e+00	5.7071e-01
FAR2	5.1600e-01	1.9811e+00	9.6192e-01
FARP1	5.4800e-01	4.5183e-01	6.1512e-02
FARP2	1.0050e+00	-1.7762e-01	4.4245e-19
FARS2	1.0150e+00	1.1309e+00	3.2178e-09
FARSA	7.8400e-01	8.8669e-01	7.4400e-07
FARSB	1.1310e+00	3.1792e-01	7.3883e-03
FAS	3.7200e-01	1.2561e+00	9.9961e-01
FASLG	6.0600e-01	1.1044e+00	7.6712e-01
FASN	2.8400e-01	1.9674e+00	1.0000e+00
FASTK	6.9300e-01	1.3176e+00	6.0737e-04
FASTKD1	1.0080e+00	9.1551e-01	4.7494e-12
FASTKD2	1.2030e+00	4.9490e-01	1.6610e-09
FASTKD3	1.1390e+00	7.8196e-01	1.2977e-11
FASTKD5	9.1500e-01	1.0906e+00	3.5908e-08
FAT1	5.7100e-01	1.7316e+00	1.6808e-17
FAT2	5.5400e-01	4.0706e+00	3.4750e-13
FAT3	3.4700e-01	2.6281e+00	1.0000e+00
FAT4	3.1700e-01	2.1425e+00	1.0000e+00
FAU	1.9600e-01	1.5879e+00	9.9902e-01
FAXC	3.2900e-01	2.2364e+00	9.9998e-01
FAXDC2	1.3710e+00	7.7859e-01	1.1742e-13
FBF1	1.1330e+00	-4.4290e-01	1.8897e-40
FBH1	4.4900e-01	3.7890e+00	9.9970e-01
FBL	4.0900e-01	1.6174e+00	9.9941e-01
FBLIM1	1.0750e+00	8.6316e-01	2.3365e-07
FBLN1	4.9700e-01	2.6052e+00	9.5349e-01
FBLN2	9.3500e-01	5.6492e-02	2.5386e-21
FBLN5	5.8000e-01	2.2094e+00	2.5042e-01
FBLN7	1.0340e+00	4.3365e-01	8.2745e-09
FBN1	1.0500e-01	8.1987e+00	1.0000e+00
FBN2	3.1200e-01	3.2951e+00	1.0000e+00
FBN3	8.4400e-01	1.3517e+00	1.8456e-57
FBP1	1.1560e+00	1.9532e+00	1.4284e-07
FBP2	1.0990e+00	4.9719e-01	1.6069e-07
FBRS	3.5400e-01	-2.0062e+00	1.0000e+00
FBRSL1	8.8300e-01	-4.1529e+00	3.9024e-12
FBXL12	1.3990e+00	5.7774e-01	7.1109e-09
FBXL13	9.9300e-01	9.4797e-01	6.4783e-06
FBXL14	7.4100e-01	2.7005e+00	1.7643e-01
FBXL15	1.7270e+00	-9.9290e-01	3.5715e-08
FBXL16	5.4400e-01	1.2188e+00	9.4101e-01
FBXL17	6.7800e-01	-2.6134e+00	8.0680e-02
FBXL18	1.1480e+00	2.1326e-01	2.2668e-11
FBXL19	5.4100e-01	1.6239e+00	8.8837e-01
FBXL20	3.7500e-01	3.2805e+00	9.9984e-01
FBXL22	1.7360e+00	-1.9638e+00	2.5663e-05
FBXL2	6.9300e-01	2.7965e+00	2.8111e-04
FBXL3	5.4600e-01	3.1350e+00	9.2159e-01
FBXL4	8.4100e-01	1.2940e+00	6.4718e-09
FBXL5	4.4200e-01	1.4720e+00	9.9944e-01
FBXL6	1.3150e+00	-2.1696e+00	9.5497e-18
FBXL7	5.4200e-01	1.6713e+00	9.3014e-01
FBXL8	1.9760e+00	-2.5851e+00	2.1224e-08
FBXO10	6.4700e-01	2.7416e+00	9.5313e-05
FBXO11	2.1500e-01	4.0980e+00	1.0000e+00
FBXO15	7.9700e-01	7.9419e-01	1.2855e-06
FBXO16	9.6600e-01	2.0340e-02	2.9282e-06
FBXO17	1.7480e+00	-1.7880e+00	6.2746e-20
FBXO2	1.3740e+00	-1.3725e+00	9.3967e-12
FBXO21	5.7900e-01	3.0673e+00	6.4323e-02
FBXO22	6.8300e-01	1.0336e+00	3.6241e-01
FBXO24	6.4100e-01	2.1564e+00	2.9875e-03
FBXO25	1.3060e+00	-1.4620e+00	2.8108e-11
FBXO27	1.5630e+00	-9.1616e-01	1.0981e-11
FBXO28	4.3700e-01	1.6403e+00	9.9683e-01
FBXO30	4.9900e-01	2.4163e+00	9.7776e-01
FBXO31	6.8800e-01	9.8183e-01	3.5261e-03
FBXO32	5.4000e-01	2.3169e+00	9.2194e-01
FBXO33	6.8300e-01	1.0598e-01	5.0844e-02
FBXO3	4.5000e-01	2.6438e+00	9.9787e-01
FBXO34	7.5900e-01	9.4055e-01	4.5230e-02
FBXO36	1.6310e+00	1.4879e-01	7.6508e-06
FBXO38	5.3900e-01	3.8422e+00	5.2957e-02
FBXO39	8.1900e-01	5.2054e-01	1.9458e-04
FBXO40	1.1630e+00	2.8814e-01	7.0281e-17
FBXO4	1.1870e+00	2.2623e-01	4.6884e-10
FBXO41	7.8300e-01	-1.0637e+00	2.1695e-06
FBXO42	2.7100e-01	2.9787e+00	1.0000e+00
FBXO43	4.5400e-01	1.3901e+00	9.9814e-01
FBXO44	9.8600e-01	9.0156e-01	1.0856e-06
FBXO45	3.9500e-01	2.4277e+00	9.9558e-01
FBXO46	6.7000e-01	1.2172e+00	2.2132e-01
FBXO47	8.1400e-01	7.5241e-01	1.6384e-03
FBXO48	1.2820e+00	2.7150e-01	3.2535e-04
FBXO5	3.6200e-01	6.2963e-01	9.9953e-01
FBXO6	8.1300e-01	5.3755e-01	1.1623e-02
FBXO7	9.5500e-01	-8.8092e-03	2.9822e-07
FBXO8	6.9500e-01	1.9502e+00	2.4567e-01
FBXO9	6.5100e-01	9.2550e-01	2.5372e-01
FBXW10	7.5100e-01	4.6033e+00	9.8026e-12
FBXW11	3.5400e-01	5.0383e+00	1.0000e+00
FBXW12	1.0400e+00	9.4297e-01	3.0340e-11
FBXW2	4.2300e-01	3.1137e+00	9.9931e-01
FBXW4	1.0070e+00	-4.0019e-01	1.3824e-10
FBXW5	1.8550e+00	-3.6846e+00	1.3535e-34
FBXW7	1.8100e-01	4.5357e+00	1.0000e+00
FBXW8	1.2030e+00	-5.0453e-02	1.0026e-16
FBXW9	8.7700e-01	4.9644e-01	5.8050e-09
FCAMR	1.1720e+00	3.8249e-01	1.2536e-15
FCAR	1.1230e+00	-5.6699e-01	2.6691e-08
FCER1A	1.4250e+00	-4.1667e-02	9.3641e-07
FCER1G	6.9800e-01	5.6168e-01	5.2614e-01
FCER2	1.0870e+00	-8.0327e-02	1.7057e-10
FCF1	1.0160e+00	6.3598e-01	1.6615e-02
FCGBP	6.3800e-01	6.7734e+00	1.4744e-19
FCGR1A	7.4800e-01	3.0447e+00	3.6892e-02
FCGR1B	1.1600e+00	7.7679e-02	1.8745e-04
FCGR2A	9.2200e-01	1.9922e+00	2.3441e-04
FCGR2B	9.9500e-01	1.4391e+00	1.7783e-03
FCGR2C	NA	1.9098e+00	NA
FCGR3A	1.0120e+00	8.4666e-01	4.2413e-04
FCGR3B	1.4660e+00	1.1036e+00	1.1862e-07
FCGRT	7.0600e-01	2.8154e-01	1.1501e-01
FCHO1	4.9900e-01	1.6616e+00	8.7717e-01
FCHO2	5.4900e-01	1.3523e+00	7.9279e-01
FCHSD1	1.3190e+00	5.1675e-01	1.2413e-41
FCHSD2	4.6600e-01	1.9349e+00	9.9673e-01
FCMR	1.2280e+00	-3.7556e-01	5.1591e-10
FCN1	1.4860e+00	1.5537e-01	3.3510e-16
FCN2	1.1680e+00	1.5833e-01	1.3967e-09
FCN3	1.2160e+00	6.5232e-01	1.3504e-09
FCRL1	8.1300e-01	4.3964e-01	6.0592e-06
FCRL2	1.0240e+00	-3.3524e-01	2.5596e-14
FCRL3	1.3370e+00	-4.4800e-01	5.6790e-32
FCRL4	8.2100e-01	-1.2852e-01	1.3522e-08
FCRL5	1.0090e+00	6.7923e-01	3.9318e-22
FCRL6	1.2010e+00	-5.1896e-01	1.0832e-16
FCRLA	1.1840e+00	5.7396e-01	2.1779e-08
FCRLB	1.6210e+00	1.4703e-01	3.7977e-14
FCSK	1.2540e+00	8.7352e-02	4.9948e-43
FDCSP	1.6310e+00	1.9436e-01	1.6890e-01
FDFT1	1.7640e+00	-5.8320e+00	1.4695e-26
FDPS	7.4400e-01	1.8797e+00	9.0341e-05
FDX1	1.2930e+00	-2.4788e-01	5.1628e-02
FDX2	1.1640e+00	3.4471e-01	3.7103e-04
FDXACB1	1.0140e+00	1.0242e+00	1.5302e-11
FDXR	9.0000e-01	7.9755e-01	1.6798e-08
FECH	8.5900e-01	1.6367e+00	1.0073e-07
FEM1A	1.8970e+00	1.4698e+00	7.3735e-02
FEM1B	4.2000e-01	4.5718e+00	9.9923e-01
FEM1C	5.8500e-01	3.3397e+00	6.4505e-01
FEN1	1.0710e+00	2.7270e+00	1.5054e-05
FER1L5	7.6300e-01	3.9138e+00	5.9733e-41
FER1L6	8.4900e-01	1.8076e+00	1.0372e-33
FER	7.2300e-01	7.3228e-01	1.6515e-07
FERD3L	1.3410e+00	-8.4183e-01	2.2917e-03
FERMT1	8.7100e-01	1.7509e+00	3.6488e-11
FERMT2	3.0400e-01	2.3044e+00	1.0000e+00
FERMT3	5.5600e-01	1.9394e+00	1.7051e-01
FES	9.6100e-01	1.1694e+00	8.2153e-23
FETUB	1.1890e+00	2.0728e-01	6.2030e-04
FEV	1.3110e+00	-4.9975e-01	5.7390e-05
FEZ1	6.5800e-01	1.2465e+00	2.7644e-01
FEZ2	1.8960e+00	-3.7795e+00	1.3794e-13
FEZF1	4.2000e-01	1.3867e+00	9.9871e-01
FEZF2	2.2700e-01	9.5190e-01	9.9998e-01
FFAR1	1.9180e+00	-1.3897e+00	1.3545e-01
FFAR2	1.7190e+00	5.1480e-01	4.1013e-01
FFAR3	1.8740e+00	3.7251e+00	3.1090e-01
FFAR4	1.0350e+00	-1.2763e-01	2.4344e-05
FGA	1.5020e+00	5.2576e-01	2.9322e-06
FGB	6.6200e-01	1.2427e+00	1.8221e-02
FGD2	8.9300e-01	1.0957e+00	4.3123e-13
FGD3	8.0600e-01	1.5257e+00	1.7326e-09
FGD4	5.1800e-01	2.5067e+00	6.0334e-01
FGD5	3.0000e-01	3.6678e-01	1.0000e+00
FGD6	6.9100e-01	2.6883e+00	3.1682e-13
FGF10	2.6700e-01	1.4724e+00	9.9903e-01
FGF1	1.0410e+00	1.1744e+00	1.3445e-01
FGF11	1.4360e+00	-8.0400e-01	6.4975e-08
FGF12	9.3200e-01	1.0243e+00	1.4712e-01
FGF14	4.8200e-01	1.8427e+00	9.7977e-01
FGF17	4.4900e-01	2.0625e+00	9.9222e-01
FGF18	4.7700e-01	2.4404e+00	9.8465e-01
FGF19	1.8560e+00	2.2141e-01	3.0139e-03
FGF20	1.1450e+00	-3.5757e+00	8.7753e-02
FGF21	1.5100e+00	-3.6100e-01	1.5730e-05
FGF2	1.1640e+00	1.0959e+00	1.1855e-02
FGF22	1.9710e+00	-2.3251e+00	8.7685e-07
FGF23	1.6080e+00	8.2946e-01	8.7695e-03
FGF3	1.8150e+00	-1.9510e+00	1.5771e-03
FGF4	1.3970e+00	-1.5272e+00	1.7624e-03
FGF5	1.4180e+00	-1.4249e-02	5.3097e-06
FGF6	1.1690e+00	3.1892e-01	1.4594e-03
FGF7	6.4300e-01	1.1968e+00	8.3607e-01
FGF8	7.6500e-01	1.0173e+00	6.0739e-02
FGF9	4.1800e-01	2.1479e+00	9.9254e-01
FGFBP1	1.2860e+00	-6.3927e-01	3.1799e-04
FGFBP2	1.7980e+00	-3.3269e-01	1.7312e-03
FGFBP3	1.6850e+00	-2.5261e+00	1.5497e-02
FGFR1	2.7400e-01	4.2752e+00	1.0000e+00
FGFR1OP2	8.2300e-01	1.3385e+00	4.0375e-02
FGFR2	2.7800e-01	4.4473e+00	1.0000e+00
FGFR3	4.5800e-01	1.1956e+00	9.9865e-01
FGFR4	8.8400e-01	1.9115e+00	1.4766e-15
FGFRL1	1.1620e+00	-9.2774e-01	2.7581e-07
FGG	5.5500e-01	1.5174e+00	7.4529e-01
FGGY	1.2000e+00	8.3035e-01	2.4780e-16
FGL1	1.7530e+00	-3.6848e+00	6.8906e-21
FGL2	7.7500e-01	1.6783e+00	2.3621e-03
FGR	5.5600e-01	2.6968e+00	4.9503e-01
FH	5.9900e-01	2.0720e+00	2.6752e-01
FHAD1	8.9500e-01	1.7387e+00	8.4366e-33
FHDC1	6.7100e-01	5.1424e-02	1.8639e-02
FHIP1A	8.7700e-01	1.5674e+00	8.4229e-13
FHIP1B	4.6700e-01	2.0021e+00	9.9742e-01
FHIP2A	6.6800e-01	1.8386e+00	5.7518e-04
FHIP2B	1.1730e+00	-3.2336e-01	6.5935e-22
FHIT	1.5700e+00	-1.3580e+00	3.0687e-07
FHL2	8.4400e-01	1.1934e+00	3.2004e-04
FHL3	8.3500e-01	1.1161e+00	2.2872e-04
FHL5	1.4060e+00	5.0675e-01	1.1571e-09
FHOD1	9.2200e-01	1.3443e+00	1.6907e-23
FHOD3	5.9500e-01	9.9942e-01	6.8612e-08
FIBCD1	1.5300e+00	-2.1282e-01	4.0469e-19
FIBIN	1.0960e+00	2.8493e-01	1.7714e-02
FIBP	1.0090e+00	9.9980e-01	1.9227e-07
FICD	7.4700e-01	7.9745e-01	5.5510e-02
FIG4	9.6600e-01	1.7961e+00	1.3237e-16
FIGLA	1.2790e+00	-3.7438e-01	1.4896e-03
FIGN	2.7600e-01	1.5445e+00	1.0000e+00
FIGNL1	6.1500e-01	8.4812e-01	5.9072e-01
FIGNL2	1.9060e+00	-4.2733e+00	1.4775e-01
FILIP1	7.1100e-01	1.7505e+00	2.4841e-10
FILIP1L	6.8500e-01	1.0806e+00	1.4564e-08
FIP1L1	3.7800e-01	2.6280e+00	9.9995e-01
FIS1	1.1000e+00	5.4969e-04	8.3264e-05
FITM1	8.1500e-01	7.7984e-03	4.5078e-02
FITM2	9.8900e-01	1.4098e+00	3.0034e-04
FIZ1	1.1830e+00	-3.2786e-01	3.5135e-01
FJX1	1.4970e+00	-2.3425e+00	9.1313e-08
FKBP10	8.1900e-01	9.9659e-01	3.6827e-07
FKBP11	1.1880e+00	3.3348e-01	8.6824e-07
FKBP14	1.3420e+00	3.2492e-01	4.1885e-06
FKBP15	8.2300e-01	1.7145e+00	2.9955e-20
FKBP1A	1.1520e+00	2.1877e+00	8.5268e-02
FKBP1B	9.0600e-01	1.2942e+00	3.5219e-01
FKBP1C	1.8400e+00	-2.9997e-02	3.3404e-03
FKBP2	1.2190e+00	1.8599e-02	5.4966e-05
FKBP3	9.5700e-01	-3.3943e-01	1.5378e-02
FKBP4	7.3500e-01	9.7009e-01	1.2732e-04
FKBP5	6.2600e-01	2.6576e+00	1.4253e-01
FKBP6	1.0680e+00	1.0634e+00	4.0270e-06
FKBP7	1.3390e+00	4.9660e-01	1.6720e-07
FKBP8	2.6600e-01	2.5616e+00	1.0000e+00
FKBP9	7.2900e-01	2.1731e+00	2.4124e-04
FKBPL	1.3960e+00	1.6911e+00	1.6182e-11
FKRP	1.5430e+00	-2.4908e+00	6.1822e-10
FKTN	1.0220e+00	1.2731e-01	1.5042e-05
FLACC1	1.2050e+00	9.7727e-01	2.0976e-21
FLAD1	8.0900e-01	1.3376e+00	3.0655e-07
FLCN	4.8700e-01	1.9669e+00	9.8910e-01
FLG	1.9320e+00	-1.5697e+01	2.0455e-04
FLG2	1.9340e+00	1.0985e+00	5.1942e-04
FLI1	3.6700e-01	2.9612e+00	9.9996e-01
FLII	7.4900e-01	3.2564e-01	2.2699e-20
FLNB	5.0400e-01	4.5491e+00	5.7489e-04
FLNC	4.2400e-01	5.9661e+00	1.0000e+00
FLOT1	8.6700e-01	2.1617e+00	2.5338e-09
FLOT2	7.9000e-01	1.9096e+00	1.6440e-06
FLRT1	6.8200e-01	2.8445e+00	1.3592e-01
FLRT2	5.8300e-01	1.5939e+00	6.6333e-01
FLRT3	5.8500e-01	2.5191e+00	5.4921e-01
FLT1	3.7900e-01	2.9590e+00	1.0000e+00
FLT3	4.6800e-01	1.5509e+00	9.9734e-01
FLT3LG	5.1900e-01	4.3726e-01	9.6642e-01
FLT4	2.6500e-01	3.0272e+00	1.0000e+00
FLVCR1	1.0130e+00	-1.0710e-01	6.6916e-07
FLVCR2	9.0000e-01	6.1075e-01	3.3589e-06
FLYWCH1	1.6470e+00	-4.6471e+00	1.1763e-33
FLYWCH2	1.0790e+00	-6.6386e-02	4.1810e-01
FMC1	1.0390e+00	4.1352e-01	8.0610e-02
FMC1-LUC7L2	6.4700e-01	2.6318e+00	4.3416e-03
FMN1	1.0020e+00	-2.1366e-01	5.3657e-22
FMN2	5.1000e-01	-2.7361e-01	5.1243e-01
FMNL1	4.8300e-01	2.0194e+00	9.7948e-01
FMNL2	5.4200e-01	3.1640e+00	6.7326e-02
FMNL3	5.7500e-01	3.0647e+00	1.2898e-04
FMO1	8.8700e-01	8.2258e-01	4.4213e-05
FMO2	9.7700e-01	4.5554e-01	1.5866e-05
FMO3	1.3140e+00	2.0944e-01	4.5714e-12
FMO4	1.3290e+00	8.1587e-01	1.0641e-10
FMO5	1.4050e+00	4.0819e-01	3.8746e-13
FMOD	8.0500e-01	7.4625e-01	8.2718e-03
FN1	4.0400e-01	3.6666e+00	1.0000e+00
FN3K	1.5030e+00	-6.9169e-01	5.8134e-09
FN3KRP	1.4090e+00	-3.7318e-01	2.2146e-12
FNBP1	4.5700e-01	1.6506e+00	9.9852e-01
FNBP1L	7.1900e-01	1.0725e+00	1.2205e-03
FNBP4	3.5200e-01	9.5189e-01	1.0000e+00
FNDC10	1.8940e+00	-7.5365e-01	8.7939e-04
FNDC11	1.3080e+00	4.6013e-01	2.5341e-06
FNDC1	6.7600e-01	-5.5286e-01	7.1469e-12
FNDC3A	2.5600e-01	2.1622e+00	1.0000e+00
FNDC3B	1.6400e-01	2.7826e+00	1.0000e+00
FNDC4	6.9600e-01	1.4290e+00	2.4257e-01
FNDC5	8.0700e-01	1.1615e+00	1.1530e-01
FNDC7	1.0150e+00	1.4058e+00	2.8576e-16
FNDC8	1.2660e+00	8.2093e-01	7.4541e-08
FNDC9	8.0300e-01	4.8050e-01	5.9961e-01
FNIP1	3.9400e-01	2.6871e+00	1.0000e+00
FNIP2	4.2000e-01	2.0221e+00	9.9998e-01
FNTA	1.4250e+00	-1.2596e+00	1.5511e-03
FNTB	6.6500e-01	1.6760e+00	1.3580e-03
FOCAD	9.5800e-01	-3.3503e+00	6.8573e-37
FOLH1	8.0100e-01	3.3627e+00	6.1502e-09
FOLH1B	9.7800e-01	7.9588e-01	2.2200e-13
FOLR1	7.3500e-01	1.2702e+00	1.3787e-01
FOLR2	9.5400e-01	1.3673e+00	1.5748e-03
FOLR3	7.5600e-01	4.3369e-01	3.5103e-01
FOS	5.8100e-01	1.4397e+00	8.6760e-01
FOSB	5.3400e-01	1.1892e+00	9.5131e-01
FOSL1	9.7000e-01	6.0656e-01	4.2585e-03
FOSL2	2.7900e-01	1.9721e+00	9.9970e-01
FOXA1	5.7500e-01	-1.1277e-01	8.9463e-01
FOXA2	5.1800e-01	-9.1998e-01	9.6777e-01
FOXA3	1.0480e+00	7.4764e-01	3.7331e-03
FOXB1	6.8900e-01	5.9005e-01	6.2463e-01
FOXB2	1.9350e+00	-1.0828e+00	1.1578e-01
FOXC1	1.2760e+00	-3.6444e+00	5.4624e-02
FOXC2	1.8070e+00	-3.0645e+00	6.6521e-04
FOXD1	1.9310e+00	-1.4060e+00	2.2689e-02
FOXD2	1.9550e+00	-1.8040e+00	5.8500e-03
FOXD3	1.8890e+00	-1.8375e+00	3.4017e-02
FOXD4	1.3730e+00	-1.3120e+00	5.1690e-08
FOXD4L1	7.9900e-01	2.1333e+00	8.4489e-02
FOXD4L3	2.9700e-01	4.4942e+00	9.8692e-01
FOXD4L4	7.7700e-01	3.7907e+00	4.7551e-01
FOXD4L5	4.0900e-01	4.5035e+00	9.4918e-01
FOXD4L6	1.4270e+00	3.1368e+00	3.7819e-01
FOXE1	1.9260e+00	-2.0319e+00	9.9304e-03
FOXE3	1.9350e+00	-3.0438e+00	1.1644e-01
FOXF1	6.8500e-01	3.0525e-01	4.2700e-01
FOXF2	1.0160e+00	-1.0544e+00	1.4261e-03
FOXG1	3.6000e-01	3.7963e+00	9.9832e-01
FOXH1	1.6080e+00	-3.4225e+00	8.7986e-06
FOXI1	1.0610e+00	4.7824e-01	3.3309e-03
FOXI2	1.9430e+00	-2.6310e+00	5.5116e-09
FOXI3	7.3000e-01	3.8054e-01	6.5256e-01
FOXJ1	7.0100e-01	-3.9001e-01	4.3885e-01
FOXJ2	3.9800e-01	8.9953e-01	9.9998e-01
FOXJ3	4.1800e-01	1.2499e+00	9.9770e-01
FOXK1	6.6400e-01	1.6343e-01	4.5683e-02
FOXK2	7.2100e-01	-1.3391e+00	1.7188e-03
FOXL1	1.8400e+00	-1.3059e+00	9.8414e-02
FOXL2	1.9130e+00	-7.9505e-01	2.8008e-02
FOXL2NB	1.9510e+00	1.1375e-01	6.5267e-06
FOXL3	1.9650e+00	-3.7453e+00	1.7816e-08
FOXM1	5.4500e-01	1.2075e+00	6.0200e-01
FOXN1	4.4200e-01	8.1588e-01	9.9877e-01
FOXN2	7.3500e-01	-7.8366e-01	2.1577e-02
FOXN3	3.7300e-01	2.3968e+00	9.9975e-01
FOXN4	4.3500e-01	1.8212e+00	9.9879e-01
FOXO1	3.4800e-01	5.9544e-01	9.9987e-01
FOXO3	2.6000e-01	2.7292e+00	9.9997e-01
FOXO3B	1.4630e+00	5.7381e-01	9.0118e-06
FOXO6	1.2930e+00	-1.3631e+00	9.8730e-02
FOXP1	2.7900e-01	2.6573e+00	1.0000e+00
FOXP2	1.5700e-01	3.1178e+00	1.0000e+00
FOXP4	4.9600e-01	9.1110e-01	9.7775e-01
FOXQ1	1.9380e+00	-4.7425e+00	1.1178e-01
FOXR1	9.8400e-01	6.6720e-02	1.1143e-06
FOXRED1	1.1180e+00	8.6475e-01	2.0617e-11
FOXRED2	7.9800e-01	1.3148e+00	2.1125e-06
FOXS1	9.5900e-01	1.1153e+00	4.5600e-02
FPGS	1.1740e+00	6.8257e-01	2.2705e-17
FPGT	1.1180e+00	-4.1973e-01	3.3185e-09
FPGT-TNNI3K	NA	-2.6071e-01	NA
FPR1	1.9210e+00	1.1628e+00	1.3196e-01
FPR2	1.6670e+00	1.4503e+00	7.8711e-02
FPR3	1.9060e+00	2.0529e+00	1.4783e-01
FRA10AC1	1.8070e+00	3.4767e-01	5.1780e-02
FRAS1	7.2900e-01	1.4453e+00	6.8358e-52
FRAT1	1.7980e+00	-1.5161e+00	2.8168e-04
FRAT2	1.8770e+00	-2.6026e+00	3.0838e-01
FREM1	1.1570e+00	-4.4420e+00	2.6459e-52
FREM2	5.8800e-01	8.8478e-01	2.3417e-11
FREM3	9.3400e-01	1.0496e+00	3.1317e-25
FRG1	7.6600e-01	6.8991e-01	4.1174e-01
FRG2	8.9000e-01	2.3510e+00	4.9073e-02
FRG2B	4.7000e-01	2.6113e+00	9.2054e-01
FRG2C	1.5350e+00	9.2541e-02	2.2008e-03
FRK	1.0160e+00	1.0566e+00	1.2568e-13
FRMD1	1.2370e+00	-1.5802e-01	5.4002e-15
FRMD3	5.6300e-01	1.3304e+00	7.7450e-01
FRMD4A	4.5600e-01	-1.0981e+00	9.9815e-01
FRMD4B	6.3700e-01	-7.1312e-01	1.3233e-02
FRMD5	4.8800e-01	1.2988e+00	9.8923e-01
FRMD6	8.0800e-01	9.9343e-01	9.2174e-05
FRMD8	1.1480e+00	-7.3159e-02	2.2655e-11
FRMPD1	7.5200e-01	2.1231e+00	4.4829e-10
FRMPD2	9.4600e-01	-5.5022e-01	1.3081e-19
FRRS1	1.0770e+00	1.1229e+00	7.1026e-06
FRRS1L	1.4100e+00	-7.8414e-01	1.4941e-04
FRS2	3.9200e-01	1.5347e+00	9.9912e-01
FRS3	6.7900e-01	6.6141e-01	5.6293e-02
FRY	4.2800e-01	5.3340e+00	1.0000e+00
FRYL	4.3400e-01	3.3198e+00	9.9999e-01
FRZB	1.5180e+00	-2.0386e-02	8.0056e-10
FSBP	1.0510e+00	1.1417e+00	3.8121e-05
FSCB	1.8160e+00	-4.4564e-02	3.5711e-01
FSCN1	5.1100e-01	2.0260e+00	9.7384e-01
FSCN2	1.7810e+00	-2.7800e+00	1.2301e-20
FSCN3	1.1180e+00	1.0575e+00	4.2925e-11
FSD1	5.6800e-01	1.7165e+00	5.2704e-01
FSD1L	8.3800e-01	1.2852e+00	3.3382e-02
FSD2	1.0980e+00	1.9533e-01	8.0072e-21
FSHB	1.1630e+00	3.7596e-01	2.3197e-02
FSHR	1.0710e+00	-9.6401e-01	4.1674e-13
FSIP1	1.3660e+00	1.8648e-01	2.5781e-11
FSIP2	7.8200e-01	2.1642e+00	2.0129e-70
FST	2.6000e-01	2.7539e+00	9.9997e-01
FSTL1	8.0500e-01	4.9494e-01	1.7021e-01
FSTL3	1.6030e+00	-1.2322e+00	6.0085e-07
FSTL4	4.4100e-01	2.1990e+00	9.9932e-01
FSTL5	7.6200e-01	1.8041e-01	2.0104e-03
FTCD	1.6100e+00	-2.0472e+00	1.2895e-29
FTH1	3.9600e-01	1.7621e+00	9.9550e-01
FTL	1.5520e+00	1.1926e+00	2.0921e-06
FTMT	1.1570e+00	-1.4465e+00	1.2341e-02
FTO	9.2400e-01	1.2714e+00	1.1447e-10
FTSJ3	5.0700e-01	4.6671e-01	6.9344e-01
FUBP1	2.7700e-01	1.9435e+00	9.9993e-01
FUBP3	5.2500e-01	1.4537e+00	9.4049e-01
FUCA1	1.1620e+00	5.5825e-01	3.6291e-15
FUCA2	1.0150e+00	9.9621e-01	4.3510e-10
FUOM	1.8260e+00	-1.1432e+00	5.2020e-09
FURIN	3.0000e-01	2.2296e+00	1.0000e+00
FUS	1.0400e-01	2.8346e+00	1.0000e+00
FUT10	1.0000e+00	1.0576e+00	3.1859e-10
FUT11	1.4120e+00	-1.3320e+00	8.9548e-15
FUT1	1.8920e+00	7.4516e-01	1.3963e-02
FUT2	1.7100e+00	1.0674e+00	3.2262e-02
FUT3	1.9420e+00	1.2581e+00	1.9379e-02
FUT4	1.2160e+00	-2.8379e+00	6.7286e-02
FUT5	1.8140e+00	1.2836e+00	1.0867e-01
FUT6	1.8410e+00	8.8560e-01	9.8034e-02
FUT7	1.1910e+00	-7.7961e-02	1.3264e-01
FUT8	6.6700e-01	2.2516e+00	2.6169e-03
FUT9	7.6400e-01	2.1450e+00	4.1051e-02
FUZ	1.1460e+00	-2.4277e-01	1.0440e-10
FXN	8.0900e-01	-4.4136e-01	1.6481e-01
FXR1	3.6600e-01	1.5462e+00	9.8943e-01
FXR2	3.2100e-01	1.4010e+00	9.9999e-01
FXYD1	8.3000e-01	4.4194e-01	3.6773e-01
FXYD2	1.2390e+00	-3.1803e-01	7.9463e-03
FXYD3	1.0460e+00	4.4416e-01	1.0618e-03
FXYD4	1.1000e+00	4.6872e-01	6.3621e-04
FXYD5	1.1340e+00	-4.9375e-04	5.0280e-02
FXYD6	8.1000e-01	7.2703e-02	2.3135e-01
FXYD6-FXYD2	7.9800e-01	-4.3160e-01	3.6630e-02
FXYD7	1.2050e+00	6.6776e-01	6.9915e-02
FYB1	4.3600e-01	-6.6729e-02	9.9908e-01
FYB2	1.1520e+00	1.2460e-01	3.9018e-20
FYCO1	8.4700e-01	1.5115e+00	3.4620e-28
FYN	2.1500e-01	5.2410e+00	1.0000e+00
FYTTD1	8.4400e-01	4.8489e-01	1.1946e-01
FZD10	8.5600e-01	1.0978e+00	2.0859e-03
FZD1	6.8400e-01	7.5884e-01	1.2364e-02
FZD2	6.9000e-01	3.5551e+00	3.0057e-02
FZD3	5.1400e-01	2.8852e+00	9.6861e-01
FZD4	6.1400e-01	1.5152e+00	3.6307e-01
FZD5	5.5100e-01	2.0730e+00	9.0108e-01
FZD6	1.2000e+00	2.0793e+00	1.6785e-11
FZD7	7.8100e-01	1.8809e+00	7.8687e-04
FZD8	7.5300e-01	1.3249e+00	9.3541e-03
FZD9	1.3680e+00	-7.7585e-01	5.9270e-11
FZR1	3.3700e-01	3.0109e+00	9.9999e-01
G0S2	1.8570e+00	-4.3110e-01	3.2680e-01
G2E3	6.0000e-01	1.2476e+00	8.8810e-01
G3BP1	1.1610e+00	6.2588e-01	3.7728e-04
G3BP2	1.0310e+00	2.3979e+00	8.3913e-02
G6PC1	9.6300e-01	1.1730e+00	3.7042e-05
G6PC2	1.6790e+00	6.0917e-02	3.5584e-05
G6PC3	1.0080e+00	1.2972e+00	5.3335e-08
GAA	1.0080e+00	-3.1627e-01	2.0036e-25
GAB1	5.0300e-01	1.8962e+00	9.7510e-01
GAB2	5.5800e-01	4.7429e-01	6.7676e-01
GAB4	7.3100e-01	3.7137e-02	3.5302e-04
GABARAP	1.4410e+00	1.0026e+00	2.3320e-01
GABARAPL1	7.3800e-01	1.3177e+00	7.4470e-01
GABARAPL2	1.5810e+00	4.7134e-01	1.8318e-03
GABBR1	3.7800e-01	5.5364e+00	1.0000e+00
GABBR2	3.9400e-01	4.1068e+00	9.9997e-01
GABPA	8.3000e-02	4.1130e+00	1.0000e+00
GABPB1	5.9800e-01	3.3470e+00	6.4524e-01
GABPB2	8.5200e-01	1.6122e+00	9.2040e-05
GABRA1	2.8200e-01	4.2735e+00	9.9999e-01
GABRA2	4.9000e-01	3.4103e+00	9.8379e-01
GABRA4	3.8500e-01	2.4644e+00	9.9973e-01
GABRA5	5.6000e-01	3.2633e+00	7.9404e-01
GABRA6	1.1840e+00	-3.7021e-02	2.1073e-14
GABRB1	5.6500e-01	3.0113e+00	7.2752e-01
GABRB2	4.2600e-01	4.0985e+00	9.9947e-01
GABRB3	4.3900e-01	4.4622e+00	9.9912e-01
GABRD	7.8600e-01	1.6896e+00	1.6648e-04
GABRG1	1.3110e+00	2.2502e-01	2.0581e-12
GABRG2	4.2800e-01	3.9288e+00	9.9942e-01
GABRG3	6.0000e-01	2.7010e+00	3.6120e-01
GABRP	1.3510e+00	6.0757e-01	8.3721e-16
GABRR1	1.1950e+00	5.8228e-01	1.4219e-15
GABRR2	1.0050e+00	5.6526e-01	4.0410e-09
GABRR3	8.6100e-01	4.0536e-01	7.6497e-05
GAD1	5.6900e-01	3.7496e+00	2.8136e-01
GAD2	3.9000e-01	1.5767e+00	9.9997e-01
GADD45A	7.8100e-01	1.6190e+00	4.6593e-01
GADD45B	1.0780e+00	1.3103e+00	1.0504e-02
GADD45G	8.4900e-01	1.6012e+00	1.7126e-01
GADD45GIP1	1.3160e+00	-6.3914e-01	5.2243e-06
GADL1	1.2420e+00	-1.1009e+00	2.0991e-08
GAK	6.8700e-01	5.0011e-01	3.9537e-12
GAL	1.7200e+00	-1.9023e-01	1.3705e-02
GAL3ST1	7.7300e-01	2.0652e+00	2.3014e-02
GAL3ST2	1.8490e+00	-2.0439e+00	2.2930e-07
GAL3ST3	1.6860e+00	-2.0796e+00	1.4310e-10
GAL3ST4	1.2840e+00	2.5107e-01	3.3722e-12
GALC	1.0190e+00	-2.7925e-01	3.8591e-15
GALE	9.2500e-01	8.8167e-01	5.1351e-08
GALK1	1.1980e+00	1.8526e-02	8.4112e-10
GALK2	1.0050e+00	-5.9053e-02	3.9885e-07
GALM	1.4210e+00	-1.5961e-01	2.9942e-13
GALNS	1.2510e+00	-1.4486e+00	2.5056e-23
GALNT10	6.8300e-01	9.8028e-01	2.8626e-03
GALNT11	8.1200e-01	1.7451e+00	1.3462e-09
GALNT12	1.0540e+00	-1.3022e-01	4.3146e-11
GALNT1	3.5900e-01	2.8463e+00	9.9998e-01
GALNT13	7.3500e-01	9.6192e-01	4.6596e-02
GALNT14	9.5100e-01	5.4383e-01	2.2151e-14
GALNT15	1.1180e+00	2.2807e-01	3.3378e-20
GALNT16	5.8300e-01	1.5646e+00	4.6875e-01
GALNT17	6.1000e-01	2.8667e+00	1.9036e-02
GALNT18	8.5700e-01	1.1500e+00	1.1267e-09
GALNT2	5.1500e-01	1.8886e+00	8.9335e-01
GALNT3	8.0400e-01	9.2811e-01	1.2541e-07
GALNT4	6.5000e-01	-3.5960e-01	6.8625e-02
GALNT5	1.0100e+00	5.6389e-02	8.8892e-12
GALNT6	1.0240e+00	1.4786e+00	7.7660e-13
GALNT7	8.3600e-01	9.3286e-01	4.8622e-03
GALNT8	1.1960e+00	1.0118e-01	1.8609e-10
GALNT9	1.0820e+00	5.9191e-01	4.0326e-15
GALNTL5	1.0810e+00	4.8144e-01	3.9301e-10
GALNTL6	7.7700e-01	1.8694e+00	1.8821e-05
GALP	1.6230e+00	-1.9899e-01	2.7773e-04
GALR1	9.8300e-01	2.8713e-01	3.7933e-02
GALR2	1.7600e+00	-9.6930e-01	1.1818e-02
GALR3	1.8230e+00	-3.7336e+00	3.6965e-03
GALT	9.3500e-01	1.8721e+00	4.2797e-11
GAMT	1.5360e+00	-2.3611e+00	2.6125e-10
GAN	8.4200e-01	-2.0202e+00	1.5123e-06
GANAB	3.9100e-01	3.2652e+00	1.0000e+00
GANC	9.8000e-01	2.7983e-02	5.0307e-18
GAP43	3.5800e-01	4.8505e-01	9.9645e-01
GAPDH	6.7900e-01	2.5074e+00	1.9015e-01
GAPDHS	1.2060e+00	9.8604e-01	3.3970e-10
GAPT	1.8490e+00	-1.6624e-01	1.9147e-01
GAPVD1	3.4000e-01	2.3927e+00	1.0000e+00
GAR1	1.1360e+00	1.2041e-01	1.5735e-01
GAREM1	5.0700e-01	1.1886e+00	9.4942e-01
GAREM2	8.4300e-01	2.6376e-01	1.3207e-05
GARNL3	5.4000e-01	2.4906e+00	8.6930e-01
GARRE1	5.7900e-01	1.9487e+00	2.6176e-03
GARS1	6.4800e-01	1.5312e+00	5.2745e-04
GART	4.9600e-01	1.4441e+00	9.5647e-01
GAS1	1.7950e+00	-3.1370e+00	7.1229e-04
GAS2	7.5500e-01	1.0416e+00	1.3769e-02
GAS2L1	1.0440e+00	-1.1951e+00	5.7104e-06
GAS2L2	8.8400e-01	-1.9915e-01	8.2195e-05
GAS2L3	1.1320e+00	7.2326e-01	7.3346e-03
GAS6	7.8700e-01	4.1038e-01	1.9150e-08
GAS7	6.7400e-01	2.4181e+00	2.4133e-02
GAS8	1.4120e+00	-8.1574e-01	2.0211e-25
GASK1A	1.3350e+00	1.1043e+00	1.1914e-15
GASK1B	9.7100e-01	1.5313e-01	1.6665e-08
GAST	1.2880e+00	2.9492e-01	2.9886e-03
GATA2	3.3500e-01	1.7347e+00	9.9993e-01
GATA3	3.7600e-01	1.3283e+00	9.9953e-01
GATA4	4.6800e-01	-1.4458e+00	9.9122e-01
GATA5	1.6290e+00	-3.1449e+00	3.6228e-11
GATA6	5.2700e-01	-1.0918e+00	9.5497e-01
GATAD1	1.7890e+00	-8.0150e-01	5.5194e-02
GATAD2A	2.9500e-01	1.8452e+00	1.0000e+00
GATAD2B	2.3600e-01	3.9897e+00	1.0000e+00
GATB	8.3900e-01	2.1003e-01	4.9411e-06
GATC	1.4310e+00	-3.4880e-01	3.3359e-03
GATD1	1.4880e+00	-1.0071e+00	9.8431e-08
GATM	5.9700e-01	2.2175e+00	3.2892e-01
GBA2	7.7300e-01	1.9266e+00	4.8570e-13
GBA3	NA	4.6031e-01	NA
GBA	7.0700e-01	2.2965e+00	1.0117e-04
GBE1	1.2110e+00	-7.5477e-02	1.4750e-08
GBF1	6.4200e-01	4.1594e+00	1.8708e-10
GBGT1	1.2450e+00	6.0901e-01	2.0849e-05
GBP1	1.1190e+00	1.1673e+00	3.2387e-20
GBP2	1.0760e+00	1.0444e+00	8.7478e-14
GBP3	1.0930e+00	1.4860e+00	7.4078e-17
GBP4	1.3620e+00	1.1414e+00	4.0470e-25
GBP5	8.7500e-01	1.3457e-01	3.5044e-07
GBP6	1.0510e+00	5.5708e-01	2.5979e-15
GBP7	8.6800e-01	6.9767e-01	7.7524e-09
GBX1	7.6800e-01	-6.0228e-01	1.7575e-01
GBX2	5.9600e-01	-6.2175e-01	8.7795e-01
GC	1.4920e+00	3.0830e-01	2.2894e-07
GCA	1.8470e+00	-3.3357e-01	4.3473e-02
GCAT	1.0440e+00	1.2555e-01	1.0113e-07
GCC1	7.2400e-01	1.3004e+00	5.6953e-06
GCC2	6.2600e-01	-9.8401e-02	5.8596e-07
GCDH	7.5200e-01	1.6984e+00	1.7641e-05
GCFC2	1.9450e+00	-2.8594e+00	2.1464e-05
GCG	9.4300e-01	3.2807e-01	1.3767e-01
GCGR	1.0180e+00	3.6509e-01	1.3739e-11
GCH1	8.9900e-01	6.2902e-01	3.6180e-01
GCHFR	1.9470e+00	-6.1082e-01	3.9663e-04
GCK	8.6600e-01	2.7902e+00	7.7468e-07
GCKR	1.1380e+00	1.6673e-01	3.2764e-14
GCLC	4.0400e-01	2.1807e+00	9.9953e-01
GCLM	1.6510e+00	1.4145e-02	1.3864e-03
GCM1	4.0400e-01	1.8483e+00	9.9036e-01
GCM2	1.2050e+00	1.9513e+00	6.7102e-06
GCN1	3.4900e-01	5.7027e+00	1.0000e+00
GCNT1	8.2700e-01	1.1896e+00	2.0700e-03
GCNT2	1.3690e+00	-1.2775e+00	7.7917e-10
GCNT3	1.7430e+00	-2.2068e+00	6.4118e-02
GCNT4	8.0000e-01	7.7950e-01	1.3309e-03
GCNT7	1.2150e+00	6.7278e-01	3.0146e-08
GCOM1	1.1720e+00	-4.2640e-01	1.0856e-17
GCSAM	1.1780e+00	7.0002e-01	7.7413e-02
GCSAML	1.8270e+00	2.1608e-01	3.6073e-03
GCSH	1.5370e+00	-1.1056e+00	3.3443e-01
GDA	1.1780e+00	6.1488e-01	4.8829e-01
GDAP1	9.6300e-01	1.1710e+00	2.3132e-04
GDAP1L1	8.8300e-01	2.0135e+00	1.4840e-04
GDAP2	1.5440e+00	2.7573e-01	5.1238e-02
GDE1	1.5760e+00	2.1016e-01	8.0579e-04
GDF10	1.1130e+00	-1.5894e+00	5.3724e-07
GDF11	6.1400e-01	2.7481e+00	5.9529e-01
GDF1	1.9720e+00	-3.1298e+00	6.6838e-06
GDF15	1.7230e+00	-4.8975e-01	1.7122e-04
GDF2	1.2080e+00	7.6019e-01	3.1020e-06
GDF3	1.5130e+00	1.7028e-01	1.0543e-03
GDF5	7.1000e-01	1.0668e+00	2.5782e-02
GDF6	3.4200e-01	8.7295e-02	9.9958e-01
GDF7	1.7260e+00	-2.2016e+00	2.7239e-05
GDF9	1.1300e+00	1.5941e-01	4.2402e-07
GDI2	7.7400e-01	7.8776e-01	4.8057e-01
GDNF	7.2500e-01	8.9618e-01	5.9747e-01
GDPD1	1.7030e+00	1.0210e+00	7.7030e-05
GDPD3	1.1750e+00	1.2027e+00	5.8726e-13
GDPD4	1.0490e+00	5.7349e-01	3.5842e-07
GDPD5	8.8300e-01	1.4426e+00	7.1562e-12
GDPGP1	1.2700e+00	1.0389e+00	7.5115e-07
GEM	1.2500e+00	9.2670e-01	4.3081e-07
GEMIN2	1.8050e+00	-4.0151e-01	9.7329e-03
GEMIN4	9.4700e-01	6.2997e-01	3.8288e-15
GEMIN5	8.3900e-01	-2.6735e-02	2.9965e-18
GEMIN6	1.3560e+00	-1.4523e+00	9.2775e-05
GEMIN7	1.4210e+00	7.0703e-01	7.5986e-03
GEN1	1.4220e+00	3.6687e-02	1.7580e-07
GET1	1.2370e+00	5.6830e-01	2.2944e-06
GET1-SH3BGR	NA	4.5828e-01	NA
GET3	7.3400e-01	2.1895e+00	3.2654e-02
GET4	1.1410e+00	-2.2766e+00	2.6946e-05
GFAP	9.9100e-01	1.8993e+00	2.8861e-09
GFER	1.8700e+00	-1.1759e+00	4.5979e-11
GFI1	7.1500e-01	7.0931e-01	4.8531e-02
GFI1B	7.6100e-01	5.9398e-01	5.1010e-03
GFM1	8.2900e-01	1.1282e+00	3.6978e-10
GFM2	1.0660e+00	1.3500e+00	6.5374e-11
GFOD1	6.3000e-01	2.5437e+00	6.7061e-01
GFOD2	6.1300e-01	1.1221e+00	7.4176e-01
GFPT1	7.1600e-01	4.3554e+00	2.2385e-02
GFPT2	1.1260e+00	1.0353e+00	3.9680e-12
GFRA1	4.4500e-01	1.2860e+00	9.9768e-01
GFRA2	6.9500e-01	-8.5971e-01	1.0423e-01
GFRA3	8.2900e-01	1.7850e+00	8.9447e-03
GFRA4	1.9780e+00	-2.9819e+00	3.0179e-16
GFRAL	1.2050e+00	-1.7449e-01	1.5186e-06
GFUS	1.3090e+00	1.0501e-01	5.1638e-15
GFY	1.2830e+00	1.0436e-01	1.0890e-09
GGA1	4.6800e-01	1.1153e+00	9.9577e-01
GGA2	1.0150e+00	1.0037e-01	3.1836e-05
GGA3	9.9700e-01	-7.4640e-01	4.0985e-15
GGACT	1.0310e+00	-3.3716e-01	6.5041e-01
GGCT	1.3350e+00	6.4265e-01	4.8489e-05
GGCX	8.8800e-01	1.7017e+00	2.2339e-15
GGH	1.4880e+00	-1.1315e+00	5.9021e-02
GGN	1.1860e+00	-1.4301e+00	4.5065e-08
GGNBP2	2.0100e-01	3.1800e+00	1.0000e+00
GGPS1	1.0160e+00	1.4046e+00	5.3041e-02
GGT1	5.7400e-01	3.5504e+00	4.5460e-01
GGT2	1.2870e+00	2.2836e+00	1.0062e-01
GGT5	1.1930e+00	-7.3053e-01	6.8707e-16
GGT6	1.1330e+00	-1.6344e-01	4.8017e-04
GGT7	6.8000e-01	1.3697e+00	6.7049e-03
GGTLC1	1.1140e+00	2.3547e-01	2.8492e-04
GGTLC2	1.2390e+00	8.6834e-01	4.3345e-04
GH1	8.3800e-01	-2.8440e-01	1.2747e-02
GH2	9.9300e-01	-5.4974e-01	1.5233e-04
GHDC	1.1270e+00	-1.7462e-02	9.2881e-14
GHITM	9.6500e-01	4.4376e-01	5.0899e-01
GHR	6.5000e-01	1.7358e-01	1.5729e-01
GHRH	9.2500e-01	8.0659e-01	2.3099e-01
GHRHR	9.8400e-01	-3.8654e-02	4.5012e-08
GHRL	1.8220e+00	-1.4920e+00	9.5725e-05
GHSR	1.0330e+00	7.4722e-02	9.2232e-05
GID4	7.0200e-01	-1.0091e+00	7.5242e-01
GID8	5.6700e-01	2.5132e+00	9.1485e-01
GIGYF1	7.3500e-01	-1.3319e+00	4.3365e-16
GIGYF2	1.5000e-01	1.9919e+00	1.0000e+00
GIMAP1	4.7300e-01	-2.2019e-01	9.5562e-01
GIMAP1-GIMAP5	9.4000e-01	7.0409e-01	5.3499e-05
GIMAP2	1.1900e+00	-8.5005e-02	4.0622e-07
GIMAP4	1.2040e+00	3.6038e-01	9.5453e-03
GIMAP5	1.3820e+00	5.8427e-01	1.8885e-03
GIMAP6	1.3890e+00	7.3893e-01	3.9807e-03
GIMAP7	NA	7.4147e-01	NA
GIMAP8	1.1050e+00	4.4461e-01	7.2777e-08
GIMD1	1.4930e+00	-2.5158e-01	2.5971e-03
GIN1	1.0860e+00	5.8686e-01	4.1286e-01
GINM1	1.4450e+00	-4.5814e-01	6.3039e-04
GINS1	1.8880e+00	2.0354e-01	7.7799e-02
GINS2	1.7550e+00	-1.4832e+00	5.7716e-05
GINS3	1.3360e+00	8.0364e-01	9.8249e-06
GINS4	9.9300e-01	6.7205e-01	6.1006e-03
GIP	1.4780e+00	-1.8042e-01	1.0297e-04
GIPC1	7.0100e-01	5.8732e-01	3.6497e-01
GIPC2	1.9170e+00	-1.4105e+00	1.4008e-05
GIPC3	9.6200e-01	-3.9969e-01	4.2657e-04
GIPR	1.6380e+00	-1.1764e+00	7.4743e-26
GIT1	2.5700e-01	3.3718e+00	1.0000e+00
GIT2	7.0100e-01	1.6279e+00	2.2680e-01
GJA10	1.9520e+00	6.2654e-02	3.9412e-02
GJA1	5.2200e-01	3.3847e+00	9.6386e-01
GJA3	1.9220e+00	-1.8681e-02	1.3111e-01
GJA4	7.8300e-01	1.6935e+00	3.0077e-02
GJA5	7.6500e-01	1.5618e+00	5.0242e-01
GJA8	1.3040e+00	-3.5005e-01	1.2646e-05
GJA9	1.8600e+00	1.2105e+00	1.8440e-01
GJB2	1.9650e+00	4.4390e-01	3.5966e-15
GJB3	1.2770e+00	6.3932e-01	6.5903e-03
GJB4	1.9220e+00	2.1689e-01	1.3158e-01
GJB5	1.8060e+00	8.2286e-01	5.1835e-02
GJB6	1.5240e+00	9.0334e-01	3.4146e-05
GJB7	1.9670e+00	3.8607e-01	1.4583e-03
GJC1	3.4800e-01	3.3856e+00	9.9974e-01
GJC2	1.6040e+00	-1.3903e+00	4.5701e-01
GJC3	1.2130e+00	7.4070e-01	2.7646e-05
GJD2	7.9700e-01	2.7783e+00	3.7216e-02
GJD3	NA	-2.2448e+00	NA
GJD4	1.8530e+00	-3.2066e+00	2.1783e-07
GK2	1.4150e+00	7.7702e-01	1.2389e-05
GK3P	1.2580e+00	6.6977e-01	3.1151e-01
GK5	6.4400e-01	1.0890e+00	7.5236e-01
GKAP1	8.2200e-01	7.0618e-01	2.1034e-01
GKN1	1.7540e+00	2.7098e-01	2.7864e-02
GKN2	1.1190e+00	-2.1142e-01	4.1085e-03
GLB1	9.3800e-01	1.1365e+00	2.9564e-15
GLB1L2	1.0210e+00	8.8117e-01	4.4837e-16
GLB1L3	1.2970e+00	-2.9003e-01	3.8008e-22
GLB1L	8.7300e-01	6.2462e-01	3.1044e-13
GLCCI1	8.9000e-01	-9.1239e-01	1.3016e-04
GLCE	5.1500e-01	3.0098e+00	9.6518e-01
GLDC	1.0900e+00	-1.2168e+00	2.5009e-21
GLDN	1.0780e+00	-1.2504e+00	6.9905e-13
GLE1	1.1030e+00	1.6629e+00	2.1418e-15
GLG1	4.3400e-01	8.6765e-01	9.9969e-01
GLI1	7.0400e-01	1.7580e+00	1.3180e-07
GLI2	3.6400e-01	5.0151e-01	1.0000e+00
GLI3	2.9800e-01	1.0660e+00	1.0000e+00
GLI4	1.7280e+00	-3.4954e+00	9.0058e-15
GLIPR1	1.3100e+00	8.6589e-01	2.7143e-04
GLIPR1L1	1.6170e+00	1.4393e-01	3.7058e-03
GLIPR1L2	1.2360e+00	-3.9514e-02	4.9759e-06
GLIPR2	1.8560e+00	4.2655e-03	4.8116e-04
GLIS1	6.0000e-01	-5.4636e-01	1.4044e-01
GLIS2	6.3700e-01	1.0964e-01	3.2698e-01
GLIS3	8.5300e-01	-4.5377e+00	2.4153e-12
GLMN	1.7050e+00	4.7029e-01	6.2403e-03
GLMP	1.2640e+00	9.0508e-01	9.4695e-13
GLOD4	1.8410e+00	-4.6101e-01	5.3875e-04
GLP1R	4.9400e-01	1.8009e+00	9.8579e-01
GLP2R	1.3310e+00	1.4315e+00	1.8769e-11
GLRA1	9.7500e-01	2.4146e+00	1.9790e-07
GLRA3	1.2430e+00	8.5695e-01	2.0085e-04
GLRB	7.4600e-01	5.7521e-01	4.6345e-01
GLRX	1.5810e+00	6.3609e-01	2.1393e-02
GLRX2	1.7290e+00	-9.5516e-01	1.3313e-02
GLRX3	1.8730e+00	-1.5258e+00	8.4877e-02
GLRX5	1.7410e+00	-1.8416e+00	3.8364e-04
GLS	1.2340e+00	-8.7192e-01	6.3090e-02
GLS2	8.1500e-01	2.8287e+00	2.6413e-11
GLT1D1	9.9800e-01	-1.4105e-01	1.9165e-02
GLT6D1	1.3630e+00	1.5976e-01	1.5317e-01
GLT8D1	1.2660e+00	4.9271e-01	1.6088e-03
GLT8D2	1.3310e+00	1.1535e+00	8.0056e-08
GLTP	1.5800e+00	6.6581e-01	2.4955e-05
GLTPD2	1.7290e+00	-2.0621e+00	4.1964e-06
GLUD1	7.4800e-01	2.9685e+00	1.6085e-02
GLUL	3.7700e-01	3.2304e+00	9.9971e-01
GLYAT	1.9150e+00	-5.5180e-01	6.9105e-04
GLYATL1	1.0680e+00	1.0750e-01	2.2867e-04
GLYATL2	1.6500e+00	-2.3555e-01	6.6495e-08
GLYATL3	1.7680e+00	8.3178e-02	5.3542e-05
GLYCTK	1.3000e+00	3.6106e-01	8.6061e-10
GLYR1	3.9700e-01	1.8048e+00	9.9998e-01
GM2A	9.6800e-01	1.8945e-01	1.1867e-01
GMCL1	1.4810e+00	-3.5868e-01	4.2973e-08
GMCL2	1.2020e+00	9.5451e-01	3.7303e-02
GMDS	7.1900e-01	4.9760e-01	5.3745e-01
GMEB1	1.5100e-01	2.7676e+00	1.0000e+00
GMEB2	3.6800e-01	1.3713e+00	9.9967e-01
GMFG	1.3830e+00	2.9867e-01	1.8652e-02
GMIP	6.9000e-01	1.6189e+00	5.7570e-08
GML	1.8310e+00	6.9684e-01	3.4636e-01
GMNC	8.8200e-01	3.0209e-01	6.9236e-03
GMPPA	1.0880e+00	1.1515e+00	3.3672e-10
GMPPB	1.1890e+00	1.0147e+00	2.0523e-12
GMPR	1.2180e+00	9.2456e-02	5.9177e-06
GMPR2	1.2730e+00	8.0015e-01	6.3512e-09
GMPS	1.3290e+00	1.3667e-01	8.9405e-02
GNA11	3.8000e-01	3.8795e+00	9.9978e-01
GNA12	5.5900e-01	1.3565e+00	9.2594e-01
GNA13	2.6200e-01	2.8646e+00	9.9986e-01
GNA14	1.5120e+00	-8.6688e-02	2.6525e-14
GNA15	9.0600e-01	-2.2960e-01	1.6884e-05
GNAI1	6.2700e-01	1.4183e-01	8.6287e-01
GNAI2	2.2800e-01	4.0697e+00	1.0000e+00
GNAI3	1.1130e+00	1.2618e+00	1.6981e-01
GNAL	1.7200e+00	-1.4863e+00	4.2660e-04
GNAO1	1.0500e-01	4.5551e+00	1.0000e+00
GNAQ	8.1800e-01	2.6607e+00	5.7870e-01
GNAS	3.0200e-01	4.8425e+00	9.9999e-01
GNAT1	1.1380e+00	1.5959e+00	5.7987e-11
GNAT2	1.1760e+00	1.4883e+00	9.0816e-06
GNAT3	1.0090e+00	4.0770e-01	3.1334e-02
GNAZ	3.0200e-01	4.4401e+00	9.9979e-01
GNB1	2.2200e-01	3.4867e+00	9.9760e-01
GNB1L	1.0200e+00	9.3229e-01	1.1408e-06
GNB2	3.7200e-01	3.0831e+00	9.9977e-01
GNB3	1.0720e+00	1.0111e+00	3.8394e-09
GNB4	8.6300e-01	1.8036e+00	5.3098e-03
GNB5	1.1550e+00	2.3735e-01	1.1316e-05
GNE	8.2100e-01	4.0011e+00	1.6876e-06
GNG10	1.9380e+00	6.4579e-01	1.2732e-03
GNG12	7.9200e-01	4.4394e-01	7.5133e-01
GNG13	1.7960e+00	-3.5469e-01	4.2439e-03
GNG2	1.4200e+00	1.0524e+00	3.8074e-01
GNG3	1.4850e+00	1.6289e+00	2.1734e-01
GNG4	1.8960e+00	2.9689e-02	1.3553e-02
GNG5	1.4850e+00	-4.0597e-01	4.9855e-01
GNG7	8.6900e-01	5.6644e-01	7.1620e-01
GNG8	1.6860e+00	5.0996e-01	1.5411e-02
GNGT2	1.6510e+00	8.7000e-01	3.8378e-02
GNL1	3.5500e-01	2.4726e+00	1.0000e+00
GNL2	8.1200e-01	1.1348e+00	8.3299e-05
GNL3	1.3780e+00	1.0216e-01	2.7989e-15
GNLY	1.5520e+00	2.7580e-01	3.8381e-04
GNMT	1.3280e+00	2.9612e-01	3.0577e-09
GNPAT	5.7200e-01	1.3747e+00	8.7864e-01
GNPDA1	1.1690e+00	1.6870e+00	1.7417e-04
GNPDA2	1.4060e+00	9.5942e-01	1.5284e-04
GNPTAB	8.0000e-01	2.0514e+00	1.5001e-13
GNPTG	1.3690e+00	-2.4992e+00	1.4307e-17
GNRH1	1.2200e+00	-2.6033e-01	3.3093e-01
GNRH2	1.7480e+00	9.1899e-02	1.4259e-06
GNRHR	7.8900e-01	1.4942e-01	4.4922e-01
GNS	1.5430e+00	6.1768e-01	1.0870e-02
GOLGA1	6.8700e-01	8.0662e-01	2.5137e-03
GOLGA2	4.0700e-01	1.0491e+00	1.0000e+00
GOLGA3	5.6800e-01	2.9176e-01	1.6692e-05
GOLGA4	6.9900e-01	7.7250e-01	1.1329e-20
GOLGA5	7.5900e-01	1.3710e+00	2.2394e-04
GOLGA6A	3.2700e-01	3.5218e+00	9.9516e-01
GOLGA6B	7.2600e-01	2.4480e+00	2.1157e-01
GOLGA6C	5.8300e-01	2.5427e+00	9.0284e-01
GOLGA6D	1.3970e+00	1.2662e+00	8.3299e-03
GOLGA6L10	4.1000e-01	4.8284e+00	9.9605e-01
GOLGA6L1	1.7400e+00	1.0651e+00	3.9988e-01
GOLGA6L2	1.4310e+00	-1.7398e+00	1.6102e-07
GOLGA6L22	1.7450e+00	9.8479e-01	3.7658e-06
GOLGA6L6	9.9500e-01	9.9431e-01	1.6569e-01
GOLGA6L7	8.9300e-01	1.3839e+00	6.0013e-03
GOLGA6L9	1.0840e+00	3.9160e-01	2.5407e-05
GOLGA7B	1.2140e+00	1.5587e+00	2.7231e-05
GOLGA8A	1.1120e+00	2.2392e+00	3.9533e-01
GOLGA8B	1.2340e+00	1.6259e+00	4.6114e-01
GOLGA8H	1.7310e+00	-1.4662e+00	5.6467e-18
GOLGA8J	8.2400e-01	1.6543e+00	4.0269e-02
GOLGA8K	1.2440e+00	2.2044e+00	7.7422e-03
GOLGA8M	9.9900e-01	-1.6926e-01	1.7182e-08
GOLGA8N	1.3880e+00	8.6269e-01	3.9382e-01
GOLGA8O	8.0800e-01	1.2630e+00	7.2092e-01
GOLGA8Q	1.7300e+00	1.0212e+00	4.0496e-01
GOLGA8R	1.9470e+00	-1.3067e+00	1.0555e-03
GOLGA8S	1.4540e+00	-2.0205e-01	2.6696e-04
GOLGA8T	9.4700e-01	2.3368e+00	9.6314e-03
GOLGB1	4.9600e-01	2.6049e+00	2.9977e-03
GOLIM4	7.7200e-01	5.6538e-01	2.7750e-07
GOLM1	8.8500e-01	3.8783e-01	8.3921e-06
GOLM2	6.4000e-01	8.3595e-01	4.3815e-01
GOLPH3	1.1010e+00	-1.9834e-01	9.0078e-03
GOLPH3L	1.5140e+00	1.0684e+00	8.4762e-05
GOLT1A	1.0640e+00	9.3093e-01	1.1665e-02
GON4L	4.9000e-01	3.3823e+00	6.4858e-01
GON7	8.9100e-01	6.7048e-01	5.7817e-01
GOPC	8.1300e-01	2.0372e+00	2.2424e-04
GORAB	8.0200e-01	2.9956e-01	5.4121e-03
GORASP1	1.0680e+00	1.4984e+00	1.0323e-09
GORASP2	7.2400e-01	9.1876e-01	5.2213e-01
GOSR1	1.7530e+00	-5.2354e-01	2.4442e-01
GOSR2	1.2700e+00	2.2975e-01	1.6511e-04
GOT1	6.9000e-01	2.5807e+00	2.1056e-02
GOT1L1	1.1380e+00	5.6668e-01	2.8121e-11
GOT2	5.9100e-01	1.7443e+00	4.9396e-01
GP1BA	1.2890e+00	1.4512e+00	9.9846e-02
GP1BB	1.9220e+00	-2.9875e+00	1.0404e-02
GP2	1.0910e+00	7.2783e-01	5.3910e-09
GP5	1.8400e+00	-3.3520e-01	3.4013e-01
GP6	1.7340e+00	-2.8432e-01	1.0271e-15
GP9	NA	4.3046e-02	NA
GPA33	9.5700e-01	2.7111e-02	1.8784e-06
GPAA1	1.0770e+00	4.2679e-01	2.3103e-15
GPALPP1	1.8640e+00	-1.0570e-02	8.8553e-02
GPAM	7.4700e-01	1.3848e+00	7.8462e-04
GPANK1	1.1780e+00	6.2041e-02	2.2302e-07
GPAT2	1.0690e+00	1.3572e+00	3.0209e-15
GPAT3	1.1530e+00	5.2878e-01	4.7006e-16
GPAT4	4.3300e-01	3.2446e+00	9.9961e-01
GPATCH11	1.0080e+00	-8.0825e-02	4.4386e-04
GPATCH1	7.2100e-01	1.2849e+00	6.9832e-07
GPATCH2	1.2330e+00	5.3042e-01	5.1658e-08
GPATCH2L	7.6800e-01	1.8939e+00	6.8557e-03
GPATCH3	1.0090e+00	6.6974e-01	6.0839e-13
GPATCH4	1.6690e+00	1.1672e+00	2.2059e-08
GPATCH8	2.5300e-01	1.4905e+00	1.0000e+00
GPBAR1	1.5720e+00	5.6528e-01	7.4700e-07
GPBP1	2.7500e-01	1.1455e+00	9.9998e-01
GPBP1L1	6.1900e-01	1.7273e-01	1.7698e-01
GPC1	8.4200e-01	-3.8913e-01	3.9626e-05
GPC2	1.0830e+00	-3.3529e-01	1.2737e-12
GPC5	1.1230e+00	-2.3560e-01	1.0431e-13
GPC6	3.8400e-01	1.3324e+00	9.9996e-01
GPCPD1	6.9100e-01	1.1759e+00	8.1132e-01
GPD1	8.9100e-01	5.7740e-01	6.1336e-03
GPD1L	9.6400e-01	1.4070e+00	1.3928e-03
GPD2	7.9600e-01	1.9915e+00	1.2706e-04
GPER1	1.8960e+00	1.4511e+00	3.3683e-04
GPHA2	1.2930e+00	4.7020e-01	3.0433e-04
GPHB5	1.3400e+00	2.2354e-01	1.0423e-02
GPHN	2.4000e-01	2.8969e+00	9.9999e-01
GPI	8.6100e-01	1.5492e+00	3.0918e-10
GPIHBP1	1.7230e+00	4.6711e-02	6.9154e-05
GPLD1	8.2800e-01	5.2774e-01	1.3446e-06
GPM6A	3.6200e-01	2.2032e+00	9.9027e-01
GPN1	1.4310e+00	-3.4894e-01	1.5765e-02
GPN2	1.2180e+00	-4.8766e-03	1.3087e-06
GPN3	1.8120e+00	3.8683e-01	1.0283e-04
GPNMB	1.4960e+00	5.9195e-01	6.0584e-21
GPR107	7.7400e-01	1.7826e-01	4.8163e-01
GPR108	1.0160e+00	5.5833e-01	7.0384e-17
GPR12	6.7000e-01	2.1748e+00	6.2312e-01
GPR132	1.9050e+00	2.0812e+00	6.9495e-02
GPR135	1.9440e+00	-2.0994e+00	8.2479e-12
GPR137	7.5600e-01	1.1427e+00	2.3507e-03
GPR137B	1.3790e+00	6.5236e-02	4.8745e-08
GPR137C	9.9100e-01	-1.5866e-01	1.5758e-04
GPR139	7.2800e-01	1.5414e+00	1.1009e-01
GPR141	1.4970e+00	3.7964e-01	1.2650e-02
GPR142	1.5950e+00	4.9644e-01	4.0192e-03
GPR148	1.8580e+00	2.3635e-01	3.2564e-01
GPR149	1.2850e+00	-3.0192e-01	3.8003e-18
GPR150	1.9720e+00	-4.3340e+00	1.5391e-12
GPR151	1.1470e+00	3.6525e-01	1.4249e-06
GPR15	1.2200e+00	-8.1331e-02	1.2264e-05
GPR152	1.8830e+00	1.1176e+00	3.0261e-01
GPR153	1.2200e+00	-1.5747e+00	6.0116e-09
GPR155	8.9100e-01	1.9323e+00	2.2342e-07
GPR156	9.6100e-01	1.6298e+00	3.2008e-09
GPR157	1.1640e+00	2.0798e-01	1.0317e-05
GPR158	6.7900e-01	8.2913e-01	4.8164e-03
GPR160	1.6480e+00	9.3781e-01	4.4033e-01
GPR161	8.5500e-01	2.2776e+00	1.6995e-05
GPR162	8.0600e-01	1.3783e+00	3.4891e-05
GPR171	1.1900e+00	1.1129e+00	1.6430e-05
GPR17	1.8940e+00	1.6568e-01	1.3768e-02
GPR176	1.0560e+00	9.2467e-01	4.8054e-06
GPR179	9.6500e-01	2.0424e+00	4.9425e-14
GPR180	1.3530e+00	-2.0466e-01	1.2999e-16
GPR18	1.2380e+00	9.4582e-01	4.8834e-07
GPR182	1.8640e+00	6.0743e-01	3.2007e-01
GPR183	7.5800e-01	1.7049e+00	1.9625e-01
GPR19	7.3600e-01	1.9479e+00	4.6192e-02
GPR20	NA	4.1800e-01	NA
GPR21	6.4000e-01	5.7754e-01	6.7616e-01
GPR22	6.6200e-01	2.4768e+00	4.5534e-01
GPR25	1.9350e+00	-1.5922e+00	5.2029e-02
GPR26	1.3000e+00	1.0433e+00	2.9037e-04
GPR27	1.3630e+00	-3.2241e+00	8.1741e-02
GPR31	1.9310e+00	4.2228e-01	1.2128e-01
GPR3	1.4050e+00	1.8517e+00	5.8085e-06
GPR32	1.8830e+00	5.5945e-01	3.0218e-01
GPR33	1.4890e+00	3.1665e-01	2.2358e-04
GPR35	1.8930e+00	8.7148e-01	1.5921e-01
GPR37	6.6500e-01	1.2065e+00	3.2151e-02
GPR37L1	1.4690e+00	1.2052e+00	6.6070e-07
GPR39	1.6450e+00	-1.5580e-01	1.5085e-09
GPR42	1.8740e+00	2.7636e-01	3.1090e-01
GPR45	1.2980e+00	1.3105e+00	1.3427e-03
GPR4	9.2000e-01	2.5085e+00	4.2385e-03
GPR52	5.7700e-01	9.8970e-01	8.7790e-01
GPR55	1.0230e+00	9.0488e-01	4.6568e-03
GPR6	1.1370e+00	2.0034e-01	2.3004e-04
GPR61	8.1800e-01	3.0511e+00	4.0097e-03
GPR62	1.9380e+00	-1.5539e+00	1.1158e-01
GPR63	7.9900e-01	1.1303e+00	3.5967e-02
GPR65	1.9330e+00	5.1686e-01	3.5370e-03
GPR68	1.1540e+00	-6.6805e-01	1.6243e-03
GPR75	1.3950e+00	1.6190e-02	6.8235e-12
GPR75-ASB3	1.0190e+00	-1.4165e+00	5.9505e-14
GPR78	1.9750e+00	-2.8922e+00	1.3013e-13
GPR83	1.1100e+00	-7.4531e-01	1.3705e-07
GPR84	8.7800e-01	1.6313e+00	2.0562e-02
GPR85	5.9400e-01	2.8516e+00	8.5318e-01
GPR87	1.6340e+00	2.8314e-01	3.0267e-06
GPR88	1.7700e+00	-8.8276e-01	6.6074e-08
GPR89A	8.4800e-01	2.4295e+00	4.7664e-02
GPR89B	1.3010e+00	2.2193e+00	2.8899e-04
GPRC5A	1.2330e+00	1.2115e-01	2.1682e-04
GPRC5B	7.8500e-01	2.0329e+00	1.1818e-02
GPRC5C	1.1100e+00	6.8196e-01	1.1419e-06
GPRC5D	1.1190e+00	8.3731e-01	1.6642e-01
GPRC6A	1.4230e+00	4.4139e-01	4.6258e-14
GPRIN1	1.9620e+00	-9.1060e-01	4.6359e-03
GPRIN2	1.9560e+00	-5.1484e+00	3.0628e-04
GPRIN3	1.2750e+00	3.7269e-02	3.4074e-04
GPS1	3.3700e-01	1.3437e+00	1.0000e+00
GPS2	6.4500e-01	7.5959e-01	3.2964e-02
GPSM1	9.7900e-01	-7.2480e-01	1.5490e-12
GPSM2	8.6000e-01	1.6046e+00	7.7889e-05
GPSM3	1.4430e+00	2.9664e-01	4.4450e-06
GPT	1.6000e+00	-2.3265e+00	2.2598e-26
GPT2	6.7700e-01	2.2046e+00	5.1256e-03
GPX1	1.3800e+00	1.3169e-01	1.9080e-03
GPX2	1.8760e+00	4.9533e-01	9.8178e-10
GPX3	1.4400e+00	3.8436e-01	1.0975e-08
GPX4	1.3850e+00	-1.7155e+00	2.6553e-10
GPX5	1.3730e+00	7.6094e-01	1.8548e-04
GPX6	1.3470e+00	6.3929e-01	4.0330e-06
GPX7	1.5700e+00	-3.3730e-01	3.0677e-09
GPX8	1.0730e+00	5.4974e-01	3.7511e-02
GRAMD1A	7.7800e-01	1.9370e+00	2.2333e-09
GRAMD1B	7.1700e-01	1.1345e+00	1.0058e-02
GRAMD1C	1.8830e+00	1.5576e-01	8.0241e-02
GRAMD2A	9.3300e-01	3.4738e-01	4.2428e-08
GRAMD2B	1.2240e+00	7.6502e-01	2.3072e-04
GRAMD4	4.5900e-01	2.3020e+00	9.9816e-01
GRAP	1.3510e+00	8.8241e-01	8.4382e-02
GRAP2	1.1180e+00	1.2159e+00	1.2159e-07
GRB10	3.6500e-01	2.5464e+00	1.0000e+00
GRB14	9.4000e-01	-5.6274e-01	2.9672e-05
GRB2	2.1600e-01	3.8851e+00	9.9988e-01
GRB7	9.2300e-01	1.4852e+00	5.2215e-12
GREB1	6.4500e-01	2.7704e+00	7.9143e-15
GREB1L	1.2500e-01	5.6894e+00	1.0000e+00
GREM1	8.5600e-01	1.3876e+00	2.3495e-01
GREM2	1.2240e+00	5.3415e-01	1.0012e-03
GRHL1	8.3400e-01	2.1723e+00	1.8167e-03
GRHL2	3.6700e-01	2.2946e+00	1.0000e+00
GRHL3	4.0000e-01	1.7162e+00	9.9994e-01
GRHPR	1.3130e+00	8.6189e-01	3.7191e-09
GRIA1	4.4800e-01	4.3627e+00	9.9957e-01
GRIA2	1.5000e-01	5.4873e+00	1.0000e+00
GRIA4	4.1200e-01	3.1441e+00	9.9930e-01
GRID1	4.0000e-01	2.5480e+00	1.0000e+00
GRID2	3.3200e-01	1.1151e+00	9.9997e-01
GRID2IP	8.9600e-01	-1.3046e+00	1.1470e-17
GRIFIN	1.8910e+00	-6.9148e-01	7.6623e-10
GRIK1	8.0600e-01	9.6862e-01	1.1758e-03
GRIK2	4.7700e-01	2.1566e+00	9.8699e-01
GRIK3	3.9600e-01	3.6053e+00	9.9999e-01
GRIK4	5.8700e-01	1.9989e+00	4.1331e-02
GRIK5	5.9200e-01	3.1806e+00	2.8824e-03
GRIN1	5.7400e-01	6.6523e+00	1.8437e-02
GRIN2A	2.6800e-01	3.7232e+00	1.0000e+00
GRIN2B	1.0200e-01	7.3414e+00	1.0000e+00
GRIN2C	1.1630e+00	-1.7202e-01	1.2323e-19
GRIN2D	6.4200e-01	3.8163e-01	7.2963e-04
GRIN3A	6.4800e-01	8.2130e-01	2.1853e-05
GRIN3B	1.7540e+00	-5.0608e+00	2.4074e-35
GRINA	8.6000e-01	1.1594e+00	3.9470e-04
GRIP1	4.1500e-01	2.5208e+00	9.9999e-01
GRIP2	8.0300e-01	9.5263e-01	9.5586e-12
GRK1	1.1030e+00	2.3145e-01	4.0395e-05
GRK2	2.9000e-01	4.1811e+00	1.0000e+00
GRK3	6.5300e-01	1.8193e+00	2.4107e-01
GRK4	1.2620e+00	1.4616e-01	2.8795e-15
GRK5	6.0400e-01	2.4301e+00	3.5108e-02
GRK6	6.0400e-01	3.0908e+00	2.7956e-03
GRK7	8.3600e-01	1.2294e+00	7.6597e-05
GRM1	4.1700e-01	3.6500e+00	9.9997e-01
GRM2	7.5000e-01	3.2178e+00	1.1868e-05
GRM3	4.9300e-01	3.2438e+00	9.8288e-01
GRM4	4.8300e-01	3.8744e+00	9.9038e-01
GRM5	4.3000e-01	3.3113e+00	9.9954e-01
GRM6	1.2290e+00	-1.0445e+00	3.5230e-25
GRM7	5.4900e-01	2.3195e+00	3.6781e-01
GRM8	6.8700e-01	1.3658e+00	2.3721e-04
GRN	5.9000e-01	1.3010e+00	4.2667e-02
GRP	1.7960e+00	-9.8460e-01	4.4925e-05
GRPEL1	9.7100e-01	-1.9645e-01	2.3945e-02
GRPEL2	1.2250e+00	6.8807e-01	5.2056e-05
GRSF1	1.4710e+00	-2.1218e+00	5.4008e-10
GRTP1	1.6610e+00	-6.9559e-01	8.3008e-24
GRWD1	8.6100e-01	6.0247e-01	1.5650e-06
GRXCR1	1.3770e+00	-2.0941e-01	9.1796e-09
GRXCR2	1.3540e+00	5.5871e-02	1.4374e-07
GSAP	1.2000e+00	-3.3019e-01	7.5754e-07
GSC	1.3980e+00	-1.8904e+00	7.1559e-05
GSC2	1.9000e+00	-2.2244e+00	4.7513e-05
GSDMA	1.2410e+00	9.0715e-02	1.5089e-12
GSDMB	1.0300e+00	7.9983e-01	6.9989e-06
GSDMC	1.1500e+00	-4.9517e-01	2.2564e-12
GSDMD	1.4930e+00	-6.3452e-01	2.2855e-18
GSDME	1.1420e+00	-3.8884e-01	1.3548e-13
GSE1	3.5600e-01	-5.4823e+00	1.0000e+00
GSG1	1.3470e+00	3.7565e-01	4.4584e-10
GSG1L	1.1320e+00	-1.3380e+00	2.0064e-07
GSK3A	4.2200e-01	1.7756e+00	9.9895e-01
GSK3B	5.1200e-01	1.2893e+00	8.9832e-01
GSKIP	8.6000e-01	5.6217e-01	5.1968e-01
GSN	7.8800e-01	1.8646e+00	2.3482e-09
GSPT1	2.7000e-01	7.3630e-01	9.9980e-01
GSR	1.1820e+00	-7.1105e-01	4.4851e-07
GSS	8.1900e-01	1.8313e+00	1.7950e-06
GSTA1	1.5390e+00	-7.5293e-01	1.5800e-07
GSTA2	1.6350e+00	-9.2109e-01	6.3341e-10
GSTA3	1.1740e+00	-7.6542e-01	6.9260e-04
GSTA4	8.7800e-01	6.0342e-01	2.8989e-01
GSTA5	1.5400e+00	-1.3697e+00	2.5590e-08
GSTCD	8.3000e-01	5.2881e-01	2.1755e-06
GSTK1	1.1210e+00	2.5218e-01	1.9902e-06
GSTM1	NA	NA	NA
GSTM2	1.4180e+00	1.0428e+00	1.0071e-09
GSTM3	1.2220e+00	3.2532e-01	1.2495e-06
GSTM4	1.2140e+00	8.8994e-01	6.5409e-08
GSTM5	1.0670e+00	-3.9681e-01	4.1008e-06
GSTO1	1.6940e+00	7.6110e-01	1.3119e-05
GSTO2	1.2380e+00	2.3595e-01	1.0331e-05
GSTP1	1.4130e+00	5.8537e-02	8.0801e-08
GSTT2B	1.3640e+00	2.3486e+00	8.1579e-02
GSTZ1	1.3420e+00	2.2905e-01	3.6740e-07
GSX1	1.4190e+00	-7.0664e-01	6.3010e-05
GSX2	1.2780e+00	-9.6202e-01	1.5606e-04
GTDC1	1.4920e+00	5.9317e-01	9.5319e-08
GTF2A1	4.2500e-01	1.2010e+00	9.9789e-01
GTF2A1L	1.2200e+00	-2.4042e+00	4.2064e-14
GTF2B	8.7500e-01	2.4583e+00	7.5832e-03
GTF2E1	5.8300e-01	1.8172e+00	7.7252e-01
GTF2E2	1.1070e+00	2.3657e-01	3.9887e-01
GTF2F1	8.0200e-01	1.0071e+00	1.3737e-07
GTF2F2	1.9400e+00	-4.9343e-01	4.8012e-02
GTF2H1	4.1600e-01	1.9592e+00	9.9695e-01
GTF2H2C	6.3000e-01	1.9241e+00	8.5793e-01
GTF2H2	NA	9.9029e-01	NA
GTF2H3	1.3010e+00	8.0373e-01	1.3029e-05
GTF2H4	9.8400e-01	1.8606e+00	3.5553e-13
GTF2H5	1.7270e+00	1.2883e-01	1.3389e-02
GTF2I	1.9500e-01	3.8165e+00	9.9996e-01
GTF2IRD1	3.0900e-01	3.8988e+00	1.0000e+00
GTF2IRD2	8.7100e-01	3.2472e+00	4.0188e-01
GTF2IRD2B	8.7000e-01	3.4212e+00	2.1515e-01
GTF3A	1.8930e+00	-1.5876e+00	7.2750e-06
GTF3C1	3.5600e-01	3.4934e+00	1.0000e+00
GTF3C2	5.6500e-01	7.1073e-02	9.1654e-01
GTF3C3	9.8300e-01	2.2486e+00	4.6250e-08
GTF3C4	5.0200e-01	2.2095e+00	9.7387e-01
GTF3C5	1.0520e+00	6.0259e-01	2.8055e-12
GTF3C6	1.3720e+00	5.2081e-01	9.0585e-04
GTPBP10	1.2760e+00	6.1589e-01	1.5201e-03
GTPBP1	6.3100e-01	2.9502e+00	2.5062e-01
GTPBP2	6.9200e-01	4.0842e+00	1.8916e-04
GTPBP3	1.1120e+00	-1.1545e-01	9.9816e-11
GTPBP4	4.0500e-01	-4.5858e-01	9.9656e-01
GTPBP8	1.5100e+00	-1.3639e+00	1.2110e-02
GTSE1	1.0260e+00	5.6597e-01	4.3971e-11
GTSF1	4.8400e-01	1.2447e+00	9.6551e-01
GTSF1L	1.8420e+00	5.8454e-01	4.4448e-02
GUCA1A	1.0710e+00	2.3167e-01	4.2868e-04
GUCA1B	1.2480e+00	1.1633e+00	4.3079e-05
GUCA1C	1.5150e+00	-4.2802e-01	1.1919e-02
GUCA2A	1.9600e+00	-7.8058e-01	2.3834e-08
GUCA2B	1.0370e+00	2.8218e-01	8.1402e-02
GUCD1	9.9500e-01	4.2960e-01	2.7803e-04
GUCY1A1	9.5900e-01	9.3770e-01	7.7843e-08
GUCY1A2	7.0400e-01	1.5846e+00	2.0768e-02
GUCY1B1	7.9800e-01	2.1796e+00	1.2752e-01
GUCY2C	1.1180e+00	1.6022e+00	1.4182e-08
GUCY2D	9.1100e-01	2.0837e-02	1.1666e-16
GUF1	1.5370e+00	-9.0909e-02	3.2963e-13
GUK1	1.1190e+00	4.4224e-01	1.3672e-04
GUSB	8.7100e-01	1.4510e+00	3.6596e-11
GVQW3	1.0220e+00	7.4635e-01	8.8290e-02
GXYLT1	9.6200e-01	-2.8079e-01	4.2837e-04
GXYLT2	1.3990e+00	-3.3439e-01	2.5777e-20
GYG1	1.3840e+00	-5.5641e-02	2.2675e-13
GYPA	1.7170e+00	2.0424e-01	2.5164e-03
GYPB	1.6900e+00	4.5443e-01	2.7991e-03
GYPC	1.7750e+00	-1.0533e+00	7.9579e-04
GYPE	1.1210e+00	6.1714e-02	2.6514e-01
GYS1	8.9800e-01	1.2649e+00	3.3756e-13
GYS2	1.2770e+00	1.0222e-02	1.4812e-19
GZF1	8.7000e-01	1.5571e+00	2.2277e-07
GZMA	1.2650e+00	3.0707e-01	3.6485e-04
GZMB	1.4550e+00	-4.5169e-01	2.6440e-10
GZMH	1.4330e+00	-4.6013e-01	3.7469e-07
GZMK	1.2510e+00	-2.5160e-01	3.6377e-03
GZMM	1.8640e+00	-1.4005e+00	5.0598e-11
H1-0	1.1370e+00	6.6599e-01	9.0465e-02
H1-10	1.8300e+00	-1.8490e+00	3.4748e-01
H1-1	1.9490e+00	-5.1782e+00	1.7088e-02
H1-2	1.7260e+00	-8.7569e+00	2.4215e-03
H1-3	1.8770e+00	-8.0304e+00	2.5918e-03
H1-4	1.8490e+00	-7.3670e+00	2.0093e-04
H1-5	1.6860e+00	-4.4374e+00	6.6856e-03
H1-6	1.8570e+00	-6.2555e+00	3.2656e-01
H1-7	1.9340e+00	-6.5450e-01	5.2250e-02
H1-8	1.0810e+00	2.5724e-01	7.5591e-04
H2AC11	1.8730e+00	3.8122e-02	4.2074e-04
H2AC1	1.6970e+00	-9.5968e-01	1.4797e-01
H2AC12	1.9130e+00	-1.2775e+00	1.0435e-04
H2AC13	1.4130e+00	1.2911e+00	1.3776e-01
H2AC14	1.8650e+00	8.7853e-01	2.8389e-03
H2AC15	1.5830e+00	-1.2602e+00	4.1993e-03
H2AC16	1.9370e+00	-6.5942e-01	3.4012e-06
H2AC17	1.9220e+00	-5.5145e-01	3.4591e-05
H2AC20	1.6560e+00	1.6748e+00	3.2037e-03
H2AC21	9.3600e-01	4.9272e-01	4.2520e-01
H2AC4	1.8500e+00	-1.6586e+00	5.0356e-04
H2AC6	1.4300e+00	9.9239e-01	3.3476e-02
H2AC7	1.9600e+00	-2.5601e+00	6.9234e-08
H2AC8	1.9040e+00	1.3498e+00	1.1826e-04
H2AJ	8.8500e-01	1.5679e+00	4.8693e-01
H2AW	1.6660e+00	9.5308e-01	1.6478e-02
H2AX	7.8300e-01	2.6182e+00	6.9374e-01
H2AZ1	4.0000e-01	3.1198e+00	9.5342e-01
H2AZ2	1.0620e+00	3.2235e+00	2.0111e-01
H2BC10	1.6830e+00	-3.2947e-01	6.7466e-03
H2BC11	1.8230e+00	-1.0012e+00	1.5041e-03
H2BC1	1.7120e+00	-1.1677e+00	1.4142e-02
H2BC12	1.8050e+00	1.1568e+00	4.0504e-03
H2BC13	1.9620e+00	3.2452e-01	1.4534e-06
H2BC14	1.9830e+00	-1.6015e+00	8.0618e-10
H2BC15	1.5260e+00	8.3679e-01	2.5184e-02
H2BC17	1.9540e+00	2.8281e-01	5.9109e-06
H2BC18	1.9200e+00	1.8499e+00	2.5059e-04
H2BC21	1.0230e+00	2.1365e+00	4.5994e-01
H2BC3	1.8810e+00	-1.3070e+00	3.9059e-04
H2BC4	1.9380e+00	5.6030e-02	2.5238e-05
H2BC5	1.9300e+00	-9.0117e-03	8.0441e-05
H2BC6	1.8780e+00	-8.6700e-01	4.0102e-04
H2BC7	1.9790e+00	-1.4071e+00	1.4441e-08
H2BC8	1.9470e+00	-5.0906e-01	7.3224e-06
H2BC9	1.9600e+00	-1.1476e+00	4.5949e-06
H2BE1	1.7680e+00	5.5227e-01	2.3715e-01
H2BU1	1.9060e+00	1.9365e-02	1.1564e-04
H3-2	1.7210e+00	-4.8078e-01	5.8563e-03
H3-3B	4.8500e-01	4.0047e+00	9.6503e-01
H3-4	1.9020e+00	-2.0338e+00	4.5786e-05
H3-5	1.6930e+00	4.1412e-01	4.8392e-04
H3C10	1.8710e+00	1.2119e+00	1.6665e-04
H3C11	1.6630e+00	2.6623e-01	2.2978e-04
H3C1	1.9610e+00	-2.9818e+00	1.9315e-07
H3C12	1.6240e+00	9.3859e-01	3.6027e-03
H3C13	1.8320e+00	3.6079e-01	5.7115e-04
H3C2	1.8920e+00	1.5224e+00	2.7623e-06
H3C3	1.9520e+00	5.6878e-02	2.8002e-07
H3C4	1.7730e+00	-2.1539e-01	5.1927e-05
H3C6	1.9720e+00	-2.3095e+00	3.6972e-09
H3C7	1.4330e+00	1.0863e+00	1.5692e-02
H3C8	1.9620e+00	-5.8033e-01	6.2585e-08
H4-16	1.7410e+00	1.4753e-01	5.4132e-03
H4C11	1.2560e+00	1.9968e+00	4.5100e-01
H4C1	1.9630e+00	1.0780e+00	3.2093e-05
H4C12	1.7990e+00	1.3599e+00	5.3197e-02
H4C13	1.9700e+00	-3.1636e-01	9.2571e-07
H4C2	1.9100e+00	-3.1870e+00	2.8530e-04
H4C3	1.9550e+00	-9.4463e-01	1.5501e-05
H4C4	1.9510e+00	-1.8250e+00	1.3421e-04
H4C5	1.9800e+00	6.9979e-02	1.4122e-08
H4C6	1.9090e+00	-2.1752e+00	2.9120e-04
H4C7	1.8890e+00	-1.1752e-01	9.2422e-04
H4C8	1.9570e+00	-1.8609e+00	2.9320e-04
H4C9	1.6410e+00	-5.5940e-02	8.3933e-02
H6PD	1.0110e+00	1.2400e-01	7.4890e-14
HAAO	1.5440e+00	-1.2310e+00	4.4081e-17
HABP2	1.4130e+00	-3.6751e-01	2.1726e-14
HABP4	1.6480e+00	-1.7741e+00	1.0193e-04
HACD1	1.8530e+00	-1.4258e+00	1.4191e-15
HACD2	9.4100e-01	-4.5288e-01	3.0938e-01
HACD3	8.4700e-01	1.0139e+00	1.1828e-05
HACD4	1.7800e+00	-8.9000e-01	1.1274e-06
HACE1	9.8000e-01	2.4336e+00	9.8300e-05
HACL1	1.7090e+00	-1.1645e-01	3.0127e-05
HADH	1.0900e+00	1.0824e+00	5.0647e-03
HADHA	7.6100e-01	1.5500e+00	1.3090e-03
HADHB	1.1450e+00	8.3177e-01	1.0599e-04
HAGH	1.4030e+00	-5.2883e-01	1.1212e-06
HAGHL	1.8630e+00	-3.6485e+00	7.4081e-13
HAL	1.2130e+00	4.9342e-01	2.8209e-18
HAMP	1.4640e+00	3.0782e-01	1.4111e-02
HAND1	1.1880e+00	8.6710e-02	1.0394e-02
HAND2	6.0100e-01	-2.6935e-01	8.8666e-01
HAO1	1.2190e+00	-4.1752e-03	1.1474e-04
HAO2	1.3300e+00	-3.5974e-01	2.4248e-10
HAP1	1.3100e+00	-1.7060e-01	6.4327e-17
HAPLN1	6.4000e-01	7.4534e-01	5.0241e-01
HAPLN2	1.4030e+00	-4.8739e-01	2.0875e-10
HAPLN3	1.2840e+00	1.3051e-01	2.1142e-10
HAPLN4	1.0840e+00	-9.9488e-01	3.2424e-06
HARBI1	8.7200e-01	1.2527e+00	2.7552e-03
HARS1	9.5700e-01	2.2929e+00	1.8771e-06
HARS2	8.6500e-01	9.3537e-01	8.3014e-08
HAS1	1.2490e+00	-2.5772e+00	8.7018e-09
HAS2	4.3000e-01	4.4235e+00	9.9936e-01
HAS3	7.8100e-01	3.2230e+00	4.4569e-05
HASPIN	1.0670e+00	1.0335e-01	6.8018e-08
HAT1	1.4390e+00	-2.4801e-01	3.7316e-01
HAUS1	1.2210e+00	1.0003e-01	2.3611e-04
HAUS2	1.8580e+00	-1.3963e+00	3.2564e-01
HAUS3	7.7300e-01	-7.2432e-01	2.3721e-04
HAUS4	8.9000e-01	1.2680e+00	4.1839e-06
HAUS5	8.6000e-01	1.0621e+00	9.0625e-16
HAUS6	1.2110e+00	2.2219e-01	3.1304e-07
HAUS8	1.1400e+00	5.7631e-01	5.6048e-11
HAVCR1	1.9400e+00	-1.5547e-01	8.8535e-06
HAVCR2	7.9100e-01	8.2085e-01	2.6721e-01
HAX1	1.1320e+00	3.5869e-01	3.5322e-06
HBA1	1.8680e+00	8.0281e-01	3.9004e-02
HBA2	1.9150e+00	6.8074e-01	4.5133e-03
HBB	1.9640e+00	7.7937e-01	7.4233e-10
HBD	1.5860e+00	-1.9992e-01	1.3889e-04
HBE1	1.5950e+00	4.1111e-01	7.4212e-04
HBEGF	7.3700e-01	1.4108e+00	4.0348e-01
HBG1	1.6440e+00	3.4614e-01	1.6505e-01
HBG2	3.8000e-01	2.2154e+00	9.6137e-01
HBM	1.4370e+00	-1.0762e+00	1.4686e-03
HBP1	6.7900e-01	1.0517e+00	7.8671e-01
HBQ1	1.9390e+00	-1.7612e+00	8.9973e-06
HBS1L	7.8700e-01	8.3841e-01	9.8848e-05
HBZ	1.8160e+00	3.9874e-01	1.0775e-01
HCAR1	1.7750e+00	4.3432e-01	3.8162e-01
HCAR2	1.8710e+00	1.6877e+00	3.1385e-01
HCAR3	1.8240e+00	1.2917e+00	3.5169e-01
HCFC1R1	1.8790e+00	-1.7476e+00	2.0973e-08
HCFC2	2.5800e-01	4.1450e+00	1.0000e+00
HCK	7.9500e-01	1.8701e+00	1.7859e-07
HCLS1	7.4800e-01	5.5883e-01	1.2795e-04
HCN1	3.2900e-01	3.2532e+00	1.0000e+00
HCN2	6.2700e-01	1.8368e+00	1.7674e-01
HCN3	8.1600e-01	1.8806e+00	1.3744e-07
HCN4	5.7100e-01	1.2903e+00	1.4903e-01
HCRT	1.8540e+00	-2.3673e+00	3.0649e-03
HCRTR1	9.1900e-01	1.5723e+00	6.6057e-07
HCRTR2	6.0000e-01	1.1883e+00	5.2906e-01
HCST	1.6650e+00	7.6197e-01	3.8214e-05
HDAC10	1.3030e+00	-8.6794e-01	2.8416e-33
HDAC11	8.0600e-01	1.3533e+00	4.3353e-04
HDAC1	5.2900e-01	2.7108e+00	9.4989e-01
HDAC2	3.6700e-01	1.8430e+00	9.8926e-01
HDAC3	4.6300e-01	4.7845e+00	9.9790e-01
HDAC4	1.9200e-01	3.7634e+00	1.0000e+00
HDAC5	2.7100e-01	3.8750e+00	1.0000e+00
HDAC7	3.4400e-01	2.0121e+00	1.0000e+00
HDAC9	3.7700e-01	1.4838e+00	1.0000e+00
HDC	6.0600e-01	2.0442e+00	3.1350e-02
HDDC2	1.4220e+00	-4.3142e-01	4.1157e-07
HDDC3	1.4860e+00	-7.3107e-01	1.3823e-06
HDGF	3.9600e-01	1.9371e+00	9.9838e-01
HDGFL1	NA	-1.9439e+00	NA
HDGFL2	7.3500e-01	-1.5301e+00	1.3630e-05
HDGFL3	2.6500e-01	1.2120e-01	9.9911e-01
HDHD2	1.6740e+00	6.1848e-01	3.6598e-07
HDHD3	1.3950e+00	2.1868e-01	3.6405e-04
HDHD5	1.2870e+00	-3.3183e-01	7.3786e-12
HDLBP	2.8300e-01	5.1351e+00	1.0000e+00
HEATR1	3.1200e-01	1.2455e+00	1.0000e+00
HEATR3	1.1570e+00	3.5328e-01	4.2572e-14
HEATR4	9.6100e-01	1.6013e+00	4.2064e-23
HEATR5A	8.9800e-01	6.2559e-01	1.9131e-30
HEATR5B	7.6900e-01	1.9755e+00	2.9438e-21
HEATR6	8.8200e-01	1.3624e+00	4.3855e-17
HEATR9	9.5900e-01	6.1409e-01	8.6413e-15
HEBP1	1.0220e+00	4.9465e-01	2.5256e-03
HEBP2	1.5730e+00	-8.5716e-02	6.7004e-11
HECA	5.7800e-01	2.4422e+00	7.9891e-01
HECTD1	2.6500e-01	6.4339e+00	1.0000e+00
HECTD2	5.3500e-01	1.6694e+00	9.4947e-01
HECTD3	8.2700e-01	9.0574e-01	1.8965e-16
HECTD4	2.9200e-01	8.6330e+00	1.0000e+00
HECW1	4.2300e-01	3.0511e+00	1.0000e+00
HECW2	4.9800e-01	3.6566e+00	8.5881e-01
HEG1	6.4500e-01	1.2682e+00	6.9520e-07
HELB	1.1470e+00	1.3907e+00	4.0673e-22
HELLS	5.8700e-01	2.6551e+00	6.2926e-01
HELQ	7.4200e-01	9.3332e-01	1.5507e-04
HELT	8.5700e-01	-8.9994e-01	6.8126e-02
HELZ	1.6000e-01	4.3792e+00	1.0000e+00
HELZ2	9.9300e-01	-1.4507e+00	2.9666e-42
HEMGN	9.4200e-01	9.4695e-01	2.5209e-06
HEMK1	9.5800e-01	1.2435e+00	2.2801e-08
HENMT1	1.6680e+00	8.5799e-01	2.2184e-08
HEPACAM2	1.1840e+00	1.0028e+00	4.9908e-11
HEPACAM	8.0000e-01	8.5609e-01	2.1500e-03
HEPHL1	1.1450e+00	1.1682e-01	1.0214e-33
HEPN1	1.8670e+00	3.7309e-01	3.1801e-01
HERC1	3.3000e-01	5.2959e+00	1.0000e+00
HERC2	2.4300e-01	7.8352e+00	1.0000e+00
HERC3	4.3900e-01	4.3584e+00	9.9978e-01
HERC4	3.2900e-01	4.6381e+00	1.0000e+00
HERC5	9.2900e-01	-6.4239e-01	2.7734e-11
HERC6	1.3180e+00	7.4675e-01	1.2455e-25
HERPUD1	6.6700e-01	1.1981e+00	1.0506e-01
HERPUD2	4.5100e-01	9.6024e-01	9.9695e-01
HES1	6.0700e-01	4.4330e-01	8.4309e-01
HES2	1.9100e+00	-2.2031e+00	5.7184e-06
HES3	1.7510e+00	-1.5238e+00	3.6588e-04
HES4	1.9460e+00	-2.6187e+00	1.4695e-08
HES5	1.9270e+00	-2.6986e+00	4.2642e-06
HES6	1.9860e+00	-2.5427e+00	1.7030e-14
HES7	1.3190e+00	-2.7074e+00	5.4268e-03
HESX1	8.4000e-01	2.7803e-01	1.2422e-01
HEXA	9.4700e-01	4.5674e-01	5.5652e-11
HEXB	1.0950e+00	-1.5228e-01	2.7909e-06
HEXD	1.2190e+00	8.3775e-01	1.9124e-14
HEXIM1	1.4800e-01	1.9377e+00	1.0000e+00
HEXIM2	1.6940e+00	-5.8091e-01	4.2142e-01
HEY1	6.2400e-01	3.2856e-01	6.9325e-01
HEY2	1.2920e+00	-2.8493e-01	1.3850e-03
HEYL	1.2500e+00	-1.6508e-01	4.0288e-04
HFE	1.0370e+00	1.3712e+00	1.0122e-09
HFM1	1.0610e+00	6.5533e-01	2.9585e-07
HGD	1.1990e+00	5.4375e-01	7.0216e-14
HGF	4.7100e-01	1.9628e+00	9.9627e-01
HGFAC	1.6400e+00	-2.4994e+00	4.0417e-33
HGH1	1.4410e+00	-2.7864e+00	8.4961e-12
HGS	7.8000e-01	3.0152e-01	3.1456e-13
HGSNAT	1.0000e+00	8.4568e-01	3.2548e-10
HHAT	7.8500e-01	2.9722e-01	2.0438e-08
HHATL	1.0330e+00	7.3700e-01	1.5150e-13
HHEX	6.5300e-01	9.6694e-02	6.2771e-01
HHIP	2.9300e-01	1.1625e+00	1.0000e+00
HHIPL1	1.1160e+00	-6.6185e-01	2.3613e-12
HHIPL2	1.1630e+00	8.7043e-01	2.5461e-20
HHLA1	1.2480e+00	-4.3164e-01	2.5552e-13
HHLA2	1.3230e+00	8.3715e-01	2.1809e-14
HIBADH	1.1280e+00	-1.6545e-02	1.8194e-06
HIBCH	1.0830e+00	2.9738e-01	9.9569e-05
HIC1	9.0100e-01	-1.9458e+00	4.4396e-02
HIC2	2.0300e-01	1.5104e+00	1.0000e+00
HID1	6.4200e-01	1.6511e+00	1.8173e-04
HIF1A	3.5300e-01	2.1856e+00	9.9998e-01
HIF1AN	6.0400e-01	2.1454e+00	3.2609e-01
HIF3A	8.3300e-01	5.8436e-01	2.2668e-07
HIGD1A	1.4410e+00	4.8464e-01	7.0429e-03
HIGD1B	1.5630e+00	-1.6631e-01	2.2605e-02
HIGD1C	1.8150e+00	1.7588e-01	9.2829e-03
HIGD2A	1.3680e+00	3.8849e-01	4.0575e-02
HIKESHI	9.2000e-01	1.0325e+00	1.5783e-01
HILPDA	1.7890e+00	2.4956e-01	2.2635e-01
HINFP	5.0400e-01	2.6862e+00	9.7415e-01
HINT1	1.7780e+00	5.0384e-01	1.9819e-05
HINT2	1.3000e+00	-2.2089e-01	5.9543e-06
HINT3	1.7840e+00	5.2508e-01	3.0535e-04
HIP1	5.7400e-01	2.2954e+00	1.5474e-03
HIP1R	1.2150e+00	-1.0228e+00	1.1633e-48
HIPK1	3.5600e-01	3.5872e+00	1.0000e+00
HIPK2	3.3300e-01	3.1629e+00	1.0000e+00
HIPK3	4.6600e-01	2.0846e+00	9.9756e-01
HIPK4	8.1000e-01	1.7934e+00	1.1168e-05
HIRA	1.7600e-01	4.7666e+00	1.0000e+00
HIRIP3	1.0140e+00	-4.4470e-01	2.0265e-12
HIVEP1	2.3100e-01	1.5826e+00	1.0000e+00
HIVEP2	1.1400e-01	3.8277e+00	1.0000e+00
HIVEP3	4.1700e-01	2.4535e+00	1.0000e+00
HJURP	8.0500e-01	9.2669e-01	2.0881e-07
HJV	1.1480e+00	3.0504e-01	3.3196e-07
HK1	3.8700e-01	5.1677e+00	1.0000e+00
HK2	5.7200e-01	3.0292e+00	1.5779e-02
HK3	1.2240e+00	4.1946e-01	7.0106e-35
HKDC1	8.0500e-01	5.2093e-01	3.4034e-13
HLA-A	1.9760e+00	-2.6079e+00	1.4189e-05
HLA-B	1.8530e+00	-7.2850e-01	7.5721e-05
HLA-C	1.9660e+00	-4.3393e+00	4.0475e-03
HLA-DMA	9.6600e-01	1.9410e+00	6.5114e-05
HLA-DMB	1.0830e+00	1.0751e+00	9.9418e-05
HLA-DOA	1.6410e+00	2.2999e-01	1.1784e-11
HLA-DOB	1.2160e+00	4.6804e-01	2.9488e-07
HLA-DPA1	1.2760e+00	1.2074e+00	3.3704e-06
HLA-DPB1	1.4730e+00	1.1246e+00	3.4263e-11
HLA-DQA1	1.9630e+00	-4.3801e-02	6.4051e-04
HLA-DQA2	1.2740e+00	1.1251e+00	7.5042e-06
HLA-DQB1	NA	-3.2877e-01	NA
HLA-DQB2	1.4450e+00	2.6885e-01	5.9736e-08
HLA-DRA	6.3100e-01	1.6058e+00	7.1130e-01
HLA-DRB1	1.8910e+00	1.6312e-01	2.3026e-03
HLA-DRB5	1.8600e+00	8.0117e-01	2.9454e-03
HLA-E	7.6000e-01	2.3677e+00	2.1794e-04
HLA-F	1.2100e+00	1.3972e+00	4.1519e-16
HLA-G	1.1410e+00	6.9469e-01	1.1541e-10
HLCS	8.8300e-01	1.4537e+00	1.2982e-11
HLF	4.2800e-01	1.8213e+00	9.9067e-01
HLTF	1.4820e+00	3.9512e-01	2.4653e-15
HLX	4.1500e-01	-1.3308e-01	9.9793e-01
HM13	5.6400e-01	2.3014e+00	7.9216e-01
HMBOX1	4.1500e-01	2.6151e+00	9.9893e-01
HMBS	5.4600e-01	1.3249e+00	8.1406e-01
HMCES	9.3300e-01	8.9754e-01	8.8962e-07
HMCN1	5.4300e-01	2.5697e+00	5.9703e-25
HMCN2	9.3900e-01	2.6967e+00	6.6073e-66
HMG20A	5.8200e-01	1.7472e+00	7.7988e-01
HMG20B	1.0870e+00	-1.6042e+00	3.8785e-07
HMGA1	4.3500e-01	1.0407e+00	9.7099e-01
HMGA2	1.6880e+00	-1.7393e-01	3.4515e-02
HMGB1	1.6800e-01	3.3365e+00	9.9972e-01
HMGB1P1	1.3450e+00	1.2175e+00	2.1343e-02
HMGB2	2.8400e-01	2.1760e+00	9.9964e-01
HMGB4	1.9310e+00	-8.9142e-03	1.2103e-01
HMGCL	1.0320e+00	3.3567e-01	3.4786e-06
HMGCLL1	1.2940e+00	-1.1729e-01	2.8564e-06
HMGCR	4.4700e-01	4.2350e+00	9.9943e-01
HMGCS1	1.7600e-01	4.1317e+00	1.0000e+00
HMGCS2	1.1110e+00	5.3633e-01	7.3447e-15
HMGN1	8.9400e-01	-1.0730e+00	7.6708e-02
HMGN2	8.8600e-01	4.9712e-02	5.8382e-01
HMGN3	6.8700e-01	4.1156e-01	7.3723e-01
HMGN4	1.7200e+00	1.3655e+00	4.0975e-01
HMGXB3	4.6700e-01	2.5475e+00	9.9714e-01
HMGXB4	7.0000e-01	1.2848e+00	1.5204e-03
HMHB1	1.9180e+00	-2.2235e-01	6.2122e-02
HMMR	1.0980e+00	1.0526e-01	5.4058e-06
HMOX1	1.2040e+00	2.1085e-01	3.3865e-07
HMOX2	1.0870e+00	3.8190e-01	7.8386e-07
HMSD	1.9480e+00	3.8801e-01	2.5733e-06
HMX1	1.9570e+00	-5.0309e+00	2.1009e-03
HMX2	1.2140e+00	-1.2266e+00	5.7436e-05
HMX3	1.0760e+00	-2.2306e+00	2.0078e-02
HNF1A	4.7700e-01	2.0902e+00	9.9433e-01
HNF1B	2.3900e-01	2.0791e+00	1.0000e+00
HNF4A	4.3900e-01	2.7153e+00	9.9921e-01
HNF4G	4.2100e-01	9.3747e-01	9.9749e-01
HNMT	1.5710e+00	8.8370e-01	2.6291e-05
HNRNPA0	1.3490e+00	3.5060e+00	5.4255e-01
HNRNPA1	3.5700e-01	4.1174e+00	9.9989e-01
HNRNPA1L2	1.0290e+00	1.1059e+00	8.1604e-03
HNRNPA1P48	1.0410e+00	-1.8198e-01	3.2337e-01
HNRNPA2B1	1.0800e-01	3.7909e+00	1.0000e+00
HNRNPA3	1.6200e-01	4.2815e+00	1.0000e+00
HNRNPAB	6.0300e-01	3.5036e-01	3.8859e-01
HNRNPC	2.6400e-01	4.3269e+00	9.9997e-01
HNRNPCL1	1.2000e+00	3.3485e-01	6.4756e-05
HNRNPCL2	1.3680e+00	-1.4511e-01	3.4047e-06
HNRNPCL3	1.1090e+00	1.8256e+00	6.2229e-01
HNRNPD	2.2200e-01	2.3768e+00	9.9998e-01
HNRNPDL	5.7500e-01	-5.7668e-01	6.8675e-01
HNRNPF	2.3300e-01	4.1106e+00	9.9997e-01
HNRNPH1	1.2480e+00	9.5486e-01	5.7523e-01
HNRNPH3	3.0400e-01	2.1481e+00	9.9924e-01
HNRNPK	2.4200e-01	3.3022e+00	9.9995e-01
HNRNPL	1.0300e-01	4.3057e+00	1.0000e+00
HNRNPLL	8.5300e-01	7.4575e-01	1.1003e-01
HNRNPM	4.0000e-01	1.8837e+00	9.9946e-01
HNRNPR	1.2900e-01	4.0518e+00	1.0000e+00
HNRNPU	1.1100e-01	3.5117e+00	1.0000e+00
HNRNPUL1	2.0000e-01	3.6144e+00	1.0000e+00
HNRNPUL2	3.9100e-01	2.4800e-02	1.0000e+00
HNRNPUL2-BSCL2	NA	-3.5876e-02	NA
HOATZ	1.3720e+00	-3.8233e-01	1.9362e-02
HOGA1	1.1310e+00	6.9147e-01	2.6411e-09
HOMER1	1.8500e-01	3.1878e+00	1.0000e+00
HOMER2	9.2100e-01	-2.7837e-01	1.2585e-05
HOMER3	1.2350e+00	-1.1903e+00	1.0148e-09
HOMEZ	5.8900e-01	1.7155e+00	3.4847e-01
HOOK1	9.7000e-01	2.1191e-01	1.7651e-05
HOOK2	1.1600e+00	-4.0144e-01	4.6961e-37
HOOK3	3.8700e-01	1.6722e+00	9.9970e-01
HOPX	1.3820e+00	-3.2509e-01	1.4728e-01
HORMAD1	7.4700e-01	5.6598e-01	7.3422e-01
HORMAD2	1.5240e+00	6.6420e-01	6.0535e-06
HOXA10	8.3400e-01	-1.8774e+00	2.1947e-02
HOXA1	1.0120e+00	3.1438e-01	9.1851e-06
HOXA11	6.0500e-01	7.8809e-01	8.4630e-01
HOXA13	4.8200e-01	-1.1312e+00	9.8285e-01
HOXA2	3.3400e-01	7.8704e-01	9.9969e-01
HOXA3	5.4400e-01	-7.2322e-01	9.3925e-01
HOXA4	1.9020e+00	-1.8013e+00	1.2095e-13
HOXA5	9.9600e-01	5.7199e-01	3.2419e-03
HOXA6	1.1210e+00	-1.8186e-01	8.1517e-06
HOXA7	1.5720e+00	-4.4686e-01	1.8404e-06
HOXA9	1.4330e+00	-1.4454e+00	8.8059e-07
HOXB13	1.2730e+00	2.5265e-01	1.5202e-07
HOXB1	7.4900e-01	7.8223e-01	5.3644e-02
HOXB2	1.6490e+00	-1.4621e+00	6.8906e-06
HOXB3	9.6500e-01	-6.3362e-01	2.2342e-04
HOXB4	1.1770e+00	-2.1152e-02	3.3369e-04
HOXB5	9.2100e-01	7.3171e-01	3.6812e-02
HOXB6	1.1580e+00	-6.4160e-01	1.0931e-05
HOXB7	1.2070e+00	-8.2236e-01	1.2721e-04
HOXB8	1.1710e+00	9.0671e-01	2.2170e-06
HOXB9	9.6200e-01	-1.2133e+00	1.4685e-02
HOXC10	8.7200e-01	5.3323e-01	2.7587e-03
HOXC11	1.1160e+00	1.1509e-01	3.5083e-05
HOXC12	1.8900e+00	-1.2421e+00	3.2859e-11
HOXC13	8.2800e-01	-7.0986e-01	5.9928e-02
HOXC4	8.6300e-01	4.5901e-01	3.1624e-03
HOXC5	1.4450e+00	-4.9573e-01	3.3698e-07
HOXC6	6.7000e-01	1.3910e+00	4.1838e-01
HOXC8	8.7200e-01	1.0128e-01	4.6654e-03
HOXC9	9.3400e-01	-5.5256e-01	1.9229e-02
HOXD10	8.0600e-01	2.4151e-01	8.1305e-03
HOXD11	1.4250e+00	-2.8035e+00	5.0230e-06
HOXD1	1.3780e+00	-1.6844e+00	3.1256e-06
HOXD12	1.6840e+00	-2.1464e+00	7.3908e-09
HOXD13	9.5700e-01	-6.5800e-01	4.6099e-04
HOXD3	6.3700e-01	1.3548e+00	3.8992e-01
HOXD4	9.7900e-01	2.0341e-01	6.3535e-04
HOXD8	1.1530e+00	-2.8013e+00	4.8429e-05
HOXD9	1.6550e+00	-1.7586e+00	9.4597e-09
HP	1.0130e+00	3.8521e-01	7.8572e-04
HP1BP3	3.2000e-01	1.7435e+00	9.9997e-01
HPCA	5.5700e-01	2.2639e+00	9.3060e-01
HPCAL1	9.4300e-01	2.5616e+00	5.1388e-02
HPCAL4	1.2850e+00	1.2540e+00	1.4770e-05
HPD	8.4500e-01	1.5213e+00	8.9816e-08
HPDL	1.1830e+00	-1.2188e+00	1.0682e-02
HPF1	1.3210e+00	5.9788e-02	1.1064e-05
HPGD	1.2800e+00	-3.9232e-01	1.4881e-03
HPGDS	1.9250e+00	1.0274e-01	9.1429e-09
HPN	3.9600e-01	1.6947e+00	9.9992e-01
HPR	1.5690e+00	-4.7351e-01	1.8269e-10
HPS1	8.7900e-01	4.8509e-01	7.6455e-13
HPS3	6.8400e-01	4.3090e-01	6.5498e-07
HPS4	7.9400e-01	5.8186e-01	3.9733e-08
HPS5	7.9700e-01	1.1841e+00	7.0936e-15
HPS6	1.1460e+00	-9.1460e-01	5.7889e-15
HPSE	1.0660e+00	-2.0872e-01	4.3299e-09
HPSE2	8.3700e-01	6.1691e-01	5.9825e-07
HPX	9.1600e-01	1.1407e+00	4.2338e-11
HR	8.4800e-01	1.5368e-01	2.7130e-19
HRAS	8.9300e-01	1.4595e+00	1.7283e-02
HRC	8.6800e-01	9.4083e-01	2.3839e-09
HRCT1	NA	-1.0957e+00	NA
HRG	1.2870e+00	5.2773e-02	6.8212e-05
HRH1	1.0740e+00	1.8730e+00	6.7216e-02
HRH2	4.2800e-01	3.9115e+00	9.9372e-01
HRH3	1.1180e+00	1.7943e+00	5.4220e-04
HRH4	1.7580e+00	9.0633e-01	1.4244e-04
HRK	1.9710e+00	-2.6994e+00	4.3319e-04
HRNR	1.9510e+00	-7.1812e+00	1.8077e-05
HROB	9.0100e-01	1.5074e+00	7.2971e-11
HS1BP3	1.2120e+00	4.4928e-01	3.1249e-09
HS2ST1	6.8300e-01	1.6723e+00	2.2814e-01
HS3ST1	7.0900e-01	9.3919e-02	4.1244e-01
HS3ST2	9.5900e-01	1.4976e+00	1.3393e-04
HS3ST3A1	1.7660e+00	-1.4441e+00	6.8859e-08
HS3ST3B1	1.5460e+00	-3.5601e-01	1.6835e-04
HS3ST4	1.1350e+00	-1.1711e+00	2.8616e-05
HS3ST5	6.7900e-01	1.9777e+00	3.7625e-01
HS3ST6	1.8860e+00	-2.0913e+00	2.9773e-06
HS6ST1	4.2100e-01	2.8110e+00	9.9484e-01
HS6ST3	6.4100e-01	2.2412e-01	4.3057e-01
HSBP1	1.5310e+00	-1.2851e+00	1.0751e-01
HSBP1L1	1.9580e+00	-1.3102e+00	1.3640e-02
HSCB	9.0800e-01	1.9428e-01	4.1758e-02
HSD11B1	9.7500e-01	1.7275e+00	2.2210e-03
HSD11B1L	1.4340e+00	-9.7781e-01	2.0268e-09
HSD11B2	1.2040e+00	5.7112e-01	3.3874e-07
HSD17B1	1.0960e+00	-1.2673e+00	8.6855e-05
HSD17B11	1.1220e+00	5.8306e-01	7.8478e-03
HSD17B12	1.3110e+00	6.6400e-01	2.6657e-03
HSD17B13	1.1500e+00	-6.2698e-02	4.9946e-05
HSD17B14	1.3370e+00	1.3931e-02	1.6917e-11
HSD17B2	1.5670e+00	-2.0234e+00	8.0400e-14
HSD17B3	9.0300e-01	1.3773e+00	5.5988e-06
HSD17B4	8.5400e-01	-6.5734e-01	6.0678e-03
HSD17B6	8.2900e-01	8.7014e-01	5.4299e-03
HSD17B7	9.2200e-01	1.9100e+00	1.3311e-03
HSD17B8	1.0200e+00	-4.5757e-01	2.1914e-06
HSD3B1	1.6060e+00	-2.7995e-01	1.2551e-04
HSD3B2	1.4400e+00	9.7401e-01	1.4506e-03
HSD3B7	1.4110e+00	1.2739e+00	5.6859e-14
HSDL1	1.1950e+00	-1.0359e+00	8.4530e-08
HSDL2	1.1740e+00	4.7073e-01	6.9596e-04
HSF1	8.8400e-01	-3.7989e-01	8.6609e-07
HSF2	4.0900e-01	1.5490e+00	9.9750e-01
HSF2BP	1.2570e+00	2.4622e-01	8.3127e-08
HSF4	1.1110e+00	4.7294e-01	2.9924e-13
HSF5	2.5500e-01	2.1972e+00	1.0000e+00
HSH2D	1.1090e+00	2.3980e-01	2.2655e-03
HSP90AA1	3.6200e-01	2.7837e+00	1.0000e+00
HSP90AB1	3.5000e-01	2.7803e+00	1.0000e+00
HSP90B1	3.2600e-01	3.5915e+00	1.0000e+00
HSPA12A	5.9600e-01	2.7623e+00	5.1548e-02
HSPA12B	1.1160e+00	-3.4158e-01	7.0939e-17
HSPA13	1.0040e+00	2.0692e+00	1.1037e-07
HSPA14	7.6200e-01	4.4640e-01	9.2762e-02
HSPA1A	1.3320e+00	2.2947e+00	2.7689e-01
HSPA1B	1.8540e+00	2.2361e+00	7.5060e-03
HSPA1L	1.0710e+00	1.5474e+00	2.5157e-07
HSPA2	5.1800e-01	4.5012e+00	9.6670e-01
HSPA4	3.1600e-01	1.3344e+00	1.0000e+00
HSPA4L	5.4500e-01	1.3834e+00	7.4595e-01
HSPA5	5.0400e-01	5.7599e+00	9.7795e-01
HSPA6	1.8830e+00	1.1654e+00	3.0218e-01
HSPA8	1.2000e-01	6.0567e+00	1.0000e+00
HSPA9	5.2500e-01	2.2248e+00	8.6038e-01
HSPB11	1.0650e+00	4.4579e-01	5.4825e-01
HSPB1	1.8880e+00	-2.0978e+00	2.3024e-09
HSPB2	1.5840e+00	5.5743e-02	4.1675e-06
HSPB2-C11orf52	NA	-4.8026e-01	NA
HSPB3	1.4340e+00	4.6941e-01	6.6631e-04
HSPB6	1.9380e+00	-1.4343e+00	1.2214e-06
HSPB7	1.5060e+00	5.2854e-02	1.0840e-03
HSPB8	9.4400e-01	5.3146e-01	5.1311e-02
HSPB9	1.8880e+00	4.8893e-01	2.9773e-01
HSPBAP1	9.0500e-01	1.5219e+00	1.6917e-03
HSPBP1	1.1670e+00	1.6438e-01	6.6350e-10
HSPD1	1.8500e-01	2.9068e+00	1.0000e+00
HSPE1	6.3300e-01	1.1119e+00	8.5612e-01
HSPE1-MOB4	2.7600e-01	3.1608e+00	9.9999e-01
HSPG2	6.0300e-01	3.4262e+00	1.3604e-38
HSPH1	4.3500e-01	1.7638e+00	9.9979e-01
HTATIP2	1.5850e+00	4.8779e-01	1.0364e-09
HTD2	NA	NA	NA
HTR1A	9.6100e-01	1.3278e+00	2.3624e-04
HTR1B	7.1900e-01	1.3271e+00	1.2831e-01
HTR1D	1.2100e+00	7.8227e-01	6.3816e-06
HTR1E	1.4070e+00	1.5698e+00	7.2823e-02
HTR1F	1.0110e+00	1.0312e+00	1.2108e-04
HTR2A	6.3200e-01	2.3969e+00	3.5950e-01
HTR2B	1.0040e+00	7.2516e-01	1.5553e-08
HTR3A	1.0340e+00	-2.1502e-01	8.9828e-12
HTR3B	1.2120e+00	5.2510e-01	1.4568e-08
HTR3C	1.1660e+00	6.5126e-01	1.2506e-07
HTR3D	1.2810e+00	1.1698e+00	7.5431e-16
HTR3E	1.1260e+00	8.9387e-01	1.3955e-09
HTR4	6.9000e-01	1.2909e+00	8.4613e-02
HTR5A	1.1970e+00	-6.2700e-02	7.8347e-07
HTR6	1.4120e+00	5.7410e-01	5.5180e-06
HTR7	7.4500e-01	2.0505e+00	1.1357e-02
HTRA1	8.7300e-01	6.9245e-01	3.0817e-04
HTRA2	7.7800e-01	2.3681e+00	2.0521e-04
HTRA3	1.3850e+00	-5.0125e-01	2.2403e-13
HTRA4	1.5030e+00	-4.0416e-01	6.4090e-16
HTT	3.5300e-01	3.7230e+00	1.0000e+00
HUNK	3.9000e-01	1.8022e+00	9.9996e-01
HUS1	1.4770e+00	6.8834e-02	4.4793e-08
HUS1B	1.9260e+00	-1.7884e+00	1.2737e-01
HVCN1	8.1600e-01	1.7166e+00	1.0504e-01
HYAL1	8.7500e-01	1.6932e+00	5.1904e-04
HYAL2	1.1100e+00	4.5775e-01	2.1320e-10
HYAL3	1.0940e+00	1.8170e+00	6.0981e-10
HYAL4	1.3500e+00	4.4956e-01	5.7624e-12
HYDIN	5.5500e-01	4.6346e+00	4.5235e-08
HYI	1.5970e+00	-2.6228e+00	5.1493e-21
HYKK	9.5000e-01	1.3198e+00	5.0098e-04
HYLS1	1.1320e+00	6.0962e-01	9.7596e-08
HYOU1	4.1000e-01	2.4776e+00	1.0000e+00
HYPK	1.0590e+00	8.2827e-01	1.2047e-02
IAH1	1.1970e+00	-3.0344e-02	3.8808e-08
IAPP	1.4990e+00	-2.2091e-01	3.4937e-01
IARS1	9.1100e-01	1.0050e+00	9.6429e-18
IARS2	6.8300e-01	1.5430e+00	5.2795e-06
IBA57	1.8000e+00	-2.9528e+00	6.8333e-09
IBSP	1.1540e+00	8.0096e-01	8.0845e-04
IBTK	6.2600e-01	1.8810e+00	6.4632e-03
ICA1	7.5000e-01	5.5246e-01	4.7693e-05
ICA1L	8.5800e-01	1.0951e+00	5.7575e-03
ICAM1	8.7600e-01	1.1327e+00	1.8658e-06
ICAM2	1.1660e+00	1.1591e+00	2.0807e-05
ICAM3	1.5380e+00	3.1970e-01	3.1905e-22
ICAM4	1.2610e+00	7.6389e-01	1.8100e-05
ICAM5	6.7300e-01	2.1202e+00	2.1210e-05
ICE1	4.2900e-01	3.5472e-01	9.9999e-01
ICE2	9.9600e-01	-1.1319e+00	1.6493e-14
ICMT	6.0400e-01	1.2856e+00	7.3985e-01
ICOS	1.2730e+00	8.5099e-01	3.2393e-03
ID1	1.4430e+00	-2.9786e+00	3.1720e-03
ID2	7.5800e-01	5.6729e-01	7.2275e-01
ID3	8.6500e-01	-3.6240e-01	5.1257e-01
ID4	1.9370e+00	-2.1926e+00	6.9840e-05
IDE	6.3800e-01	2.1505e+00	7.6756e-02
IDH1	8.2900e-01	1.8210e+00	9.2299e-05
IDH2	5.0200e-01	1.5569e+00	9.7922e-01
IDH3A	1.0900e+00	1.6941e+00	1.3571e-03
IDH3B	1.0370e+00	1.3598e+00	1.6736e-11
IDI1	9.1200e-01	-2.3655e-01	4.0123e-02
IDI2	1.5780e+00	-4.0685e-01	2.5320e-05
IDNK	1.3800e+00	5.3750e-01	7.9692e-05
IDO1	1.2370e+00	-4.4253e-01	4.7329e-05
IDO2	1.2560e+00	-8.3961e-01	1.8905e-05
IDUA	1.3440e+00	-3.2406e+00	4.8166e-24
IER2	9.5500e-01	-1.7215e+00	6.7991e-01
IER3	1.8640e+00	1.2380e+00	2.8623e-03
IER3IP1	1.9050e+00	-4.6122e-02	3.0434e-07
IER5	1.1420e+00	-2.1371e+00	2.5222e-01
IER5L	8.4900e-01	-3.4405e+00	2.4558e-01
IFFO1	9.1000e-01	1.1172e+00	1.7774e-10
IFFO2	6.4600e-01	8.7396e-01	2.2268e-01
IFI16	9.3600e-01	4.3123e-01	2.0899e-08
IFI27	7.8600e-01	5.5022e-02	6.9123e-01
IFI27L1	8.9400e-01	5.5228e-01	4.7478e-01
IFI27L2	1.7240e+00	-4.2239e-01	4.1733e-04
IFI30	1.5030e+00	-5.7570e-01	3.7647e-10
IFI35	1.5220e+00	-2.5724e-01	2.7612e-12
IFI44	1.1900e+00	-1.1664e+00	4.4510e-10
IFI44L	1.2660e+00	-8.2804e-01	1.6394e-07
IFI6	1.7010e+00	-1.6172e-02	1.9128e-04
IFIH1	1.4060e+00	-4.2730e-01	4.5803e-34
IFIT1	1.5750e+00	1.2647e+00	4.6773e-01
IFIT1B	1.8900e+00	6.2554e-01	3.3856e-02
IFIT2	1.8390e+00	1.4590e+00	9.8873e-02
IFIT3	1.7700e+00	1.6663e+00	1.2402e-01
IFIT5	9.9700e-01	1.0223e+00	4.8097e-01
IFITM10	1.4980e+00	-3.1430e-01	1.2637e-06
IFITM1	1.1470e+00	1.1103e+00	5.0399e-01
IFITM2	1.5460e+00	5.7329e-01	2.3742e-02
IFITM3	1.6670e+00	6.0326e-01	1.6425e-02
IFITM5	1.8300e+00	-1.4785e+00	9.0352e-05
IFNA10	1.9380e+00	-9.1304e-01	1.1234e-01
IFNA1	1.8440e+00	1.7989e+00	3.3726e-01
IFNA13	1.8740e+00	9.3736e-01	3.1127e-01
IFNA14	1.9380e+00	-2.8325e+00	1.1234e-01
IFNA16	1.9430e+00	-2.7814e+00	1.0473e-01
IFNA17	1.8670e+00	-1.8179e+00	3.1823e-01
IFNA21	1.9310e+00	-1.4040e+00	1.2154e-01
IFNA2	1.9240e+00	-1.0506e+00	1.2889e-01
IFNA4	1.8670e+00	-4.4708e-01	3.1823e-01
IFNA5	1.8740e+00	-1.1928e+00	3.1127e-01
IFNA6	1.8920e+00	-3.2806e-01	2.9297e-01
IFNA7	1.8920e+00	-1.5588e+00	2.9297e-01
IFNA8	1.9280e+00	-6.5616e-01	1.2497e-01
IFNAR1	1.7300e+00	3.6819e-01	1.6512e-04
IFNAR2	7.6100e-01	5.8779e-01	1.2296e-02
IFNB1	NA	-1.1455e+00	NA
IFNE	1.8910e+00	-7.0300e-01	2.9357e-01
IFNG	1.0950e+00	1.7952e+00	1.0704e-01
IFNGR1	8.8100e-01	1.0289e+00	4.6256e-04
IFNGR2	6.1000e-01	1.0428e+00	4.4859e-01
IFNK	1.6420e+00	3.2731e-02	1.7662e-05
IFNL1	1.3320e+00	-1.4840e-02	1.0137e-05
IFNL2	1.3610e+00	6.3120e-01	1.5954e-06
IFNL3	1.4740e+00	-1.1583e-01	1.5048e-06
IFNL4	NA	-1.7477e+00	NA
IFNLR1	7.6900e-01	5.6021e-01	3.9938e-05
IFNW1	1.8910e+00	-1.2736e+00	2.9357e-01
IFRD1	8.1500e-01	6.5361e-01	9.6007e-04
IFRD2	1.0690e+00	7.1563e-02	2.5149e-10
IFT122	8.1100e-01	1.7667e+00	9.3639e-23
IFT140	9.7200e-01	-3.7778e-01	8.6859e-35
IFT172	7.4500e-01	2.7040e+00	1.2319e-29
IFT20	5.2900e-01	4.8223e-02	9.2623e-01
IFT22	8.8400e-01	3.0574e-01	1.9134e-02
IFT27	1.0780e+00	7.5091e-01	4.0038e-04
IFT43	1.2820e+00	1.5745e-01	1.1041e-09
IFT46	7.0400e-01	8.8089e-01	4.3145e-02
IFT52	1.1160e+00	1.1220e+00	1.2455e-07
IFT57	1.4250e+00	9.1091e-01	5.3666e-09
IFT74	1.5080e+00	-8.6921e-01	5.5812e-09
IFT80	7.3900e-01	1.5647e+00	1.7884e-05
IFT81	1.0540e+00	8.1268e-01	3.2862e-07
IFT88	1.0230e+00	2.7734e-01	8.7602e-02
IFTAP	1.5070e+00	2.6431e-01	8.8089e-05
IGDCC3	8.5600e-01	5.8070e-01	2.1498e-11
IGDCC4	8.0900e-01	3.6370e-01	1.1185e-15
IGF1	6.7500e-01	2.1757e+00	7.5933e-01
IGF1R	3.9300e-01	4.6593e+00	1.0000e+00
IGF2	4.9600e-01	1.2690e+00	9.6000e-01
IGF2BP1	1.8900e-01	4.4234e+00	1.0000e+00
IGF2BP2	3.2500e-01	3.0213e+00	1.0000e+00
IGF2BP3	1.9600e-01	2.3455e+00	1.0000e+00
IGF2R	4.2100e-01	2.7604e+00	1.0000e+00
IGFALS	1.9080e+00	-3.1370e+00	6.7751e-02
IGFBP1	1.8560e+00	-8.1555e-01	3.3500e-14
IGFBP2	9.8000e-01	6.7465e-01	3.8095e-03
IGFBP3	8.6800e-01	-9.3106e-01	6.1082e-02
IGFBP4	9.1900e-01	-4.2222e-01	3.7452e-02
IGFBP5	1.0190e+00	-4.3584e-01	2.6019e-03
IGFBP6	1.4360e+00	-9.8086e-01	8.1061e-10
IGFBP7	1.8120e+00	-1.6341e+00	2.2034e-09
IGFBPL1	1.6660e+00	-2.3888e+00	1.5428e-05
IGFL1	1.5610e+00	-3.9872e-02	1.9706e-06
IGFL2	8.4700e-01	4.7043e-01	2.4776e-01
IGFL3	1.1590e+00	1.5319e-01	3.8470e-04
IGFL4	1.2550e+00	8.1571e-01	8.2190e-04
IGFLR1	1.0700e+00	-1.2930e+00	3.0028e-05
IGFN1	9.9700e-01	2.9391e-02	2.2043e-72
IGHMBP2	1.0190e+00	1.2105e+00	1.1887e-22
IGHV4-28	NA	-3.4380e-01	NA
IGHV4-31	NA	-1.5907e+00	NA
IGHV4-34	NA	-2.1040e+00	NA
IGHV4-39	NA	-2.4807e+00	NA
IGHV4-4	NA	-4.5473e+00	NA
IGHV4-59	NA	-4.0443e-01	NA
IGHV4-61	NA	-1.0924e+00	NA
IGIP	1.7020e+00	4.8293e-01	2.6755e-01
IGLC1	NA	-1.9505e-01	NA
IGLC2	NA	1.7281e-01	NA
IGLC3	NA	4.0328e-01	NA
IGLC7	NA	-3.5713e-01	NA
IGLJ1	NA	-3.9158e-01	NA
IGLL1	1.8440e+00	-7.4558e-01	2.0875e-04
IGLL5	1.9220e+00	-4.8852e+00	2.4601e-14
IGLON5	8.2700e-01	1.0620e+00	5.6329e-03
IGSF10	1.0680e+00	1.8836e-01	3.0302e-38
IGSF11	8.1400e-01	1.4231e+00	9.9865e-04
IGSF21	8.5800e-01	6.9287e-01	2.6964e-05
IGSF22	1.0440e+00	2.3478e+00	4.4838e-32
IGSF23	1.2230e+00	7.8304e-01	4.8580e-04
IGSF3	2.8900e-01	4.0181e+00	1.0000e+00
IGSF5	1.4660e+00	6.8980e-01	1.4829e-11
IGSF6	1.7650e+00	3.6170e-01	1.2611e-06
IGSF8	1.0300e+00	1.4888e+00	1.2894e-12
IGSF9	9.1900e-01	3.2474e-01	7.3379e-23
IGSF9B	4.8300e-01	1.8227e+00	9.7150e-01
IHH	5.4400e-01	2.0023e+00	9.3608e-01
IHO1	5.8700e-01	1.6122e+00	8.8119e-01
IK	7.7100e-01	3.2728e+00	2.8266e-07
IKBIP	1.2950e+00	-2.0953e-01	5.8705e-07
IKBKB	4.7200e-01	3.3222e+00	9.9588e-01
IKBKE	6.5900e-01	2.8070e+00	2.1899e-05
IKZF1	3.2000e-01	3.4314e+00	1.0000e+00
IKZF2	5.0000e-01	1.7332e+00	9.8129e-01
IKZF3	2.4400e-01	2.7482e+00	1.0000e+00
IKZF4	3.9200e-01	3.0512e+00	9.9987e-01
IKZF5	2.8600e-01	3.2272e+00	9.9997e-01
IL10	7.1100e-01	1.4128e+00	4.8464e-01
IL10RA	8.9900e-01	1.4243e+00	1.9555e-04
IL10RB	1.0530e+00	1.4655e+00	1.1158e-08
IL11	1.7970e+00	-1.7078e+00	3.7441e-07
IL11RA	1.0780e+00	1.0414e+00	9.5084e-15
IL12A	1.1320e+00	9.3039e-01	4.8215e-04
IL12B	9.9900e-01	1.2491e+00	4.4538e-07
IL12RB1	8.6200e-01	5.7071e-01	5.2262e-08
IL12RB2	1.0130e+00	1.2949e+00	9.2143e-08
IL13	1.3640e+00	5.4219e-01	4.4262e-03
IL15	1.7360e+00	-2.8171e-01	2.3127e-03
IL15RA	1.4600e+00	-1.2447e-01	2.1728e-08
IL16	7.7500e-01	1.5885e+00	4.3798e-11
IL17A	7.7600e-01	4.3807e-01	4.7775e-01
IL17B	1.4960e+00	5.7702e-01	1.7135e-05
IL17C	1.7300e+00	-1.7562e+00	1.0570e-05
IL17D	1.9810e+00	-2.8388e+00	1.0585e-07
IL17F	1.1100e+00	4.0232e-01	4.3740e-03
IL17RA	8.9700e-01	-1.4680e+00	5.4993e-09
IL17RB	1.1210e+00	4.4911e-01	5.6615e-08
IL17RC	7.7700e-01	-3.9887e-01	1.8458e-10
IL17RD	9.5200e-01	-6.6188e-01	2.5357e-11
IL17RE	7.8600e-01	-8.9026e-01	7.2909e-09
IL17REL	1.1410e+00	-8.7010e-01	2.5892e-11
IL18	1.8670e+00	6.7487e-01	3.1776e-01
IL18BP	1.5630e+00	2.9809e-01	4.9849e-10
IL18R1	1.1550e+00	1.2767e+00	2.6655e-06
IL18RAP	8.3900e-01	8.6894e-01	3.6502e-08
IL19	1.1250e+00	6.3115e-01	2.5782e-04
IL1A	9.2200e-01	3.7543e-01	6.0820e-02
IL1B	6.4200e-01	1.7508e+00	4.9006e-01
IL1F10	1.5760e+00	-1.0528e-01	7.2678e-07
IL1R1	6.2900e-01	2.2471e+00	7.1878e-01
IL1R2	1.3870e+00	-2.1329e-02	3.1594e-12
IL1RAP	7.6100e-01	2.0918e+00	3.2987e-04
IL1RL1	1.0630e+00	-9.0161e-01	8.5915e-06
IL1RL2	1.2460e+00	5.3045e-02	3.9923e-19
IL1RN	1.5070e+00	4.4322e-01	5.5149e-03
IL20	1.4190e+00	4.7071e-01	5.2617e-06
IL20RA	1.0960e+00	3.4761e-01	8.4288e-08
IL20RB	9.9700e-01	9.0270e-01	2.1745e-05
IL21	4.5000e-01	1.6323e+00	9.8557e-01
IL21R	6.3100e-01	1.4081e+00	2.4734e-01
IL22	1.5290e+00	1.2619e-01	7.8263e-05
IL22RA1	1.0720e+00	5.4609e-01	2.4866e-07
IL22RA2	1.4240e+00	3.0341e-01	1.7570e-12
IL23A	1.4010e+00	8.9375e-01	6.9970e-05
IL23R	7.3900e-01	1.5917e+00	1.5618e-03
IL24	1.2350e+00	2.1646e-01	5.0012e-08
IL25	1.0070e+00	2.9108e-01	9.8253e-03
IL26	1.3500e+00	2.5669e-01	4.7143e-03
IL2	6.4500e-01	1.1540e+00	8.4707e-01
IL27	7.0200e-01	3.2572e-01	2.2189e-01
IL27RA	9.3600e-01	1.1110e+00	4.6692e-16
IL2RA	9.0600e-01	9.0473e-01	5.2506e-06
IL2RB	6.1200e-01	5.5760e-01	4.9398e-01
IL31	1.7050e+00	1.3147e+00	4.5739e-04
IL3	1.4300e+00	1.0355e+00	1.1199e-05
IL31RA	9.5100e-01	1.8764e+00	2.9342e-13
IL32	1.9540e+00	-1.1440e+00	2.4101e-15
IL33	1.6840e+00	-6.0998e-01	3.4011e-07
IL34	1.3110e+00	-1.1898e+00	5.4540e-06
IL36A	1.3640e+00	1.8427e-01	4.4286e-03
IL36B	1.7000e+00	-2.3121e-01	3.0201e-07
IL36G	1.2350e+00	5.1664e-01	6.2790e-02
IL36RN	1.3110e+00	2.5165e-01	5.8353e-04
IL37	1.6720e+00	1.7881e-02	1.4907e-05
IL4	7.9700e-01	3.8685e-01	3.4038e-01
IL4I1	1.1260e+00	7.3472e-01	4.4921e-07
IL4R	6.0300e-01	1.2261e+00	5.0109e-01
IL5	1.0660e+00	1.8625e-01	2.1293e-02
IL5RA	1.3530e+00	-8.8272e-01	4.0946e-10
IL6	8.8100e-01	-2.4230e-01	1.9986e-01
IL6R	9.6500e-01	1.3570e+00	6.9066e-08
IL6ST	3.7200e-01	1.5179e+00	9.9986e-01
IL7	1.5170e+00	5.9287e-01	4.8796e-01
IL7R	9.8100e-01	-1.1690e+00	2.5305e-08
IL9	1.7830e+00	4.1302e-01	4.2030e-07
ILDR1	1.1030e+00	6.6170e-02	1.1014e-16
ILDR2	6.2200e-01	-3.2698e-01	7.7057e-02
ILF2	3.2400e-01	3.0203e+00	9.9998e-01
ILF3	4.3800e-01	1.6860e+00	9.3604e-01
ILK	7.9800e-01	1.4078e+00	1.6191e-07
ILKAP	3.8000e-01	2.5649e+00	9.9986e-01
ILRUN	1.8800e-01	3.3156e+00	1.0000e+00
ILVBL	9.2400e-01	8.9053e-01	1.7408e-11
IMMP1L	1.7810e+00	-8.5562e-02	2.3072e-01
IMMP2L	1.7580e+00	-3.2016e-01	1.1914e-02
IMMT	6.6800e-01	8.1037e-01	3.9640e-04
IMP3	1.9550e+00	-6.1081e-01	1.0093e-08
IMP4	1.0640e+00	5.5410e-01	3.6094e-08
IMPA1	1.5300e+00	6.3431e-01	2.0205e-01
IMPA2	1.2250e+00	8.6063e-01	5.7194e-08
IMPACT	1.4320e+00	-2.8305e-01	1.3204e-04
IMPDH1	7.6300e-01	1.9440e+00	9.0395e-08
IMPDH2	7.6600e-01	3.3108e+00	4.0002e-06
IMPG1	1.2170e+00	-1.1703e-02	3.7401e-20
IMPG2	7.7300e-01	9.4914e-01	7.7387e-15
INA	1.4810e+00	3.6437e-01	7.3724e-13
INAFM1	1.9610e+00	-3.7510e+00	4.4059e-06
INAFM2	1.7550e+00	2.2361e-01	1.2061e-02
INAVA	8.4100e-01	-2.5561e-01	2.6905e-06
INCA1	1.3960e+00	-6.4180e-02	9.5149e-11
INCENP	5.3900e-01	1.9130e+00	1.0566e-01
INF2	5.2600e-01	1.7391e+00	3.3382e-01
ING1	4.4700e-01	2.4977e+00	9.9033e-01
ING2	4.3600e-01	2.0618e+00	9.9455e-01
ING3	2.7700e-01	2.2398e+00	9.9999e-01
ING4	1.0600e+00	1.5695e+00	2.2982e-06
ING5	6.5400e-01	1.8033e+00	2.9343e-01
INHA	6.8600e-01	7.5338e-01	4.2305e-01
INHBA	1.6600e-01	2.8589e+00	1.0000e+00
INHBB	5.5800e-01	5.9451e-01	9.2265e-01
INHBC	1.1760e+00	1.2476e+00	1.8844e-05
INHBE	9.2600e-01	1.0099e+00	1.2211e-04
INIP	1.1370e+00	5.1614e-01	5.0881e-01
INKA1	1.0480e+00	6.2591e-01	5.4632e-04
INKA2	9.3100e-01	2.0977e-01	3.3721e-02
INMT	1.4670e+00	6.2717e-01	2.5029e-04
INMT-MINDY4	NA	5.4959e-01	NA
INO80	1.6500e-01	3.7724e+00	1.0000e+00
INO80B	9.5300e-01	-5.3268e-01	4.8263e-04
INO80B-WBP1	NA	-4.8368e-01	NA
INO80C	1.6660e+00	3.4225e-02	1.3020e-03
INO80D	3.5100e-01	3.4821e+00	1.0000e+00
INO80E	1.2820e+00	-1.7213e+00	6.6725e-07
INPP1	8.1300e-01	8.6801e-01	5.8595e-01
INPP4A	4.1100e-01	2.9572e+00	9.9997e-01
INPP4B	6.3900e-01	7.2474e-01	4.4753e-03
INPP5A	3.5600e-01	1.9395e+00	9.9994e-01
INPP5B	9.5900e-01	1.6232e+00	8.9874e-17
INPP5D	3.7900e-01	3.5253e+00	1.0000e+00
INPP5E	1.1790e+00	-1.9305e+00	1.1997e-11
INPP5F	8.4400e-01	1.1799e+00	6.7078e-15
INPP5J	1.1550e+00	6.9033e-01	4.4026e-25
INPP5K	1.1130e+00	4.2780e-01	4.6882e-11
INPPL1	7.7600e-01	2.1314e+00	8.5695e-19
INS	1.1950e+00	8.5977e-01	1.9816e-02
INSC	1.3830e+00	1.1487e-01	9.3403e-22
INSIG1	1.0180e+00	1.2025e+00	2.6140e-03
INSIG2	6.2600e-01	2.1015e+00	7.6745e-01
INS-IGF2	1.4410e+00	3.2447e-01	4.4778e-06
INSL3	1.8670e+00	-2.8942e-01	4.4343e-04
INSL4	1.8210e+00	-1.4727e+00	1.5201e-03
INSL5	1.6320e+00	1.2441e-01	2.9691e-01
INSL6	1.9440e+00	-2.6796e+00	1.5809e-08
INSM1	1.9290e+00	-5.2484e+00	5.3395e-07
INSM2	7.9600e-01	-6.9078e-01	3.7810e-02
INSR	5.5600e-01	5.4734e+00	1.5345e-04
INSRR	1.0130e+00	1.2669e+00	9.5890e-35
INSYN1	7.2700e-01	1.6086e+00	3.5079e-01
INSYN2A	6.5500e-01	8.6184e-01	1.0704e-01
INSYN2B	5.6400e-01	9.3609e-01	7.6396e-01
INTS10	6.8600e-01	1.0098e+00	1.2076e-03
INTS11	1.2230e+00	-9.0214e-01	6.2511e-27
INTS12	5.3200e-01	1.7414e+00	9.3934e-01
INTS13	4.5900e-01	3.3731e+00	9.9857e-01
INTS14	6.2000e-01	2.0082e+00	1.0653e-01
INTS1	7.8500e-01	-1.9354e+00	2.0443e-30
INTS2	4.9100e-01	2.2139e+00	9.8274e-01
INTS3	3.4200e-01	5.8440e+00	1.0000e+00
INTS4	7.3100e-01	2.4895e+00	2.6849e-07
INTS5	6.3600e-01	2.3931e+00	5.2367e-03
INTS6	2.3000e-01	4.6720e+00	1.0000e+00
INTS7	4.6600e-01	1.8872e+00	9.9708e-01
INTS8	4.5300e-01	1.3282e+00	9.9755e-01
INTS9	8.7100e-01	1.6535e+00	3.8062e-10
INTU	1.0120e+00	9.4610e-01	4.9009e-15
INVS	9.4100e-01	2.0948e+00	1.7464e-21
IP6K1	5.1600e-01	3.3658e+00	9.6551e-01
IP6K2	3.8500e-01	3.3180e+00	9.9973e-01
IP6K3	1.0280e+00	1.0202e+00	1.3902e-05
IPCEF1	6.9300e-01	1.5932e+00	7.8404e-02
IPMK	6.0000e-01	1.1483e+00	8.1652e-01
IPO11	5.9800e-01	1.0129e+00	9.8063e-02
IPO13	3.2400e-01	4.7062e+00	1.0000e+00
IPO4	8.0300e-01	1.4056e+00	2.8258e-20
IPO5	1.5600e-01	3.6033e+00	1.0000e+00
IPO7	1.3800e-01	2.8001e+00	1.0000e+00
IPO8	5.7500e-01	2.2699e+00	1.5221e-01
IPO9	3.1000e-01	3.4198e+00	1.0000e+00
IPP	9.5600e-01	9.9365e-01	1.5642e-07
IPPK	5.0600e-01	1.4967e+00	9.7588e-01
IQANK1	1.9110e+00	-3.1760e-01	1.5160e-09
IQCA1	6.7100e-01	1.0575e+00	1.1196e-04
IQCB1	8.8900e-01	8.9199e-01	2.2770e-08
IQCC	1.1440e+00	6.5727e-01	3.9736e-08
IQCD	1.0390e+00	1.1563e+00	4.2194e-07
IQCE	1.4420e+00	-1.5561e+00	1.5711e-38
IQCF1	1.5230e+00	3.2008e-01	1.8924e-04
IQCF2	1.2200e+00	9.6217e-01	2.1150e-03
IQCF3	1.8630e+00	3.2101e-01	1.1502e-03
IQCF5	1.4650e+00	3.4261e-01	1.2353e-01
IQCF6	1.2920e+00	7.3241e-01	6.4113e-06
IQCG	1.3700e+00	9.4965e-01	4.9738e-14
IQCH	8.6100e-01	1.7770e+00	1.6654e-12
IQCJ	1.3200e+00	-4.1455e-01	2.5463e-03
IQCJ-SCHIP1	6.3800e-01	5.8778e-01	1.2962e-01
IQCK	NA	-1.2642e+00	NA
IQCM	1.3610e+00	4.9985e-01	1.5897e-06
IQCN	8.8600e-01	1.2931e+00	3.7566e-11
IQGAP1	3.9500e-01	2.2286e+00	1.0000e+00
IQGAP2	1.0060e+00	1.7742e+00	1.0909e-25
IQGAP3	8.8200e-01	2.4175e+00	1.2568e-40
IQSEC1	4.7100e-01	1.6190e+00	9.9620e-01
IQSEC3	7.3200e-01	-4.4108e-02	1.5557e-08
IQUB	1.2100e+00	-4.8081e-03	1.3336e-18
IRAG1	7.3800e-01	8.2373e-01	4.0337e-10
IRAG2	8.2700e-01	1.3626e+00	6.8372e-06
IRAK1BP1	1.2560e+00	-2.9967e-02	8.7251e-07
IRAK2	9.6200e-01	3.2816e-01	3.7583e-13
IRAK3	1.3530e+00	2.2057e-01	9.6989e-13
IRAK4	1.1750e+00	1.1885e+00	1.1785e-08
IREB2	3.8900e-01	2.8507e+00	9.9998e-01
IRF1	5.3100e-01	3.1942e+00	9.4161e-01
IRF2	4.8300e-01	2.6077e+00	9.8966e-01
IRF2BP1	5.3800e-01	1.4345e+00	9.4493e-01
IRF2BP2	7.0900e-01	-4.3730e+00	4.1247e-01
IRF2BPL	5.4400e-01	-1.7558e+00	9.0987e-01
IRF3	9.4900e-01	9.1408e-01	5.2965e-08
IRF4	3.8300e-01	2.9149e+00	9.9993e-01
IRF5	5.3600e-01	2.4893e+00	8.7523e-01
IRF6	2.1400e-01	3.8977e+00	1.0000e+00
IRF7	1.7660e+00	-3.5878e+00	3.4306e-32
IRF8	4.6200e-01	1.3131e+00	9.9684e-01
IRF9	4.9900e-01	2.2424e+00	9.8208e-01
IRGC	8.2700e-01	1.1528e+00	2.4110e-02
IRGM	1.7880e+00	-1.4044e+00	3.7437e-01
IRGQ	1.0580e+00	1.2468e-01	4.9308e-04
IRS1	6.7400e-01	1.1712e+00	1.3546e-04
IRS2	9.4000e-01	-4.5631e+00	4.1508e-07
IRX1	1.1250e+00	-1.8476e+00	9.3376e-07
IRX2	1.3050e+00	-3.3066e+00	4.1111e-09
IRX3	1.0030e+00	-1.7725e+00	7.1340e-05
IRX4	1.1290e+00	-2.8483e+00	3.6453e-06
IRX5	4.1300e-01	4.7481e-01	9.9904e-01
IRX6	1.2280e+00	-1.5619e+00	2.9845e-15
ISCA1	1.7850e+00	5.6971e-01	1.0674e-02
ISCA2	1.6840e+00	-3.2894e-01	7.4089e-09
ISCU	1.5420e+00	-8.3688e-01	2.1390e-03
ISG15	1.8020e+00	3.4011e-01	1.1305e-01
ISG20	1.1970e+00	3.9757e-01	9.8822e-03
ISG20L2	7.4700e-01	1.1077e+00	3.7284e-02
ISL1	2.3500e-01	2.6662e+00	9.9999e-01
ISL2	9.0000e-01	-2.6153e-01	3.1324e-03
ISLR2	8.7500e-01	1.9877e+00	8.8829e-04
ISLR	7.4600e-01	1.2307e+00	3.7749e-01
ISM1	8.1700e-01	1.1064e+00	4.4011e-05
ISM2	1.1290e+00	1.8285e-02	2.0654e-15
ISOC1	1.3580e+00	1.5810e-01	2.0965e-09
ISOC2	1.2340e+00	-3.7037e-01	2.2962e-05
IST1	9.2200e-01	-2.1272e-01	6.0864e-02
ISX	1.4360e+00	1.1322e-02	2.9344e-04
ISY1	3.5200e-01	1.4131e+00	9.9999e-01
ISY1-RAB43	3.7100e-01	1.6864e+00	9.9999e-01
ISYNA1	1.0040e+00	3.8642e-01	2.1118e-09
ITCH	3.4300e-01	4.3610e+00	1.0000e+00
ITFG1	6.1900e-01	1.1874e-01	8.5363e-01
ITFG2	8.2900e-01	1.0425e+00	7.7307e-07
ITGA10	8.3400e-01	1.7328e+00	4.1726e-23
ITGA11	8.4800e-01	1.2904e+00	4.8406e-20
ITGA1	7.7100e-01	5.5814e-01	3.8334e-08
ITGA2	7.8900e-01	1.8089e+00	3.0497e-16
ITGA2B	7.6300e-01	1.3317e+00	9.1914e-19
ITGA3	6.9000e-01	2.7063e+00	2.2512e-10
ITGA4	6.0300e-01	1.2530e+00	1.9586e-01
ITGA5	4.5400e-01	2.2469e+00	9.9944e-01
ITGA6	5.2000e-01	2.5966e+00	6.8740e-01
ITGA7	7.3800e-01	1.1737e+00	5.4318e-16
ITGA8	8.0100e-01	-7.7047e-01	1.2641e-12
ITGA9	5.5500e-01	1.4393e+00	1.0960e-02
ITGAD	8.5900e-01	1.4947e+00	1.5476e-24
ITGAE	9.4600e-01	1.0011e+00	5.0931e-23
ITGAL	5.9500e-01	2.6298e+00	9.4665e-06
ITGAM	6.7800e-01	1.3471e+00	7.6195e-11
ITGAV	8.0700e-01	1.3825e+00	9.6626e-10
ITGAX	8.4100e-01	7.3147e-01	7.1730e-23
ITGB1	3.9600e-01	3.9870e+00	9.9977e-01
ITGB1BP1	9.5600e-01	6.1367e-01	1.5468e-02
ITGB2	8.1000e-01	1.5984e+00	1.1008e-11
ITGB3	6.8500e-01	2.1743e+00	6.4519e-07
ITGB3BP	1.8830e+00	-4.4899e-01	8.0297e-02
ITGB4	8.6000e-01	2.1890e+00	8.4149e-40
ITGB5	5.6800e-01	1.8247e+00	9.8567e-02
ITGB6	1.1960e+00	-7.8171e-02	2.9879e-21
ITGB7	8.5300e-01	1.5713e+00	2.3711e-13
ITGB8	6.1400e-01	9.9753e-01	2.0911e-01
ITGBL1	1.1070e+00	-4.4843e-01	6.0526e-12
ITIH1	1.0690e+00	1.9035e-01	5.5282e-28
ITIH2	1.2050e+00	8.0563e-01	5.7854e-24
ITIH3	1.0230e+00	1.0323e+00	4.6729e-23
ITIH4	8.3400e-01	1.8620e+00	1.3223e-18
ITIH5	9.6600e-01	6.0582e-01	3.0943e-11
ITK	6.4400e-01	2.3278e+00	1.2917e-03
ITLN1	1.0290e+00	1.1905e+00	3.6466e-06
ITLN2	1.1040e+00	2.3955e-01	3.6218e-08
ITM2B	7.3400e-01	1.9216e-01	5.7592e-01
ITM2C	1.1660e+00	5.2218e-02	4.2909e-05
ITPA	1.1590e+00	5.2670e-01	3.3906e-09
ITPK1	7.1000e-01	1.1036e+00	3.7518e-02
ITPKA	7.2400e-01	8.0144e-01	5.8252e-02
ITPKB	3.4000e-01	-1.2417e-01	1.0000e+00
ITPKC	7.0700e-01	8.0673e-01	6.5659e-05
ITPR1	3.2500e-01	6.2207e+00	1.0000e+00
ITPR2	7.2400e-01	4.4861e+00	9.3592e-27
ITPR3	6.7000e-01	5.2792e+00	1.3807e-29
ITPRID1	1.2870e+00	-5.8160e-01	2.3839e-31
ITPRID2	6.3700e-01	-1.0525e-02	1.3766e-06
ITPRIP	1.1400e+00	1.4986e+00	5.1882e-10
ITPRIPL1	9.0800e-01	1.2931e+00	8.5899e-07
ITPRIPL2	1.3420e+00	4.8347e-02	2.0251e-10
ITSN1	3.0400e-01	4.4797e+00	1.0000e+00
ITSN2	7.6300e-01	1.7434e+00	9.3334e-21
IVD	7.7600e-01	1.6480e+00	7.3062e-06
IVL	1.8790e+00	-1.8407e+00	3.0654e-01
IVNS1ABP	4.5300e-01	3.7755e+00	9.9911e-01
IWS1	3.7400e-01	1.6745e+00	9.9997e-01
IYD	1.1640e+00	4.5956e-01	6.1423e-08
IZUMO1	1.3400e+00	1.5154e+00	2.5928e-15
IZUMO1R	1.4740e+00	3.3086e-01	3.1742e-09
IZUMO2	1.2520e+00	3.6126e-02	1.9490e-05
IZUMO3	1.6550e+00	-1.9600e+00	3.7077e-12
IZUMO4	1.6460e+00	-1.0473e+00	7.1727e-22
JADE1	2.8000e-01	4.4454e+00	1.0000e+00
JADE2	2.5000e-01	3.1942e+00	1.0000e+00
JAG1	2.1100e-01	5.2977e+00	1.0000e+00
JAG2	4.9500e-01	1.7314e+00	9.0572e-01
JAGN1	1.0620e+00	-3.2570e-01	6.2585e-03
JAK1	1.6800e-01	5.8688e+00	1.0000e+00
JAK2	8.4800e-01	-2.9992e-02	2.2544e-06
JAK3	9.3300e-01	1.6786e+00	1.5795e-23
JAKMIP1	3.9100e-01	2.4921e+00	1.0000e+00
JAKMIP2	3.5200e-01	3.2111e+00	1.0000e+00
JAKMIP3	6.8600e-01	1.1461e+00	1.1450e-07
JAM2	9.3000e-01	5.8471e-01	9.3811e-02
JAM3	1.0030e+00	-6.7810e-01	7.8734e-07
JAML	8.3600e-01	1.1666e+00	1.3011e-04
JARID2	2.0200e-01	3.2608e+00	1.0000e+00
JAZF1	4.3800e-01	2.5362e+00	9.9210e-01
JCAD	4.9600e-01	1.0741e+00	9.3715e-01
JCHAIN	9.6600e-01	1.1712e+00	5.0764e-01
JDP2	9.2500e-01	1.0203e+00	3.5486e-02
JHY	1.0390e+00	2.7079e-01	2.0905e-19
JKAMP	6.7700e-01	1.6877e+00	6.6184e-01
JMJD1C	1.5700e-01	2.0931e+00	1.0000e+00
JMJD4	1.3430e+00	-6.0077e-01	2.7224e-12
JMJD6	5.3000e-01	1.1079e+00	9.2114e-01
JMJD7	1.3840e+00	-1.2069e+00	2.4716e-15
JMJD7-PLA2G4B	NA	-3.9048e-01	NA
JMJD8	1.9290e+00	-4.0541e+00	6.1322e-27
JMY	6.4800e-01	-9.2037e-02	1.2814e-04
JOSD1	6.6000e-01	1.6996e+00	6.0078e-01
JOSD2	1.5210e+00	5.2791e-01	7.4148e-08
JPH1	3.6500e-01	1.4744e+00	9.9998e-01
JPH2	1.0510e+00	-8.4463e-01	4.6954e-11
JPH3	3.6000e-01	-1.6768e+00	9.9998e-01
JPH4	8.6100e-01	-1.1218e+00	6.6029e-04
JPT1	7.4300e-01	8.4672e-01	6.2681e-01
JPT2	9.6200e-01	-1.6859e-01	2.5689e-02
JRK	1.9110e+00	-5.5843e-01	1.4263e-01
JRKL	1.0020e+00	2.1838e+00	2.2196e-07
JSRP1	1.9460e+00	-1.7559e+00	3.2522e-14
JTB	8.2200e-01	1.3382e+00	6.4323e-02
JUN	7.1600e-01	1.2855e+00	4.6760e-01
JUNB	8.6000e-01	8.6514e-01	2.2809e-01
JUND	9.0600e-01	-1.7937e+00	5.6352e-01
JUP	5.3300e-01	2.0603e+00	7.4487e-01
KAAG1	1.8640e+00	1.6566e-01	3.2094e-01
KALRN	2.3100e-01	6.1845e+00	1.0000e+00
KANK1	1.1490e+00	-5.0552e+00	7.5891e-34
KANK2	7.0400e-01	6.2293e-01	2.6403e-06
KANK3	1.6730e+00	-3.5271e+00	9.9317e-26
KANK4	8.2900e-01	8.4638e-01	2.1155e-10
KANSL1	3.2500e-01	8.9624e-01	1.0000e+00
KANSL1L	3.4100e-01	2.5899e-01	1.0000e+00
KANSL2	9.4500e-01	1.4589e+00	3.1161e-08
KANSL3	2.9300e-01	2.1570e+00	1.0000e+00
KARS1	8.8300e-01	-4.7575e-01	8.5776e-09
KASH5	1.0920e+00	3.2115e-01	1.1062e-21
KAT14	9.8900e-01	1.7447e+00	1.7371e-18
KAT2A	5.8700e-01	3.8125e+00	5.2234e-03
KAT2B	4.6100e-01	1.7615e+00	9.9820e-01
KAT5	5.9400e-01	3.7481e+00	2.7252e-02
KAT6A	8.3000e-02	3.1370e+00	1.0000e+00
KAT6B	9.8000e-02	4.8917e+00	1.0000e+00
KAT7	2.7500e-01	4.3936e+00	1.0000e+00
KAT8	8.5200e-01	2.9438e+00	4.2831e-09
KATNA1	7.5300e-01	1.9481e+00	2.6960e-05
KATNAL1	8.8500e-01	1.8605e+00	1.5171e-06
KATNAL2	1.0950e+00	4.1018e-01	2.4955e-09
KATNB1	6.5100e-01	1.7850e+00	1.0561e-04
KATNBL1	7.7600e-01	6.5933e-01	2.2392e-01
KATNIP	8.1600e-01	1.5031e+00	6.8843e-26
KAZALD1	1.6000e+00	-1.3813e+00	3.7193e-13
KAZN	6.8600e-01	1.2841e+00	6.7311e-06
KBTBD11	1.9490e+00	-1.0409e+01	1.7064e-02
KBTBD11-OT1	NA	-7.9322e-01	NA
KBTBD12	1.1700e+00	9.9081e-01	2.6034e-17
KBTBD13	1.9610e+00	-4.3212e+00	4.9492e-15
KBTBD2	4.0900e-01	3.5226e+00	9.9985e-01
KBTBD3	9.9600e-01	1.1235e+00	1.8381e-10
KBTBD4	9.2300e-01	1.7560e+00	3.3329e-07
KBTBD6	3.4100e-01	4.0380e+00	9.9998e-01
KBTBD7	6.6000e-01	3.0808e+00	6.8804e-03
KBTBD8	6.9700e-01	1.7395e+00	7.8991e-04
KCMF1	2.4500e-01	2.7328e+00	9.9994e-01
KCNA10	1.0280e+00	9.6997e-02	9.7243e-05
KCNA1	9.3500e-01	3.8753e+00	1.0670e-04
KCNA2	5.3700e-01	5.1746e+00	9.3925e-01
KCNA3	7.7800e-01	2.8482e+00	3.4583e-03
KCNA4	2.7300e-01	2.7238e+00	1.0000e+00
KCNA5	1.1820e+00	-7.3659e-01	2.1099e-07
KCNA6	8.5100e-01	3.7568e+00	4.6799e-04
KCNA7	1.2370e+00	-2.7334e-01	1.0508e-05
KCNAB1	7.5800e-01	1.6435e+00	3.0390e-02
KCNAB2	6.2200e-01	3.0986e+00	1.8746e-02
KCNAB3	1.1620e+00	1.9077e-01	2.6426e-20
KCNB1	3.0900e-01	5.4030e+00	1.0000e+00
KCNB2	3.5400e-01	3.8314e+00	1.0000e+00
KCNC1	3.6300e-01	5.1794e+00	9.9991e-01
KCNC2	6.6600e-01	3.2013e+00	4.2647e-02
KCNC3	6.5400e-01	3.0432e+00	2.9626e-01
KCNC4	8.0400e-01	2.0334e+00	1.6975e-04
KCND2	4.2800e-01	4.6570e+00	9.9952e-01
KCND3	3.0300e-01	4.8878e+00	1.0000e+00
KCNE1	1.4270e+00	5.9307e-01	5.1755e-01
KCNE2	1.6360e+00	6.5933e-01	1.8093e-02
KCNE3	1.3610e+00	4.9746e-01	2.6483e-01
KCNE4	1.2260e+00	4.6145e-01	3.3714e-02
KCNF1	5.8000e-01	3.4748e+00	8.5602e-01
KCNG1	9.3400e-01	3.1864e+00	1.1289e-03
KCNG2	1.9380e+00	-2.5048e+00	4.8277e-04
KCNG3	9.5000e-01	6.3121e-01	9.0897e-04
KCNG4	1.4730e+00	-1.9983e+00	3.2466e-13
KCNH1	5.2600e-01	5.0790e+00	8.1678e-01
KCNH2	5.6800e-01	2.4976e+00	6.6807e-02
KCNH3	5.1900e-01	4.1042e+00	7.0804e-01
KCNH4	5.0000e-01	3.3846e+00	9.4967e-01
KCNH5	5.5500e-01	3.7422e+00	1.0608e-01
KCNH6	1.1400e+00	1.3438e+00	7.8427e-27
KCNH7	4.9800e-01	3.8438e+00	9.0527e-01
KCNH8	8.1000e-01	1.7796e+00	2.7723e-14
KCNIP1	7.4600e-01	8.0630e-01	2.2374e-01
KCNIP2	7.7400e-01	1.5924e+00	3.8289e-03
KCNIP3	1.2490e+00	1.0788e+00	1.7964e-09
KCNIP4	8.5400e-01	9.4943e-01	2.3726e-01
KCNJ10	6.7600e-01	2.7127e+00	4.6302e-01
KCNJ11	1.0740e+00	2.8591e+00	1.5654e-03
KCNJ1	1.4720e+00	3.9453e-01	3.2536e-09
KCNJ12	3.6900e-01	4.2814e+00	9.9541e-01
KCNJ13	6.4000e-01	2.1909e+00	6.2675e-01
KCNJ14	1.3730e+00	-8.7957e-01	2.7341e-07
KCNJ15	9.0200e-01	1.6359e+00	3.0569e-03
KCNJ16	1.1570e+00	4.8391e-01	2.6186e-06
KCNJ18	1.7660e+00	3.1456e-01	3.5089e-09
KCNJ2	6.5100e-01	3.9425e+00	3.7571e-01
KCNJ3	2.2300e-01	5.4930e+00	1.0000e+00
KCNJ4	2.8700e-01	5.5440e+00	9.9989e-01
KCNJ5	9.1200e-01	2.0231e+00	8.1482e-03
KCNJ6	4.8200e-01	4.9961e+00	9.8916e-01
KCNJ8	7.2500e-01	4.3885e+00	8.1962e-02
KCNJ9	1.1030e+00	3.1835e+00	1.0134e-05
KCNK10	6.9500e-01	2.4198e+00	3.9838e-03
KCNK12	9.1800e-01	5.8193e-01	1.5967e-01
KCNK13	9.3800e-01	9.0530e-01	6.0392e-03
KCNK15	1.9550e+00	-1.5015e+00	4.2938e-05
KCNK16	1.4630e+00	6.3493e-01	8.7187e-09
KCNK17	1.5730e+00	-5.4633e-01	1.7409e-10
KCNK1	7.2000e-01	9.2154e-01	2.3098e-01
KCNK18	1.1140e+00	8.1559e-01	1.5792e-02
KCNK2	7.2100e-01	2.1400e+00	1.9611e-02
KCNK3	8.2600e-01	1.7248e+00	9.3834e-02
KCNK4	1.1410e+00	4.0018e-01	1.7607e-07
KCNK5	7.5100e-01	2.2926e+00	4.2029e-03
KCNK6	1.5370e+00	-6.9262e-01	6.5274e-08
KCNK7	1.3370e+00	-7.0578e-01	4.7778e-05
KCNK9	4.0400e-01	3.4647e+00	9.8086e-01
KCNMA1	3.3100e-01	6.5284e+00	1.0000e+00
KCNMB1	1.3740e+00	3.0903e-01	5.1108e-08
KCNMB2	5.8600e-01	1.4986e+00	8.8405e-01
KCNMB3	1.9230e+00	9.9698e-01	2.7380e-08
KCNMB4	3.9900e-01	2.1783e+00	9.9123e-01
KCNN1	6.5800e-01	1.5511e+00	5.4814e-02
KCNN2	6.6100e-01	1.5727e+00	6.7245e-02
KCNN3	3.7900e-01	4.6144e+00	9.9999e-01
KCNN4	9.7200e-01	1.6028e+00	5.8788e-08
KCNQ1	9.1500e-01	9.1213e-01	1.0954e-12
KCNQ2	2.9500e-01	3.7078e+00	1.0000e+00
KCNQ3	4.5800e-01	2.3645e+00	9.9883e-01
KCNQ4	6.0200e-01	1.2380e+00	2.2475e-02
KCNQ5	4.1700e-01	3.1393e+00	9.9994e-01
KCNRG	1.4960e+00	5.8043e-01	5.3763e-07
KCNS1	1.3130e+00	-4.2989e-01	7.1394e-10
KCNS2	8.0300e-01	2.1877e+00	8.5633e-03
KCNS3	6.4500e-01	1.5486e+00	2.8027e-01
KCNT1	6.8200e-01	2.1005e+00	1.7222e-12
KCNT2	7.4400e-01	2.9246e+00	1.4381e-04
KCNU1	1.0340e+00	7.2124e-01	1.8112e-11
KCNV1	1.7700e-01	4.5580e+00	1.0000e+00
KCNV2	1.9640e+00	-5.8358e+00	1.1007e-35
KCP	1.1240e+00	-3.4507e-01	5.1546e-64
KCTD10	5.7100e-01	3.1947e+00	8.0485e-01
KCTD11	1.2500e+00	4.4163e-01	7.5319e-03
KCTD12	1.5100e+00	-7.0801e-01	2.7908e-06
KCTD13	7.1300e-01	2.2521e+00	5.0421e-02
KCTD14	1.9350e+00	-1.9323e-02	1.3390e-03
KCTD15	6.8100e-01	9.0636e-01	3.0070e-01
KCTD1	6.0600e-01	1.8148e+00	8.9058e-02
KCTD16	5.3700e-01	1.6781e+00	9.4311e-01
KCTD17	9.2800e-01	7.0576e-01	6.5355e-05
KCTD18	1.2700e+00	9.9774e-01	3.6239e-05
KCTD19	7.4000e-01	2.1602e+00	2.3110e-10
KCTD20	1.0930e+00	1.8699e+00	1.7683e-07
KCTD21	1.1240e+00	9.8956e-01	7.7431e-03
KCTD2	1.1310e+00	1.1822e+00	4.8634e-04
KCTD3	7.1700e-01	2.5327e+00	6.6178e-03
KCTD4	1.0140e+00	1.4226e+00	2.7100e-03
KCTD5	7.7700e-01	6.9334e-01	1.1078e-01
KCTD6	7.7900e-01	2.8697e+00	3.8115e-01
KCTD7	9.0200e-01	1.5676e+00	1.7607e-03
KCTD8	1.2000e+00	-5.0126e-01	7.9535e-08
KCTD9	4.4400e-01	3.7994e+00	9.9594e-01
KDELR1	9.8000e-01	2.2428e+00	3.3832e-04
KDELR2	1.3160e+00	-1.1060e+00	2.5946e-03
KDELR3	1.3940e+00	-5.6909e-01	2.2631e-07
KDF1	5.6900e-01	1.2470e+00	8.5488e-01
KDM1A	6.3800e-01	3.7960e+00	3.4420e-03
KDM1B	7.6100e-01	3.1432e+00	3.1962e-09
KDM2A	5.7000e-02	6.9151e+00	1.0000e+00
KDM2B	2.6600e-01	4.6282e+00	1.0000e+00
KDM3A	4.6900e-01	2.8242e+00	9.9490e-01
KDM3B	1.1700e-01	6.2276e+00	1.0000e+00
KDM4A	2.5800e-01	4.8466e+00	1.0000e+00
KDM4B	3.7100e-01	2.9574e+00	1.0000e+00
KDM4C	8.1300e-01	-9.8861e-01	1.0648e-12
KDM4D	1.7280e+00	3.7170e+00	4.0574e-01
KDM4E	NA	5.2348e-01	NA
KDM4F	NA	-2.0167e-01	NA
KDM5A	2.7000e-01	3.6096e+00	1.0000e+00
KDM5B	8.5800e-01	1.0125e+00	1.1177e-29
KDM6B	2.1100e-01	1.8332e+00	1.0000e+00
KDM7A	4.0500e-01	1.1127e+00	9.9989e-01
KDM8	9.3000e-01	1.2055e+00	7.0842e-09
KDR	3.2800e-01	2.3819e+00	1.0000e+00
KDSR	9.6500e-01	5.9385e-01	4.3514e-02
KEAP1	5.9500e-01	4.2976e+00	8.7069e-02
KEL	1.1100e+00	5.0767e-01	6.9359e-31
KERA	1.2840e+00	-8.6142e-02	2.7143e-08
KHDC1	1.3730e+00	3.8886e-01	9.0398e-04
KHDC1L	1.0270e+00	-5.7276e-01	1.4341e-01
KHDC3L	9.6000e-01	1.8984e-01	1.2463e-01
KHDC4	4.1100e-01	1.7634e+00	9.9989e-01
KHDRBS1	3.9400e-01	5.7762e-01	9.9849e-01
KHDRBS2	8.8400e-01	-2.3577e-01	5.2045e-02
KHDRBS3	1.1100e+00	2.9524e-01	2.9530e-04
KHK	1.3620e+00	1.2947e-01	3.4096e-13
KHNYN	8.5300e-01	8.3478e-01	1.3251e-09
KHSRP	2.6300e-01	2.9971e+00	1.0000e+00
KIAA0040	1.8830e+00	8.9453e-01	5.7423e-05
KIAA0100	5.6000e-01	3.5751e+00	1.1428e-11
KIAA0232	3.0000e-01	1.4848e+00	1.0000e+00
KIAA0319	8.8600e-01	1.6877e+00	4.5775e-15
KIAA0319L	6.1000e-01	2.4746e+00	1.1995e-04
KIAA0408	9.8900e-01	1.0697e+00	5.4890e-15
KIAA0513	9.3200e-01	-5.7419e-01	1.9599e-09
KIAA0586	9.6800e-01	3.0714e-01	8.5316e-14
KIAA0753	1.0710e+00	4.6740e-01	3.4291e-23
KIAA0754	1.5600e+00	8.7491e-01	4.9097e-02
KIAA0825	9.4300e-01	1.4988e+00	2.3730e-24
KIAA0895	9.1800e-01	1.7607e+00	6.0822e-08
KIAA0895L	9.6700e-01	1.2276e+00	2.3103e-07
KIAA0930	8.3700e-01	1.7201e+00	4.4645e-05
KIAA1109	5.7900e-01	7.6887e+00	2.8317e-25
KIAA1143	8.9300e-01	-2.0603e-02	3.6939e-01
KIAA1191	9.3200e-01	1.4235e+00	1.0260e-05
KIAA1217	6.2000e-01	1.5602e+00	2.8447e-10
KIAA1328	1.0890e+00	2.5177e-01	1.0708e-12
KIAA1522	7.6900e-01	-9.9557e-01	2.2091e-06
KIAA1549	5.8400e-01	1.0559e+00	5.1784e-06
KIAA1549L	7.1100e-01	2.1183e+00	1.1495e-14
KIAA1586	1.3620e+00	1.5793e-01	8.1828e-02
KIAA1614	1.1180e+00	-1.8160e-01	3.0120e-24
KIAA1671	5.2500e-01	2.2796e-01	1.1599e-01
KIAA1755	9.5400e-01	-2.2262e-01	5.8458e-17
KIAA1958	4.5000e-01	1.6420e+00	9.9814e-01
KIAA2012	9.2700e-01	1.7792e+00	1.6705e-29
KIAA2013	8.7800e-01	1.7420e+00	1.6079e-04
KIAA2026	5.6200e-01	-4.8581e+00	1.1789e-04
KICS2	6.1900e-01	1.8197e+00	5.0468e-01
KIDINS220	4.5200e-01	3.5731e+00	9.9950e-01
KIF11	1.8400e-01	2.7188e+00	1.0000e+00
KIF12	1.1060e+00	2.0326e-01	5.5414e-25
KIF13A	4.7100e-01	2.2689e+00	9.9182e-01
KIF13B	7.3800e-01	7.1483e-01	1.4730e-18
KIF14	6.5000e-01	1.6150e+00	2.0983e-06
KIF15	8.9100e-01	2.3160e+00	4.6383e-25
KIF16B	7.8600e-01	1.4736e+00	1.2687e-13
KIF17	1.0080e+00	8.3718e-01	3.2601e-21
KIF18A	7.2800e-01	6.8702e-01	9.0293e-04
KIF18B	7.8100e-01	1.2098e+00	3.2306e-09
KIF19	1.2550e+00	-2.8496e-01	1.1153e-35
KIF1A	3.0400e-01	5.0350e+00	1.0000e+00
KIF1B	3.7600e-01	5.2587e+00	1.0000e+00
KIF1C	6.0900e-01	1.2558e+00	2.2494e-06
KIF20A	6.8500e-01	2.2750e+00	2.2872e-10
KIF20B	8.8700e-01	-7.3117e-01	8.5767e-23
KIF21A	6.0700e-01	3.1227e+00	2.8357e-08
KIF21B	5.2800e-01	3.8750e+00	2.3527e-04
KIF22	1.0250e+00	5.8711e-01	4.9453e-17
KIF23	2.7900e-01	3.2844e+00	1.0000e+00
KIF24	7.3200e-01	1.5384e+00	2.5250e-09
KIF25	9.8400e-01	3.0853e-01	5.0039e-05
KIF26A	1.0650e+00	-5.4885e+00	2.2064e-23
KIF26B	5.7100e-01	-2.2690e-02	4.1167e-05
KIF27	7.8000e-01	2.7822e+00	7.9799e-15
KIF2A	6.1700e-01	2.6011e+00	7.6117e-01
KIF2B	1.2350e+00	-3.6440e-01	2.1299e-04
KIF2C	4.3200e-01	2.0861e+00	9.9989e-01
KIF3A	2.9900e-01	3.6926e+00	1.0000e+00
KIF3B	6.7900e-01	3.7540e+00	2.3080e-04
KIF3C	2.6600e-01	3.5249e+00	1.0000e+00
KIF4B	1.0290e+00	1.4848e+00	2.5730e-18
KIF5A	3.1500e-01	5.0359e+00	1.0000e+00
KIF5B	4.3300e-01	3.4026e+00	9.9974e-01
KIF5C	2.4900e-01	3.6286e+00	1.0000e+00
KIF6	1.1320e+00	9.6484e-01	4.1925e-17
KIF7	1.0380e+00	-2.3744e+00	3.0938e-31
KIF9	8.7300e-01	1.5771e+00	1.5621e-14
KIFAP3	1.0060e+00	1.2864e+00	1.9033e-05
KIFBP	1.0160e+00	1.7493e+00	1.6272e-09
KIFC1	7.0600e-01	2.0569e+00	8.6343e-06
KIFC2	1.2670e+00	-3.4605e+00	3.0404e-33
KIFC3	7.9600e-01	1.5200e+00	1.6760e-12
KIN	7.8200e-01	1.1680e+00	8.0274e-03
KIR2DL1	1.6340e+00	-3.4981e+00	5.5277e-16
KIR2DL3	1.9200e+00	-2.8035e+00	1.3369e-18
KIR2DL4	1.5920e+00	-1.5064e+00	4.1394e-08
KIR2DS4	NA	-1.0582e+00	NA
KIR3DL1	1.8120e+00	-2.4593e+00	8.0358e-22
KIR3DL2	1.2830e+00	-2.2607e+00	9.3836e-15
KIR3DL3	1.2870e+00	-2.7759e+00	1.1806e-08
KIRREL1	4.1200e-01	2.8072e+00	9.9998e-01
KIRREL2	1.0410e+00	2.7995e-01	3.6283e-15
KIRREL3	6.7600e-01	1.5989e+00	8.4901e-05
KISS1	1.5550e+00	-7.5385e-01	4.7461e-01
KISS1R	1.8910e+00	-4.0215e+00	7.6812e-10
KIT	2.4000e-01	4.1661e+00	1.0000e+00
KITLG	5.8100e-01	1.5682e+00	9.0378e-01
KIZ	1.2270e+00	-1.7666e-01	5.1898e-10
KL	9.1700e-01	8.1065e-01	3.8203e-15
KLB	6.4400e-01	2.2545e+00	1.3963e-05
KLC1	5.0500e-01	3.9339e+00	9.5725e-01
KLC2	6.1600e-01	3.0291e+00	2.4321e-03
KLC3	1.6170e+00	-3.2439e+00	1.6975e-31
KLC4	7.9200e-01	1.9832e+00	3.2716e-09
KLF10	8.1700e-01	1.4217e+00	2.5238e-03
KLF11	1.0700e+00	-9.5656e-01	5.0394e-07
KLF1	1.7770e+00	-1.0124e+00	4.5975e-15
KLF12	3.9800e-01	2.2386e+00	9.9887e-01
KLF13	1.7860e+00	-2.0950e+00	1.2085e-04
KLF14	1.7280e+00	-2.8765e+00	1.0696e-05
KLF15	4.1300e-01	8.0165e-01	9.9579e-01
KLF16	1.9280e+00	-2.0943e+00	1.4935e-03
KLF17	1.2220e+00	5.8155e-01	2.5701e-10
KLF2	1.1190e+00	-2.7144e+00	7.9912e-03
KLF3	4.6900e-01	2.2243e+00	9.8939e-01
KLF4	6.9800e-01	-1.7631e+00	9.7370e-02
KLF5	5.1900e-01	2.1757e-01	9.6666e-01
KLF6	1.0800e-01	2.7032e+00	1.0000e+00
KLF7	2.1900e-01	3.4057e+00	9.9999e-01
KLF9	3.4700e-01	2.3683e+00	9.9728e-01
KLHDC10	5.2900e-01	2.6601e+00	9.4962e-01
KLHDC1	1.9610e+00	-1.0537e+00	7.0621e-04
KLHDC2	1.1650e+00	1.1204e+00	1.8093e-04
KLHDC3	2.5600e-01	4.2899e+00	1.0000e+00
KLHDC4	1.7400e+00	-3.9800e+00	3.3924e-35
KLHDC7A	1.8420e+00	-6.5364e-01	3.3843e-01
KLHDC7B	1.9490e+00	-2.4403e+00	1.6907e-02
KLHDC8A	8.7800e-01	1.1332e+00	9.3315e-05
KLHDC8B	1.0160e+00	1.4554e+00	3.1572e-05
KLHDC9	1.1910e+00	3.0445e-01	1.9825e-08
KLHL10	3.7100e-01	4.5084e+00	9.9997e-01
KLHL11	6.4700e-01	3.5609e+00	8.2760e-03
KLHL12	4.3500e-01	3.6542e+00	9.9938e-01
KLHL14	5.5000e-01	1.6899e+00	7.6118e-01
KLHL17	1.2810e+00	-2.1752e+00	1.1345e-22
KLHL1	7.5100e-01	3.3302e-02	6.8062e-07
KLHL18	8.3200e-01	2.2770e+00	2.7102e-08
KLHL20	5.3800e-01	4.7551e+00	8.0917e-01
KLHL21	1.6470e+00	-2.4672e+00	3.4482e-19
KLHL22	4.7100e-01	3.3558e+00	9.9571e-01
KLHL2	3.6000e-01	4.3616e+00	9.9998e-01
KLHL23	8.9900e-01	1.3489e+00	5.5617e-08
KLHL24	6.4900e-01	3.1358e+00	2.0694e-01
KLHL25	1.7260e+00	-1.4326e+00	6.1477e-18
KLHL26	1.0670e+00	-3.7872e-01	6.9763e-02
KLHL28	6.4200e-01	2.8385e+00	4.9487e-02
KLHL29	3.9800e-01	3.3809e+00	9.9999e-01
KLHL30	1.6520e+00	-1.0022e+00	1.2520e-24
KLHL31	9.3900e-01	3.4545e-01	1.2535e-07
KLHL32	7.3100e-01	2.6264e+00	2.2700e-04
KLHL33	1.0480e+00	-1.0409e+00	1.5878e-12
KLHL3	3.7700e-01	3.5750e+00	9.9999e-01
KLHL35	1.8370e+00	-3.9966e+00	1.1338e-19
KLHL36	9.1900e-01	1.8936e-01	1.0930e-07
KLHL38	1.2640e+00	-3.1854e-01	7.8020e-14
KLHL40	1.1280e+00	-3.4059e-01	8.4364e-13
KLHL41	8.3000e-01	1.1930e+00	8.9595e-05
KLHL42	1.3220e+00	1.4136e+00	8.8238e-08
KLHL5	7.1100e-01	2.1287e+00	1.1595e-06
KLHL6	9.2900e-01	1.4895e+00	6.1851e-10
KLHL7	7.8900e-01	5.0385e+00	1.0222e-06
KLHL8	7.8100e-01	2.6968e+00	5.1621e-07
KLHL9	8.3500e-01	2.1372e+00	9.5331e-06
KLK10	1.6680e+00	-9.9079e-01	3.1780e-12
KLK1	1.2600e+00	1.0243e+00	8.4031e-07
KLK11	9.5000e-01	7.5962e-01	2.9633e-03
KLK12	1.5560e+00	-2.4926e-01	3.4966e-09
KLK13	1.2390e+00	8.4207e-01	1.0496e-06
KLK14	1.3530e+00	1.2771e-01	1.4510e-07
KLK15	NA	-1.0240e+00	NA
KLK2	1.1220e+00	1.3149e-01	3.2792e-05
KLK3	1.0650e+00	5.8103e-01	8.2892e-06
KLK4	NA	-4.8669e-01	NA
KLK5	1.0580e+00	3.9384e-01	1.7963e-05
KLK6	1.0250e+00	9.3716e-01	1.9192e-04
KLK7	1.2650e+00	-2.5045e-01	8.0840e-06
KLK8	9.7300e-01	8.7386e-01	9.1197e-06
KLK9	1.4920e+00	-1.9502e-01	1.6902e-10
KLKB1	9.7400e-01	6.5772e-01	4.7511e-11
KLLN	1.7620e+00	-2.3235e+00	3.8896e-01
KLRB1	9.5200e-01	5.6345e-01	4.8113e-02
KLRC1	1.2360e+00	1.1139e+00	2.1165e-04
KLRC2	8.4800e-01	1.6101e+00	1.1489e-01
KLRC3	1.2520e+00	8.7220e-01	1.8847e-04
KLRC4	9.1000e-01	8.1136e-01	1.0838e-01
KLRC4-KLRK1	NA	7.0140e-01	NA
KLRD1	1.3290e+00	1.3511e-01	5.1922e-03
KLRF1	8.4500e-01	2.9456e-01	2.5110e-01
KLRF2	1.2640e+00	-1.4838e-01	3.3909e-03
KLRG1	1.2530e+00	1.2206e+00	8.3036e-04
KLRG2	1.7950e+00	-3.4172e+00	1.0207e-14
KLRK1	1.6630e+00	4.2733e-01	1.2937e-16
KMO	7.5500e-01	1.5232e+00	1.4763e-01
KMT2A	6.5000e-02	8.7941e+00	1.0000e+00
KMT2B	1.2700e-01	2.7377e+00	1.0000e+00
KMT2C	2.0200e-01	4.3119e+00	1.0000e+00
KMT2D	1.4100e-01	4.7249e+00	1.0000e+00
KMT2E	2.1700e-01	1.4433e+00	1.0000e+00
KMT5A	3.1400e-01	2.2717e+00	9.9998e-01
KMT5B	1.9000e-01	3.7527e+00	1.0000e+00
KMT5C	8.5200e-01	3.1886e-01	2.6901e-04
KNCN	1.7160e+00	-3.9662e-01	7.1729e-05
KNDC1	8.1500e-01	-4.5550e-01	6.6340e-24
KNG1	5.7500e-01	9.2609e-01	8.1148e-01
KNL1	3.6600e-01	-4.9890e-01	1.0000e+00
KNOP1	9.6200e-01	7.3107e-01	4.8334e-07
KNSTRN	1.1090e+00	-2.4472e-01	1.9092e-09
KNTC1	8.3500e-01	1.4758e+00	2.0911e-22
KPNA1	2.8700e-01	3.2499e+00	9.9999e-01
KPNA2	7.0500e-01	1.8199e+00	1.3664e-02
KPNA3	2.1400e-01	3.1904e+00	9.9999e-01
KPNA4	2.9700e-01	2.1151e+00	9.9940e-01
KPNA5	8.9900e-01	7.3668e-01	3.4999e-05
KPNA6	2.4100e-01	4.2624e+00	1.0000e+00
KPNA7	1.2450e+00	2.8269e-01	2.9367e-17
KPNB1	1.1900e-01	6.7049e+00	1.0000e+00
KPRP	1.9190e+00	-4.6224e-01	1.3414e-01
KPTN	9.8800e-01	5.4602e-01	8.3560e-10
KRAS	2.6400e-01	3.0903e+00	9.9914e-01
KRBA1	1.2130e+00	-1.0638e+00	6.1350e-32
KRBA2	1.6800e+00	1.2662e+00	2.7693e-01
KRBOX1	1.8010e+00	-8.8754e-01	2.3264e-02
KRCC1	1.2540e+00	7.4595e-01	7.3919e-03
KREMEN1	8.4800e-01	1.2623e+00	3.4218e-05
KREMEN2	1.3980e+00	-2.5309e+00	2.9293e-16
KRI1	1.0610e+00	2.3160e-01	1.4403e-24
KRIT1	6.9000e-01	8.9279e-01	1.1437e-01
KRR1	7.3600e-01	4.1426e-01	9.1747e-03
KRT10	8.8100e-01	2.7306e-01	4.9789e-09
KRT12	9.7900e-01	1.0629e+00	7.3555e-09
KRT13	9.0500e-01	3.2728e-01	1.6731e-06
KRT14	9.3200e-01	1.3010e+00	1.4584e-07
KRT15	1.2310e+00	3.0507e-01	2.7401e-15
KRT16	1.1780e+00	1.0004e+00	5.3853e-14
KRT1	7.0000e-01	8.6527e-01	4.5625e-04
KRT17	8.7100e-01	8.4319e-01	1.2138e-06
KRT18	4.1100e-01	2.2718e+00	9.9878e-01
KRT19	7.8400e-01	8.0486e-01	2.8418e-04
KRT20	1.2590e+00	2.7098e-01	5.4236e-12
KRT2	1.0000e+00	-3.4681e-01	1.2105e-09
KRT222	7.9300e-01	3.3985e-01	6.4743e-03
KRT23	9.9400e-01	6.8243e-01	1.9220e-08
KRT24	1.0940e+00	9.3767e-01	2.5436e-09
KRT25	1.0030e+00	6.3462e-01	2.1588e-09
KRT26	1.2380e+00	1.0106e-01	1.6091e-12
KRT27	8.3200e-01	-3.8749e-01	3.4757e-06
KRT28	1.1970e+00	5.2273e-01	1.7251e-12
KRT31	8.7900e-01	7.5909e-01	1.7393e-06
KRT32	1.4340e+00	2.8900e-01	1.3722e-16
KRT33A	1.3770e+00	-5.2252e-03	7.4036e-17
KRT33B	1.0750e+00	7.4341e-02	1.0759e-10
KRT34	9.8800e-01	-2.0708e-01	5.9319e-09
KRT35	1.0020e+00	4.4271e-01	1.1572e-09
KRT36	1.1530e+00	-1.0295e-02	2.1642e-13
KRT37	1.1730e+00	1.5803e-01	2.8839e-12
KRT38	1.3640e+00	-6.2572e-01	1.6245e-17
KRT39	1.1020e+00	6.8835e-01	8.7375e-14
KRT3	9.9600e-01	1.0923e-01	1.8320e-08
KRT40	1.3060e+00	-2.0930e-01	5.6136e-15
KRT4	1.0890e+00	5.6154e-01	1.2573e-13
KRT5	5.3800e-01	1.0035e+00	9.0196e-01
KRT6A	7.5500e-01	5.7996e-01	6.2076e-05
KRT6B	9.0900e-01	9.1601e-01	4.6738e-07
KRT6C	1.3400e+00	1.2428e+00	7.2253e-17
KRT71	1.1160e+00	-4.6822e-02	2.3944e-12
KRT7	1.4590e+00	4.9649e-01	1.2172e-17
KRT72	1.1870e+00	-1.0735e+00	4.5040e-13
KRT73	1.1440e+00	2.8995e-01	2.7641e-14
KRT74	1.2780e+00	-3.8664e-01	1.3537e-13
KRT75	9.7000e-01	-5.9614e-01	6.9063e-10
KRT76	1.2630e+00	-2.7620e-01	3.4900e-14
KRT77	1.1100e+00	-1.0162e-01	2.7552e-12
KRT78	1.3580e+00	2.4434e-01	1.2506e-20
KRT79	1.2700e+00	-1.0815e-01	2.4802e-18
KRT80	9.5500e-01	3.0427e-01	1.9881e-09
KRT81	1.4530e+00	-3.0378e-02	4.4333e-13
KRT82	1.1310e+00	-6.9761e-02	7.9630e-13
KRT83	1.2260e+00	2.2209e-01	2.2378e-17
KRT84	1.0150e+00	-1.1823e+00	1.6349e-09
KRT85	8.9000e-01	6.9695e-01	2.1193e-09
KRT86	1.0440e+00	-4.5316e-01	1.0074e-07
KRT8	7.9000e-01	1.9436e+00	6.2948e-04
KRT9	8.7300e-01	7.3017e-01	6.5500e-08
KRTAP10-10	1.8000e+00	-1.4477e-01	3.6695e-01
KRTAP10-11	1.9350e+00	-2.9678e-01	5.1561e-02
KRTAP10-1	1.9240e+00	4.2344e-02	5.8839e-02
KRTAP10-12	1.9170e+00	3.7646e-01	1.3641e-01
KRTAP10-2	1.8910e+00	4.1643e-01	1.6030e-01
KRTAP10-3	NA	-6.2968e-01	NA
KRTAP10-4	1.8260e+00	1.2209e+00	3.4999e-01
KRTAP10-5	1.8610e+00	-2.8983e-01	8.9887e-02
KRTAP10-6	1.8810e+00	1.2672e+00	1.6902e-01
KRTAP10-7	1.7100e+00	1.1509e+00	4.1424e-01
KRTAP10-8	1.9090e+00	2.7010e-01	1.4482e-01
KRTAP10-9	1.8160e+00	-1.7306e-01	2.1151e-01
KRTAP1-1	1.1170e+00	1.1793e+00	8.0795e-03
KRTAP11-1	1.7260e+00	7.6820e-01	2.4898e-07
KRTAP12-1	1.8630e+00	7.3104e-01	3.2144e-01
KRTAP12-2	1.8630e+00	4.7305e-01	1.8175e-01
KRTAP12-3	1.9610e+00	5.5369e-01	4.9209e-03
KRTAP12-4	1.9270e+00	-1.5630e-01	1.2623e-01
KRTAP13-1	1.8850e+00	2.9369e-01	1.6587e-01
KRTAP1-3	1.2460e+00	8.6610e-01	8.6836e-04
KRTAP13-2	NA	-2.5818e-01	NA
KRTAP13-3	1.9290e+00	-8.1850e-01	1.2337e-01
KRTAP13-4	1.7990e+00	3.7564e-02	3.6753e-01
KRTAP1-4	1.3250e+00	-1.9199e-01	2.2993e-02
KRTAP1-5	1.1020e+00	-1.8390e-01	4.6455e-03
KRTAP15-1	1.7170e+00	-4.6668e-01	4.1088e-01
KRTAP16-1	1.8190e+00	9.4842e-04	3.5466e-01
KRTAP17-1	7.2600e-01	1.4774e-01	7.5796e-01
KRTAP19-1	1.9540e+00	9.9848e-02	6.0447e-03
KRTAP19-2	1.9530e+00	2.5728e-01	1.5619e-02
KRTAP19-3	1.8680e+00	4.0635e-03	1.7880e-01
KRTAP19-4	1.8690e+00	1.2696e-01	3.1587e-01
KRTAP19-5	1.9230e+00	3.7002e-01	5.9487e-02
KRTAP19-6	1.7250e+00	2.1098e-01	4.0712e-01
KRTAP19-7	1.9520e+00	2.8448e-01	2.4228e-03
KRTAP19-8	NA	3.8155e-01	NA
KRTAP20-1	1.9310e+00	-1.3966e-02	1.4320e-03
KRTAP20-2	1.8940e+00	5.1849e-02	8.8117e-04
KRTAP20-3	1.7090e+00	4.2502e-02	2.6454e-01
KRTAP21-1	1.2580e+00	8.7004e-01	5.7177e-01
KRTAP2-1	1.9160e+00	1.5524e+00	6.3117e-02
KRTAP21-2	1.8530e+00	1.5985e-01	1.8864e-01
KRTAP21-3	1.8790e+00	3.0473e-01	3.0676e-01
KRTAP22-1	1.8410e+00	5.2401e-01	1.9649e-01
KRTAP2-2	1.9040e+00	1.1917e+00	1.4886e-01
KRTAP22-2	1.8730e+00	8.3537e-02	3.1234e-01
KRTAP23-1	1.8720e+00	2.9244e-01	3.1338e-01
KRTAP2-3	1.8490e+00	1.3171e+00	2.0037e-04
KRTAP24-1	1.6180e+00	-5.7922e-01	4.5187e-01
KRTAP2-4	1.4520e+00	1.5780e+00	1.4686e-02
KRTAP25-1	1.9190e+00	-3.1491e-01	6.1673e-02
KRTAP26-1	1.8540e+00	5.0238e-02	3.2921e-01
KRTAP27-1	1.9390e+00	-1.5788e-01	2.0208e-02
KRTAP29-1	1.8900e+00	2.2035e-01	2.9526e-01
KRTAP3-1	1.6630e+00	1.2887e-01	1.6655e-02
KRTAP3-2	1.0950e+00	3.9233e-01	4.0684e-01
KRTAP3-3	1.9290e+00	6.1056e-01	3.0231e-05
KRTAP4-11	1.8530e+00	-4.1580e-01	7.5305e-03
KRTAP4-1	1.9350e+00	6.8572e-01	1.1638e-01
KRTAP4-12	1.7810e+00	5.5759e-01	5.6822e-02
KRTAP4-16	NA	-1.2996e+00	NA
KRTAP4-2	1.8540e+00	1.9599e-02	3.2916e-01
KRTAP4-3	1.9460e+00	7.1439e-01	4.4208e-02
KRTAP4-4	1.9530e+00	5.6280e-01	3.8828e-02
KRTAP4-5	1.6790e+00	7.9979e-01	4.2778e-01
KRTAP4-6	1.6820e+00	-3.4314e-01	1.5275e-01
KRTAP4-7	1.6500e+00	-6.4468e-01	2.8961e-01
KRTAP4-8	1.4480e+00	5.8761e-01	3.6973e-01
KRTAP4-9	1.8870e+00	-6.6995e-01	3.6919e-04
KRTAP5-10	9.8600e-01	5.6506e-01	4.9069e-01
KRTAP5-11	1.9230e+00	-1.4264e-01	1.0256e-02
KRTAP5-1	1.8820e+00	6.0618e-01	3.5722e-02
KRTAP5-2	1.8870e+00	8.0971e-01	2.9879e-01
KRTAP5-3	1.5470e+00	1.2181e+00	3.3067e-01
KRTAP5-4	NA	9.5386e-01	NA
KRTAP5-5	1.4160e+00	2.7203e+00	3.8239e-01
KRTAP5-6	1.7530e+00	-3.3569e-01	6.2244e-02
KRTAP5-7	1.3850e+00	9.4492e-01	3.9494e-01
KRTAP5-8	1.2150e+00	1.0857e+00	3.3362e-01
KRTAP5-9	1.6710e+00	7.4031e-01	7.8000e-02
KRTAP6-1	1.8550e+00	5.4465e-01	1.2248e-03
KRTAP6-2	1.9630e+00	-1.1288e-01	1.1772e-02
KRTAP6-3	1.4380e+00	4.4856e-01	7.1245e-03
KRTAP7-1	1.7140e+00	3.0065e-01	1.4255e-01
KRTAP8-1	1.6190e+00	2.1057e-01	4.1940e-02
KRTAP9-1	1.1700e+00	-4.5989e-02	3.5185e-04
KRTAP9-2	1.3940e+00	4.8382e-01	1.6453e-04
KRTAP9-3	1.5100e+00	-9.2015e-01	8.6424e-05
KRTAP9-4	1.1680e+00	-1.6050e-01	1.1576e-02
KRTAP9-6	1.4270e+00	1.0928e+00	3.3785e-02
KRTAP9-7	1.7480e+00	5.8325e-01	3.9600e-01
KRTAP9-8	1.3740e+00	-1.7100e-01	8.9631e-04
KRTAP9-9	1.3980e+00	2.1280e-01	1.6079e-04
KRTCAP2	1.0400e+00	2.5372e-01	1.3862e-02
KRTCAP3	1.3790e+00	-7.7264e-01	3.1181e-06
KRTDAP	1.1010e+00	3.4201e-01	1.2433e-03
KSR1	4.8100e-01	2.0031e+00	9.9219e-01
KSR2	3.1800e-01	4.1817e+00	1.0000e+00
KTI12	1.4860e+00	4.9172e-01	1.1854e-03
KTN1	7.6800e-01	-8.7865e-02	2.5053e-05
KXD1	9.4300e-01	1.2856e+00	8.5312e-02
KY	7.6700e-01	1.6862e+00	9.0457e-07
KYAT1	1.0750e+00	1.5564e+00	4.3308e-14
KYAT3	1.1520e+00	7.5006e-01	2.7923e-06
KYNU	1.3640e+00	1.0945e-01	1.0563e-08
L1TD1	1.2910e+00	-1.1800e+00	2.9560e-06
L2HGDH	8.7200e-01	2.2597e-01	2.0708e-06
L3HYPDH	1.7920e+00	-1.7382e+00	8.7196e-14
L3MBTL1	8.4000e-01	8.9692e-01	1.5377e-15
L3MBTL2	6.4900e-01	2.4282e+00	1.9996e-05
L3MBTL3	3.2600e-01	1.4143e+00	1.0000e+00
L3MBTL4	7.9300e-01	8.3712e-01	5.9718e-04
LACC1	1.1580e+00	1.5853e+00	1.3918e-07
LACRT	1.5530e+00	4.3367e-01	2.9138e-05
LACTB	1.0470e+00	-2.8494e-01	4.8643e-08
LACTB2	1.3860e+00	4.9040e-01	2.9550e-06
LACTBL1	1.2300e+00	-9.7519e-02	4.9494e-10
LAD1	1.2600e+00	1.9846e-01	6.1022e-19
LAG3	8.9300e-01	-7.9933e-01	1.1990e-07
LAIR1	1.0330e+00	-1.2693e-01	9.1917e-07
LAIR2	1.5970e+00	-1.1509e-02	9.3477e-06
LALBA	1.5560e+00	5.2360e-01	6.7913e-05
LAMA1	6.7300e-01	1.7732e+00	5.8922e-35
LAMA2	8.0100e-01	1.2753e+00	1.0500e-48
LAMA3	7.3400e-01	2.6539e+00	6.3654e-45
LAMA4	7.0900e-01	2.0435e+00	3.3158e-19
LAMA5	7.7900e-01	-2.6755e+00	6.0670e-58
LAMB1	6.0100e-01	1.1458e+00	4.9778e-13
LAMB2	6.5200e-01	2.8708e+00	2.2857e-18
LAMB3	8.2900e-01	8.8919e-01	6.2848e-23
LAMB4	1.0900e+00	1.2705e+00	2.0725e-47
LAMC1	2.6400e-01	2.4423e+00	1.0000e+00
LAMC2	7.9700e-01	1.3268e+00	1.5550e-20
LAMC3	9.0900e-01	7.9044e-01	8.7006e-33
LAMP1	3.3800e-01	5.8210e-01	9.9992e-01
LAMP3	1.0190e+00	7.3447e-01	8.1761e-06
LAMP5	1.5860e+00	-3.4186e-01	8.5438e-15
LAMTOR1	7.9600e-01	1.7159e+00	1.8628e-01
LAMTOR2	5.4600e-01	1.9945e+00	9.4039e-01
LAMTOR3	1.6400e+00	2.2582e-01	3.4042e-03
LAMTOR4	1.7370e+00	-4.7651e-01	6.4119e-05
LAMTOR5	1.4430e+00	3.9575e-01	6.9989e-03
LANCL1	1.3040e+00	-4.8863e-01	2.4230e-15
LANCL2	8.4600e-01	1.8541e-01	7.9030e-07
LAP3	9.7300e-01	6.7852e-01	1.0935e-07
LAPTM4A	1.1760e+00	-1.3849e-01	6.8426e-04
LAPTM4B	1.6490e+00	-5.7693e-01	2.7544e-06
LAPTM5	7.7500e-01	9.4243e-02	1.1352e-01
LARGE1	6.0600e-01	2.7128e+00	5.7297e-04
LARGE2	1.1320e+00	-5.7521e-02	1.7429e-21
LARP1	4.0500e-01	3.6693e+00	1.0000e+00
LARP1B	9.3500e-01	9.7685e-01	7.7647e-14
LARP4	3.7200e-01	1.0943e+00	9.9994e-01
LARP4B	2.8900e-01	1.9892e+00	1.0000e+00
LARP6	9.5700e-01	4.6847e-01	1.3783e-04
LARP7	1.1290e+00	-9.8905e-01	3.3601e-11
LARS1	7.8700e-01	1.6228e+00	1.1516e-13
LARS2	8.0800e-01	1.6406e+00	2.1906e-11
LASP1	4.1100e-01	2.4924e+00	9.9912e-01
LAT2	7.1600e-01	6.6721e-01	3.0667e-03
LAT	4.7400e-01	1.3219e+00	9.9364e-01
LATS1	3.1900e-01	3.8572e+00	1.0000e+00
LATS2	4.9300e-01	1.2190e+00	9.8381e-01
LAX1	1.2700e+00	7.2185e-01	7.4633e-04
LAYN	1.0820e+00	-2.2461e-02	1.0552e-07
LBH	1.0710e+00	8.8419e-01	6.8187e-02
LBHD1	1.2810e+00	-2.2034e-01	5.6594e-09
LBP	1.1990e+00	5.3442e-01	6.9772e-14
LBR	4.9900e-01	9.4923e-01	9.7287e-01
LBX1	7.5300e-01	5.1755e-01	4.4531e-01
LBX2	1.7490e+00	2.7530e-01	5.2340e-03
LCA5	8.8300e-01	4.0522e-01	2.7619e-07
LCA5L	1.1010e+00	1.3457e+00	1.0343e-05
LCAT	5.6800e-01	2.3666e+00	7.6515e-01
LCE1A	1.2710e+00	-1.8972e-02	1.0525e-01
LCE1B	1.8780e+00	-9.2655e-02	3.6734e-02
LCE1C	1.9290e+00	3.7931e-01	5.7077e-04
LCE1D	1.8690e+00	1.0832e+00	1.6485e-02
LCE1E	1.6350e+00	-1.5181e-01	4.0137e-02
LCE1F	1.6620e+00	-8.6296e-02	1.3264e-03
LCE2A	1.8180e+00	-1.2278e-01	3.5539e-01
LCE2B	1.8600e+00	-9.5238e-01	3.2393e-01
LCE2C	1.8410e+00	-1.1033e+00	3.3951e-01
LCE2D	1.8180e+00	-4.3603e-01	3.5539e-01
LCE3A	1.8580e+00	-2.7584e-01	3.2584e-01
LCE3D	NA	2.1539e-01	NA
LCE3E	1.8550e+00	-3.4944e-01	1.8789e-01
LCE4A	1.9400e+00	3.3367e-01	1.0893e-01
LCE5A	1.9140e+00	4.0259e-01	1.3950e-01
LCE6A	1.9520e+00	-1.8470e-01	6.3455e-03
LCK	3.3200e-01	3.5350e+00	1.0000e+00
LCLAT1	6.8000e-01	1.2731e+00	1.4108e-01
LCMT1	9.5600e-01	5.7914e-01	2.5330e-04
LCMT2	1.0010e+00	-1.8992e+00	2.2620e-09
LCN10	1.0990e+00	-8.1331e-02	8.4000e-05
LCN1	1.6210e+00	2.2209e-01	2.7619e-10
LCN12	1.0790e+00	3.5988e-01	3.9953e-04
LCN15	1.7880e+00	-1.4968e-01	2.8334e-09
LCN2	1.3580e+00	5.8140e-01	8.9412e-10
LCN6	1.2600e+00	-7.8019e-02	3.9442e-06
LCN8	1.0920e+00	5.1022e-01	9.0614e-05
LCN9	1.8440e+00	-1.6655e-01	5.3712e-10
LCNL1	1.9500e+00	-7.6481e-01	6.5942e-06
LCOR	3.3800e-01	2.0578e+00	1.0000e+00
LCORL	6.3200e-01	1.4085e+00	6.0717e-01
LCP1	3.9000e-01	2.6522e+00	9.9997e-01
LCP2	4.6500e-01	9.8998e-01	9.9679e-01
LCT	6.2000e-01	4.9902e+00	1.7232e-11
LCTL	NA	2.1747e-01	NA
LDAF1	1.0370e+00	1.2343e+00	4.6586e-02
LDAH	1.1700e+00	1.1827e+00	1.2667e-08
LDB1	2.4000e-01	3.4853e+00	1.0000e+00
LDB2	4.3500e-01	2.2932e+00	9.9816e-01
LDB3	8.6400e-01	9.0565e-01	1.5098e-11
LDHA	6.1300e-01	2.2299e+00	7.7417e-01
LDHAL6A	9.7500e-01	4.4226e-01	3.6214e-04
LDHAL6B	1.8590e+00	-5.4436e-01	9.0750e-02
LDHB	9.2700e-01	9.8719e-01	3.8705e-03
LDHC	1.8670e+00	-1.0109e-01	2.7899e-03
LDHD	1.3130e+00	-1.1345e+00	1.9554e-20
LDLR	1.0910e+00	6.0522e-01	1.2477e-30
LDLRAD1	1.1420e+00	-1.5537e-01	1.5269e-06
LDLRAD2	1.4600e+00	-5.8332e-01	6.1487e-10
LDLRAD3	1.0330e+00	9.1757e-01	3.4604e-06
LDLRAD4	9.6600e-01	1.5182e+00	7.3201e-02
LDLRAP1	1.0830e+00	4.8980e-01	1.2791e-08
LEAP2	1.8690e+00	5.4090e-02	3.6189e-06
LECT2	1.0710e+00	3.4819e-01	6.8306e-02
LEF1	4.5900e-01	2.1888e+00	9.9641e-01
LEFTY1	1.4470e+00	5.0385e-01	1.4058e-07
LEFTY2	7.0300e-01	8.6201e-01	3.5464e-01
LEKR1	1.2120e+00	1.9202e-01	1.2216e-04
LELP1	1.9380e+00	1.0553e-01	4.9910e-02
LEMD1	1.7250e+00	2.4522e-01	1.6949e-04
LEMD2	9.7800e-01	-1.1938e+00	1.4191e-08
LEMD3	5.8400e-01	-1.2499e+00	4.0017e-01
LENEP	1.5980e+00	7.1154e-01	4.4465e-02
LENG1	1.5940e+00	-9.1824e-01	1.4983e-13
LENG8	3.7500e-01	1.0874e+00	1.0000e+00
LENG9	1.8380e+00	-4.4547e+00	3.4161e-01
LEO1	4.8800e-01	1.8732e+00	9.8948e-01
LEP	1.1390e+00	1.8295e+00	7.0307e-03
LEPR	5.8900e-01	2.0667e+00	9.3179e-05
LEPROT	6.1800e-01	3.2969e-01	8.6661e-01
LEPROTL1	1.7610e+00	5.7909e-01	2.7237e-02
LETM1	8.8100e-01	1.7059e+00	1.3697e-11
LETM2	1.2460e+00	3.1595e-01	7.0008e-12
LETMD1	9.7200e-01	7.8169e-01	1.4051e-06
LEUTX	1.8380e+00	2.7259e-01	4.5478e-02
LEXM	1.1960e+00	9.3234e-02	6.3472e-16
LFNG	7.5500e-01	-1.4725e-01	2.1190e-02
LGALS1	1.4790e+00	4.0896e-01	1.9015e-05
LGALS12	1.2700e+00	8.7050e-01	4.3942e-12
LGALS13	1.4330e+00	9.3159e-02	5.7819e-05
LGALS14	1.6050e+00	-1.8411e-01	2.1776e-05
LGALS16	1.8240e+00	-9.0482e-01	2.0783e-06
LGALS2	1.1690e+00	1.4734e-01	2.2463e-02
LGALS3	1.1520e+00	2.2418e-01	2.0200e-04
LGALS3BP	1.5910e+00	6.8948e-01	2.0948e-11
LGALS4	1.1790e+00	9.7385e-01	2.5290e-12
LGALS7B	9.7200e-01	2.1656e+00	6.0474e-01
LGALS8	1.3550e+00	6.8186e-01	2.1776e-09
LGALS9	1.0180e+00	1.4536e+00	2.2743e-06
LGALS9B	7.4300e-01	3.6550e+00	3.0366e-01
LGALS9C	5.5200e-01	3.8404e+00	9.3404e-01
LGALSL	1.0430e+00	7.3582e-01	1.0957e-03
LGI1	3.3000e-01	3.4852e+00	1.0000e+00
LGI2	8.0700e-01	1.6860e+00	9.3373e-05
LGI3	1.0670e+00	1.1584e+00	5.5740e-14
LGI4	1.2550e+00	-1.1969e+00	5.8785e-12
LGMN	8.5200e-01	1.2732e+00	2.7130e-04
LGR4	7.2600e-01	5.7168e-01	1.1860e-02
LGR5	7.3900e-01	6.3088e-01	1.0146e-03
LGR6	8.8600e-01	1.3471e+00	4.0125e-10
LGSN	1.6940e+00	-4.5802e-01	4.6915e-08
LHB	1.6030e+00	4.3156e-01	1.2773e-04
LHCGR	1.0560e+00	-2.5551e-02	4.1210e-11
LHFPL2	7.4500e-01	1.4575e+00	3.8008e-01
LHFPL3	5.4700e-01	1.5263e+00	9.4042e-01
LHFPL4	5.9300e-01	2.6526e+00	8.7092e-01
LHFPL5	9.7600e-01	1.0123e+00	4.0054e-03
LHFPL6	8.1100e-01	9.4534e-01	1.1006e-01
LHPP	1.2630e+00	-1.6678e-01	3.5133e-08
LHX1	5.5200e-01	1.3691e+00	9.2103e-01
LHX2	3.6800e-01	2.0356e+00	9.9966e-01
LHX3	1.0240e+00	-1.7121e+00	3.9422e-06
LHX4	5.8900e-01	1.5716e+00	5.7061e-01
LHX5	4.2000e-01	9.3355e-01	9.9755e-01
LHX6	5.9300e-01	1.3213e+00	6.7826e-01
LHX8	5.1900e-01	1.8239e+00	9.6542e-01
LHX9	4.1100e-01	1.2313e+00	9.9936e-01
LIAS	9.8800e-01	6.9454e-01	2.9116e-07
LIF	1.0740e+00	8.2733e-01	1.0816e-02
LIFR	7.9800e-01	7.5576e-01	5.0234e-10
LIG1	7.2200e-01	1.1951e+00	7.2353e-12
LIG3	6.2700e-01	2.4161e+00	5.7013e-07
LIG4	1.0430e+00	1.2953e+00	1.5627e-04
LILRA1	1.2810e+00	-1.1804e+00	1.7974e-18
LILRA2	1.2700e+00	-1.3143e+00	1.0186e-15
LILRA4	1.2800e+00	2.6173e-01	7.7451e-19
LILRA5	1.0940e+00	8.5446e-01	2.5368e-09
LILRA6	NA	1.9708e+00	NA
LILRB1	1.0780e+00	-4.1344e-01	3.3253e-18
LILRB2	8.6300e-01	-5.3181e-01	5.0036e-11
LILRB3	8.2800e-01	1.4575e+00	7.8769e-07
LILRB4	NA	-6.2509e-01	NA
LILRB5	1.1410e+00	-1.2918e-01	1.3473e-19
LIM2	1.0790e+00	5.6520e-01	3.9658e-04
LIMA1	1.0380e+00	1.8421e+00	1.0262e-12
LIMCH1	7.6800e-01	1.8321e+00	1.0408e-18
LIMD1	5.2200e-01	5.7318e-01	9.2922e-01
LIMD2	1.0710e+00	2.0439e-02	3.0669e-03
LIME1	1.9610e+00	-2.0317e+00	1.1005e-11
LIMK1	3.3800e-01	2.4135e+00	1.0000e+00
LIMK2	5.8200e-01	2.5702e+00	1.3421e-01
LIMS1	8.6700e-01	2.6695e+00	1.4135e-02
LIMS2	9.8500e-01	-3.8962e-01	2.3078e-08
LIN28A	8.3100e-01	1.5745e+00	3.6410e-02
LIN28B	4.1100e-01	1.1594e+00	9.9355e-01
LIN37	8.8200e-01	9.9610e-01	8.5862e-05
LIN52	1.7860e+00	8.0110e-01	5.5804e-02
LIN54	2.0400e-01	4.0765e+00	1.0000e+00
LIN7A	1.3810e+00	7.9278e-01	1.5754e-05
LIN7B	1.1480e+00	-4.0592e-01	2.0828e-04
LIN7C	1.2190e+00	9.4036e-01	5.0009e-04
LIN9	1.9600e-01	2.0669e+00	1.0000e+00
LINC02203	NA	NA	NA
LINC02210-CRHR1	7.6000e-01	2.5826e+00	8.1145e-03
LINGO1	5.5000e-01	3.5632e+00	9.1229e-01
LINGO2	7.1400e-01	6.6472e-01	7.0611e-02
LINGO3	1.8210e+00	4.1893e-01	3.5377e-01
LINGO4	1.1370e+00	7.7671e-01	7.9143e-07
LINS1	8.6700e-01	-4.6457e-01	3.8578e-05
LIPA	1.3770e+00	6.4031e-01	1.1486e-07
LIPC	1.1020e+00	-4.0472e-01	1.2404e-10
LIPE	9.3200e-01	6.1010e-01	2.3391e-17
LIPF	1.1370e+00	6.8280e-01	7.1234e-03
LIPG	8.8300e-01	1.4375e+00	1.5388e-08
LIPH	8.1100e-01	9.0155e-01	7.4261e-03
LIPI	1.8750e+00	-3.1367e-01	6.1337e-08
LIPJ	1.7870e+00	-1.4495e-01	2.2765e-01
LIPK	1.0400e+00	-7.8878e-01	3.0889e-06
LIPM	1.2380e+00	2.5995e-01	2.1148e-09
LIPN	1.0720e+00	7.1359e-02	8.2245e-04
LIPT1	1.1880e+00	9.3786e-01	4.1526e-07
LIPT2	1.9540e+00	-3.0757e+00	3.1760e-08
LITAF	1.0170e+00	4.6996e-01	1.6490e-02
LIX1	1.0070e+00	8.2783e-01	1.8830e-05
LIX1L	9.6400e-01	-2.5511e-01	4.5377e-03
LKAAEAR1	1.9630e+00	-3.4140e+00	8.0515e-10
LLCFC1	1.8780e+00	-2.1633e-01	1.2090e-06
LLGL1	6.6800e-01	2.4580e+00	3.5128e-08
LLGL2	8.1600e-01	1.3509e+00	8.5217e-19
LLPH	1.0760e+00	3.4358e-01	1.9202e-01
LMAN1	6.8200e-01	3.8388e-01	6.6039e-04
LMAN1L	1.2780e+00	6.4658e-01	5.9816e-20
LMAN2	7.5200e-01	5.1652e-01	1.0680e-03
LMAN2L	8.9600e-01	5.0040e-01	6.6162e-05
LMBR1	1.3810e+00	-8.4758e-02	1.3374e-06
LMBR1L	8.3800e-01	1.4950e+00	7.1376e-09
LMBRD1	1.1840e+00	2.0360e-01	1.0849e-10
LMBRD2	7.7300e-01	1.9944e+00	6.0839e-04
LMCD1	9.7200e-01	7.2385e-01	1.6600e-08
LMF1	1.4360e+00	-2.5490e+00	5.1904e-27
LMF2	1.6740e+00	-4.2528e+00	3.4955e-49
LMLN	1.0540e+00	7.7775e-01	2.7470e-09
LMNA	4.1200e-01	3.1003e+00	9.9995e-01
LMNB1	5.5000e-01	3.3003e-01	8.6621e-01
LMNB2	3.9900e-01	6.4085e-01	9.9996e-01
LMNTD1	1.0400e+00	3.9256e-01	4.2105e-07
LMNTD2	1.7520e+00	-5.4012e+00	1.1420e-37
LMO1	9.4600e-01	6.6516e-01	2.9661e-02
LMO2	1.1180e+00	2.4332e-01	2.7359e-04
LMO3	5.0600e-01	2.6675e+00	9.5474e-01
LMO4	3.3000e-01	2.6121e+00	9.9484e-01
LMO7	6.4400e-01	5.2036e-01	4.3674e-10
LMOD1	3.7900e-01	2.0196e+00	9.9980e-01
LMOD2	9.8400e-01	4.8152e-01	2.1062e-06
LMOD3	9.4800e-01	-3.4134e-01	3.5031e-07
LMTK2	4.0800e-01	2.0319e+00	1.0000e+00
LMTK3	5.1700e-01	-1.1477e+00	8.9384e-01
LMX1A	4.7600e-01	2.1030e+00	9.9395e-01
LMX1B	4.0900e-01	1.8923e+00	9.9956e-01
LNP1	1.3490e+00	5.6905e-01	2.1469e-04
LNPEP	6.0700e-01	1.9528e+00	5.1329e-02
LNPK	9.6400e-01	1.6071e-01	2.5083e-03
LNX1	9.3800e-01	7.2847e-01	1.3390e-13
LNX2	6.9000e-01	1.1791e+00	9.3302e-05
LOC100129098	1.8590e+00	-9.0518e-01	9.0817e-02
LOC100132202	1.4800e+00	1.5122e+00	5.0028e-01
LOC100133315	1.8640e+00	3.6463e-01	3.2007e-01
LOC100421372	1.0890e+00	1.5889e+00	7.5496e-07
LOC100505502	NA	3.8804e-04	NA
LOC100505841	1.8460e+00	-6.6239e-01	1.3037e-03
LOC100509620	1.3470e+00	-1.3549e+00	2.1167e-02
LOC100996598	1.2310e+00	9.3920e-01	5.8071e-01
LOC101060341	1.8030e+00	9.3968e-01	3.6543e-01
LOC101927375	1.5990e+00	2.0048e+00	4.5892e-01
LOC101928268	9.4100e-01	1.7280e+00	4.2023e-01
LOC101929805	1.8850e+00	8.7732e-01	1.6538e-01
LOC101929937	1.5670e+00	6.1137e-01	6.4023e-05
LOC101930420	NA	3.3573e-01	NA
LOC101930434	1.1950e+00	-1.1535e+00	2.4768e-03
LOC102724488	6.7900e-01	2.3374e+00	8.0798e-01
LOC102724971	NA	1.5995e+00	NA
LOC105372704	1.8520e+00	3.8146e-02	3.3076e-01
LOC105375112	1.3260e+00	5.3414e-01	9.0369e-02
LOC105376722	1.8950e+00	-3.1585e+00	4.5878e-08
LOC107984025	1.6850e+00	-6.5731e-01	8.4749e-05
LOC107984124	1.9250e+00	1.3936e-01	4.0152e-03
LOC107984638	1.9140e+00	-8.9777e-01	6.4316e-02
LOC107985555	1.3210e+00	6.2410e-01	4.7001e-02
LOC107985795	1.9200e+00	2.7497e-01	1.3357e-01
LOC112267897	1.5240e+00	-2.9650e-01	2.0404e-01
LOC112268052	NA	-1.2634e+00	NA
LOC112268437	1.5980e+00	9.3618e-01	3.9672e-03
LOC112577516	1.6550e+00	4.5557e-01	4.3737e-01
LOC112694756	NA	NA	NA
LOC114841035	NA	NA	NA
LOC118142757	1.0710e+00	2.3167e-01	4.2868e-04
LOC390877	1.5450e+00	3.7991e-01	1.0418e-01
LOC400499	1.8370e+00	-3.3311e+00	4.4819e-41
LOC441155	1.0060e+00	3.1692e+00	4.7396e-01
LOC441239	1.0160e+00	2.1477e+00	2.9845e-02
LOC645202	1.2070e+00	1.1869e+00	2.1615e-01
LOC728392	1.8960e+00	-1.0094e+00	1.3473e-02
LONP1	4.4800e-01	1.6861e-01	9.9964e-01
LONP2	9.0600e-01	2.4423e+00	2.4477e-13
LONRF1	6.5500e-01	-2.4724e+00	1.0493e-03
LONRF2	9.1600e-01	-2.5888e-01	3.5383e-08
LORICRIN	1.9380e+00	-2.9114e+00	1.2634e-03
LOX	5.0300e-01	-3.8187e-02	9.7977e-01
LOXHD1	8.9600e-01	8.7106e-01	1.5697e-51
LOXL1	1.0650e+00	-1.2490e+00	2.7524e-07
LOXL2	8.9900e-01	1.2369e+00	3.9331e-16
LOXL3	7.9100e-01	1.9011e+00	1.2603e-12
LOXL4	9.4400e-01	7.8563e-01	1.8995e-18
LPA	1.1830e+00	-1.5017e+00	3.8410e-69
LPAR1	3.8900e-01	3.2130e+00	9.9786e-01
LPAR2	9.7700e-01	1.0491e+00	1.2815e-02
LPAR3	6.2300e-01	1.4344e+00	7.7770e-01
LPAR5	1.7370e+00	-1.1685e+00	4.0136e-01
LPAR6	1.1170e+00	7.2080e-01	3.4548e-05
LPCAT1	5.6400e-01	1.3315e+00	5.2503e-01
LPCAT2	1.1880e+00	7.1568e-01	2.0808e-12
LPCAT3	4.8500e-01	2.1095e+00	9.9079e-01
LPCAT4	6.1600e-01	1.5422e+00	1.0670e-02
LPGAT1	2.8900e-01	2.4610e+00	9.9996e-01
LPIN1	7.8400e-01	1.5605e+00	9.1879e-12
LPIN2	5.8200e-01	1.9090e+00	1.6729e-03
LPIN3	9.9600e-01	1.5265e+00	1.2465e-23
LPL	1.0750e+00	-3.5897e-01	3.1242e-12
LPO	1.2340e+00	7.8213e-01	6.8685e-25
LPP	7.6500e-01	-1.1411e+00	2.5196e-06
LPXN	7.8700e-01	5.7402e-01	6.8047e-04
LRAT	1.2140e+00	8.2317e-01	1.0654e-03
LRATD1	1.0770e+00	-4.9162e-01	1.9841e-02
LRATD2	1.6120e+00	-2.7447e-01	3.4947e-06
LRBA	5.1500e-01	1.3655e+00	9.9554e-03
LRCH1	4.7800e-01	1.8592e+00	9.9380e-01
LRCH3	8.7400e-01	1.0554e-01	1.0129e-11
LRCH4	8.7300e-01	3.4812e-01	1.6925e-13
LRCOL1	1.4680e+00	-9.5940e-02	1.1722e-07
LRFN1	1.1250e+00	1.1108e+00	1.8943e-06
LRFN2	7.3100e-01	8.1644e-01	1.0406e-02
LRFN3	1.1020e+00	1.2435e+00	2.3945e-03
LRFN4	8.0500e-01	-6.6756e-01	3.3064e-02
LRFN5	6.2900e-01	1.6525e+00	1.6948e-01
LRG1	1.7480e+00	3.9888e-01	2.4694e-01
LRGUK	1.1250e+00	-1.0489e-01	2.9160e-09
LRIF1	7.7000e-01	6.2913e-01	5.5740e-06
LRIG1	6.4600e-01	-1.7609e+00	2.8033e-06
LRIG2	9.5000e-01	1.5155e+00	7.3490e-19
LRIG3	8.0500e-01	1.4792e+00	1.3992e-15
LRIT1	1.4150e+00	-5.2674e-01	2.5133e-09
LRIT2	1.3790e+00	-1.1656e+00	2.0870e-08
LRIT3	1.1440e+00	5.3818e-01	3.0401e-06
LRMDA	9.5800e-01	1.9713e-01	2.4724e-04
LRP10	8.8700e-01	1.2301e+00	3.8725e-10
LRP11	1.0600e+00	-1.3626e+00	8.9423e-06
LRP1	1.1800e-01	1.2037e+01	1.0000e+00
LRP12	2.9100e-01	2.4437e+00	1.0000e+00
LRP1B	4.1900e-01	3.3496e+00	1.0000e+00
LRP2	3.5200e-01	4.5356e+00	1.0000e+00
LRP2BP	1.1270e+00	9.0137e-01	2.1549e-07
LRP3	1.2520e+00	-5.3676e-01	1.2906e-16
LRP4	5.0100e-01	5.2226e+00	1.0613e-02
LRP5	4.8200e-01	3.7149e+00	9.4060e-01
LRP6	2.7000e-01	4.2720e+00	1.0000e+00
LRP8	5.2400e-01	2.8647e+00	4.1410e-01
LRPAP1	1.3750e+00	-1.5021e+00	2.9788e-15
LRPPRC	8.0800e-01	-1.9032e+00	2.1588e-11
LRR1	1.2610e+00	2.9170e-01	1.4969e-09
LRRC10	9.3500e-01	1.0124e+00	1.4408e-01
LRRC10B	1.8940e+00	-9.6431e-01	7.5122e-02
LRRC14	1.0430e+00	7.3048e-01	8.0855e-05
LRRC14B	1.9460e+00	-1.8726e+00	2.6284e-12
LRRC15	1.8240e+00	3.5033e-03	6.0013e-04
LRRC1	6.4300e-01	1.0586e+00	2.3635e-01
LRRC17	1.0370e+00	8.8969e-01	1.9928e-09
LRRC18	1.5060e+00	-5.6551e-01	3.7942e-05
LRRC19	9.9500e-01	-5.4435e-01	2.7955e-04
LRRC20	1.1770e+00	9.8777e-01	1.3714e-03
LRRC23	9.7600e-01	1.0200e+00	1.9352e-07
LRRC24	1.8900e+00	-3.6210e+00	4.9611e-08
LRRC25	5.6600e-01	1.2579e+00	9.1612e-01
LRRC26	1.9860e+00	-5.6029e+00	1.4163e-10
LRRC27	1.3290e+00	-6.2187e-01	1.7795e-19
LRRC28	9.8800e-01	3.5875e-01	5.4726e-07
LRRC2	9.3900e-01	9.6525e-01	4.9202e-06
LRRC30	1.1060e+00	-2.1066e-01	4.5192e-03
LRRC3	1.8750e+00	2.4137e-01	2.6322e-03
LRRC31	9.9500e-01	5.9168e-01	2.6319e-09
LRRC32	7.0300e-01	1.0292e+00	5.8567e-01
LRRC34	1.1510e+00	5.6843e-01	3.8841e-09
LRRC36	9.0100e-01	1.5363e+00	4.4549e-10
LRRC37A	1.7310e+00	2.1268e+00	2.5453e-01
LRRC37A2	5.3400e-01	3.9426e+00	9.5271e-01
LRRC37A3	4.7800e-01	4.1255e+00	9.9406e-01
LRRC37B	3.9400e-01	2.0525e+00	9.9999e-01
LRRC38	6.1200e-01	1.2106e+00	8.5087e-01
LRRC39	1.2120e+00	7.8512e-01	1.4094e-10
LRRC3B	NA	2.9335e+00	NA
LRRC3C	1.3480e+00	1.9655e-01	1.9915e-05
LRRC40	1.4530e+00	3.6114e-02	1.3298e-07
LRRC41	3.9300e-01	3.2087e+00	9.9998e-01
LRRC42	1.1720e+00	-2.7123e-01	1.2442e-08
LRRC43	1.2470e+00	-9.3045e-02	2.2490e-21
LRRC4	4.5900e-01	2.1144e+00	9.9643e-01
LRRC45	1.2930e+00	-2.6020e+00	2.5127e-28
LRRC46	9.4000e-01	1.6786e+00	5.7660e-04
LRRC47	1.2710e+00	-6.7855e-01	1.2993e-09
LRRC49	8.4000e-01	1.1047e+00	5.7888e-04
LRRC4B	1.5050e+00	2.3540e+00	3.4735e-01
LRRC4C	2.9700e-01	3.5149e+00	9.9998e-01
LRRC51	7.8500e-01	4.2553e-01	1.4688e-01
LRRC52	1.4690e+00	1.4049e-01	3.6918e-06
LRRC55	9.1200e-01	7.2635e-01	1.4017e-02
LRRC56	1.2250e+00	-1.3762e+00	4.2170e-13
LRRC57	9.4500e-01	1.2235e+00	9.7985e-03
LRRC58	1.0790e+00	-4.1254e-01	7.7460e-04
LRRC59	7.8200e-01	1.3697e+00	3.2020e-03
LRRC61	1.2410e+00	-5.1446e-01	2.0478e-04
LRRC63	1.7140e+00	1.6540e-01	2.5449e-03
LRRC66	1.5030e+00	-5.6049e-02	2.3297e-11
LRRC69	NA	2.8257e-01	NA
LRRC70	9.3800e-01	1.3185e+00	2.3835e-07
LRRC71	1.0870e+00	-7.3402e-01	4.4276e-17
LRRC7	2.0300e-01	3.5029e+00	1.0000e+00
LRRC72	1.8040e+00	-1.5106e+00	3.5192e-07
LRRC73	9.2000e-01	1.2869e+00	7.7422e-04
LRRC74A	9.6300e-01	1.4884e-01	1.0825e-05
LRRC75A	9.4200e-01	1.9071e-01	5.7746e-03
LRRC75B	1.7250e+00	2.0597e-01	2.7405e-05
LRRC8A	6.1400e-01	5.0322e+00	6.1633e-02
LRRC8B	5.4600e-01	3.3629e+00	7.1066e-01
LRRC8C	5.1400e-01	3.9914e+00	9.5199e-01
LRRC8D	5.0200e-01	4.8167e+00	9.7523e-01
LRRC8E	1.9060e+00	3.5981e-01	1.1472e-04
LRRCC1	1.0680e+00	1.9028e-01	2.3073e-18
LRRD1	9.6700e-01	1.7047e+00	7.6200e-10
LRRFIP1	8.1300e-01	-1.3801e-01	1.5222e-07
LRRFIP2	1.1440e+00	4.1253e-01	1.1685e-19
LRRIQ1	1.1400e+00	-1.3949e+00	6.2926e-39
LRRIQ3	1.6020e+00	-1.2027e+00	1.2926e-20
LRRIQ4	7.7500e-01	4.2374e-01	1.4000e-04
LRRK1	6.3100e-01	2.8603e+00	1.0205e-14
LRRK2	7.7800e-01	1.6639e+00	1.0562e-40
LRRN1	5.0200e-01	1.5335e+00	9.8038e-01
LRRN2	5.1600e-01	2.9368e+00	9.6398e-01
LRRN3	5.5900e-01	1.6488e+00	8.1860e-01
LRRN4	1.9330e+00	-1.8738e+00	1.3710e-12
LRRN4CL	NA	-9.2461e-01	NA
LRRTM1	3.9000e-01	2.3596e+00	9.9966e-01
LRRTM2	5.5100e-01	2.6266e+00	8.7501e-01
LRRTM3	7.2100e-01	2.1299e+00	1.1256e-03
LRRTM4	6.9300e-01	1.4613e+00	1.9637e-03
LRSAM1	9.4400e-01	1.6150e+00	4.4110e-26
LRTM1	1.4150e+00	-4.7969e-01	3.3125e-13
LRTM2	1.0320e+00	9.3535e-01	4.8599e-05
LRTOMT	NA	3.7951e-01	NA
LRWD1	1.3520e+00	-1.4263e+00	5.1968e-29
LSAMP	3.3600e-01	2.2360e+00	9.9996e-01
LSG1	8.4300e-01	3.9977e-01	1.2098e-11
LSM10	1.5900e+00	8.0554e-01	4.0924e-03
LSM1	1.3980e+00	1.6151e-01	8.3009e-03
LSM11	9.3000e-01	-1.5192e+00	2.1227e-03
LSM12	1.4500e-01	2.6209e+00	9.9993e-01
LSM14A	4.4900e-01	2.6110e+00	9.9800e-01
LSM14B	3.7600e-01	1.6610e+00	9.9982e-01
LSM2	1.1300e+00	1.8356e+00	9.7263e-04
LSM3	1.8490e+00	1.3496e+00	1.9972e-04
LSM4	1.0260e+00	1.5754e+00	3.6089e-04
LSM5	1.4410e+00	2.2187e-01	2.3342e-01
LSM7	1.7270e+00	-2.2054e-02	1.0781e-05
LSM8	1.4200e+00	9.6397e-01	6.2516e-05
LSMEM1	1.2910e+00	3.0653e-01	1.3957e-03
LSMEM2	1.5940e+00	4.0734e-01	4.0733e-08
LSP1	1.0380e+00	-2.4965e-02	1.4849e-08
LSR	9.6000e-01	-1.2398e+00	1.9633e-11
LSS	1.0500e+00	5.7650e-01	3.7781e-27
LST1	1.8260e+00	-2.0937e-01	5.9274e-04
LTA4H	8.2600e-01	1.0440e+00	4.6343e-04
LTA	7.6100e-01	1.9053e+00	4.2479e-01
LTB	1.7810e+00	5.8718e-01	8.2733e-09
LTB4R	1.9240e+00	-4.3994e-01	1.2887e-01
LTB4R2	1.8240e+00	-1.4213e+00	6.0159e-04
LTBP1	7.3100e-01	-6.7965e-01	4.5482e-22
LTBP2	5.9500e-01	1.1725e+00	1.0051e-11
LTBP3	8.2400e-01	9.0009e-01	5.1500e-23
LTBP4	7.3400e-01	-2.4260e-04	2.2625e-18
LTBR	5.0100e-01	1.7723e+00	9.7951e-01
LTC4S	1.6760e+00	-1.6570e+00	1.3948e-07
LTF	1.2940e+00	2.9287e-01	4.2755e-31
LTK	1.4200e+00	-1.6649e+00	1.4862e-46
LTN1	4.7100e-01	2.5737e+00	9.9492e-01
LTO1	1.8780e+00	-2.9241e-01	1.7107e-01
LTV1	7.4600e-01	1.2501e+00	8.6146e-05
LUC7L2	6.9700e-01	2.7680e+00	1.7299e-03
LUC7L3	2.2200e-01	2.9676e+00	1.0000e+00
LUC7L	8.2100e-01	1.7311e+00	1.3897e-05
LUM	1.0230e+00	1.6049e+00	2.5063e-03
LURAP1	1.1320e+00	7.0216e-01	2.4027e-04
LURAP1L	1.3980e+00	-1.6641e+00	1.6041e-04
LUZP1	1.3110e+00	1.2400e-01	5.5453e-01
LUZP2	1.2270e+00	-3.1829e-01	4.1555e-03
LUZP6	1.8860e+00	6.8920e-01	2.9954e-01
LVRN	1.1020e+00	-1.7630e+00	1.5148e-25
LXN	1.2670e+00	8.5615e-01	2.7680e-10
LY6D	1.9230e+00	4.5126e-01	6.1898e-04
LY6E	1.1370e+00	4.9468e-01	1.5730e-01
LY6G5B	1.8940e+00	1.1673e-01	3.2760e-02
LY6G5C	NA	3.7790e-01	NA
LY6G6C	1.4700e+00	1.1048e+00	1.0743e-04
LY6G6D	1.1820e+00	2.3110e-01	1.3657e-01
LY6G6F	1.0390e+00	1.3933e+00	2.1772e-07
LY6G6F-LY6G6D	1.0660e+00	1.5131e+00	6.9051e-08
LY6H	1.1150e+00	-1.6391e-02	4.2431e-03
LY6K	1.8420e+00	-1.9689e-01	3.3152e-03
LY6L	1.7030e+00	8.1574e-01	2.6649e-03
LY75	8.9200e-01	1.3629e+00	5.2753e-48
LY75-CD302	9.0000e-01	1.1724e+00	4.0178e-50
LY86	1.3950e+00	2.3725e-01	3.6410e-04
LY9	1.0980e+00	6.3939e-01	6.1673e-17
LY96	1.9380e+00	2.8523e-01	3.2578e-03
LYAR	1.0020e+00	-1.0551e-01	3.8482e-05
LYG1	1.0760e+00	9.9997e-01	1.0746e-04
LYG2	1.5980e+00	7.1536e-01	9.0491e-10
LYL1	1.2360e+00	-1.9198e+00	1.1616e-01
LYN	2.8200e-01	3.9975e+00	1.0000e+00
LYNX1	1.5750e+00	3.1383e-02	1.8778e-03
LYNX1-SLURP2	1.2590e+00	2.0690e-01	3.4824e-03
LYPD1	1.4220e+00	3.0772e-01	2.7089e-05
LYPD2	1.4420e+00	-6.6516e-01	1.5224e-02
LYPD3	1.5810e+00	9.8959e-02	7.0641e-09
LYPD4	1.5000e+00	6.6102e-01	3.6368e-08
LYPD5	1.5780e+00	7.1074e-01	1.8441e-08
LYPD6	1.0780e+00	7.0482e-01	7.8130e-04
LYPD6B	1.1700e+00	1.1427e+00	3.5195e-04
LYPD8	1.9050e+00	5.1211e-01	6.9369e-02
LYPLA1	1.5600e+00	9.8024e-01	1.9948e-03
LYPLA2	4.4700e-01	2.1957e+00	9.9553e-01
LYPLAL1	1.8010e+00	-1.6579e+00	9.5960e-07
LYRM1	1.5120e+00	-1.3041e-01	2.6300e-02
LYRM2	1.3740e+00	-5.2772e-01	9.1072e-03
LYRM4	1.4870e+00	-1.0928e+00	1.1765e-03
LYRM7	1.8920e+00	-1.1113e+00	1.5982e-01
LYRM9	1.9200e+00	-3.3013e-01	6.4360e-07
LYSMD1	7.8400e-01	7.0623e-01	1.4820e-01
LYSMD2	8.9800e-01	-5.4659e-01	3.6235e-01
LYSMD3	7.8800e-01	9.6933e-01	1.7746e-02
LYSMD4	1.8720e+00	1.6166e-01	1.6541e-04
LYST	5.0500e-01	4.1055e+00	3.0923e-06
LYVE1	1.2360e+00	4.8341e-01	9.9344e-10
LYZ	1.6520e+00	1.0666e+00	1.0810e-06
LYZL1	1.7390e+00	9.1205e-01	8.5674e-08
LYZL2	1.2010e+00	4.7335e-01	2.7572e-04
LYZL4	1.1930e+00	3.1251e-01	5.0526e-03
LYZL6	1.8220e+00	4.3855e-01	3.9265e-12
LZIC	1.8600e+00	8.4980e-01	2.0276e-07
LZTFL1	8.7400e-01	1.0680e+00	1.5497e-03
LZTR1	1.9970e+00	-5.3832e-01	4.9915e-132
LZTS1	1.0060e+00	-5.6881e-01	1.4651e-08
LZTS2	1.5750e+00	2.5122e-01	2.1785e-02
LZTS3	6.4800e-01	2.7027e-01	1.6637e-01
M1AP	9.2100e-01	1.8389e+00	1.4553e-09
M6PR	8.4100e-01	1.1733e+00	5.6972e-04
MAB21L1	4.6900e-01	1.7606e+00	9.9236e-01
MAB21L2	7.2700e-01	3.1238e+00	3.7864e-02
MAB21L3	1.1420e+00	6.2658e-01	1.2964e-12
MAB21L4	1.2480e+00	-1.3493e+00	8.8198e-09
MACC1	1.2990e+00	-8.3645e-01	1.1732e-27
MACF1	2.3800e-01	6.2190e+00	1.0000e+00
MACIR	6.1000e-01	9.6045e-01	8.6792e-01
MACO1	2.8900e-01	3.8599e+00	1.0000e+00
MACROD1	1.3260e+00	-1.8866e+00	4.7265e-11
MACROD2	7.2400e-01	6.4634e-01	1.5570e-03
MACROH2A1	1.5400e-01	3.8636e+00	9.9987e-01
MACROH2A2	4.7500e-01	2.9817e+00	9.8544e-01
MAD1L1	1.2280e+00	-6.1726e-01	4.3527e-33
MAD2L1	6.8400e-01	1.4880e+00	5.0330e-01
MAD2L1BP	1.0710e+00	6.5178e-01	1.9731e-06
MAD2L2	8.0600e-01	1.5910e+00	3.0912e-03
MADCAM1	1.9010e+00	-2.1271e+00	5.2703e-09
MADD	6.7500e-01	1.6722e+00	1.5657e-01
MAEA	7.0300e-01	2.7630e+00	4.5352e-03
MAEL	1.0600e+00	6.6115e-01	9.3384e-12
MAF1	4.4200e-01	1.9224e+00	9.9617e-01
MAF	8.5200e-01	-2.5296e-01	2.8112e-02
MAFA	NA	-4.3036e+00	NA
MAFB	4.6900e-01	1.4486e+00	9.7972e-01
MAFF	1.9530e+00	8.7296e-02	1.2460e-04
MAFG	8.0700e-01	1.3015e+00	5.9428e-01
MAFK	9.7300e-01	5.3845e-02	5.0189e-01
MAG	7.3400e-01	5.7268e-01	5.2971e-05
MAGEF1	NA	-3.2121e-01	NA
MAGEL2	NA	-1.6032e+00	NA
MAGI1	4.9400e-01	9.0507e-01	8.6154e-01
MAGI2	3.6900e-01	1.8607e+00	1.0000e+00
MAGI3	4.7200e-01	2.2742e+00	9.9505e-01
MAGOH	3.0900e-01	2.5657e+00	9.8414e-01
MAGOHB	1.8980e+00	6.9812e-01	8.4930e-04
MAIP1	1.3990e+00	4.7308e-01	5.0052e-07
MAJIN	1.2530e+00	3.4491e-01	3.7407e-09
MAK16	3.3000e-01	1.6740e+00	9.9999e-01
MAK	8.9400e-01	1.1039e+00	2.7380e-11
MAL2	1.6000e+00	-7.0671e-01	6.1673e-07
MAL	7.0300e-01	-2.8665e-01	6.5051e-01
MALL	9.0700e-01	1.3788e+00	5.6235e-01
MALRD1	1.1350e+00	-2.4726e+00	1.7040e-66
MALSU1	1.4880e+00	-1.3345e+00	2.3747e-07
MALT1	5.8000e-01	2.3096e+00	6.3873e-01
MAMDC2	8.5700e-01	4.2250e-01	3.6534e-12
MAMDC4	1.3290e+00	-1.9013e+00	7.0515e-66
MAML1	2.9900e-01	7.1705e-01	1.0000e+00
MAML2	3.0800e-01	6.7530e-01	1.0000e+00
MAML3	3.2700e-01	1.7801e+00	1.0000e+00
MAMSTR	1.4920e+00	-1.1871e+00	2.9665e-16
MAN1A1	5.1200e-01	3.1843e-01	9.6662e-01
MAN1A2	5.2500e-01	2.1342e+00	9.5480e-01
MAN1B1	1.1340e+00	-6.6301e-01	7.4637e-22
MAN1C1	8.8100e-01	1.1028e+00	1.3735e-11
MAN2A1	7.5200e-01	9.1506e-01	9.7058e-08
MAN2A2	7.2200e-01	1.8210e+00	1.5862e-14
MAN2B1	8.9800e-01	9.0018e-01	6.3922e-24
MAN2B2	1.0230e+00	9.3083e-01	9.6512e-31
MAN2C1	1.0130e+00	1.4545e-01	7.7968e-34
MANBA	8.2600e-01	6.3106e-02	2.4023e-10
MANBAL	7.8800e-01	3.5242e-01	7.3577e-01
MANEA	9.2800e-01	4.7215e-01	2.1283e-04
MANEAL	1.0610e+00	2.4058e-01	1.4791e-07
MANF	9.4900e-01	-2.5626e-01	2.8771e-02
MANSC1	1.4770e+00	8.2465e-01	1.9231e-05
MANSC4	1.4410e+00	1.2613e+00	2.8557e-04
MAP10	1.8500e+00	-8.1208e-01	1.1433e-05
MAP1A	2.7700e-01	3.8145e+00	1.0000e+00
MAP1B	1.0500e-01	3.9224e+00	1.0000e+00
MAP1LC3A	1.2930e+00	5.1405e-01	1.3770e-03
MAP1LC3B	1.2400e+00	-1.8836e-01	8.9954e-04
MAP1LC3B2	1.8670e+00	1.8224e-01	3.1756e-01
MAP1LC3C	1.6560e+00	5.1189e-01	4.0190e-05
MAP1S	7.7700e-01	-2.4142e+00	5.0057e-05
MAP2	1.3400e-01	1.4736e+00	1.0000e+00
MAP2K1	5.1500e-01	3.7569e+00	9.6737e-01
MAP2K2	8.5800e-01	6.2560e-01	1.5810e-05
MAP2K3	9.9300e-01	9.3376e-01	3.7073e-08
MAP2K4	2.1600e-01	3.2263e+00	9.9999e-01
MAP2K5	1.2010e+00	7.7293e-01	7.4834e-07
MAP2K6	6.3700e-01	3.4521e+00	5.8280e-01
MAP2K7	4.5400e-01	2.3880e+00	9.9747e-01
MAP3K10	5.0600e-01	6.4704e-01	9.6530e-01
MAP3K11	7.9000e-01	5.2214e-01	2.0700e-09
MAP3K12	2.4700e-01	4.0890e+00	1.0000e+00
MAP3K1	3.5500e-01	1.4665e+00	1.0000e+00
MAP3K13	6.5200e-01	3.5871e+00	1.6453e-05
MAP3K14	2.6300e-01	4.5145e+00	1.0000e+00
MAP3K19	9.6100e-01	1.4711e+00	1.6617e-20
MAP3K20	5.6900e-01	1.8311e+00	1.4335e-01
MAP3K21	1.0610e+00	5.1879e-02	5.3805e-17
MAP3K2	6.0000e-01	1.0770e+00	7.9148e-01
MAP3K3	2.0900e-01	3.3165e+00	1.0000e+00
MAP3K4	4.3700e-01	3.9289e+00	9.9997e-01
MAP3K5	4.3300e-01	3.2716e+00	9.9994e-01
MAP3K6	8.5500e-01	1.0390e+00	6.3314e-26
MAP3K7	3.9700e-01	2.8775e+00	9.9991e-01
MAP3K7CL	1.2990e+00	5.6133e-01	1.3389e-03
MAP3K8	5.8000e-01	2.6901e+00	7.2558e-01
MAP3K9	6.7400e-01	1.6109e+00	1.8700e-06
MAP4	5.1200e-01	2.4555e+00	1.3681e-01
MAP4K1	3.9500e-01	3.0722e+00	1.0000e+00
MAP4K2	8.6700e-01	1.1189e+00	7.3751e-21
MAP4K3	7.9200e-01	2.6010e-01	1.5366e-06
MAP4K4	2.6000e-01	4.9803e+00	1.0000e+00
MAP4K5	7.6400e-01	6.6959e-01	7.4122e-03
MAP6	1.2010e+00	-1.9092e-01	1.6512e-07
MAP6D1	1.7730e+00	-3.1123e+00	3.0999e-06
MAP7	7.4900e-01	6.3725e-02	1.6456e-08
MAP7D1	5.8600e-01	-1.4333e+00	5.5797e-02
MAP9	1.3590e+00	9.2923e-03	5.0079e-12
MAPK10	5.4000e-01	3.6430e+00	9.0625e-01
MAPK11	1.3070e+00	1.5854e-01	5.4938e-15
MAPK12	1.3870e+00	-1.1314e+00	5.9709e-17
MAPK1	3.7700e-01	3.6281e+00	9.9854e-01
MAPK13	9.0600e-01	2.8119e-01	1.4123e-08
MAPK14	5.6400e-01	2.9352e+00	9.0557e-01
MAPK15	1.3440e+00	-9.3363e-01	2.9982e-25
MAPK1IP1L	7.5200e-01	1.3901e+00	4.4692e-01
MAPK3	9.3500e-01	2.0180e+00	8.5101e-07
MAPK4	7.5200e-01	6.8105e-01	1.0762e-03
MAPK6	4.6500e-01	1.6886e+00	9.9724e-01
MAPK7	6.8900e-01	2.0904e+00	3.2877e-04
MAPK8	5.3200e-01	3.3593e+00	9.5303e-01
MAPK8IP1	3.8400e-01	1.5995e+00	9.9999e-01
MAPK8IP2	4.3400e-01	-5.8065e-01	9.9931e-01
MAPK8IP3	4.0700e-01	3.4325e+00	1.0000e+00
MAPK9	6.7100e-01	2.6482e+00	1.3207e-02
MAPKAP1	3.6900e-01	3.5846e+00	9.9999e-01
MAPKAPK2	3.0300e-01	2.9972e+00	1.0000e+00
MAPKAPK3	9.4300e-01	1.8384e+00	9.4441e-09
MAPKAPK5	6.0400e-01	1.8547e+00	2.7844e-01
MAPKBP1	4.8400e-01	3.2293e+00	8.4477e-01
MAPRE1	3.7600e-01	2.4297e+00	9.9919e-01
MAPRE2	4.9400e-01	4.3344e+00	9.8566e-01
MAPRE3	1.6300e-01	2.8445e+00	1.0000e+00
MAPT	7.2300e-01	2.4904e+00	2.1814e-05
MARCHF10	9.3200e-01	1.5630e+00	1.5467e-16
MARCHF11	1.2510e+00	-3.3561e-01	7.8374e-10
MARCHF1	8.6700e-01	1.3993e+00	7.7623e-08
MARCHF2	1.2380e+00	8.2302e-01	2.2669e-07
MARCHF3	8.1700e-01	1.3055e+00	1.7454e-02
MARCHF4	4.9500e-01	1.2194e+00	9.8499e-01
MARCHF5	3.9400e-01	3.2094e+00	9.9851e-01
MARCHF6	3.1400e-01	3.9835e+00	1.0000e+00
MARCHF7	3.8800e-01	5.9459e-01	9.9993e-01
MARCHF8	1.0010e+00	6.0326e-01	8.3030e-11
MARCHF9	8.7400e-01	4.1711e-02	1.5588e-03
MARCKS	1.8600e+00	-6.1323e+00	7.2193e-03
MARCKSL1	9.0500e-01	-1.0909e+00	2.5481e-01
MARCO	1.1450e+00	-3.6203e-01	5.3813e-19
MARF1	1.6900e-01	3.7356e+00	1.0000e+00
MARK1	5.7700e-01	2.7933e+00	3.2824e-01
MARK2	2.8700e-01	4.8548e+00	1.0000e+00
MARK3	7.3000e-01	1.6367e+00	9.5191e-05
MARK4	3.6100e-01	2.9454e+00	1.0000e+00
MARS1	7.7700e-01	2.4588e+00	8.8851e-17
MARS2	9.5200e-01	1.1414e+00	1.4138e-08
MARVELD1	1.0660e+00	7.4750e-01	6.9888e-02
MARVELD2	9.9300e-01	1.6453e+00	7.3697e-10
MARVELD3	1.2940e+00	-1.0124e+00	1.7945e-10
MAS1	1.8660e+00	7.6385e-01	3.1846e-01
MAS1L	1.9270e+00	7.4123e-01	5.6777e-02
MASP1	8.7400e-01	9.3485e-01	1.5840e-13
MASP2	1.1590e+00	-2.0371e-01	3.9953e-13
MAST1	3.7900e-01	4.4687e+00	1.0000e+00
MAST2	5.7600e-01	2.1038e+00	4.7491e-06
MAST3	4.6600e-01	3.5367e+00	9.9761e-01
MAST4	6.6000e-01	1.1639e+00	3.6508e-11
MASTL	7.8600e-01	1.2406e+00	1.5504e-07
MAT1A	6.5300e-01	2.3888e+00	6.2832e-02
MAT2A	1.5800e-01	4.6782e+00	1.0000e+00
MAT2B	6.7100e-01	1.2848e+00	3.4325e-01
MATK	9.2100e-01	1.4406e+00	2.2792e-10
MATN1	1.1210e+00	6.6011e-01	1.7356e-10
MATN2	8.1000e-01	2.3796e+00	2.5232e-13
MATN3	1.3580e+00	1.5179e-01	1.0499e-14
MATN4	1.0790e+00	-3.3257e-01	5.8249e-12
MATR3	1.2200e-01	3.9554e+00	1.0000e+00
MAU2	1.7500e-01	4.8573e+00	1.0000e+00
MAVS	8.9800e-01	1.3647e+00	3.5035e-04
MAX	2.8800e-01	1.8678e+00	9.9819e-01
MAZ	3.5000e-01	-1.4085e+00	9.9941e-01
MB	1.0340e+00	9.0485e-01	2.6485e-02
MB21D2	4.6100e-01	1.6443e+00	9.9480e-01
MBD1	4.1000e-01	2.8263e+00	9.9999e-01
MBD2	5.3900e-01	2.8894e-01	9.4708e-01
MBD3	6.8100e-01	2.1599e-02	3.6901e-01
MBD3L1	1.8910e+00	8.3072e-01	2.9366e-01
MBD4	1.0230e+00	1.1641e+00	4.0105e-13
MBD5	1.6100e-01	2.3668e+00	1.0000e+00
MBD6	5.0000e-01	-3.6557e-01	9.7550e-01
MBIP	1.0670e+00	5.6298e-01	2.0746e-06
MBL2	1.5000e+00	-4.7355e-01	2.7192e-02
MBLAC1	1.8920e+00	-1.3606e+00	3.3370e-02
MBLAC2	1.5330e+00	2.9908e-02	1.7392e-09
MBNL1	3.1700e-01	3.3590e+00	9.9999e-01
MBNL2	5.5900e-01	2.7455e+00	9.0757e-01
MBOAT1	1.2300e+00	9.2374e-01	1.2325e-15
MBOAT2	6.2000e-01	1.6743e+00	1.7505e-01
MBOAT4	1.7700e+00	9.2669e-01	1.9834e-03
MBOAT7	1.2290e+00	-7.9685e-01	1.7407e-13
MBP	6.7700e-01	5.8683e-01	1.1222e-01
MBTD1	4.1500e-01	3.9207e+00	9.9964e-01
MBTPS1	8.5100e-01	-2.1185e+00	1.3200e-18
MC1R	1.9330e+00	-1.9869e+00	9.0045e-03
MC2R	1.3900e+00	7.4423e-01	8.2552e-04
MC3R	1.1960e+00	4.7776e-01	5.8748e-04
MC4R	1.3410e+00	3.1113e-01	2.0929e-05
MC5R	1.8680e+00	6.4398e-01	3.1660e-01
MCAM	8.6900e-01	1.4998e+00	3.6319e-13
MCAT	1.5690e+00	-7.1756e-01	7.8243e-09
MCC	9.1800e-01	-1.7514e+00	5.2763e-22
MCCC1	8.1900e-01	1.5436e+00	2.1696e-11
MCCC2	8.3200e-01	4.5938e-01	1.8706e-10
MCCD1	1.8440e+00	-1.4884e+00	7.9467e-03
MCEE	8.6700e-01	1.5831e-01	4.0675e-01
MCEMP1	9.1400e-01	2.4567e-02	4.7590e-04
MCF2L2	8.0900e-01	1.3676e+00	3.7543e-16
MCF2L	7.7000e-01	1.5934e+00	1.3839e-18
MCFD2	1.3660e+00	-7.3825e-02	4.2579e-04
MCHR1	9.4900e-01	4.3750e-01	2.9695e-03
MCHR2	9.7300e-01	7.4508e-01	2.0222e-04
MCIDAS	9.8900e-01	6.7571e-01	3.6926e-06
MCL1	3.9500e-01	-8.0627e-01	9.9742e-01
MCM10	9.3800e-01	3.4387e-01	6.8508e-19
MCM2	7.0600e-01	2.7794e+00	4.7332e-08
MCM3	8.1200e-01	1.9299e+00	9.9429e-12
MCM3AP	7.6900e-01	6.0762e-01	8.8136e-24
MCM4	8.0600e-01	2.4942e-02	9.9071e-10
MCM5	7.5300e-01	1.6246e+00	5.4902e-08
MCM6	6.7600e-01	1.7972e+00	1.7906e-05
MCM7	1.3050e+00	-9.9547e-01	1.0421e-35
MCM8	9.7000e-01	1.0558e+00	7.8297e-18
MCM9	9.1600e-01	1.4694e+00	5.6124e-13
MCMBP	5.3700e-01	1.8029e+00	7.9689e-01
MCMDC2	8.2000e-01	1.6102e+00	1.2185e-07
MCOLN1	8.9500e-01	2.9347e+00	4.3607e-12
MCOLN2	1.0380e+00	1.1058e+00	3.2164e-11
MCOLN3	1.1570e+00	1.6897e+00	7.8209e-19
MCPH1	1.3420e+00	-4.7142e+00	1.8376e-32
MCRIP1	1.2180e+00	4.0023e-01	2.1345e-03
MCRIP2	1.7520e+00	-1.8956e+00	2.8963e-08
MCRS1	5.0400e-01	2.2157e+00	9.6857e-01
MCTP1	8.7700e-01	-6.9539e-01	1.7931e-09
MCTP2	1.3280e+00	-6.6340e-01	1.3560e-26
MCU	4.4000e-01	1.6871e+00	9.9648e-01
MCUB	1.4870e+00	4.3288e-01	1.1793e-01
MCUR1	1.3340e+00	-1.7040e+00	2.0081e-06
MDC1	6.4800e-01	3.5547e+00	9.0912e-12
MDFI	1.3550e+00	-3.7429e-01	8.4817e-06
MDFIC	1.5010e+00	-7.0486e-01	7.0377e-06
MDGA1	7.6700e-01	1.5591e+00	1.9044e-10
MDGA2	3.6200e-01	2.0347e+00	1.0000e+00
MDH1	6.7400e-01	4.8124e-01	4.7401e-01
MDH1B	1.1250e+00	1.0146e+00	2.0742e-13
MDH2	9.8400e-01	3.4026e-01	1.1219e-06
MDK	1.6980e+00	-2.5016e-02	7.8961e-07
MDM1	8.0600e-01	6.7001e-01	2.4602e-08
MDM2	3.2500e-01	2.5850e+00	1.0000e+00
MDM4	1.4600e-01	2.4789e+00	1.0000e+00
MDN1	4.1700e-01	4.8663e+00	1.0000e+00
MDP1	1.1470e+00	5.4563e-01	6.0695e-06
ME1	1.2390e+00	-4.4102e-01	4.6086e-09
ME2	1.0650e+00	1.2767e+00	6.2202e-05
ME3	8.5300e-01	1.7518e+00	2.3242e-09
MEA1	1.4370e+00	1.9224e-01	2.7021e-08
MEAF6	9.3400e-01	1.2393e+00	1.1317e-03
MEAK7	1.9350e+00	-4.6374e+00	7.2259e-34
MECOM	1.6100e-01	2.4195e+00	1.0000e+00
MECR	9.6100e-01	4.3046e-01	5.9594e-09
MED10	1.7420e+00	8.4840e-01	5.3971e-03
MED11	1.8360e+00	7.3171e-01	1.2811e-08
MED1	1.7200e-01	3.8093e+00	1.0000e+00
MED12L	2.2600e-01	4.0075e+00	1.0000e+00
MED13	1.3000e-01	3.3253e+00	1.0000e+00
MED13L	4.1000e-02	6.2997e+00	1.0000e+00
MED15	4.4500e-01	3.4086e+00	9.9982e-01
MED16	1.3020e+00	-4.2521e+00	1.0790e-29
MED17	7.1900e-01	1.1281e+00	6.9325e-06
MED18	1.1490e+00	1.6337e+00	1.2917e-02
MED19	NA	-7.5472e-01	NA
MED20	1.3300e+00	1.3418e+00	9.3080e-07
MED21	8.7300e-01	6.9807e-01	2.9727e-01
MED22	1.2490e+00	7.6690e-01	2.0285e-06
MED23	7.6800e-01	6.0073e+00	2.1130e-19
MED24	7.6100e-01	2.6343e+00	7.0821e-15
MED25	8.7400e-01	1.2824e+00	1.4890e-14
MED26	3.2600e-01	6.3701e-01	9.9998e-01
MED27	1.0820e+00	1.7299e+00	1.6864e-06
MED28	1.7030e+00	-6.9822e-01	6.2350e-09
MED29	9.9700e-01	4.5009e-01	9.4595e-04
MED30	8.4700e-01	5.6493e-01	4.3852e-01
MED31	7.9900e-01	1.1154e+00	5.5466e-02
MED4	1.0330e+00	1.0033e-01	3.3437e-04
MED6	1.2330e+00	1.3261e+00	5.1258e-08
MED7	7.6100e-01	1.2989e+00	3.3811e-01
MED8	8.9000e-01	1.4046e+00	4.1740e-05
MED9	1.0820e+00	5.7507e-01	1.9232e-02
MEDAG	1.5170e+00	-7.2208e-01	3.1289e-08
MEF2A	7.6200e-01	1.2515e+00	2.0231e-04
MEF2B	7.7800e-01	6.7932e-01	2.1055e-02
MEF2C	2.1200e-01	4.8294e+00	1.0000e+00
MEF2D	2.8500e-01	2.7515e+00	1.0000e+00
MEFV	1.1470e+00	-1.6136e+00	2.3050e-19
MEGF10	7.0700e-01	2.0865e+00	1.0000e-12
MEGF11	1.1650e+00	-1.0224e+00	6.8437e-41
MEGF6	1.2240e+00	-2.8659e+00	7.9978e-68
MEGF8	6.9600e-01	2.1795e+00	1.2102e-27
MEGF9	2.8100e-01	1.0351e-01	1.0000e+00
MEI1	8.5300e-01	3.3620e-01	1.0451e-20
MEI4	1.3410e+00	1.6818e+00	2.0693e-10
MEIG1	1.5940e+00	-3.7863e-01	5.5708e-05
MEIOB	1.3180e+00	4.4875e-01	5.4700e-05
MEIOC	2.1900e-01	2.5703e+00	1.0000e+00
MEIS1	2.2800e-01	3.1619e+00	1.0000e+00
MEIS2	2.5500e-01	3.4280e+00	1.0000e+00
MEIS3	1.0840e+00	5.0863e-01	2.1465e-11
MELK	1.0980e+00	6.6243e-01	9.6952e-14
MELTF	1.0390e+00	2.7764e-01	1.0439e-19
MEMO1	3.5100e-01	2.6149e+00	9.9696e-01
MEN1	2.0600e-01	4.2012e+00	1.0000e+00
MEOX1	1.1420e+00	-1.2193e-01	5.4063e-05
MEOX2	7.5600e-01	-8.5080e-01	1.0126e-01
MEP1A	8.8200e-01	6.1197e-01	4.5536e-10
MEP1B	1.2230e+00	1.2288e+00	5.4934e-21
MEPCE	3.3300e-01	6.1486e-01	9.9999e-01
MEPE	1.8340e+00	5.4415e-01	1.4082e-03
MERTK	7.8700e-01	1.7698e+00	1.6072e-12
MESD	9.2600e-01	-6.9292e-01	5.8994e-02
MESP1	1.9860e+00	-4.5738e+00	5.7825e-15
MESP2	1.6560e+00	-2.8516e+00	6.5022e-14
MEST	5.9200e-01	2.7386e+00	4.2725e-01
MET	4.4600e-01	2.9693e+00	9.9985e-01
METAP1	8.7700e-01	1.4202e+00	4.3591e-03
METAP1D	1.2350e+00	2.1816e-01	2.2242e-09
METAP2	7.5400e-01	2.6847e+00	4.9153e-02
METRN	1.9790e+00	-3.9564e+00	5.7511e-10
METRNL	8.5000e-01	1.9412e-01	1.1357e-01
METTL11B	1.1960e+00	5.8024e-01	1.7601e-07
METTL13	9.4900e-01	1.1374e+00	8.8281e-14
METTL14	7.6100e-01	3.0212e+00	1.2274e-02
METTL15	1.2140e+00	8.1886e-01	6.1748e-11
METTL16	4.9200e-01	3.8572e+00	9.8633e-01
METTL17	1.0450e+00	7.6451e-01	2.0919e-13
METTL1	7.8600e-01	6.0299e-01	1.1716e-02
METTL18	1.1160e+00	8.4754e-01	7.0371e-05
METTL21A	1.0020e+00	2.2624e-01	2.4838e-01
METTL21C	1.0080e+00	1.7695e-01	1.2570e-04
METTL22	1.3800e+00	-2.1570e+00	2.7245e-19
METTL23	1.7560e+00	-1.5272e+00	1.8818e-10
METTL24	1.2390e+00	7.5956e-01	4.5830e-09
METTL25	1.1090e+00	-1.0237e+00	1.6473e-08
METTL25B	1.0040e+00	1.1455e+00	4.1074e-09
METTL26	1.8810e+00	-2.9682e+00	5.3834e-13
METTL27	1.7170e+00	-5.0627e-01	1.7958e-12
METTL2A	1.2400e+00	1.3831e+00	2.6264e-14
METTL2B	7.9200e-01	2.3227e+00	5.1781e-05
METTL3	8.0700e-01	4.3387e+00	1.3540e-08
METTL4	1.1270e+00	5.9151e-01	2.4981e-08
METTL5	1.7980e+00	5.0960e-01	7.0183e-09
METTL6	1.1110e+00	7.6410e-01	2.7140e-07
METTL7A	1.1640e+00	7.2151e-01	3.0203e-03
METTL7B	1.1480e+00	1.2419e-01	1.2978e-02
METTL8	8.5600e-01	5.4600e-01	3.5124e-03
METTL9	5.0100e-01	2.2577e+00	9.8056e-01
MEX3A	3.7100e-01	2.5646e+00	9.9879e-01
MEX3B	1.8260e+00	-8.5437e-01	2.8736e-07
MEX3C	7.1500e-01	1.5989e+00	1.3562e-01
MEX3D	1.7990e+00	-2.6943e+00	2.3517e-02
MFAP1	4.1200e-01	3.4451e+00	9.9993e-01
MFAP2	1.0650e+00	5.2283e-01	2.1462e-06
MFAP3	6.5800e-01	1.1555e+00	5.4493e-01
MFAP3L	5.7700e-01	2.2782e+00	8.6397e-01
MFAP4	9.0400e-01	1.3120e+00	1.0014e-04
MFAP5	9.7500e-01	3.2048e-01	3.0557e-05
MFF	6.2300e-01	5.4745e-01	6.5021e-01
MFGE8	1.0450e+00	2.9559e-01	8.4579e-10
MFHAS1	8.5900e-01	-4.3591e+00	6.0509e-11
MFN1	9.5500e-01	1.0383e+00	3.6684e-14
MFN2	6.0200e-01	3.2281e+00	5.6528e-04
MFNG	1.0450e+00	8.4552e-01	1.9565e-07
MFRP	1.3070e+00	-9.5615e-01	2.0484e-27
MFSD10	1.6020e+00	-2.5651e+00	1.0254e-23
MFSD1	1.0260e+00	8.0233e-01	3.6037e-04
MFSD11	9.5500e-01	5.1143e-01	1.9374e-06
MFSD12	1.8040e+00	-4.3038e+00	1.1954e-31
MFSD13A	8.4500e-01	1.2809e+00	8.2343e-07
MFSD14A	8.1300e-01	2.3284e+00	7.1429e-03
MFSD14B	8.4200e-01	1.4513e+00	5.6305e-04
MFSD14C	1.0670e+00	7.3121e-01	4.2682e-01
MFSD2A	5.7200e-01	3.0817e+00	2.0836e-01
MFSD2B	1.3030e+00	-7.6863e-02	2.6575e-20
MFSD3	1.7950e+00	-4.0766e+00	1.4670e-16
MFSD4A	8.7300e-01	1.7352e+00	6.5722e-07
MFSD4B	1.5770e+00	1.0840e+00	4.2882e-03
MFSD5	9.7600e-01	1.3182e+00	5.5635e-05
MFSD6	6.1000e-01	3.1296e+00	5.6247e-02
MFSD6L	1.8840e+00	1.9964e-01	2.1673e-05
MFSD8	1.0050e+00	1.2317e+00	7.5007e-11
MFSD9	1.4500e+00	-1.0492e-01	3.2567e-07
MGA	1.9700e-01	2.1966e+00	1.0000e+00
MGAM	8.3200e-01	1.7049e+00	1.1311e-53
MGARP	1.8130e+00	7.6205e-01	1.5956e-03
MGAT1	6.3900e-01	1.1576e+00	4.4012e-01
MGAT2	7.4000e-01	8.4932e-01	1.2551e-02
MGAT3	6.0100e-01	2.6355e+00	7.5451e-01
MGAT4A	7.4300e-01	1.4826e+00	1.8029e-02
MGAT4B	6.8600e-01	7.5221e-01	1.5530e-05
MGAT4C	6.4800e-01	1.4363e+00	2.1060e-01
MGAT5	4.1500e-01	3.1870e+00	9.9998e-01
MGAT5B	7.1500e-01	1.6933e+00	4.4378e-09
MGLL	5.0000e-01	1.1615e+00	9.8080e-01
MGME1	9.3200e-01	6.7804e-01	9.2408e-07
MGMT	1.4130e+00	-7.2977e-02	1.2636e-05
MGP	1.6300e+00	2.3992e-01	6.3789e-04
MGRN1	6.1900e-01	-2.9379e+00	6.8469e-03
MGST1	1.1770e+00	3.2029e-01	2.1624e-02
MGST2	9.3500e-01	5.6223e-01	2.1932e-01
MGST3	1.2400e+00	1.2269e+00	2.2295e-06
MIA	1.2880e+00	6.0960e-01	6.7933e-05
MIA2	8.7400e-01	-5.2774e-01	4.2405e-16
MIA3	5.5100e-01	1.7074e+00	4.9066e-05
MIA-RAB4B	NA	5.8935e-01	NA
MIB1	1.9950e+00	2.9138e+00	2.9163e-91
MIB2	1.2110e+00	-3.0302e+00	4.8527e-27
MICA	7.8200e-01	1.2579e+00	3.2109e-03
MICAL1	8.3000e-01	1.3529e+00	3.0931e-22
MICAL2	7.1500e-01	1.3594e+00	7.7257e-13
MICAL3	3.9900e-01	1.2374e+00	1.0000e+00
MICALL1	9.8300e-01	3.9559e-01	6.5260e-17
MICALL2	1.6750e+00	-4.6301e+00	3.4434e-49
MICB	1.0410e+00	1.0420e+00	1.0756e-07
MICOS10	1.3980e+00	-1.1478e+00	1.4236e-01
MICOS10-NBL1	NA	-3.7113e-01	NA
MICOS13	1.6270e+00	-3.7828e-01	7.9299e-08
MICU1	1.0190e+00	1.5724e+00	1.1100e-08
MICU2	1.3540e+00	-4.7828e-01	3.9626e-13
MICU3	1.8830e+00	-3.7124e+00	1.1439e-06
MIDEAS	3.7400e-01	1.8736e+00	1.0000e+00
MIDN	1.0420e+00	-2.4445e+00	5.8965e-06
MIEF1	6.1300e-01	1.4694e+00	4.8656e-01
MIEF2	7.1600e-01	-9.0119e-02	7.6952e-01
MIEN1	1.4520e+00	-7.5689e-01	1.1829e-04
MIER1	8.4500e-01	1.2773e+00	1.0759e-04
MIER2	6.6800e-01	8.0324e-02	1.1849e-03
MIER3	2.5000e-01	2.4988e+00	1.0000e+00
MIF	1.9610e+00	-2.7233e+00	2.2681e-08
MIF4GD	1.1250e+00	6.9299e-01	9.3231e-07
MIGA1	1.0290e+00	8.1693e-02	1.3321e-07
MIGA2	6.9600e-01	1.9118e+00	2.1421e-05
MIIP	1.2440e+00	4.4671e-01	4.5335e-15
MILR1	1.2230e+00	-1.9086e-01	1.7326e-02
MINAR1	7.6200e-01	8.5711e-01	1.5548e-07
MINAR2	1.8220e+00	-1.2798e+00	1.5037e-08
MINDY1	1.1230e+00	1.6725e+00	1.1673e-15
MINDY2	1.0170e+00	-1.2077e+00	2.7749e-11
MINDY3	7.3400e-01	3.0428e-01	9.8982e-02
MINDY4	9.0700e-01	5.0358e-01	5.9174e-15
MINK1	4.0300e-01	2.8194e+00	1.0000e+00
MINPP1	7.6500e-01	4.6679e-01	1.1889e-03
MIOS	6.3100e-01	1.3066e+00	4.7423e-05
MIOX	1.4840e+00	-1.7974e-01	2.1214e-20
MIP	9.4200e-01	1.8738e+00	1.0148e-02
MIPEP	1.1810e+00	-9.5513e-01	1.7740e-17
MIPOL1	1.4520e+00	1.7034e-01	1.1409e-12
MIS12	1.1800e+00	1.2238e+00	3.2503e-04
MIS18A	1.3730e+00	-8.9663e-01	1.8538e-04
MIS18BP1	7.9700e-01	-1.6852e-01	1.8160e-13
MISP	1.2750e+00	-1.5958e+00	2.1618e-18
MITD1	1.1080e+00	6.3492e-01	1.6451e-02
MITF	4.8200e-01	1.0386e+00	9.9203e-01
MIX23	1.0160e+00	5.8578e-01	4.9300e-03
MIXL1	1.9240e+00	-2.0510e+00	8.8994e-05
MKI67	7.1900e-01	5.8581e-01	4.0465e-28
MKKS	1.1120e+00	5.2022e-01	9.9520e-11
MKLN1	4.4300e-01	2.3976e+00	9.9867e-01
MKNK1	8.8500e-01	1.6944e+00	8.5261e-07
MKNK2	1.4630e+00	-1.8882e+00	5.4935e-24
MKRN1	3.0700e-01	1.6816e+00	1.0000e+00
MKRN2	9.5000e-01	4.6182e-01	9.7427e-08
MKRN2OS	1.3260e+00	-9.5728e-01	2.3404e-05
MKRN3	1.6650e+00	-7.1402e-01	2.8344e-01
MKS1	9.9100e-01	8.9475e-01	1.0926e-19
MKX	5.7500e-01	2.6042e-02	7.8464e-01
MLANA	1.9330e+00	-2.0531e-01	6.0903e-08
MLC1	1.0380e+00	4.4593e-01	3.8670e-09
MLEC	5.0000e-01	2.1897e+00	9.7913e-01
MLF1	1.2580e+00	5.0925e-01	3.9966e-06
MLF2	6.4800e-01	1.7006e+00	3.8865e-01
MLH1	6.3900e-01	1.0943e+00	8.6326e-04
MLH3	7.3500e-01	2.2858e+00	1.4578e-13
MLIP	1.1000e+00	-4.2997e-01	1.3268e-17
MLKL	1.1940e+00	-1.3282e+00	5.2756e-18
MLLT10	2.9100e-01	1.8885e+00	1.0000e+00
MLLT11	8.3600e-01	8.9753e-01	6.9939e-01
MLLT1	3.7900e-01	2.6640e+00	9.9994e-01
MLLT3	1.6700e-01	1.7362e+00	1.0000e+00
MLLT6	3.2700e-01	1.5139e+00	1.0000e+00
MLN	1.6300e+00	-1.4513e-01	1.8472e-02
MLNR	1.4840e+00	-1.6256e+00	3.3330e-06
MLPH	8.5600e-01	5.9986e-01	1.1798e-11
MLST8	6.7900e-01	8.4308e-01	2.0503e-02
MLX	6.9400e-01	6.1771e-01	7.6914e-02
MLXIP	4.6100e-01	2.5604e+00	9.9850e-01
MLXIPL	8.8400e-01	-3.6507e-01	1.2246e-11
MLYCD	1.1650e+00	-4.0486e+00	1.5305e-10
MMAA	1.1560e+00	1.0218e+00	9.3665e-14
MMAB	8.7400e-01	2.9256e-01	8.9793e-04
MMACHC	1.1620e+00	-1.3096e-01	1.8448e-04
MMADHC	9.8600e-01	6.5634e-01	1.6899e-04
MMD	1.2910e+00	7.7309e-01	2.9499e-06
MMD2	1.3520e+00	-1.2961e+00	7.5231e-11
MME	9.3100e-01	1.2436e+00	2.0253e-15
MMEL1	1.0280e+00	3.1427e-01	1.1949e-29
MMP10	1.2560e+00	-3.6898e-01	1.4414e-15
MMP1	1.2910e+00	-4.1536e-01	1.3919e-15
MMP11	7.7500e-01	1.0009e+00	8.4601e-05
MMP12	1.5150e+00	7.2610e-01	2.7659e-17
MMP13	1.0670e+00	5.8112e-01	1.2947e-10
MMP14	3.1200e-01	2.7231e+00	1.0000e+00
MMP15	7.6300e-01	9.3604e-01	1.0375e-06
MMP16	2.9900e-01	3.6992e+00	1.0000e+00
MMP17	1.4590e+00	-3.8049e-01	2.1186e-21
MMP19	1.2810e+00	1.0376e+00	1.3761e-16
MMP20	1.1970e+00	-5.0035e-01	6.7195e-15
MMP21	1.2200e+00	-6.6149e-01	4.2098e-14
MMP23B	1.9230e+00	-3.7198e+00	1.0300e-02
MMP24	5.9500e-01	2.5899e+00	1.0903e-01
MMP24-AS1-EDEM2	7.0400e-01	2.1640e+00	5.0380e-05
MMP25	1.4480e+00	-2.5875e+00	3.5385e-27
MMP26	1.4010e+00	-3.5371e-01	4.1555e-13
MMP2	6.5400e-01	1.4267e+00	6.4757e-05
MMP27	1.3230e+00	-8.4074e-01	3.7745e-15
MMP28	1.2800e+00	1.6170e-01	1.3335e-19
MMP3	1.2620e+00	4.8588e-01	5.3451e-16
MMP7	1.0950e+00	-4.8441e-01	1.3956e-06
MMP8	1.4640e+00	-1.3484e+00	1.0089e-22
MMP9	1.2080e+00	3.3225e-01	3.9223e-25
MMRN1	1.0160e+00	-9.1179e-01	1.6723e-23
MMRN2	1.0820e+00	-7.8118e-01	1.0886e-16
MMS19	7.8700e-01	5.1562e-01	8.1186e-15
MMS22L	5.0600e-01	1.2772e+00	6.2076e-01
MMUT	1.1800e+00	1.0944e+00	4.9198e-22
MN1	4.8200e-01	-2.2255e+00	9.9238e-01
MNAT1	1.2850e+00	1.2138e+00	2.0864e-10
MND1	1.4850e+00	2.7191e-01	3.3131e-06
MNDA	1.5560e+00	-5.3550e-01	2.5780e-16
MNS1	1.0330e+00	-2.9996e-01	5.9763e-16
MNT	6.1900e-01	-5.0380e-01	5.0645e-01
MNX1	6.3400e-01	-1.1528e+00	8.4711e-01
MOAP1	1.8340e+00	1.0380e+00	1.0083e-01
MOB1A	8.0600e-01	1.5435e+00	4.1312e-01
MOB1B	1.2410e+00	3.5131e-01	4.2936e-04
MOB2	9.4100e-01	8.1827e-01	1.0233e-02
MOB3A	1.3980e+00	-2.0739e-01	2.6769e-06
MOB3B	6.6900e-01	9.2031e-01	6.2713e-01
MOB3C	1.2670e+00	5.5056e-01	8.0006e-06
MOB4	2.8600e-01	2.4637e+00	9.9997e-01
MOBP	6.4900e-01	1.9277e+00	8.0530e-01
MOCOS	1.1900e+00	3.5746e-01	1.6319e-29
MOCS1	8.8700e-01	6.4789e-01	1.2794e-09
MOCS2	1.0660e+00	4.1632e-01	3.2064e-03
MOCS3	1.6950e+00	6.4943e-01	4.7883e-04
MOG	8.7300e-01	1.2548e+00	3.0890e-04
MOGAT1	1.3090e+00	-2.4284e-01	6.1746e-11
MOGAT2	1.0480e+00	3.3276e-01	4.7581e-08
MOGAT3	1.4150e+00	2.0683e-01	8.4165e-15
MOGS	8.5000e-01	8.6484e-01	2.6946e-10
MOK	1.2920e+00	4.2008e-01	4.2680e-14
MON1A	8.5400e-01	2.2905e+00	1.8759e-06
MON1B	7.9600e-01	4.7723e-01	4.6252e-05
MON2	4.2600e-01	3.7594e+00	1.0000e+00
MORC1	5.7200e-01	1.8943e+00	2.5637e-02
MORC2	3.0000e-01	4.4514e+00	1.0000e+00
MORC3	3.7000e-01	3.1002e+00	1.0000e+00
MORF4L1	2.7100e-01	2.6974e+00	9.9995e-01
MORN1	1.3910e+00	-1.5420e+00	6.6870e-24
MORN2	1.8820e+00	-7.4804e-01	2.4916e-03
MORN3	1.4660e+00	2.1343e-01	8.4598e-15
MORN4	9.4200e-01	9.1706e-01	8.6107e-02
MORN5	1.2450e+00	3.9945e-01	4.5323e-06
MOS	1.9440e+00	9.2224e-01	1.0345e-01
MOSMO	9.1900e-01	1.3876e+00	2.3773e-01
MOSPD3	1.1740e+00	5.4491e-01	2.1511e-06
MOV10	4.3500e-01	3.9656e+00	9.9994e-01
MOV10L1	8.7100e-01	1.4753e+00	4.9513e-22
MOXD1	1.1200e+00	-1.2737e+00	2.8913e-17
MPC1	9.1900e-01	8.2160e-01	1.0115e-01
MPC2	1.1480e+00	4.6475e-01	8.6615e-02
MPDU1	9.8400e-01	7.3016e-01	1.4060e-05
MPDZ	1.1380e+00	-4.4177e+00	1.0028e-63
MPEG1	1.9410e+00	5.4190e-01	1.9680e-02
MPG	1.4680e+00	-8.2478e-01	8.9214e-13
MPHOSPH10	6.1100e-01	7.5001e-01	5.5553e-02
MPHOSPH6	1.6000e+00	-2.2195e+00	3.8670e-08
MPHOSPH8	6.3500e-01	1.6757e+00	5.4769e-04
MPHOSPH9	6.9700e-01	1.8072e+00	5.1570e-11
MPI	1.0400e+00	5.9212e-01	9.3378e-10
MPIG6B	1.2760e+00	5.7340e-01	1.4673e-07
MPL	1.0220e+00	1.7057e+00	3.3405e-21
MPLKIP	1.8150e+00	-1.9606e+00	3.1875e-07
MPND	1.3450e+00	-1.5300e+00	7.2527e-21
MPO	9.9200e-01	8.1986e-01	3.3865e-16
MPP2	8.8100e-01	1.8752e+00	8.5317e-10
MPP3	7.3900e-01	1.8158e+00	2.9137e-07
MPP4	1.1000e+00	6.8965e-01	3.1862e-19
MPP7	9.6900e-01	1.1689e+00	1.0391e-10
MPPE1	1.0290e+00	7.3866e-01	3.6426e-06
MPPED1	7.0200e-01	2.7092e+00	4.5554e-02
MPPED2	3.4500e-01	1.9437e+00	9.9894e-01
MPRIP	2.8700e-01	4.0199e+00	1.0000e+00
MPST	1.5010e+00	-1.3135e+00	2.4005e-09
MPV17	1.3680e+00	7.2753e-01	1.4056e-10
MPV17L	1.7140e+00	-1.3371e+00	3.9936e-08
MPV17L2	1.5350e+00	-5.9271e-01	4.0006e-11
MPZ	7.0800e-01	1.4841e+00	1.1226e-01
MPZL1	7.7700e-01	9.5328e-01	5.0560e-02
MPZL2	1.7030e+00	-3.9418e-01	2.1252e-12
MPZL3	1.1760e+00	3.8676e-01	1.8885e-05
MR1	1.3830e+00	9.7622e-01	6.3126e-15
MRAP	1.4400e+00	-1.8356e-01	3.2169e-03
MRAP2	1.5780e+00	3.4734e-01	4.6452e-08
MRAS	4.4400e-01	2.6024e+00	9.9089e-01
MRC2	5.1400e-01	2.2845e+00	2.5256e-03
MRE11	8.0100e-01	1.0907e+00	2.5803e-10
MREG	1.5990e+00	-2.5480e-01	2.4788e-07
MRFAP1	5.0100e-01	2.5025e-01	9.4209e-01
MRFAP1L1	1.3690e+00	1.7759e-01	2.0090e-03
MRGBP	5.7400e-01	5.3717e-01	9.0961e-01
MRGPRD	NA	5.1354e-01	NA
MRGPRE	NA	-1.2739e+00	NA
MRGPRF	1.5000e+00	-1.4811e+00	1.2543e-02
MRGPRG	NA	-3.7219e-01	NA
MRGPRX1	1.8180e+00	-4.0112e-01	3.5548e-01
MRGPRX2	1.8910e+00	7.0765e-01	2.9415e-01
MRGPRX3	1.3160e+00	1.8042e-02	5.5284e-05
MRGPRX4	1.1230e+00	3.3705e-01	5.1986e-04
MRI1	1.5530e+00	-6.4852e-01	8.3578e-11
MRM1	1.3180e+00	5.9894e-01	1.7978e-08
MRM2	1.7200e+00	1.1511e-01	6.7556e-07
MRM3	1.1580e+00	-1.1105e-01	8.3020e-11
MRNIP	1.7180e+00	-4.3677e-01	3.7501e-11
MRO	1.4320e+00	-7.2812e-01	4.9933e-09
MROH1	1.0030e+00	2.6196e-01	5.8384e-10
MROH2A	1.0260e+00	8.0154e-01	4.2186e-46
MROH2B	1.0200e+00	-9.1908e-01	7.5657e-45
MROH5	NA	3.0213e-01	NA
MROH6	1.3980e+00	-3.5323e+00	2.1205e-24
MROH7	9.8400e-01	1.2632e+00	3.7241e-30
MROH7-TTC4	NA	4.7458e-01	NA
MROH8	1.9430e+00	-1.7879e-01	1.9210e-02
MROH9	1.2240e+00	-6.2829e-02	7.4657e-23
MRPL10	1.1130e+00	1.7735e-01	2.8693e-04
MRPL11	1.5350e+00	-2.0844e-01	9.7443e-07
MRPL12	1.0480e+00	3.0041e-01	1.0337e-03
MRPL13	1.8420e+00	-2.9656e-01	3.3207e-08
MRPL14	1.4080e+00	5.7497e-01	3.6712e-03
MRPL15	1.2130e+00	5.3079e-01	6.6567e-08
MRPL16	1.1050e+00	6.1644e-01	3.9382e-05
MRPL17	1.2080e+00	-2.7475e-01	2.2736e-03
MRPL18	1.0720e+00	4.1842e-01	5.7564e-05
MRPL19	1.3730e+00	-8.4033e-01	7.4245e-10
MRPL1	9.9300e-01	-7.8411e-04	1.0338e-01
MRPL20	1.4100e+00	-1.5620e+00	8.3245e-08
MRPL2	1.1000e+00	5.0393e-01	3.8782e-08
MRPL21	9.6400e-01	2.7681e-01	6.6911e-05
MRPL22	1.1250e+00	6.4288e-01	5.1250e-04
MRPL23	1.8520e+00	7.6456e-01	3.3098e-01
MRPL24	8.1300e-01	1.1581e+00	7.1502e-03
MRPL27	6.2200e-01	2.1396e-01	8.4900e-01
MRPL28	1.3440e+00	-2.0120e+00	3.5977e-11
MRPL30	1.0970e+00	3.7552e-01	2.4902e-03
MRPL3	1.4030e+00	6.0740e-01	4.8414e-07
MRPL32	1.0350e+00	6.9666e-01	6.2005e-04
MRPL33	1.1350e+00	2.2712e-01	1.5812e-01
MRPL34	1.9010e+00	-8.1426e-01	1.7483e-05
MRPL35	1.2600e+00	2.4509e-01	3.9367e-06
MRPL36	1.5610e+00	-2.8949e-01	1.9150e-01
MRPL37	9.6800e-01	6.5152e-01	5.0250e-09
MRPL38	1.3080e+00	-3.7093e-01	1.9318e-18
MRPL39	1.1780e+00	-3.5981e-01	1.2131e-10
MRPL40	1.1430e+00	1.5168e-02	2.1874e-04
MRPL41	1.7750e+00	2.4090e-01	2.5816e-02
MRPL4	1.2360e+00	6.3882e-01	4.1782e-11
MRPL42	1.3940e+00	-7.2889e-02	3.7358e-02
MRPL43	1.4090e+00	7.3471e-01	6.6745e-05
MRPL44	1.1940e+00	1.9178e-01	1.7086e-06
MRPL45	8.0700e-01	1.1926e+00	6.9413e-04
MRPL46	1.1300e+00	-7.3933e-01	4.8947e-08
MRPL47	1.5120e+00	-7.8052e-01	1.9559e-07
MRPL48	8.2600e-01	3.6534e-01	5.7253e-03
MRPL49	1.0850e+00	8.7819e-01	7.3436e-04
MRPL50	1.0830e+00	-4.7424e-01	5.3327e-03
MRPL51	7.7700e-01	6.1590e-01	2.9848e-01
MRPL52	1.1810e+00	2.2468e-01	4.1339e-06
MRPL53	1.4810e+00	-3.4634e-01	6.0755e-03
MRPL54	1.1750e+00	4.6533e-01	6.8930e-04
MRPL55	1.1160e+00	1.0644e+00	4.1923e-03
MRPL57	1.9150e+00	-3.7287e-01	6.4131e-02
MRPL58	1.0210e+00	4.0609e-01	3.8510e-04
MRPL9	1.3590e+00	-5.4170e-01	1.1232e-08
MRPS10	1.3360e+00	-4.1258e-01	1.9786e-06
MRPS11	1.5340e+00	-1.7932e-01	6.8135e-10
MRPS12	1.5680e+00	-3.7594e-02	8.3212e-04
MRPS14	1.2640e+00	6.1562e-01	8.0944e-05
MRPS15	1.1550e+00	3.7347e-01	1.4628e-07
MRPS16	9.2900e-01	1.6952e-01	2.2623e-01
MRPS17	9.9700e-01	6.5743e-01	1.0073e-01
MRPS18A	1.4150e+00	-9.0582e-01	4.3798e-07
MRPS18B	1.1160e+00	2.2721e-01	1.4625e-08
MRPS18C	1.7240e+00	6.2563e-01	6.5525e-07
MRPS21	1.6090e+00	4.9839e-01	1.9672e-02
MRPS2	1.1660e+00	6.6944e-01	1.7874e-04
MRPS22	9.2700e-01	4.0974e-01	5.5448e-07
MRPS23	1.1170e+00	8.4179e-02	1.3865e-04
MRPS24	1.0560e+00	-6.3639e-02	2.5981e-04
MRPS25	1.1960e+00	-3.0428e-02	2.8603e-04
MRPS26	1.9300e+00	-8.2791e-01	1.5379e-12
MRPS27	1.1500e+00	9.5644e-02	3.2460e-07
MRPS28	1.6430e+00	-4.8684e-01	7.1403e-06
MRPS30	1.2430e+00	-5.3712e-01	5.4883e-14
MRPS31	1.0280e+00	4.7540e-01	1.3508e-07
MRPS33	1.5650e+00	7.3694e-01	1.5388e-04
MRPS34	1.8900e+00	-3.1029e+00	1.3860e-07
MRPS35	1.1690e+00	4.6941e-01	2.2875e-06
MRPS36	1.4100e+00	3.5219e-01	7.9059e-03
MRPS5	8.2900e-01	-2.1920e-01	2.2282e-06
MRPS6	1.0370e+00	-2.8114e-01	8.1377e-02
MRPS7	7.5800e-01	1.1313e-01	4.5985e-02
MRPS9	1.2600e+00	4.0878e-01	6.8241e-10
MRRF	1.1140e+00	3.4842e-01	1.4385e-04
MRS2	9.4100e-01	5.6638e-01	3.1619e-04
MRTFA	3.8900e-01	-6.1525e-02	9.9999e-01
MRTFB	3.5100e-01	1.1111e+00	1.0000e+00
MRTO4	5.6800e-01	1.2738e-01	8.3999e-01
MS4A10	1.4350e+00	-1.0702e-01	2.7612e-08
MS4A12	1.5850e+00	4.8548e-02	8.4245e-12
MS4A13	1.5460e+00	-1.6120e-01	2.3743e-02
MS4A14	1.5500e+00	8.2784e-02	7.0030e-05
MS4A15	1.5170e+00	1.5583e-01	1.2700e-08
MS4A1	9.9000e-01	4.2292e-01	2.9697e-04
MS4A2	1.1790e+00	1.1340e-01	2.0242e-06
MS4A3	1.1500e+00	-3.4220e-01	4.1421e-04
MS4A4A	1.3560e+00	3.5530e-01	7.3129e-07
MS4A4E	1.8590e+00	-2.0519e-01	7.2859e-03
MS4A5	1.1400e+00	2.7781e-01	3.5546e-03
MS4A6A	1.3310e+00	9.8546e-04	2.0695e-06
MS4A6E	1.0530e+00	7.5275e-02	2.3305e-02
MS4A7	1.4020e+00	7.6039e-01	6.9748e-05
MS4A8	1.4460e+00	5.1023e-01	1.0305e-08
MSANTD1	7.3300e-01	-1.1522e-01	4.1393e-01
MSANTD2	6.2900e-01	1.4589e+00	1.3102e-01
MSANTD3	6.4900e-01	1.9935e+00	4.5069e-01
MSANTD3-TMEFF1	5.7600e-01	1.2548e+00	5.8783e-01
MSANTD4	6.4400e-01	1.0587e+00	2.3380e-01
MSC	1.7840e+00	-9.1691e-01	4.1468e-07
MSGN1	7.0800e-01	2.9728e-01	7.4443e-01
MSH2	6.7200e-01	-2.8782e+00	4.5659e-06
MSH3	1.0270e+00	-4.8793e-01	1.3015e-21
MSH4	1.1900e+00	-2.7975e-01	4.1696e-13
MSH5	8.4700e-01	2.1204e+00	1.6532e-18
MSH5-SAPCD1	NA	1.7336e+00	NA
MSH6	8.4100e-01	-3.8555e+00	7.9694e-20
MSI1	5.2400e-01	2.5071e+00	9.4891e-01
MSI2	6.4700e-01	2.3636e+00	3.3299e-01
MSL1	5.0300e-01	1.1853e+00	9.7477e-01
MSL2	1.6900e-01	3.0030e+00	1.0000e+00
MSLN	1.4760e+00	-2.4400e+00	1.5268e-33
MSMB	1.5970e+00	5.5162e-01	3.9835e-03
MSMO1	9.0100e-01	1.2856e+00	1.0273e-03
MSMP	9.6000e-01	3.5326e-01	2.6195e-02
MSR1	1.3660e+00	-3.1333e+00	3.9327e-19
MSRA	1.9760e+00	-4.2767e+00	5.8139e-25
MSRB1	1.4350e+00	-5.4103e-01	5.7146e-05
MSRB2	1.5030e+00	2.6646e-01	5.0688e-07
MSRB3	9.6100e-01	7.4456e-01	7.5600e-02
MSS51	1.1020e+00	1.2037e+00	5.1918e-10
MST1	9.5100e-01	1.5116e+00	1.4311e-20
MST1R	9.8500e-01	1.7499e+00	4.1068e-28
MSTN	5.7100e-01	1.1959e+00	8.3074e-01
MSTO1	8.3100e-01	2.1196e+00	4.1392e-04
MSX1	1.2890e+00	-1.4494e+00	6.6306e-04
MSX2	1.0130e+00	1.8263e-01	9.3402e-03
MT1A	1.6880e+00	3.0314e-01	2.0417e-04
MT1B	1.0270e+00	1.1175e-01	1.4318e-01
MT1E	1.6160e+00	2.3583e-01	1.7386e-01
MT1F	1.8030e+00	8.1346e-04	4.2653e-05
MT1G	1.5300e+00	3.7987e-02	9.7977e-04
MT1H	1.4560e+00	-2.4929e-01	1.3478e-03
MT1HL1	1.9050e+00	-9.2894e-03	7.8465e-04
MT1M	1.8690e+00	-2.7181e-01	9.5595e-06
MT1X	1.3560e+00	2.7826e-01	9.7615e-03
MT2A	1.1600e+00	1.0296e+00	4.4840e-02
MT3	1.3080e+00	3.9005e-01	5.6951e-03
MT4	1.8480e+00	-5.0249e-01	5.1187e-04
MTA1	2.0900e-01	3.5192e+00	1.0000e+00
MTA2	3.4800e-01	4.2896e+00	1.0000e+00
MTA3	6.1400e-01	-2.3497e-01	1.6456e-01
MTAP	1.4890e+00	7.0921e-03	1.0889e-11
MTARC1	1.2300e+00	-4.1553e-01	1.1314e-08
MTARC2	1.1590e+00	-2.6240e-01	1.5077e-08
MTBP	1.0280e+00	7.9983e-01	1.7292e-13
MTCH1	7.2600e-01	1.1658e+00	1.4932e-03
MTCH2	7.5100e-01	1.8639e+00	4.1399e-03
MTCL1	9.5000e-01	8.0159e-01	5.2188e-01
MTDH	5.3500e-01	2.9894e-01	9.2013e-01
MTERF1	1.2050e+00	-7.6005e-02	1.6104e-09
MTERF2	1.0260e+00	2.5033e-01	1.9909e-06
MTERF3	1.2120e+00	7.7293e-01	1.2401e-12
MTERF4	1.0370e+00	1.1300e+00	8.7446e-05
MTF1	4.1700e-01	3.4757e+00	9.9988e-01
MTF2	2.8900e-01	3.0986e+00	1.0000e+00
MTFMT	1.3040e+00	-1.0597e+00	5.4200e-12
MTFP1	1.6290e+00	2.3760e-01	7.8389e-08
MTFR1	8.8500e-01	7.7120e-01	4.3522e-04
MTFR1L	5.8100e-01	1.2192e+00	8.3247e-01
MTFR2	1.4540e+00	4.1041e-01	4.3519e-11
MTG1	1.0850e+00	-1.3051e+00	1.2208e-08
MTG2	1.0650e+00	5.8517e-01	2.1459e-06
MTHFD1	5.1000e-01	2.9224e+00	8.3441e-01
MTHFD1L	8.5600e-01	1.2196e+00	2.0135e-15
MTHFD2	9.8400e-01	1.2415e+00	2.6626e-05
MTHFD2L	1.1900e+00	-8.7498e-01	8.5503e-07
MTHFR	8.5900e-01	2.0240e+00	1.0506e-11
MTHFS	9.9200e-01	-1.5753e-02	3.5415e-02
MTHFSD	1.5870e+00	-2.8014e+00	1.1798e-12
MTIF2	1.0190e+00	-9.1945e-01	7.8573e-18
MTIF3	1.0000e+00	9.0503e-01	9.0761e-04
MTMR10	8.9600e-01	2.2909e-01	1.2791e-12
MTMR11	9.9900e-01	1.2699e+00	5.3305e-24
MTMR12	3.9400e-01	2.3355e+00	1.0000e+00
MTMR14	6.8100e-01	1.0931e+00	1.2144e-06
MTMR2	9.0000e-01	1.6219e+00	1.1947e-11
MTMR3	3.0200e-01	3.0967e+00	1.0000e+00
MTMR4	2.9500e-01	4.9865e+00	1.0000e+00
MTMR6	8.0000e-01	1.5310e+00	3.1297e-08
MTMR7	1.1210e+00	-2.2150e+00	2.8343e-22
MTMR9	7.7100e-01	-2.6989e+00	2.7806e-07
MTNR1A	1.9000e+00	4.4344e-01	1.7731e-05
MTNR1B	1.9170e+00	2.5497e-01	9.9719e-05
MTO1	8.2000e-01	1.7317e+00	1.7828e-10
MTOR	2.6800e-01	9.5050e+00	1.0000e+00
MTPAP	6.4100e-01	1.5481e+00	2.8201e-02
MTPN	8.2800e-01	1.7986e+00	6.4474e-01
MTR	6.2500e-01	3.3131e+00	2.5517e-09
MTRES1	1.1150e+00	4.7268e-01	1.4156e-04
MTREX	6.4700e-01	2.1573e+00	1.6546e-02
MTRF1	1.0170e+00	1.6513e+00	2.7698e-11
MTRF1L	1.2320e+00	2.3253e-01	2.4427e-07
MTRFR	1.2240e+00	2.9560e-01	2.3129e-04
MTRNR2L7	NA	2.7641e-01	NA
MTRNR2L9	1.9250e+00	-2.5785e-01	1.2763e-01
MTRR	9.3200e-01	-1.0871e-01	1.0409e-15
MTSS1	3.3200e-01	2.2992e+00	1.0000e+00
MTSS2	6.6200e-01	-2.6243e+00	3.2006e-03
MTTP	6.7200e-01	1.9465e+00	6.7227e-07
MTURN	1.1470e+00	-3.0697e-01	2.5128e-02
MTUS1	1.0220e+00	-5.7375e+00	3.6481e-25
MTUS2	5.0200e-01	3.2656e-01	9.1077e-01
MTX1	8.9900e-01	-1.1930e+00	1.1064e-04
MTX2	1.1030e+00	-7.0457e-02	3.1555e-04
MTX3	9.5100e-01	-4.6346e-01	9.2118e-03
MUC12	1.1150e+00	1.4117e+00	1.4839e-53
MUC13	8.3300e-01	1.1173e+00	3.4031e-06
MUC15	1.3220e+00	-3.6657e-02	1.9934e-07
MUC16	NA	-6.8377e-01	NA
MUC17	1.2190e+00	-4.8117e+00	7.0072e-70
MUC1	9.6400e-01	-1.0418e+00	2.4928e-07
MUC19	NA	2.8510e+00	NA
MUC20	1.4140e+00	1.0086e+00	2.8588e-05
MUC21	1.6980e+00	2.3024e+00	2.7113e-03
MUC22	8.4100e-01	1.2196e+00	6.8906e-05
MUC2	8.3100e-01	2.8424e-02	9.0091e-25
MUC3A	1.3010e+00	-8.7170e+00	2.1594e-36
MUC4	9.5300e-01	-6.5749e+00	1.4288e-56
MUC5AC	1.1680e+00	5.1701e-01	8.1789e-22
MUC5B	4.0000e-01	1.8731e-01	1.0000e+00
MUC6	1.1930e+00	7.4943e-01	8.7640e-68
MUC7	1.7010e+00	9.6619e-01	1.4679e-01
MUC8	1.3920e+00	2.8136e+00	5.2880e-01
MUCL1	1.7580e+00	-8.8970e-01	5.6854e-05
MUCL3	7.4200e-01	2.3756e+00	9.8529e-08
MUL1	1.1960e+00	7.8893e-01	3.9219e-08
MUS81	1.1160e+00	2.7152e-01	7.6199e-22
MUSK	7.7800e-01	1.2742e+00	4.9211e-10
MUSTN1	1.7830e+00	-2.4359e-01	2.8859e-06
MUTYH	1.0220e+00	9.2502e-01	1.7396e-18
MVB12A	1.1930e+00	1.6797e-01	9.1641e-10
MVB12B	5.0800e-01	1.9216e+00	9.7559e-01
MVD	1.7060e+00	-2.2325e+00	2.7752e-23
MVK	9.8500e-01	2.0515e+00	9.1415e-10
MVP	9.4000e-01	2.2876e+00	2.0246e-16
MX1	1.1700e+00	1.0967e+00	8.5777e-21
MX2	8.2400e-01	1.4482e+00	2.9412e-11
MXD1	7.0000e-01	6.1750e-01	6.5695e-01
MXD3	1.1740e+00	-8.5396e-01	2.1528e-06
MXD4	1.3700e+00	-1.0128e+00	7.5826e-06
MXI1	8.3900e-01	1.2083e+00	1.6560e-03
MXRA7	1.8240e+00	1.3184e-01	2.0786e-06
MXRA8	1.6110e+00	-3.2361e+00	1.8154e-18
MYADM	9.5900e-01	6.9517e-01	6.7826e-01
MYADML2	1.6310e+00	4.9493e-02	4.9369e-07
MYB	4.4300e-01	3.0727e+00	9.9955e-01
MYBBP1A	1.2490e+00	-2.9796e+00	1.5915e-54
MYBL1	2.8000e-01	1.4263e+00	9.9998e-01
MYBL2	4.9600e-01	2.1825e+00	9.7297e-01
MYBPC1	4.3300e-01	2.6433e+00	9.9998e-01
MYBPC2	1.1140e+00	2.4958e-01	5.0893e-39
MYBPC3	9.1500e-01	1.0236e-01	5.3289e-28
MYBPH	1.1880e+00	8.6967e-01	3.5845e-16
MYBPHL	1.0600e+00	4.0655e-01	2.4355e-09
MYC	1.2800e-01	1.5259e+00	1.0000e+00
MYCBP2	2.4300e-01	7.6673e+00	1.0000e+00
MYCBP	7.4800e-01	2.1033e-01	6.1707e-01
MYCBPAP	6.9000e-01	1.5700e+00	1.2270e-09
MYCL	6.1700e-01	8.4166e-01	6.3346e-01
MYCN	3.1100e-01	8.0950e-02	9.9969e-01
MYCT1	1.4490e+00	1.2963e-01	1.2011e-04
MYD88	7.2100e-01	1.7371e+00	4.2608e-02
MYDGF	1.5200e+00	-8.6537e-01	1.9708e-09
MYEF2	6.6400e-01	1.8406e+00	4.6692e-04
MYEOV	1.7180e+00	3.1509e-01	3.1436e-02
MYF5	1.2690e+00	-8.1277e-02	1.6674e-06
MYF6	1.2400e+00	1.0878e-01	1.0332e-06
MYG1	1.0900e+00	-1.0262e-01	1.8796e-11
MYH10	2.4900e-01	6.4364e+00	1.0000e+00
MYH1	1.0350e+00	2.4394e+00	4.5632e-67
MYH11	3.7700e-01	3.4316e+00	1.0000e+00
MYH13	8.5900e-01	1.6769e+00	1.1171e-43
MYH14	6.4700e-01	1.4521e+00	7.5350e-18
MYH15	1.0200e+00	8.3847e-01	2.1026e-58
MYH2	6.7300e-01	4.7495e+00	1.5600e-23
MYH3	6.0400e-01	4.6656e+00	9.1337e-16
MYH4	9.3600e-01	1.9797e+00	2.7738e-55
MYH6	6.3400e-01	4.1453e+00	4.9721e-18
MYH7	6.4400e-01	6.8055e+00	1.6832e-19
MYH7B	1.0130e+00	-6.5031e-02	2.0351e-63
MYH8	7.8300e-01	3.2291e+00	1.0217e-37
MYH9	1.5900e-01	6.1402e+00	1.0000e+00
MYL10	1.1090e+00	5.5456e-01	1.5101e-04
MYL1	1.0630e+00	2.2997e-01	2.4102e-04
MYL12A	1.3400e+00	1.7297e+00	4.9217e-04
MYL12B	6.1400e-01	2.4192e+00	8.7093e-01
MYL2	1.1570e+00	1.1174e+00	5.3978e-06
MYL3	8.1100e-01	1.3298e+00	4.7382e-02
MYL4	1.0630e+00	3.8970e-01	1.2456e-04
MYL5	NA	-2.8976e-01	NA
MYL6	1.3500e+00	9.5403e-01	3.4143e-07
MYL6B	1.0830e+00	1.0467e+00	1.2983e-05
MYL7	1.5330e+00	6.7787e-01	1.0558e-10
MYL9	9.6600e-01	1.4892e+00	7.3317e-02
MYLIP	7.8600e-01	1.1612e+00	6.1794e-05
MYLK2	6.3500e-01	1.5451e+00	1.0291e-02
MYLK3	9.5000e-01	9.1217e-01	2.3429e-14
MYLK4	1.1580e+00	7.6475e-01	4.1105e-13
MYLK	6.0400e-01	3.1672e+00	1.1732e-12
MYLPF	7.0000e-01	6.5674e-01	2.9554e-01
MYMK	1.0200e+00	1.1442e+00	2.5746e-03
MYNN	5.5300e-01	2.4628e+00	7.8570e-01
MYO10	6.2900e-01	1.7770e+00	2.4549e-17
MYO15A	8.8900e-01	2.9742e-01	2.3858e-82
MYO16	5.7700e-01	-2.7074e-01	1.7042e-06
MYO18A	4.1400e-01	3.5331e+00	1.0000e+00
MYO18B	9.1100e-01	9.2879e-02	7.7955e-52
MYO19	1.2360e+00	6.2998e-02	1.3110e-43
MYO1A	1.0000e+00	1.4574e+00	4.8018e-37
MYO1B	5.5400e-01	3.2381e+00	2.0887e-03
MYO1C	8.3000e-01	-3.1097e-01	5.5786e-24
MYO1D	7.8700e-01	1.2870e+00	2.0073e-13
MYO1E	5.5700e-01	7.1594e-01	1.7342e-04
MYO1F	4.9700e-01	2.7388e+00	5.9942e-01
MYO1G	7.2400e-01	1.3031e+00	9.4139e-12
MYO1H	NA	3.5661e-03	NA
MYO3A	1.0250e+00	9.2427e-01	2.4312e-47
MYO3B	1.0050e+00	6.7024e-01	1.2241e-32
MYO5A	4.6100e-01	5.1524e+00	9.9510e-01
MYO5B	7.0700e-01	5.6874e-01	4.8085e-26
MYO5C	8.9300e-01	1.2128e+00	1.2326e-37
MYO6	4.8200e-01	2.6145e+00	9.7387e-01
MYO7A	9.9500e-01	7.6546e-02	2.4072e-62
MYO7B	9.5600e-01	4.9486e-01	2.9795e-58
MYO9A	4.1400e-01	2.7624e+00	1.0000e+00
MYO9B	4.3000e-01	3.7698e+00	1.0000e+00
MYOC	1.3430e+00	1.1937e+00	8.5144e-11
MYOCD	3.9500e-01	1.1718e+00	1.0000e+00
MYOCOS	1.4050e+00	-9.0500e-02	3.8695e-01
MYOD1	1.7490e+00	-1.4255e+00	1.4240e-06
MYOF	9.4500e-01	1.0762e+00	4.5541e-61
MYOG	7.1500e-01	5.9093e-01	5.4974e-01
MYOM1	9.2000e-01	1.3890e+00	6.2664e-42
MYOM2	1.4640e+00	-6.3656e+00	1.9367e-107
MYOM3	9.3600e-01	2.1355e-01	6.3794e-39
MYORG	1.2060e+00	-7.3226e-01	5.3093e-15
MYOT	9.2300e-01	1.6631e+00	1.1112e-06
MYOZ1	9.9600e-01	4.0500e-01	2.2035e-05
MYOZ2	1.0330e+00	1.3051e+00	2.4744e-05
MYOZ3	1.0440e+00	3.4426e-01	2.1360e-05
MYPN	5.9600e-01	1.1815e+00	1.1317e-05
MYPOP	1.7240e+00	-1.8256e+00	2.5278e-07
MYRF	2.1500e-01	3.5595e+00	1.0000e+00
MYRFL	9.1000e-01	8.7644e-01	5.9877e-14
MYRIP	6.3600e-01	1.1092e+00	1.6770e-05
MYSM1	5.7800e-01	9.0141e-01	8.6872e-02
MYT1	2.5700e-01	3.8128e+00	1.0000e+00
MYT1L	8.5000e-02	5.5286e+00	1.0000e+00
MYZAP	1.1140e+00	-7.3997e-01	8.5514e-20
MZB1	1.3360e+00	-8.6844e-01	1.0945e-03
MZF1	1.1800e+00	-2.1702e+00	2.3218e-08
MZT1	1.8310e+00	2.1023e-01	5.7567e-04
MZT2A	1.4960e+00	4.6931e-02	2.5650e-03
MZT2B	1.8410e+00	-6.9966e-01	2.1359e-04
N4BP1	4.6300e-01	1.1336e+00	9.9748e-01
N4BP2	7.5400e-01	1.7023e+00	4.0714e-13
N4BP2L1	9.1800e-01	1.0125e+00	7.5680e-03
N4BP2L2	1.1040e+00	3.3925e-01	3.1415e-12
N4BP3	1.0610e+00	-5.1492e-02	1.1955e-09
N6AMT1	1.9150e+00	-1.6313e+00	1.9439e-06
NAA11	1.3970e+00	2.3872e-01	1.4063e-05
NAA15	4.3800e-01	2.7709e+00	9.9885e-01
NAA16	1.0040e+00	1.3973e-01	2.7447e-12
NAA20	1.3930e+00	1.5347e+00	1.4486e-05
NAA25	3.4100e-01	3.8302e+00	1.0000e+00
NAA30	3.9900e-01	9.3142e-01	9.9819e-01
NAA35	2.7100e-01	3.1996e+00	1.0000e+00
NAA38	1.7320e+00	-5.8182e-02	1.6005e-06
NAA40	9.5500e-01	1.7038e+00	1.0508e-06
NAA50	7.6500e-01	2.1852e+00	3.2852e-01
NAA60	6.0000e-01	3.1093e-01	8.1570e-01
NAA80	1.1230e+00	8.7757e-02	5.2950e-02
NAAA	1.1400e+00	3.9701e-02	1.1687e-10
NAALAD2	1.2310e+00	2.0360e-01	3.5450e-18
NAALADL1	1.0800e+00	2.2631e-01	1.0143e-23
NAALADL2	1.1370e+00	-1.1311e+00	3.5317e-17
NAB1	6.5300e-01	1.6701e+00	6.3920e-02
NAB2	4.0300e-01	2.2990e+00	9.9955e-01
NABP1	1.5290e+00	1.7953e-01	1.8368e-04
NABP2	5.4800e-01	2.0035e+00	9.3597e-01
NACA2	1.0220e+00	1.7796e-01	1.5930e-02
NACA	6.2700e-01	8.8842e-01	4.6917e-04
NACAD	6.5400e-01	2.2666e+00	3.3301e-06
NACC1	3.2900e-01	3.9547e+00	9.9995e-01
NACC2	5.7000e-01	1.8898e+00	9.1715e-01
NADK2	9.2700e-01	1.3893e+00	2.0479e-05
NADK	6.2800e-01	2.7168e+00	8.0458e-02
NADSYN1	1.0100e+00	1.1789e+00	4.6254e-23
NAE1	8.4700e-01	1.0452e+00	8.4077e-08
NAF1	9.2600e-01	-1.1779e-01	9.6449e-02
NAGA	1.1210e+00	1.0663e+00	5.2571e-14
NAGK	1.0720e+00	2.2543e-01	2.3353e-10
NAGLU	1.0290e+00	9.6459e-02	2.3821e-09
NAGPA	1.4940e+00	-2.5032e+00	6.4230e-24
NAGS	1.1780e+00	1.0871e-02	5.5989e-11
NAIF1	1.1190e+00	1.3227e+00	2.7290e-04
NAIP	1.0090e+00	2.6042e-01	4.4114e-04
NALCN	5.7900e-01	6.7689e+00	2.4439e-10
NALF1	1.9700e-01	5.9454e-01	1.0000e+00
NAMPT	3.3600e-01	3.6096e+00	9.9993e-01
NANOG	4.0000e-01	1.8552e+00	9.9100e-01
NANOGNB	1.5100e+00	5.0750e-02	8.6683e-05
NANOGP8	NA	1.9952e+00	NA
NANOS1	1.8680e+00	-5.9445e+00	1.7823e-01
NANOS2	1.1420e+00	6.2525e-01	2.5171e-01
NANOS3	1.4450e+00	8.0654e-01	5.3709e-05
NANP	1.0100e+00	5.5495e-01	1.5274e-03
NANS	1.0530e+00	1.4417e+00	6.5759e-07
NAP1L1	2.7300e-01	2.6503e+00	1.0000e+00
NAP1L4	3.8500e-01	1.5164e+00	9.9996e-01
NAP1L5	1.8840e+00	3.1314e-02	3.0171e-01
NAPA	5.3800e-01	1.5536e+00	8.7977e-01
NAPB	1.0450e+00	6.0635e-01	7.9467e-05
NAPEPLD	8.0100e-01	1.4259e+00	7.9646e-04
NAPG	8.4400e-01	3.9868e-02	3.1651e-04
NAPRT	1.4860e+00	-1.8516e+00	3.0016e-27
NAPSA	1.3050e+00	5.4065e-01	1.7789e-13
NARF	1.0810e+00	-2.5638e-02	1.3241e-12
NARS1	9.1900e-01	7.7292e-01	3.2746e-12
NARS2	1.2530e+00	1.3303e-01	1.8081e-08
NASP	3.9400e-01	9.2601e-01	9.9999e-01
NAT10	9.3500e-01	1.4719e+00	7.7740e-26
NAT1	1.9060e+00	-8.2753e-01	1.4747e-01
NAT14	1.9710e+00	-3.1542e+00	1.0088e-07
NAT16	1.7660e+00	-1.3286e+00	3.4955e-09
NAT2	1.9380e+00	-1.4797e+00	1.1263e-01
NAT8	1.8880e+00	-1.2240e+00	2.9773e-01
NAT8B	NA	-1.5995e+00	NA
NAT8L	8.5400e-01	9.4517e-01	2.3749e-01
NAT9	1.0930e+00	4.0747e-01	7.1802e-07
NATD1	1.1670e+00	2.1060e-02	4.3431e-02
NAV1	1.8700e-01	5.6818e+00	1.0000e+00
NAV2	2.8800e-01	2.9877e+00	1.0000e+00
NAV3	4.2600e-01	2.1808e+00	1.0000e+00
NAXD	8.4300e-01	3.3941e-01	1.5640e-03
NAXE	1.0790e+00	5.4628e-01	2.1985e-07
NBAS	7.6100e-01	2.2195e-01	2.4931e-43
NBEA	1.3700e-01	5.4616e+00	1.0000e+00
NBEAL1	9.0700e-01	1.1655e+00	2.0017e-42
NBEAL2	6.4100e-01	2.8794e+00	2.0089e-24
NBL1	9.7900e-01	9.9890e-01	2.2305e-02
NBN	1.0570e+00	1.0899e-01	1.7467e-18
NBPF10	1.9700e+00	-2.8147e+00	3.3407e-03
NBPF11	1.3240e+00	-4.4083e-01	2.8883e-13
NBPF12	1.7250e+00	-3.6230e+00	6.9756e-37
NBPF1	3.7100e-01	2.9498e+00	9.9962e-01
NBPF14	1.1210e+00	4.3689e-01	5.2973e-04
NBPF15	1.6010e+00	-2.9827e+00	3.3718e-16
NBPF19	1.3980e+00	-3.7400e+00	3.8307e-03
NBPF20	1.7670e+00	-4.4186e+00	4.0386e-26
NBPF26	1.6650e+00	-1.0841e+00	7.9089e-02
NBPF3	1.1360e+00	1.2388e+00	1.7165e-16
NBPF4	1.7460e+00	1.4513e+00	3.7389e-04
NBPF6	1.3540e+00	1.5107e+00	2.6782e-01
NBPF8	1.5150e+00	-2.2509e-01	1.1199e-06
NBPF9	1.5130e+00	-2.5433e+00	2.0390e-11
NBR1	6.6700e-01	1.3082e+00	2.9697e-06
NCALD	8.7400e-01	1.7115e+00	9.1482e-02
NCAM1	2.1700e-01	3.9385e+00	1.0000e+00
NCAM2	4.1300e-01	2.1207e+00	9.9997e-01
NCAN	5.3000e-01	1.9143e+00	2.3214e-01
NCAPD2	6.8700e-01	2.3459e+00	4.3527e-17
NCAPD3	6.4300e-01	-1.7406e-01	3.5539e-13
NCAPG2	4.4100e-01	3.3402e+00	9.9989e-01
NCAPG	6.7100e-01	1.3938e+00	1.6167e-05
NCAPH2	7.9200e-01	-1.9880e-01	1.0124e-11
NCAPH	5.6600e-01	1.6441e+00	1.1118e-01
NCBP1	2.0300e-01	3.9482e+00	1.0000e+00
NCBP2	6.6400e-01	2.2280e+00	5.8277e-01
NCBP3	4.0400e-01	1.5725e+00	9.9995e-01
NCCRP1	1.3960e+00	-4.6572e-01	6.6892e-12
NCDN	2.6100e-01	4.7960e+00	1.0000e+00
NCEH1	5.2900e-01	1.9608e+00	9.5811e-01
NCF1	6.1700e-01	2.5881e+00	8.2121e-01
NCF2	7.9900e-01	2.0213e+00	8.1564e-10
NCF4	1.0050e+00	5.2693e-01	2.8817e-08
NCK1	7.2000e-01	1.8715e+00	9.0863e-03
NCK2	7.3100e-01	1.8248e+00	2.3062e-02
NCKAP1	1.4000e-01	3.8355e+00	1.0000e+00
NCKAP1L	4.6000e-01	2.8510e+00	9.9871e-01
NCKAP5	6.2800e-01	4.7150e-02	2.5800e-09
NCKAP5L	7.7600e-01	-1.2471e+00	6.9753e-11
NCKIPSD	8.8600e-01	6.0867e-01	1.1257e-11
NCL	1.0200e-01	1.6228e+00	1.0000e+00
NCLN	8.1200e-01	-6.1910e-02	7.9174e-07
NCMAP	1.8940e+00	8.6531e-01	5.0526e-05
NCOA1	2.9800e-01	2.5875e+00	1.0000e+00
NCOA2	2.1100e-01	3.6782e+00	1.0000e+00
NCOA3	3.7600e-01	2.6824e+00	1.0000e+00
NCOA4	6.5000e-01	1.6449e+00	1.9063e-03
NCOA5	3.2100e-01	1.8695e+00	1.0000e+00
NCOA6	3.5900e-01	3.0424e+00	1.0000e+00
NCOA7	5.2000e-01	1.4370e+00	7.0341e-01
NCOR1	2.9200e-01	4.4457e+00	1.0000e+00
NCOR2	4.6900e-01	1.9913e+00	9.9436e-01
NCR1	1.2360e+00	5.7481e-01	1.8682e-11
NCR2	1.4720e+00	5.1199e-01	5.4111e-12
NCR3	1.2080e+00	1.5090e+00	2.6206e-04
NCR3LG1	1.2770e+00	7.4566e-01	6.5732e-08
NCS1	3.8400e-01	2.4979e+00	9.9892e-01
NCSTN	3.4300e-01	2.8455e+00	1.0000e+00
NDC1	3.7500e-01	8.6742e-01	9.9990e-01
NDC80	8.7600e-01	2.2732e+00	1.0793e-07
NDE1	8.5100e-01	2.5849e-01	3.5428e-06
NDEL1	3.5700e-01	2.0109e+00	9.9994e-01
NDFIP1	5.8200e-01	1.3203e+00	8.9036e-01
NDFIP2	1.0260e+00	-1.1164e+00	1.9115e-04
NDN	4.7800e-01	-9.5807e-01	9.5311e-01
NDNF	5.5600e-01	1.0499e+00	8.5310e-01
NDOR1	1.1560e+00	-1.2679e+00	3.2949e-20
NDRG1	7.2400e-01	7.7465e-01	3.2594e-05
NDRG2	7.6300e-01	9.7723e-01	7.1164e-06
NDRG3	6.5900e-01	1.5145e+00	1.6778e-01
NDRG4	8.1800e-01	5.2636e-01	3.7753e-07
NDST1	4.8400e-01	4.3250e+00	9.8664e-01
NDST2	4.7900e-01	2.5469e+00	9.9213e-01
NDST3	6.9900e-01	3.0569e+00	2.6356e-07
NDST4	7.7300e-01	9.9963e-01	2.8964e-09
NDUFA10	1.1200e+00	7.7873e-01	1.7415e-10
NDUFA11	1.7610e+00	-6.3580e-01	3.3647e-06
NDUFA12	1.1880e+00	8.3702e-02	3.4682e-05
NDUFA13	1.3010e+00	-5.5777e-01	5.9454e-06
NDUFA2	1.3430e+00	-5.6940e-01	2.2739e-03
NDUFA3	1.4650e+00	-2.1115e-02	5.7309e-04
NDUFA4	1.6890e+00	-7.8394e-01	1.5061e-01
NDUFA4L2	1.8240e+00	-8.5811e-01	2.0736e-06
NDUFA5	1.4070e+00	8.4609e-01	3.6885e-03
NDUFA6	1.5230e+00	2.3712e-01	1.0099e-03
NDUFA7	1.8870e+00	-6.5256e-01	6.5947e-09
NDUFA8	1.1080e+00	7.1795e-01	5.9673e-04
NDUFA9	7.8300e-01	6.5922e-01	3.1210e-03
NDUFAB1	6.1300e-01	5.2456e-01	8.7239e-01
NDUFAF1	8.4100e-01	2.4644e-01	7.4616e-03
NDUFAF2	1.1070e+00	7.0328e-01	1.6472e-02
NDUFAF3	1.2200e+00	2.4876e-01	2.8136e-07
NDUFAF4	9.6200e-01	2.5017e-01	7.5091e-02
NDUFAF5	1.0680e+00	3.7664e-02	1.5767e-05
NDUFAF6	1.5660e+00	-8.6475e-01	4.3013e-15
NDUFAF7	1.3420e+00	-1.1759e+00	7.0019e-17
NDUFAF8	1.8250e+00	-1.1955e+00	9.3729e-05
NDUFB10	1.5700e+00	-2.0234e+00	6.9548e-11
NDUFB1	1.6080e+00	7.1128e-01	8.7688e-03
NDUFB2	1.5330e+00	-2.9229e-01	3.2443e-05
NDUFB3	1.4570e+00	8.0743e-01	2.9987e-03
NDUFB4	1.1330e+00	1.1514e-01	1.8887e-03
NDUFB5	1.5680e+00	-2.3262e-02	3.5607e-04
NDUFB6	1.9250e+00	-2.0678e-01	1.2073e-05
NDUFB7	1.9450e+00	-1.2525e+00	5.2846e-09
NDUFB8	9.3700e-01	6.2738e-01	3.3511e-04
NDUFB9	1.1620e+00	7.5230e-01	5.7016e-07
NDUFC1	1.5560e+00	-1.0260e+00	4.6267e-03
NDUFC2	9.6400e-01	-6.1496e-02	5.0949e-01
NDUFC2-KCTD14	1.7220e+00	-1.9264e-01	1.4014e-01
NDUFS1	8.3600e-01	5.8950e-01	9.2715e-12
NDUFS2	6.9000e-01	2.2634e+00	1.2594e-05
NDUFS3	8.5600e-01	4.6001e-01	4.2590e-04
NDUFS4	1.5190e+00	-3.2322e-02	2.0012e-09
NDUFS5	1.0920e+00	-1.9524e-02	3.3663e-02
NDUFS6	1.5400e+00	-1.1181e+00	1.3092e-05
NDUFS7	7.2600e-01	8.0075e-01	1.5770e-01
NDUFS8	7.7500e-01	1.1262e+00	3.4248e-02
NDUFV1	1.0860e+00	1.2394e+00	2.7524e-13
NDUFV2	6.0400e-01	-1.9504e-01	8.2792e-01
NDUFV3	1.4580e+00	4.0891e-01	1.2395e-17
NEB	5.9700e-01	2.2497e+00	5.3090e-52
NEBL	1.0360e+00	-9.3948e-02	3.4176e-21
NECAB1	1.1590e+00	-4.2141e-01	4.5644e-05
NECAB2	1.7130e+00	-6.0733e+00	3.0006e-30
NECAB3	1.0980e+00	-7.4910e-03	1.3498e-10
NECAP1	5.9400e-01	1.7480e+00	6.7524e-01
NECAP2	1.3180e+00	8.8343e-01	1.7963e-12
NECTIN1	6.5900e-01	1.9613e+00	1.4474e-02
NECTIN2	6.5800e-01	1.5163e+00	1.4577e-02
NECTIN3	3.1600e-01	1.3210e+00	9.9999e-01
NECTIN4	5.3800e-01	8.4593e-01	8.6378e-01
NEDD1	8.4200e-01	4.7722e-01	7.9446e-02
NEDD4	8.5800e-01	1.0335e+00	1.7355e-15
NEDD4L	4.5700e-01	3.0343e+00	9.9881e-01
NEDD8	3.5200e-01	3.2247e+00	9.9186e-01
NEDD8-MDP1	NA	2.4971e+00	NA
NEDD9	4.3200e-01	1.8292e+00	9.9982e-01
NEFH	1.4170e+00	-7.8006e-02	1.3790e-22
NEFL	9.8600e-01	6.4608e-01	8.8766e-10
NEFM	5.4100e-01	8.4307e-01	8.6101e-01
NEGR1	4.2900e-01	1.4736e+00	9.9557e-01
NEIL1	9.2400e-01	-2.8722e-01	9.5791e-08
NEIL2	1.5650e+00	-2.7828e+00	2.8050e-11
NEIL3	1.0510e+00	5.9548e-01	5.8047e-12
NEK10	9.9700e-01	-2.9939e-02	3.1072e-14
NEK11	1.1670e+00	4.0985e-01	6.8226e-15
NEK1	9.5900e-01	9.0172e-01	9.1878e-23
NEK2	6.4800e-01	2.1815e+00	4.0292e-02
NEK3	9.3500e-01	-2.6506e-02	1.3659e-07
NEK4	1.1580e+00	7.5534e-01	2.8456e-21
NEK5	9.3700e-01	1.2369e+00	3.1073e-05
NEK6	9.6800e-01	1.9239e+00	1.8484e-05
NEK7	1.0450e+00	1.3133e+00	2.1292e-01
NEK8	8.3500e-01	1.8875e+00	1.7709e-11
NEK9	8.3700e-01	2.2041e+00	9.3511e-13
NELFA	9.5900e-01	6.1037e-01	1.1865e-08
NELFB	8.0700e-01	7.3566e-01	3.2219e-07
NELFCD	8.6200e-01	2.8496e+00	1.6750e-09
NELFE	6.5700e-01	1.9220e+00	5.4724e-03
NELL1	8.2600e-01	4.4388e-01	1.7284e-13
NELL2	4.9500e-01	1.8525e+00	9.5737e-01
NEMF	6.8700e-01	1.2869e+00	1.6208e-07
NEMP1	6.9300e-01	1.2881e+00	1.9449e-02
NEMP2	1.3500e+00	8.8329e-01	2.9847e-14
NENF	1.2420e+00	4.6047e-01	6.1281e-02
NEO1	4.9500e-01	2.1628e+00	7.3362e-01
NEPRO	1.1450e+00	7.5786e-01	2.0746e-09
NES	1.2640e+00	6.6491e-01	3.2207e-09
NET1	1.0310e+00	1.0193e+00	1.4902e-10
NETO1	5.8400e-01	1.9986e+00	4.0204e-01
NETO2	6.2700e-01	1.5815e+00	6.5245e-02
NEU1	1.0450e+00	2.2717e+00	4.2346e-10
NEU2	1.8780e+00	2.3274e-01	2.3118e-05
NEU3	1.2730e+00	1.1113e+00	7.3204e-04
NEU4	1.5380e+00	-9.1763e-01	4.9304e-03
NEURL1	1.0360e+00	-4.4985e-01	2.3062e-07
NEURL1B	1.0480e+00	-3.4930e+00	1.0351e-03
NEURL2	1.5790e+00	3.2928e-01	1.7584e-06
NEURL3	1.9150e+00	-3.0601e-01	1.1484e-08
NEURL4	3.8200e-01	3.1762e+00	1.0000e+00
NEUROD1	6.8800e-01	1.0458e+00	4.1517e-01
NEUROD2	8.9700e-01	1.8880e+00	2.6507e-01
NEUROD4	1.1910e+00	-3.6364e-01	3.3672e-05
NEUROD6	4.1300e-01	1.8775e+00	9.9723e-01
NEUROG1	1.7900e+00	-1.1878e+00	2.9617e-04
NEUROG2	1.4500e+00	-5.1606e-01	5.1004e-01
NEUROG3	1.8920e+00	7.6161e-02	2.9275e-01
NEXN	8.7800e-01	4.6510e-01	1.3677e-13
NF1	4.4900e-01	8.4243e+00	9.9946e-01
NF2	1.8700e-01	2.8530e+00	1.0000e+00
NFAM1	1.1170e+00	4.8414e-01	1.5572e-02
NFASC	3.6200e-01	3.5241e+00	1.0000e+00
NFAT5	2.3500e-01	3.5972e+00	1.0000e+00
NFATC1	4.6100e-01	-4.9700e-01	9.9825e-01
NFATC2	3.6500e-01	1.1591e+00	1.0000e+00
NFATC2IP	9.8800e-01	-3.3243e-01	3.7646e-06
NFATC3	6.1100e-01	7.7167e-01	2.7650e-04
NFATC4	5.0000e-01	8.6953e-01	9.7096e-01
NFE2	7.9800e-01	1.7192e+00	2.3503e-02
NFE2L1	4.1700e-01	2.2227e+00	9.9990e-01
NFE2L2	5.7500e-01	2.2152e+00	5.0220e-01
NFE2L3	1.8020e+00	-4.8501e+00	3.1674e-10
NFIA	1.7500e-01	3.6280e+00	1.0000e+00
NFIB	3.0000e-01	2.2398e+00	1.0000e+00
NFIC	3.9900e-01	1.8060e+00	9.9987e-01
NFIL3	6.9600e-01	2.1216e+00	6.0391e-01
NFIX	9.2000e-02	5.3598e+00	1.0000e+00
NFKB1	1.7800e-01	3.9758e+00	1.0000e+00
NFKB2	3.0800e-01	3.5862e+00	1.0000e+00
NFKBIA	5.0000e-01	6.6475e-01	9.8158e-01
NFKBIB	8.3100e-01	9.7843e-01	3.2009e-03
NFKBID	7.0400e-01	1.8010e+00	1.9902e-03
NFKBIE	6.5500e-01	1.6308e+00	4.2230e-01
NFKBIL1	9.8000e-01	4.4644e-01	9.3217e-08
NFKBIZ	3.8000e-01	6.8869e-01	1.0000e+00
NFRKB	5.4300e-01	1.5868e+00	1.6253e-03
NFS1	6.6900e-01	1.2628e+00	7.3263e-02
NFU1	1.5440e+00	-2.0341e-02	7.2341e-05
NFX1	5.7400e-01	2.6310e+00	3.2335e-04
NFXL1	9.1000e-01	1.3555e+00	5.0357e-05
NFYA	6.8000e-01	3.7991e+00	6.6146e-03
NFYB	8.7700e-01	2.6178e+00	1.3816e-01
NFYC	7.4000e-01	2.6904e+00	2.3162e-03
NGB	1.4520e+00	-5.7962e-01	6.1210e-04
NGDN	1.1470e+00	2.3248e-01	2.4409e-12
NGEF	5.0000e-01	2.9730e+00	9.6202e-01
NGF	6.7000e-01	1.2430e+00	7.6860e-01
NGFR	1.1110e+00	6.9734e-01	3.8065e-09
NGLY1	1.0080e+00	1.3348e-01	1.8541e-16
NGRN	1.6160e+00	-3.9323e-01	2.0497e-05
NHEJ1	8.1600e-01	9.7042e-01	5.7385e-04
NHLH1	1.1900e+00	5.2708e-01	2.2474e-01
NHLH2	1.7790e+00	6.4343e-01	1.8994e-03
NHLRC1	1.1330e+00	-7.7971e-02	9.5659e-04
NHLRC2	7.2400e-01	7.4500e-01	4.0434e-02
NHLRC3	1.1540e+00	3.1817e-02	1.2560e-02
NHLRC4	1.8200e+00	-8.1744e-02	3.5427e-01
NHP2	1.1230e+00	6.3010e-01	2.0308e-03
NHSL1	6.3800e-01	9.7543e-01	1.5053e-05
NIBAN1	1.2110e+00	3.4579e-01	1.5994e-21
NIBAN2	5.6300e-01	1.5287e+00	9.0936e-02
NIBAN3	1.1970e+00	-3.9220e-01	2.1048e-18
NICN1	1.0340e+00	9.8577e-01	1.7382e-04
NID1	6.7600e-01	1.8199e+00	2.5882e-11
NID2	6.4200e-01	3.5080e-01	5.3132e-10
NIF3L1	1.0180e+00	6.1647e-01	1.1666e-06
NIFK	8.1800e-01	6.6595e-03	1.5162e-01
NIM1K	1.1890e+00	2.3898e-01	2.1142e-11
NIN	6.2000e-01	1.2238e+00	8.5086e-17
NINJ1	1.1030e+00	9.6412e-01	5.8230e-02
NINJ2	1.5540e+00	1.2232e-01	6.8785e-05
NINL	1.1090e+00	-4.8593e-01	1.3818e-47
NIP7	9.1000e-01	3.2814e-01	8.3280e-03
NIPA1	8.3200e-01	8.2421e-01	2.7307e-01
NIPA2	6.9000e-01	1.5120e-01	6.2130e-01
NIPAL1	1.2970e+00	1.1719e+00	2.3163e-08
NIPAL2	1.0500e+00	-1.7214e-01	7.4341e-05
NIPAL3	1.0920e+00	1.5111e+00	6.2902e-10
NIPAL4	1.0370e+00	1.1053e+00	4.5525e-05
NIPBL	5.7000e-02	6.6991e+00	1.0000e+00
NIPSNAP1	6.7800e-01	1.3051e+00	3.4434e-03
NIPSNAP2	1.1960e+00	1.2894e+00	1.8463e-08
NIPSNAP3A	1.1760e+00	6.1290e-01	1.0860e-07
NIPSNAP3B	1.1460e+00	7.8219e-01	3.8145e-08
NISCH	4.8800e-01	3.3086e+00	9.2398e-01
NIT1	1.0440e+00	-8.8740e-02	1.3250e-08
NIT2	1.2490e+00	8.8276e-01	2.0051e-07
NKAIN1	7.9700e-01	1.0384e+00	2.3985e-02
NKAIN2	9.0400e-01	8.9113e-01	2.5526e-01
NKAIN3	1.4480e+00	5.6633e-01	6.8711e-03
NKAIN4	1.4420e+00	-7.2942e-01	1.8347e-09
NKAPD1	5.9100e-01	8.3123e-01	8.4153e-01
NKAPL	8.1200e-01	8.5694e-01	2.2695e-01
NKD1	7.0800e-01	6.1964e-01	8.5892e-03
NKD2	1.6880e+00	-1.6339e+00	3.9103e-18
NKG7	9.2100e-01	1.5691e-01	6.1494e-02
NKIRAS1	1.1280e+00	1.1319e+00	2.4981e-04
NKIRAS2	1.0680e+00	1.4822e+00	2.2981e-04
NKPD1	1.7300e+00	-1.5989e+00	3.8175e-16
NKTR	5.2000e-01	1.3314e+00	1.6311e-01
NKX1-2	8.9400e-01	-3.5411e+00	6.5722e-01
NKX2-1	5.2200e-01	5.7315e-01	9.6360e-01
NKX2-2	6.4000e-01	-1.0674e-01	6.7741e-01
NKX2-3	5.6100e-01	-1.1574e+00	9.2504e-01
NKX2-4	1.9680e+00	-5.0423e+00	5.2037e-04
NKX2-5	3.2100e-01	3.5138e-01	9.9954e-01
NKX2-6	1.6870e+00	-1.5394e+00	1.1935e-03
NKX2-8	1.9320e+00	-2.7010e+00	2.0374e-04
NKX3-1	1.1790e+00	-1.7491e+00	1.6007e-04
NKX3-2	1.2030e+00	-2.6316e+00	2.7059e-04
NKX6-1	1.0210e+00	-1.9705e+00	2.5488e-03
NKX6-2	1.6800e+00	-1.8227e+00	8.8970e-07
NKX6-3	1.2400e+00	-3.7791e-01	1.0176e-05
NLE1	7.7400e-01	1.4635e+00	6.8020e-07
NLGN1	2.9100e-01	3.3933e+00	1.0000e+00
NLGN2	4.0100e-01	3.7368e+00	9.9985e-01
NLK	3.0800e-01	2.5535e+00	9.9996e-01
NLN	9.3400e-01	3.5967e-01	3.4302e-09
NLRC3	1.3860e+00	-2.3217e+00	8.5674e-22
NLRC4	9.4800e-01	1.9922e+00	1.7035e-13
NLRC5	6.5100e-01	2.5900e+00	4.4268e-17
NLRP10	1.2580e+00	1.5839e-02	5.7940e-02
NLRP11	NA	5.6078e-01	NA
NLRP12	1.3360e+00	-9.8489e-01	2.9058e-41
NLRP13	1.0190e+00	-1.3348e+00	2.9151e-23
NLRP14	1.1790e+00	-4.7756e-01	4.4642e-31
NLRP1	8.3500e-01	2.4153e+00	6.4679e-22
NLRP2	1.2320e+00	-1.0505e+00	7.8103e-36
NLRP3	6.3900e-01	3.5159e+00	9.7690e-06
NLRP4	6.4500e-01	1.5912e-01	3.8541e-05
NLRP5	9.6300e-01	-2.1453e+00	1.3451e-24
NLRP6	1.2360e+00	-1.5483e+00	5.6371e-19
NLRP7	9.8100e-01	3.5845e-01	3.1202e-21
NLRP8	1.1010e+00	1.3964e-01	6.9494e-27
NLRP9	1.2400e+00	-7.8857e-01	1.4264e-29
NLRX1	1.0850e+00	1.7269e+00	6.3397e-20
NMB	1.5310e+00	-1.0230e+00	3.2834e-05
NMBR	1.0800e+00	-8.2923e-01	3.9464e-04
NMD3	8.7600e-01	5.2077e-01	1.2546e-02
NME1	9.0900e-01	1.0649e+00	6.7802e-02
NME1-NME2	1.2460e+00	1.4148e+00	1.5507e-11
NME2	1.4880e+00	1.0734e+00	5.7002e-07
NME3	1.9700e+00	-3.0906e+00	2.1316e-13
NME4	1.6020e+00	-8.7409e-01	2.4259e-07
NME5	1.4730e+00	7.1963e-01	2.4246e-04
NME6	1.1620e+00	5.2319e-01	1.0494e-05
NME7	1.1970e+00	5.7874e-01	2.8506e-04
NME8	1.0790e+00	1.9593e-03	6.9088e-13
NME9	1.3930e+00	1.3376e+00	7.6376e-09
NMI	1.4600e+00	6.7659e-01	2.1395e-05
NMNAT1	1.3120e+00	1.2570e+00	5.4024e-06
NMNAT2	4.9400e-01	2.0389e+00	9.8409e-01
NMNAT3	1.4270e+00	4.6061e-01	3.0780e-04
NMRAL1	1.4710e+00	-1.6356e-01	2.1657e-12
NMRK1	1.2040e+00	3.3318e-01	9.5391e-03
NMRK2	1.8870e+00	-8.8169e-01	6.4741e-15
NMS	1.4540e+00	9.7528e-02	1.6050e-09
NMT1	3.1800e-01	3.2164e+00	1.0000e+00
NMT2	7.3700e-01	1.8670e+00	1.8437e-04
NMU	1.2830e+00	-8.4147e-01	1.0174e-01
NMUR1	1.3990e+00	1.1245e+00	5.0124e-07
NMUR2	1.3270e+00	1.2467e-01	4.2504e-07
NNAT	1.1540e+00	5.5772e-01	1.2515e-02
NNMT	1.3060e+00	-9.3150e-01	1.2831e-03
NNT	5.8800e-01	2.1843e+00	4.7582e-03
NOA1	8.6200e-01	-4.2063e-02	1.6738e-08
NOB1	1.2330e+00	-4.5274e-02	6.8934e-14
NOBOX	1.0610e+00	-1.4060e-01	3.6390e-11
NOC2L	1.3440e+00	-1.3490e+00	8.7289e-38
NOC3L	1.0800e+00	7.6611e-01	1.8645e-14
NOC4L	9.6400e-01	-3.7088e+00	2.2796e-10
NOCT	7.5400e-01	6.5152e-01	6.0489e-03
NOD1	9.8100e-01	4.5531e-01	3.8589e-15
NOD2	1.0330e+00	9.2884e-01	2.3754e-22
NODAL	8.5400e-01	2.3715e-01	1.6392e-01
NOG	3.6700e-01	1.4066e+00	9.9555e-01
NOL10	1.0070e+00	3.1565e-01	3.8123e-09
NOL11	8.0300e-01	6.9613e-01	2.0276e-03
NOL12	1.3690e+00	-6.9889e-02	2.8533e-07
NOL3	1.3760e+00	-3.5286e-01	3.6629e-05
NOL4	3.2600e-01	2.2829e+00	1.0000e+00
NOL4L	1.8700e-01	3.0750e+00	1.0000e+00
NOL6	3.4000e-01	2.2136e+00	1.0000e+00
NOL7	1.3690e+00	-9.5834e-01	1.8222e-09
NOL8	9.4800e-01	1.0341e+00	2.9757e-18
NOL9	6.2800e-01	1.1276e+00	1.0702e-02
NOLC1	6.4000e-01	-5.0137e-01	2.9848e-04
NOM1	9.6100e-01	-1.1472e+00	1.0826e-13
NOMO1	5.4800e-01	6.4085e+00	1.2475e-01
NOMO2	5.6600e-01	4.2584e+00	8.4847e-01
NOMO3	5.7100e-01	3.5448e+00	8.6514e-01
NOP10	1.2150e+00	4.7479e-01	3.5269e-02
NOP14	7.0100e-01	-2.7486e-01	7.3530e-09
NOP16	8.5500e-01	9.4641e-01	4.3985e-02
NOP2	2.0800e-01	1.0492e+00	1.0000e+00
NOP53	1.0780e+00	-1.5352e+00	2.0379e-10
NOP56	7.2300e-01	1.3136e+00	3.4607e-05
NOP58	9.9500e-01	9.2660e-01	3.3295e-06
NOP9	9.6400e-01	1.0423e+00	1.8524e-13
NOPCHAP1	1.3460e+00	8.6730e-02	2.1786e-04
NOS1	3.9900e-01	4.7323e+00	1.0000e+00
NOS1AP	4.9500e-01	2.0461e+00	9.8491e-01
NOS2	8.5800e-01	2.1743e+00	2.0618e-22
NOS3	9.0000e-01	1.4882e+00	2.5457e-25
NOSIP	1.1330e+00	8.8795e-01	1.9988e-07
NOSTRIN	1.4740e+00	-4.3341e-01	5.2647e-12
NOTCH1	2.1700e-01	3.6962e+00	1.0000e+00
NOTCH2	1.5100e-01	6.0469e+00	1.0000e+00
NOTCH2NLA	NA	NA	NA
NOTCH2NLB	1.2960e+00	1.5605e+00	5.5961e-01
NOTCH2NLC	1.9160e+00	-1.3890e-01	6.3272e-02
NOTCH2NLR	1.8990e+00	2.6392e-02	5.3964e-09
NOTCH3	5.6600e-01	1.8748e+00	1.5089e-07
NOTCH4	8.6600e-01	2.1824e+00	1.6681e-34
NOTO	1.5970e+00	-1.6254e+00	1.0026e-07
NOTUM	8.7300e-01	-9.1395e-02	1.1702e-07
NOVA1	3.7800e-01	2.4810e+00	9.9969e-01
NOVA2	6.1100e-01	2.5337e+00	8.5257e-01
NOX3	1.2000e+00	2.1162e-01	2.5241e-16
NOX4	1.0180e+00	-3.1018e-02	1.6145e-07
NOX5	1.0690e+00	4.4481e-01	1.5408e-21
NOXA1	1.5640e+00	-2.7098e+00	3.1166e-24
NOXO1	1.6850e+00	-3.8126e+00	9.2359e-17
NOXRED1	9.5200e-01	1.0564e+00	2.6964e-04
NPAP1	1.9350e+00	-5.5252e-02	1.1588e-01
NPAS1	9.1800e-01	-1.4003e+00	4.0950e-06
NPAS2	3.3800e-01	3.1334e+00	1.0000e+00
NPAS3	NA	7.7610e-01	NA
NPAS4	2.3500e-01	1.6445e+00	1.0000e+00
NPAT	4.7400e-01	2.7369e-01	9.9443e-01
NPB	1.9400e+00	-1.8704e+00	1.7599e-04
NPBWR1	1.8910e+00	-1.7297e+00	2.3003e-03
NPBWR2	1.8780e+00	1.4588e+00	3.0761e-01
NPC1	6.7600e-01	1.7197e+00	6.0265e-11
NPC1L1	9.5500e-01	2.0642e+00	5.7022e-27
NPC2	1.4220e+00	4.6551e-01	2.2188e-06
NPDC1	1.1930e+00	-2.3348e+00	6.8765e-05
NPEPL1	1.2870e+00	-1.1412e+00	1.1025e-13
NPEPPS	2.9900e-01	4.7310e+00	1.0000e+00
NPFF	1.7300e+00	-9.0849e-02	6.2875e-07
NPFFR1	1.8930e+00	-1.1641e+00	4.7301e-08
NPFFR2	1.5890e+00	-6.1679e-01	9.3343e-03
NPHP1	9.2000e-01	6.5749e-01	4.4820e-10
NPHP3	8.7300e-01	9.1316e-01	1.4471e-21
NPHP3-ACAD11	9.1500e-01	1.1464e+00	4.5118e-03
NPHP4	1.1830e+00	-3.2500e-01	1.9288e-50
NPHS1	8.7100e-01	1.0229e+00	1.6386e-26
NPHS2	1.3190e+00	4.5250e-02	9.7871e-12
NPIPA1	6.1000e-01	2.4421e+00	8.4538e-01
NPIPA2	1.7200e+00	1.8247e+00	4.0952e-01
NPIPA3	1.8760e+00	2.3258e-01	3.0903e-01
NPIPA5	1.4040e+00	8.8310e-01	1.4040e-01
NPIPB11	1.0550e+00	1.2696e-01	2.0633e-01
NPIPB12	NA	1.6722e+00	NA
NPIPB15	6.4100e-01	3.5660e+00	7.9366e-01
NPIPB2	1.6820e+00	-3.5996e-01	5.0831e-04
NPIPB3	1.8190e+00	1.9546e+00	3.5499e-01
NPIPB4	6.5100e-01	2.5553e+00	8.2307e-01
NPIPB5	1.0920e+00	2.8055e+00	6.2832e-01
NPIPB6	8.5800e-01	1.3144e+00	6.1307e-01
NPIPB7	1.4460e+00	1.8135e+00	5.1136e-01
NPIPB8	1.8530e+00	-1.1273e+00	4.2104e-02
NPIPB9	NA	3.8163e-01	NA
NPL	1.1820e+00	1.3272e+00	1.0574e-08
NPLOC4	4.2600e-01	2.6541e+00	9.9966e-01
NPM1	3.1300e-01	1.4023e+00	9.9648e-01
NPM2	1.0220e+00	-3.2857e-01	4.1054e-06
NPM3	1.0320e+00	-6.2609e-01	2.2890e-03
NPNT	9.4400e-01	5.6177e-01	4.9437e-09
NPPA	1.3010e+00	-2.2320e-01	1.3218e-03
NPPB	1.6290e+00	-7.8598e-02	1.9051e-05
NPPC	1.0360e+00	-7.6804e-01	2.2000e-01
NPR1	6.7100e-01	2.0927e+00	2.8789e-08
NPR2	5.1700e-01	4.5979e+00	4.4949e-01
NPR3	9.2000e-01	5.7660e-01	1.2828e-05
NPRL2	5.6400e-01	2.0745e+00	5.7710e-01
NPRL3	6.5300e-01	3.9418e-01	6.4111e-02
NPS	1.6800e+00	-6.3897e-01	4.2726e-01
NPSR1	1.4090e+00	3.1478e-01	9.0851e-13
NPTN	2.8800e-01	3.5629e+00	9.9999e-01
NPTX1	5.2000e-01	1.6082e+00	9.6393e-01
NPTX2	1.0920e+00	-2.4254e-01	1.4596e-06
NPTXR	8.1500e-01	-9.7573e-01	1.1146e-02
NPVF	1.7370e+00	-4.3990e-01	1.0112e-05
NPW	1.9230e+00	-3.2048e+00	1.6042e-03
NPY	1.4190e+00	6.3028e-01	1.5940e-03
NPY1R	6.8300e-01	2.2781e+00	5.0780e-01
NPY2R	1.0790e+00	1.1154e+00	5.2938e-05
NPY4R	1.6250e+00	2.4596e+00	2.9987e-01
NPY4R2	1.4660e+00	1.9291e+00	5.0486e-01
NPY5R	1.1800e+00	1.0507e+00	9.6098e-07
NQO1	1.2340e+00	1.4976e+00	2.3410e-08
NQO2	1.0700e+00	7.1917e-01	7.7538e-06
NR0B2	1.3400e+00	5.7805e-01	4.2725e-06
NR1D1	4.7600e-01	2.6159e+00	9.9430e-01
NR1D2	7.0200e-01	8.1559e-01	4.6638e-03
NR1H2	9.0100e-01	5.6473e-01	1.7373e-07
NR1H3	5.5600e-01	1.9533e+00	7.6277e-01
NR1H4	5.7700e-01	1.6660e+00	6.6876e-01
NR1I2	1.1770e+00	5.5925e-01	1.2140e-13
NR1I3	1.0150e+00	1.1385e+00	3.2512e-09
NR2C1	7.0100e-01	1.6877e+00	1.4957e-03
NR2C2	1.5900e-01	4.0628e+00	1.0000e+00
NR2C2AP	1.0180e+00	5.5398e-03	1.3994e-03
NR2E1	2.6800e-01	3.3918e+00	1.0000e+00
NR2E3	1.4700e+00	-8.7685e-01	7.8371e-15
NR2F1	1.3300e-01	4.6926e+00	1.0000e+00
NR2F2	1.9700e-01	4.2064e+00	1.0000e+00
NR2F6	1.2560e+00	-9.7621e-01	8.7258e-07
NR3C1	2.9400e-01	3.0576e+00	1.0000e+00
NR3C2	2.6800e-01	2.9983e+00	1.0000e+00
NR4A1	7.1300e-01	1.8606e+00	1.4929e-03
NR4A2	9.3000e-02	2.3057e+00	1.0000e+00
NR4A3	4.3700e-01	1.0269e+00	9.9904e-01
NR5A1	3.1400e-01	2.4175e+00	9.9998e-01
NR5A2	6.1900e-01	1.7368e+00	5.0050e-02
NR6A1	1.9300e-01	2.1960e+00	1.0000e+00
NRAP	1.0450e+00	2.6323e-01	4.5823e-26
NRARP	1.7750e+00	1.8245e+00	2.3376e-01
NRAS	5.5000e-01	2.2441e+00	9.3745e-01
NRBF2	7.3600e-01	1.2623e+00	3.2625e-01
NRBP1	2.1500e-01	4.7025e+00	1.0000e+00
NRBP2	9.1400e-01	4.0534e-01	7.3007e-12
NRCAM	6.5200e-01	2.1340e+00	4.1389e-07
NRDC	5.0300e-01	2.7213e+00	9.2378e-01
NRDE2	6.9600e-01	1.6857e+00	3.5603e-11
NREP	1.8290e+00	-3.3300e-01	2.0574e-02
NRF1	1.8800e-01	5.0758e+00	1.0000e+00
NRG1	3.5900e-01	1.3637e+00	1.0000e+00
NRG2	5.8000e-01	-7.6314e-01	1.4157e-01
NRG3	6.3600e-01	-1.0856e-01	2.7829e-03
NRGN	1.5390e+00	2.6095e-01	4.8037e-01
NRIP1	4.8900e-01	-1.8568e-01	9.8464e-01
NRIP2	1.0330e+00	-3.1019e-01	1.2305e-07
NRIP3	1.6840e+00	-7.9032e-01	7.2492e-12
NRL	1.9170e+00	-5.7486e-01	1.8630e-11
NRM	1.2650e+00	1.8922e+00	1.7294e-06
NRN1	6.2000e-01	1.5635e+00	8.5263e-01
NRN1L	1.9020e+00	-1.0229e+00	1.7331e-05
NRP1	4.0800e-01	1.8829e+00	1.0000e+00
NRP2	5.6200e-01	2.2509e+00	5.9408e-03
NRROS	9.0900e-01	9.2352e-01	1.0908e-01
NRSN1	1.1970e+00	8.7133e-01	1.3742e-04
NRSN2	1.5650e+00	5.7490e-01	7.8669e-07
NRTN	1.1450e+00	-2.4302e+00	3.7433e-01
NRXN1	3.1700e-01	1.2953e+00	1.0000e+00
NRXN2	3.1700e-01	3.0987e+00	1.0000e+00
NRXN3	3.1900e-01	4.1824e+00	1.0000e+00
NSA2	9.1000e-01	2.1414e+00	8.9696e-04
NSD1	1.4400e-01	5.7561e+00	1.0000e+00
NSD2	1.3900e-01	5.6661e+00	1.0000e+00
NSD3	1.7600e-01	5.5992e+00	1.0000e+00
NSF	4.2500e-01	3.1116e+00	9.9792e-01
NSFL1C	5.5200e-01	9.6794e-01	9.1544e-01
NSG1	8.5900e-01	3.8406e-01	1.0410e-01
NSG2	4.8000e-01	1.2108e+00	9.5227e-01
NSL1	9.8100e-01	2.8834e-01	2.1898e-02
NSMAF	7.8600e-01	1.2697e+00	2.8799e-12
NSMCE1	8.4600e-01	8.2383e-01	1.1419e-02
NSMCE2	1.1130e+00	8.4778e-01	5.2197e-01
NSMCE3	NA	-1.0683e+00	NA
NSMCE4A	1.2550e+00	-1.0297e+00	1.8706e-07
NSMF	6.5800e-01	2.4922e-01	9.3631e-04
NSRP1	5.8200e-01	9.2030e-01	5.2682e-01
NSUN2	9.6500e-01	1.4629e-01	6.8367e-15
NSUN3	7.9500e-01	4.8144e-01	6.2291e-03
NSUN4	9.2900e-01	9.8598e-01	8.6226e-08
NSUN5	9.8900e-01	1.3327e+00	1.1452e-10
NSUN6	1.5460e+00	-1.2071e+00	2.1855e-06
NSUN7	1.2450e+00	1.1076e+00	2.0890e-07
NT5C	1.1870e+00	-1.7993e+00	6.3076e-04
NT5C1A	9.3200e-01	6.2407e-01	1.1193e-04
NT5C1B	1.1470e+00	4.7431e-01	6.0513e-06
NT5C1B-RDH14	9.2400e-01	-4.7206e-02	4.1850e-13
NT5C2	1.1280e+00	2.4647e+00	1.0377e-07
NT5C3A	1.1370e+00	6.6849e-01	9.2412e-04
NT5C3B	1.3860e+00	3.7190e-01	4.5143e-08
NT5DC1	1.4060e+00	3.5403e-01	3.6055e-02
NT5DC2	7.8800e-01	1.0532e+00	8.3577e-08
NT5DC3	7.0900e-01	1.5661e+00	1.2197e-02
NT5DC4	1.8090e+00	-1.0780e-01	2.1548e-01
NT5E	1.2540e+00	6.4818e-01	4.0083e-18
NT5M	1.5190e+00	-9.9500e-01	4.9982e-09
NTAN1	1.6330e+00	7.0606e-01	3.4895e-03
NTAQ1	1.0570e+00	-2.6594e-01	1.3321e-04
NTF3	5.2000e-01	1.8077e+00	9.6565e-01
NTF4	1.9580e+00	1.7816e-01	1.3607e-02
NTHL1	1.3810e+00	-1.6971e+00	8.3950e-12
NTM	4.9200e-01	1.5830e+00	9.8715e-01
NTMT1	7.9600e-01	1.9809e+00	1.8680e-01
NTMT2	1.1960e+00	5.8024e-01	1.7601e-07
NTN1	4.4400e-01	5.7483e-01	9.9816e-01
NTN3	1.7380e+00	-2.1157e+00	8.8641e-21
NTN4	5.3300e-01	1.9430e+00	8.3024e-01
NTN5	1.6070e+00	-1.0104e+00	1.4684e-17
NTNG1	4.4400e-01	2.4278e+00	9.9906e-01
NTNG2	5.0100e-01	2.1682e+00	9.8038e-01
NTPCR	1.2510e+00	9.2623e-01	8.4052e-04
NTRK1	9.5400e-01	9.1609e-01	1.1294e-16
NTRK2	1.2300e-01	5.2938e+00	1.0000e+00
NTRK3	3.4700e-01	2.6287e+00	1.0000e+00
NTS	1.8080e+00	-6.8575e-02	5.1478e-02
NTSR1	1.2610e+00	-1.3898e+00	6.7143e-10
NTSR2	1.7310e+00	-1.4206e+00	1.8032e-09
NUAK1	6.3700e-01	2.2117e+00	1.2967e-02
NUAK2	9.6200e-01	1.5759e+00	2.3354e-04
NUB1	7.2800e-01	7.0172e-01	3.2190e-03
NUBP1	1.4980e+00	-1.2332e+00	2.0604e-18
NUBP2	1.4570e+00	-6.6115e-01	9.2366e-09
NUBPL	8.9600e-01	-4.0778e-01	3.5866e-04
NUCB1	1.0040e+00	6.7688e-01	7.1774e-13
NUCB2	1.2540e+00	6.4679e-01	5.8837e-02
NUCKS1	2.8500e-01	1.9695e+00	9.9962e-01
NUDC	5.1100e-01	1.7614e+00	9.7144e-01
NUDCD1	1.0130e+00	7.1533e-01	6.6083e-07
NUDCD2	1.1810e+00	4.6917e-02	1.3352e-03
NUDCD3	4.9200e-01	3.5014e-01	9.8652e-01
NUDT1	1.7380e+00	-3.9352e-01	1.2252e-08
NUDT12	1.2390e+00	-3.7107e-01	2.0830e-09
NUDT13	1.2510e+00	8.2997e-01	2.7817e-12
NUDT14	1.6070e+00	3.0159e-01	5.5937e-09
NUDT15	1.3640e+00	-5.8660e-01	1.7768e-05
NUDT16	1.5910e+00	-5.5318e-01	5.6525e-05
NUDT16L1	1.8370e+00	-1.7374e+00	2.5863e-07
NUDT17	1.3740e+00	-1.3791e+00	1.1208e-13
NUDT18	1.6450e+00	-1.1237e+00	8.0970e-11
NUDT19	1.9500e+00	-4.8354e+00	8.1660e-14
NUDT2	1.2800e+00	4.7067e-01	3.2999e-04
NUDT21	5.1400e-01	3.7708e+00	9.5026e-01
NUDT22	1.2240e+00	1.9319e-01	2.6790e-08
NUDT3	6.7900e-01	1.1606e+00	4.4977e-01
NUDT4	1.7760e+00	-2.7053e-02	3.8124e-01
NUDT5	9.7600e-01	7.5962e-01	1.2878e-02
NUDT6	1.1060e+00	9.2067e-01	1.5433e-04
NUDT7	1.9410e+00	-1.1899e+00	7.0725e-10
NUDT8	1.7560e+00	-9.4339e-01	8.9286e-06
NUDT9	1.0600e+00	9.4893e-01	4.5546e-06
NUF2	9.8900e-01	7.0389e-01	1.1545e-02
NUFIP1	8.6600e-01	4.2923e-01	6.0523e-04
NUFIP2	1.9900e-01	4.7472e-01	1.0000e+00
NUGGC	7.6400e-01	4.5045e-01	7.0683e-06
NUMA1	3.2500e-01	1.4513e+00	1.0000e+00
NUMB	6.4600e-01	1.5625e+00	2.2922e-02
NUMBL	6.2200e-01	1.5310e+00	3.0414e-01
NUP107	8.3300e-01	1.4595e+00	2.8313e-09
NUP133	5.7000e-01	1.0700e+00	1.5088e-02
NUP153	1.7200e-01	-7.3119e-02	1.0000e+00
NUP155	4.7300e-01	1.4638e+00	9.9511e-01
NUP160	5.9100e-01	1.1918e+00	1.7133e-03
NUP188	5.3900e-01	2.4339e+00	6.3884e-05
NUP205	3.6600e-01	2.3713e+00	1.0000e+00
NUP210	8.9400e-01	1.6597e+00	1.7738e-38
NUP210L	4.2100e-01	3.9459e+00	1.0000e+00
NUP214	4.5700e-01	1.1794e+00	9.9889e-01
NUP35	9.1300e-01	8.3779e-03	1.5255e-04
NUP37	1.1440e+00	1.1189e+00	8.7221e-04
NUP42	1.5260e+00	-3.7732e-01	1.1691e-08
NUP43	8.4300e-01	4.1675e-01	1.9025e-04
NUP50	6.6300e-01	1.5254e+00	3.8236e-01
NUP54	6.1100e-01	1.6561e+00	2.7619e-01
NUP58	3.6700e-01	6.7925e-01	9.9982e-01
NUP62	1.5800e-01	8.9112e-01	9.9984e-01
NUP85	3.5200e-01	1.1163e+00	1.0000e+00
NUP88	7.4700e-01	3.3207e-01	1.1815e-07
NUP93	6.7300e-01	1.6118e+00	9.3371e-07
NUP98	1.5500e-01	2.1997e+00	1.0000e+00
NUPR1	1.7510e+00	7.2260e-01	8.9607e-04
NUPR2	1.9700e+00	-1.1290e+00	1.1043e-07
NUS1	1.8200e-01	1.0355e+00	9.9945e-01
NUSAP1	1.0460e+00	5.6506e-01	4.0634e-05
NUTF2	4.0300e-01	3.3386e+00	9.9043e-01
NUTM1	5.3100e-01	1.3219e+00	4.9659e-01
NUTM2A	1.1780e+00	4.0761e+00	4.8807e-01
NUTM2B	4.9700e-01	6.2517e+00	9.4373e-01
NUTM2D	4.6400e-01	3.9095e+00	9.5948e-01
NUTM2F	9.1100e-01	2.5067e+00	4.9602e-05
NUTM2G	1.1160e+00	3.1399e+00	7.1374e-09
NVL	8.9200e-01	1.9966e+00	4.8987e-12
NWD1	1.0640e+00	1.4785e+00	4.7061e-36
NWD2	3.2300e-01	4.5615e+00	1.0000e+00
NXF1	6.0600e-01	3.1906e+00	4.2510e-04
NXN	6.4000e-01	2.5863e-01	3.7145e-01
NXNL1	1.4480e+00	-7.9675e-01	1.4931e-02
NXNL2	1.3710e+00	-5.6240e-01	9.2091e-03
NXPE1	1.8420e+00	-1.0869e-01	4.4488e-02
NXPE2	1.1190e+00	3.0642e-01	5.4072e-04
NXPE3	8.0500e-01	1.3003e+00	6.0641e-05
NXPE4	1.5710e+00	-5.1799e-01	3.9861e-15
NXPH1	4.2600e-01	2.9565e-01	9.9591e-01
NXPH2	5.3300e-01	7.7504e-01	9.5344e-01
NXPH3	7.1200e-01	1.2207e+00	4.8241e-01
NXPH4	1.0420e+00	-8.6888e-01	2.5021e-02
NXT1	7.3900e-01	2.5442e+00	6.9610e-01
NYAP1	6.6500e-01	-9.3954e-01	3.1840e-02
NYAP2	6.9700e-01	-4.1153e-01	8.1691e-03
NYNRIN	6.9600e-01	1.9326e+00	8.3869e-15
OAF	9.5100e-01	3.7203e-01	9.2099e-03
OARD1	1.7640e+00	-1.4183e-02	2.0483e-03
OAS1	8.1700e-01	5.4377e-01	2.0100e-04
OAS2	1.0800e+00	8.7554e-01	7.6789e-20
OAS3	1.1120e+00	1.3843e+00	4.0397e-35
OASL	NA	3.6252e-01	NA
OAT	9.6800e-01	1.6632e+00	2.2793e-07
OAZ1	1.4220e+00	-2.5693e+00	3.1297e-08
OAZ2	1.3130e+00	6.3007e-01	1.2375e-03
OAZ3	1.2860e+00	6.0015e-01	6.7835e-04
OBI1	1.1720e+00	4.1530e-03	1.1821e-16
OBP2A	1.0810e+00	4.6637e-01	1.4761e-03
OBP2B	8.4800e-01	1.4544e+00	7.5118e-02
OBSCN	1.0070e+00	-7.8392e-01	4.8660e-246
OBSL1	1.2120e+00	-1.0499e+00	2.7825e-57
OC90	1.2740e+00	-1.3153e+00	1.7756e-12
OCA2	8.6900e-01	9.6565e-01	1.9006e-14
OCEL1	1.1560e+00	-1.3281e+00	1.4414e-07
OCIAD1	1.1080e+00	3.3857e-02	1.0174e-01
OCIAD2	1.9650e+00	1.5239e-01	2.1588e-04
OCLN	7.2800e-01	2.0729e+00	1.6764e-02
OCM	1.8610e+00	-8.2498e-02	2.6576e-08
OCM2	9.4000e-01	5.6578e-01	1.4008e-01
OCSTAMP	1.0340e+00	3.5798e-01	9.1105e-05
ODAD1	9.0400e-01	7.0467e-01	1.1861e-10
ODAD2	9.7700e-01	9.0537e-01	2.9467e-18
ODAD3	1.0190e+00	-3.1678e-01	2.4574e-16
ODAD4	1.0440e+00	1.4133e+00	1.0902e-10
ODAM	1.3940e+00	-1.9413e-01	4.1529e-08
ODAPH	1.7040e+00	3.8530e-01	7.1659e-02
ODC1	6.1700e-01	1.7383e+00	2.3096e-01
ODF1	7.2000e-01	9.1180e-01	2.2922e-01
ODF2L	NA	-3.5529e-01	NA
ODF2	NA	8.6906e-02	NA
ODF3	1.4770e+00	-8.9103e-01	7.5224e-09
ODF3B	1.5210e+00	-2.3842e+00	7.7934e-10
ODF3L1	1.5780e+00	7.2034e-01	9.6975e-03
ODF3L2	1.9410e+00	-1.2781e+00	4.5109e-04
ODF4	1.1250e+00	7.6718e-01	3.9465e-03
ODR4	1.3580e+00	2.4972e-01	1.3777e-07
OGA	3.2000e-01	3.5563e+00	1.0000e+00
OGDH	4.1500e-01	5.6656e+00	1.0000e+00
OGDHL	8.4700e-01	1.2736e+00	9.3094e-19
OGFOD1	1.0060e+00	9.7064e-01	7.3818e-11
OGFOD2	1.6830e+00	-8.2549e-01	1.3270e-07
OGFOD3	1.2170e+00	1.9676e-01	1.2076e-11
OGFR	9.8400e-01	-3.2030e-01	4.9674e-05
OGFRL1	1.3060e+00	1.2788e-01	5.6953e-06
OGG1	1.0990e+00	-2.7306e-01	7.3876e-12
OGN	8.8700e-01	1.4121e+00	1.9317e-01
OIP5	1.7430e+00	-7.6659e-01	1.1679e-08
OIT3	9.3100e-01	1.4033e+00	4.4064e-08
OLA1	4.9400e-01	1.7533e+00	9.8202e-01
OLAH	1.5580e+00	-3.9085e-01	1.3619e-07
OLFM1	3.2800e-01	4.0374e+00	9.9999e-01
OLFM2	7.3600e-01	3.3098e+00	3.9955e-03
OLFM3	5.8900e-01	2.0634e+00	3.5194e-01
OLFM4	1.1630e+00	8.0618e-01	6.7461e-09
OLFML1	1.1340e+00	-5.7197e-01	2.7594e-10
OLFML2A	1.0100e+00	-1.6444e-01	1.1711e-12
OLFML2B	9.3600e-01	1.8480e-01	7.5129e-14
OLFML3	9.8300e-01	5.8931e-01	2.1458e-06
OLIG1	1.9200e+00	-2.6774e+00	9.5219e-05
OLIG2	1.8420e+00	-5.0382e-01	1.2292e-05
OLIG3	1.3980e+00	-7.9948e-01	1.6087e-04
OLR1	1.0530e+00	1.0165e+00	4.9860e-06
OMD	7.5700e-01	1.0884e+00	3.0978e-02
OMG	5.6500e-01	2.2004e+00	8.9511e-01
OMP	9.4800e-01	-8.0045e-02	1.3332e-01
ONECUT1	8.2300e-01	-1.4587e-01	2.5697e-02
ONECUT2	6.7700e-01	-1.4593e-01	3.8719e-01
ONECUT3	1.9330e+00	-3.2801e+00	1.3739e-06
OOEP	1.6310e+00	1.2432e-01	7.6706e-06
OPA1	5.0300e-01	2.7012e+00	9.2269e-01
OPA3	1.9200e+00	5.3825e-01	2.5087e-04
OPALIN	1.2760e+00	1.2740e-01	3.3779e-04
OPCML	5.3100e-01	1.9936e+00	9.4621e-01
OPLAH	1.1630e+00	-1.8665e+00	1.0530e-35
OPN1SW	1.0300e+00	8.0869e-01	4.9625e-07
OPN3	1.1610e+00	1.1593e+00	3.3178e-09
OPN4	1.1490e+00	-1.5971e-01	2.4081e-14
OPN5	6.3500e-01	2.1411e+00	4.0058e-01
OPRD1	1.4450e+00	2.0565e-01	1.8672e-06
OPRK1	9.0700e-01	7.7697e-01	9.3772e-04
OPRL1	7.1800e-01	2.0497e+00	3.0553e-01
OPRM1	1.0820e+00	-3.3130e-02	4.1934e-07
OPRPN	1.6510e+00	8.9741e-02	4.3923e-01
OPTC	1.2320e+00	5.0844e-01	5.2338e-07
OPTN	8.7700e-01	1.2212e+00	9.8571e-10
OR10A2	1.6060e+00	5.3418e-01	3.6274e-06
OR10A3	1.5710e+00	-2.0005e-01	7.5446e-07
OR10A4	1.6640e+00	-1.1249e+00	1.5261e-07
OR10A5	1.4280e+00	3.5762e-01	1.5274e-03
OR10A6	1.4180e+00	-1.8928e+00	3.4718e-02
OR10A7	1.8530e+00	-5.0007e-01	1.8874e-01
OR10AG1	NA	-4.7118e-01	NA
OR10C1	1.8200e+00	5.0418e-01	3.5450e-01
OR10G2	1.8000e+00	-2.6055e-01	3.6743e-01
OR10G3	1.0170e+00	2.4514e-01	2.9758e-02
OR10G4	1.8540e+00	1.0784e+00	3.2942e-01
OR10G7	NA	8.8725e-01	NA
OR10G8	1.9340e+00	1.1866e-01	1.1760e-01
OR10G9	1.9200e+00	2.5329e-01	1.3384e-01
OR10H1	1.4900e+00	8.0660e-01	9.6567e-05
OR10H2	1.9180e+00	1.0008e+00	6.2472e-02
OR10H3	1.8520e+00	1.5679e-02	1.6139e-06
OR10H4	1.5200e+00	2.1231e-01	4.4510e-04
OR10H5	1.0130e+00	1.2367e+00	5.3878e-02
OR10J1	1.9390e+00	-1.4345e+00	1.1101e-01
OR10J3	NA	-9.8385e-01	NA
OR10J5	1.9550e+00	5.3457e-02	3.7114e-02
OR10K1	1.9220e+00	-2.4891e-01	1.3158e-01
OR10K2	1.8440e+00	-3.4775e-01	3.3679e-01
OR10P1	1.9380e+00	2.1511e-02	1.1202e-01
OR10Q1	1.8880e+00	-3.5470e-02	2.9773e-01
OR10R2	1.7920e+00	-5.1253e-01	3.7224e-01
OR10S1	NA	2.3522e-01	NA
OR10T2	NA	-4.0425e-01	NA
OR10V1	1.8440e+00	1.3514e-01	1.9484e-01
OR10W1	1.8240e+00	-4.0820e-01	3.5176e-01
OR10X1	1.8740e+00	-7.5399e-01	3.1150e-01
OR10Z1	1.8770e+00	-1.3847e+00	1.7206e-01
OR11A1	1.7640e+00	3.2113e-01	3.8766e-01
OR11G2	1.8610e+00	-1.0227e-01	4.6468e-04
OR11H1	1.0000e+00	2.8875e+00	4.7877e-01
OR11H12	1.4860e+00	1.8149e+00	5.2146e-04
OR11H2	6.0800e-01	1.4403e+00	8.4635e-01
OR11H4	1.8390e+00	-1.2519e+00	1.9823e-01
OR11H6	8.9600e-01	4.6657e-01	4.6747e-02
OR11L1	1.8690e+00	2.7434e-01	3.1609e-01
OR12D2	1.8910e+00	7.9296e-01	2.9411e-01
OR12D3	1.8140e+00	1.3156e+00	2.1262e-01
OR13A1	1.8830e+00	-1.1725e+00	3.0675e-06
OR13C2	1.1760e+00	7.7543e-01	5.5738e-03
OR13C3	1.8140e+00	1.9081e-01	1.6207e-08
OR13C4	NA	1.9961e-01	NA
OR13C5	1.2530e+00	3.0671e-01	3.6066e-03
OR13C8	1.7830e+00	5.1069e-01	1.1972e-01
OR13C9	1.9430e+00	4.5460e-01	1.0516e-01
OR13D1	1.8560e+00	6.0323e-01	3.2732e-01
OR13F1	1.8100e+00	3.2441e-01	2.1512e-01
OR13G1	1.8700e+00	6.9526e-01	3.1549e-01
OR13J1	1.7650e+00	6.0340e-01	1.8310e-07
OR14A16	1.9320e+00	6.4033e-01	1.1968e-01
OR14C36	1.8370e+00	3.7856e-02	3.4252e-01
OR14J1	1.8870e+00	6.3078e-01	1.6413e-01
OR1A1	1.1890e+00	1.6890e-01	1.0336e-02
OR1A2	1.3800e+00	5.1566e-01	3.9731e-01
OR1B1	1.9100e+00	1.1276e-01	1.4399e-01
OR1C1	1.8700e+00	-7.1468e-02	3.1519e-01
OR1D2	9.8300e-01	6.7943e-01	6.6904e-01
OR1D5	1.3470e+00	1.9391e+00	4.1078e-01
OR1E1	NA	1.1241e+00	NA
OR1E2	1.1030e+00	9.5049e-01	1.6892e-02
OR1F1	NA	-1.8850e+00	NA
OR1G1	1.8850e+00	9.0169e-01	1.6537e-01
OR1I1	NA	1.4888e-01	NA
OR1J1	1.9120e+00	3.1457e-01	1.4199e-01
OR1J2	NA	4.4149e-01	NA
OR1J4	1.8310e+00	7.4635e-01	3.4637e-01
OR1K1	1.8650e+00	2.3461e-01	1.8062e-01
OR1L1	1.8340e+00	4.3662e-01	3.4431e-01
OR1L3	1.8760e+00	5.6712e-01	3.0948e-01
OR1L4	1.6180e+00	1.3814e+00	1.5864e-03
OR1L6	1.8480e+00	1.2465e+00	3.0539e-05
OR1L8	1.3790e+00	1.2448e+00	5.3283e-01
OR1M1	1.8650e+00	3.4502e-01	3.1969e-01
OR1N1	NA	2.3483e-01	NA
OR1N2	1.9310e+00	7.4366e-01	1.2056e-01
OR1Q1	1.8440e+00	7.5802e-01	3.3687e-01
OR1S1	1.8010e+00	-7.4218e-01	3.6627e-01
OR1S2	1.6260e+00	-2.6165e-01	4.1218e-02
OR2A12	1.9220e+00	2.1699e-01	5.9805e-02
OR2A14	1.8550e+00	4.2230e-02	4.8718e-04
OR2A1	NA	1.7356e+00	NA
OR2A25	1.8330e+00	4.8411e-01	3.4512e-01
OR2A2	NA	2.4267e-01	NA
OR2A4	NA	1.2154e+00	NA
OR2A5	1.1780e+00	-5.0135e-02	1.0957e-02
OR2A7	1.8830e+00	3.5897e+00	3.0261e-01
OR2AE1	1.9050e+00	3.1073e-01	6.9367e-02
OR2AG1	1.9700e+00	1.1443e-01	4.5404e-04
OR2AG2	NA	2.3044e-01	NA
OR2AK2	1.8790e+00	3.7713e-02	3.0693e-01
OR2AP1	1.9660e+00	-2.7023e+00	2.2058e-10
OR2AT4	1.1270e+00	1.0018e+00	2.7893e-02
OR2B11	NA	-1.2351e-01	NA
OR2B2	1.8790e+00	1.4054e+00	3.0693e-01
OR2B3	NA	1.0471e+00	NA
OR2B6	1.8810e+00	7.0283e-01	3.0417e-01
OR2C1	1.9550e+00	-1.1574e+00	3.6618e-02
OR2C3	1.8570e+00	-2.6153e-02	3.2680e-01
OR2D2	1.7010e+00	-3.4544e-01	1.6848e-08
OR2D3	1.7670e+00	-5.3940e-02	2.0191e-03
OR2F1	1.8180e+00	7.3484e-02	2.1682e-02
OR2F2	1.8250e+00	2.9050e-01	2.0669e-01
OR2G2	1.8810e+00	-9.0180e-01	3.0447e-01
OR2G3	1.8810e+00	1.3181e-01	3.0447e-01
OR2G6	1.8000e+00	-8.0981e-01	3.6716e-01
OR2H1	1.7660e+00	6.9418e-02	3.8654e-01
OR2H2	NA	2.8798e-01	NA
OR2J1	1.6410e+00	9.7879e-01	3.3907e-03
OR2J2	1.1430e+00	9.5460e-01	8.8249e-04
OR2J3	1.1010e+00	1.0852e+00	6.3483e-04
OR2K2	9.4100e-01	2.1450e-01	3.0725e-02
OR2L13	1.3630e+00	7.6567e-01	3.9954e-05
OR2L2	1.9360e+00	1.4134e-01	1.1518e-01
OR2L3	1.8670e+00	1.2853e-01	3.1824e-01
OR2L5	1.9350e+00	-3.5780e-01	1.1589e-01
OR2L8	1.8780e+00	8.8102e-01	3.0783e-01
OR2M2	NA	-5.2836e-01	NA
OR2M3	1.2050e+00	-1.9376e-01	3.3912e-01
OR2M4	1.1360e+00	5.2055e-01	1.8517e-03
OR2M5	1.8400e+00	-3.2938e-01	3.3992e-01
OR2M7	1.8770e+00	8.2705e-02	3.0843e-01
OR2S2	1.4910e+00	7.7705e-01	4.9645e-01
OR2T10	NA	1.0888e+00	NA
OR2T11	1.6620e+00	-2.3068e-01	6.3587e-06
OR2T1	1.9170e+00	-5.0519e-01	1.3667e-01
OR2T12	1.8600e+00	1.0074e+00	3.2420e-01
OR2T27	1.8410e+00	7.5224e-01	3.3894e-01
OR2T29	NA	1.1506e+00	NA
OR2T2	NA	3.1071e+00	NA
OR2T3	1.8630e+00	2.2894e+00	3.2165e-01
OR2T33	1.3400e+00	1.2584e+00	4.9465e-04
OR2T34	NA	1.5669e+00	NA
OR2T35	NA	1.1080e+00	NA
OR2T4	1.8270e+00	5.2284e-01	3.4948e-01
OR2T5	NA	1.3542e+00	NA
OR2T6	1.9430e+00	-2.9161e-01	1.0580e-01
OR2T7	NA	7.4962e-01	NA
OR2T8	1.9350e+00	1.7926e+00	1.1540e-01
OR2V1	1.7220e+00	7.5961e-01	9.8296e-08
OR2V2	1.8130e+00	2.4623e-01	3.5888e-01
OR2W1	1.8590e+00	6.7881e-01	3.2519e-01
OR2W3	1.8570e+00	-5.8000e-01	3.2620e-01
OR2Y1	1.8700e+00	-4.0297e-02	3.1491e-01
OR2Z1	1.7950e+00	-4.1259e-01	3.7031e-01
OR3A1	NA	1.1515e-01	NA
OR3A2	1.8470e+00	5.4760e-01	3.3462e-01
OR3A3	1.7930e+00	1.2850e+00	5.4452e-02
OR4A15	NA	-5.0337e+00	NA
OR4A16	NA	-3.6344e+00	NA
OR4A47	1.6190e+00	-2.0567e+00	5.3640e-07
OR4A5	NA	-5.0471e+00	NA
OR4B1	1.9430e+00	-2.4067e+00	1.0485e-01
OR4C11	1.9200e+00	-8.7845e-01	1.3328e-05
OR4C12	1.4870e+00	-5.6506e-01	2.2591e-04
OR4C13	1.9390e+00	-2.5258e+00	2.9407e-11
OR4C15	1.8880e+00	-5.4804e+00	2.9773e-01
OR4C16	1.9300e+00	-5.4286e+00	1.3172e-11
OR4C3	1.9050e+00	-1.4321e+00	1.4858e-01
OR4C45	NA	5.0823e-01	NA
OR4C46	1.9680e+00	-4.8760e+00	4.8238e-09
OR4C6	1.9240e+00	-2.5880e+00	3.2972e-09
OR4D10	1.4870e+00	-7.9464e-02	3.5432e-01
OR4D1	1.0690e+00	9.0806e-01	5.9594e-03
OR4D11	1.3070e+00	6.0986e-02	5.7328e-03
OR4D2	1.1570e+00	5.1394e-01	1.5819e-03
OR4D5	NA	3.3188e-01	NA
OR4D6	1.2020e+00	6.1030e-01	1.1600e-03
OR4D9	1.9400e+00	1.6036e-02	1.9913e-02
OR4E2	1.3320e+00	-7.0233e-01	2.3762e-04
OR4F15	1.0650e+00	-8.9905e-01	3.9254e-02
OR4F17	1.4650e+00	2.4057e+00	5.0506e-01
OR4F4	1.5500e+00	2.5037e+00	3.2952e-01
OR4F5	1.8280e+00	2.0686e-01	3.4887e-01
OR4F6	1.2750e+00	-6.8375e-01	1.5949e-04
OR4K1	1.7010e+00	-2.9898e+00	7.7290e-07
OR4K13	NA	-3.8366e-01	NA
OR4K14	NA	-2.7165e-01	NA
OR4K15	1.7350e+00	1.1079e-01	4.0245e-01
OR4K17	NA	-1.7793e+00	NA
OR4K2	1.2390e+00	-2.8362e+00	3.8905e-03
OR4K5	1.9290e+00	-2.3594e+00	1.2359e-01
OR4L1	NA	-1.3170e+00	NA
OR4M1	1.2800e+00	4.3026e-03	1.4888e-03
OR4M2B	1.8230e+00	7.5328e-01	2.0772e-01
OR4N2	1.8880e+00	5.6829e-01	2.9773e-01
OR4N5	NA	-7.4150e-01	NA
OR4P4	1.8270e+00	2.9175e-01	3.4961e-01
OR4Q3	1.4880e+00	-1.0033e+00	7.6215e-06
OR4S1	1.9270e+00	-2.3412e+00	1.2618e-01
OR4S2	1.7080e+00	1.2009e-01	7.0869e-02
OR4X1	NA	-2.2739e+00	NA
OR4X2	1.8920e+00	-3.2466e+00	2.9297e-01
OR51A2	NA	2.8707e+00	NA
OR51A4	1.9180e+00	1.3975e+00	1.3519e-01
OR51A7	1.8860e+00	-2.9845e-01	7.9067e-02
OR51B2	1.8610e+00	-1.1795e+00	3.2319e-01
OR51B4	1.8080e+00	-2.9081e-02	3.6237e-01
OR51B5	NA	-1.1585e+00	NA
OR51B6	1.8760e+00	-1.8004e+00	3.0903e-01
OR51D1	1.4550e+00	-5.9546e-01	6.0300e-04
OR51E1	1.3470e+00	5.5238e-01	9.8239e-05
OR51E2	1.4530e+00	-7.9872e-01	2.2233e-05
OR51F1	1.4970e+00	-6.6303e-01	4.9450e-01
OR51F2	1.8170e+00	-4.5894e-01	3.5630e-01
OR51G1	1.9350e+00	-6.5343e-01	2.1552e-02
OR51G2	1.5760e+00	-1.0588e+00	1.0616e-05
OR51I1	1.0610e+00	-9.8165e-01	7.1956e-02
OR51I2	1.2430e+00	-1.1992e+00	3.1478e-02
OR51L1	1.7670e+00	4.3148e-01	1.2514e-01
OR51M1	1.8690e+00	-1.5868e+00	3.1641e-01
OR51Q1	1.9360e+00	-1.5161e+00	1.1508e-01
OR51S1	1.7590e+00	-1.1476e+00	2.4122e-01
OR51T1	1.9380e+00	-3.4914e-01	4.9566e-02
OR51V1	1.4000e+00	-1.2465e+00	6.0221e-06
OR52A1	1.4740e+00	-9.5221e-02	1.9581e-05
OR52A5	1.2710e+00	-2.1026e-01	1.6580e-05
OR52B2	1.7080e+00	-6.6594e-01	4.1862e-08
OR52B4	1.8830e+00	-7.4109e-01	3.0241e-01
OR52B6	1.9010e+00	3.7926e-02	7.1696e-02
OR52D1	1.8660e+00	-2.0218e-01	1.6761e-02
OR52E2	NA	-7.6790e-01	NA
OR52E4	1.9550e+00	-7.2111e-01	8.5488e-04
OR52E6	1.8920e+00	-5.0513e-01	2.9275e-01
OR52E8	1.8920e+00	-1.0832e+00	2.9275e-01
OR52H1	1.9310e+00	6.2638e-01	5.4291e-02
OR52I1	1.9390e+00	1.1796e+00	1.1077e-01
OR52I2	1.8700e+00	1.0807e+00	3.1491e-01
OR52J3	NA	-7.0432e-01	NA
OR52K1	1.7700e+00	-3.2138e-01	3.1646e-06
OR52K2	1.4170e+00	-1.1187e+00	3.2338e-04
OR52L1	1.3450e+00	1.5874e-01	2.0412e-05
OR52M1	1.9220e+00	-2.6595e+00	4.7049e-06
OR52N1	1.3340e+00	-3.5398e-01	2.3730e-03
OR52N4	1.4620e+00	-9.9718e-02	9.0407e-06
OR52N5	8.7900e-01	7.8537e-01	3.8974e-01
OR52R1	9.9100e-01	-2.2420e-01	5.9298e-01
OR52W1	1.7250e+00	-1.1298e-01	1.3499e-02
OR56A1	NA	6.5004e-01	NA
OR56A3	1.7420e+00	5.8305e-01	6.0079e-10
OR56A4	1.1120e+00	1.5449e-01	8.3854e-03
OR56A5	1.2490e+00	8.2953e-03	1.7800e-03
OR56B1	1.6440e+00	-6.0596e-01	7.0842e-06
OR56B4	1.9270e+00	-7.9478e-01	1.2575e-01
OR5A1	1.1510e+00	4.2480e-01	1.0095e-04
OR5A2	1.8770e+00	2.7420e-01	3.0843e-01
OR5AC2	1.8920e+00	-1.0268e+00	2.9296e-01
OR5AK2	NA	-9.8327e-01	NA
OR5AN1	1.8720e+00	-1.6462e+00	3.1366e-01
OR5AP2	6.7200e-01	-2.8131e-01	8.1199e-01
OR5AR1	1.7710e+00	-7.1238e-01	4.6140e-07
OR5AS1	NA	-1.5035e+00	NA
OR5AU1	1.8760e+00	-3.8518e-01	8.3573e-02
OR5B12	NA	-3.7955e-01	NA
OR5B17	NA	-8.6497e-01	NA
OR5B21	1.7230e+00	4.4069e-01	4.0805e-01
OR5B2	NA	-4.9993e-01	NA
OR5B3	NA	-6.8500e-01	NA
OR5C1	1.9500e+00	2.3783e-01	4.1257e-02
OR5D13	NA	-1.3898e+00	NA
OR5D14	1.9290e+00	-1.3413e+00	1.2331e-01
OR5D16	NA	-1.2338e+00	NA
OR5D18	1.8530e+00	-2.3437e-01	3.2949e-01
OR5F1	NA	-1.0954e+00	NA
OR5H1	1.8720e+00	-3.2848e-01	3.1348e-01
OR5H14	NA	-7.9438e-01	NA
OR5H15	NA	-6.3423e-01	NA
OR5H2	NA	-1.2733e-01	NA
OR5H6	1.8920e+00	-1.3133e+00	2.9275e-01
OR5I1	1.9390e+00	-7.1821e-01	1.1077e-01
OR5J2	1.2320e+00	-6.7118e-01	1.1766e-01
OR5K1	1.1530e+00	-1.0545e+00	4.6166e-02
OR5K2	NA	-3.6043e-01	NA
OR5K3	NA	-1.4426e+00	NA
OR5K4	1.8620e+00	-5.7697e-01	1.4436e-06
OR5L1	1.8920e+00	-5.0739e-01	2.9275e-01
OR5L2	NA	-9.4661e-01	NA
OR5M10	NA	-8.2410e-02	NA
OR5M11	1.5780e+00	-3.0731e-01	4.6654e-01
OR5M1	1.8880e+00	2.8031e-01	2.9773e-01
OR5M3	1.8510e+00	-4.5328e-01	3.3177e-01
OR5M8	NA	-9.5297e-01	NA
OR5M9	NA	-1.1219e+00	NA
OR5P2	1.9350e+00	-1.1011e+00	2.1659e-02
OR5P3	1.7440e+00	-2.6681e-01	3.9780e-01
OR5T1	1.8170e+00	-8.3283e-01	6.2988e-04
OR5T2	1.4170e+00	-1.6402e+00	1.4417e-04
OR5T3	1.4620e+00	-4.9018e-01	4.8707e-05
OR5V1	1.8630e+00	5.0065e-01	3.2104e-01
OR5W2	NA	-1.2784e+00	NA
OR6A2	9.5200e-01	-1.6980e-01	8.0381e-02
OR6B1	1.3620e+00	3.4627e-01	8.0173e-06
OR6B2	NA	7.5588e-01	NA
OR6B3	1.9350e+00	1.0182e+00	1.1588e-01
OR6C1	1.8920e+00	-9.5413e-02	2.9297e-01
OR6C2	1.8700e+00	-9.0756e-01	3.1491e-01
OR6C3	1.9390e+00	-1.9943e+00	1.1111e-01
OR6C4	1.7770e+00	-1.9340e+00	8.6139e-09
OR6C65	NA	1.6405e-01	NA
OR6C68	NA	-1.0209e+00	NA
OR6C6	NA	-6.9288e-01	NA
OR6C70	NA	-1.1990e+00	NA
OR6C74	1.9390e+00	4.6512e-01	2.0320e-02
OR6C75	1.7840e+00	1.4293e-01	3.7695e-01
OR6C76	NA	3.6502e-01	NA
OR6F1	NA	9.4455e-01	NA
OR6K2	1.9440e+00	-4.3628e-01	1.5908e-04
OR6K3	NA	1.1522e-01	NA
OR6K6	1.5130e+00	8.5568e-02	8.5417e-05
OR6M1	1.8910e+00	5.6977e-01	2.9411e-01
OR6N1	NA	-1.1003e-01	NA
OR6N2	1.8880e+00	4.1185e-02	2.9773e-01
OR6P1	1.7240e+00	-1.5175e+00	1.0971e-05
OR6Q1	1.8070e+00	2.5323e-01	1.1106e-01
OR6S1	1.8670e+00	-4.0987e-01	3.1807e-01
OR6T1	1.8420e+00	4.0117e-01	3.3888e-01
OR6V1	1.2110e+00	9.4076e-01	2.2305e-03
OR6X1	1.8040e+00	7.7926e-01	3.6498e-01
OR6Y1	1.7560e+00	-1.0395e+00	2.1239e-03
OR7A10	1.8440e+00	5.2944e-01	3.3697e-01
OR7A17	1.8910e+00	9.7670e-02	2.9366e-01
OR7A5	1.9380e+00	1.3410e+00	1.1217e-01
OR7C1	NA	1.2100e+00	NA
OR7C2	1.8540e+00	5.9381e-01	3.2919e-01
OR7D2	1.9430e+00	6.2268e-01	1.0570e-01
OR7D4	1.8870e+00	1.2525e+00	2.9804e-01
OR7E24	1.8530e+00	7.8179e-01	3.2975e-01
OR7G1	NA	-6.7808e-03	NA
OR7G2	1.8830e+00	7.5883e-01	3.0261e-01
OR7G3	NA	7.0613e-01	NA
OR8A1	7.5200e-01	7.6911e-01	4.4808e-01
OR8B12	1.9170e+00	2.4561e-01	6.2946e-02
OR8B2	1.8520e+00	1.0617e+00	3.3067e-01
OR8B3	1.8920e+00	1.0893e+00	2.9296e-01
OR8B4	1.9110e+00	5.2868e-01	2.8509e-02
OR8B8	1.3070e+00	1.8613e-01	2.7116e-03
OR8D1	NA	-1.9695e-01	NA
OR8D2	NA	5.8908e-01	NA
OR8D4	NA	5.1737e-01	NA
OR8G1	NA	8.5603e-02	NA
OR8G2P	NA	7.8682e-01	NA
OR8G3P	NA	9.5048e-01	NA
OR8G5	1.9380e+00	5.9108e-01	1.1234e-01
OR8H1	1.8390e+00	-5.1548e-02	3.4084e-01
OR8H2	NA	-2.2964e-02	NA
OR8H3	NA	-1.8712e-01	NA
OR8I2	NA	-1.1119e+00	NA
OR8J1	NA	-6.9384e-01	NA
OR8J3	NA	-5.1296e-01	NA
OR8K1	NA	-4.4265e-01	NA
OR8K3	NA	-1.1915e+00	NA
OR8K5	NA	-8.8254e-01	NA
OR8S1	NA	4.3867e-01	NA
OR8U1	1.6330e+00	-5.7228e-01	8.5517e-02
OR8U3	NA	-2.5678e-01	NA
OR9A2	1.1140e+00	6.9464e-01	2.8395e-04
OR9A4	1.3610e+00	1.9417e-01	8.1061e-06
OR9G1	1.9270e+00	-3.2404e+00	3.6735e-10
OR9G4	1.5900e+00	-6.8068e-01	1.0554e-07
OR9I1	1.2220e+00	-5.0357e-01	4.2798e-03
OR9K2	1.8050e+00	-6.6936e-01	2.4281e-06
OR9Q1	1.3180e+00	4.4118e-01	1.6876e-01
OR9Q2	1.6520e+00	3.3292e-01	6.7591e-06
ORAI1	1.2400e+00	1.0077e+00	2.0620e-04
ORAI2	1.0280e+00	2.3739e+00	8.2549e-03
ORAI3	1.5720e+00	-2.3662e-01	4.4843e-06
ORC1	7.1900e-01	1.5642e+00	8.5922e-10
ORC2	6.4900e-01	1.0126e+00	5.8481e-01
ORC3	1.2590e+00	-2.2075e-01	3.4937e-03
ORC4	1.5320e+00	2.9770e-01	5.0398e-03
ORC5	7.4700e-01	1.2279e-01	6.1898e-01
ORC6	1.7840e+00	-4.3298e-01	1.3973e-10
ORM1	9.9900e-01	8.3933e-02	1.7058e-03
ORM2	1.0620e+00	-8.3954e-01	3.3048e-05
ORMDL1	1.1520e+00	6.2317e-01	1.2706e-02
ORMDL2	1.2810e+00	1.0808e+00	6.9964e-04
ORMDL3	9.1200e-01	1.4210e+00	1.6547e-01
OS9	8.9100e-01	1.3387e+00	8.3961e-13
OSBP2	8.9300e-01	1.7813e+00	5.1782e-16
OSBP	3.9400e-01	3.7432e+00	1.0000e+00
OSBPL10	7.5500e-01	7.2530e-01	2.7662e-09
OSBPL11	4.8000e-01	2.3854e+00	9.9263e-01
OSBPL1A	7.6100e-01	2.1188e+00	1.0698e-12
OSBPL2	4.6700e-01	2.4475e+00	9.9659e-01
OSBPL3	7.3500e-01	1.1547e+00	8.6411e-08
OSBPL5	8.8200e-01	-9.1784e-01	2.1817e-18
OSBPL6	4.7500e-01	1.9531e+00	9.9304e-01
OSBPL7	7.0600e-01	2.5510e+00	2.5065e-11
OSBPL8	5.9700e-01	2.8977e+00	1.7381e-02
OSBPL9	4.1500e-01	3.5802e+00	9.9996e-01
OSCAR	1.4250e+00	-7.9436e-01	2.2293e-09
OSCP1	9.7000e-01	1.4447e+00	4.7894e-09
OSER1	9.3600e-01	8.0313e-01	1.8709e-02
OSGEP	1.1230e+00	1.0499e+00	1.4701e-09
OSGEPL1	9.4400e-01	1.7125e+00	4.4549e-06
OSGIN1	1.4340e+00	-2.3438e+00	6.6470e-08
OSGIN2	4.5400e-01	2.0881e+00	9.9534e-01
OSM	9.1700e-01	1.6097e-01	5.5327e-01
OSMR	9.2700e-01	1.1915e+00	9.5168e-20
OSR1	4.6600e-01	1.8831e+00	9.8054e-01
OSR2	6.5800e-01	2.1003e+00	6.6415e-01
OST4	1.9160e+00	-6.2756e-02	2.7263e-02
OSTC	1.5010e+00	1.1216e+00	4.8532e-04
OSTF1	1.9420e+00	-2.5707e-01	1.9356e-02
OSTM1	1.4250e+00	-1.8691e-01	2.6526e-05
OSTN	1.4560e+00	2.0869e-01	1.4535e-02
OTOA	8.2200e-01	1.3980e+00	8.5242e-16
OTOF	1.0170e+00	1.1131e+00	5.4095e-65
OTOG	1.0910e+00	-9.2884e-01	1.5276e-96
OTOGL	1.0690e+00	-1.0765e+00	3.7715e-65
OTOL1	1.5250e+00	-1.4558e+00	4.5485e-11
OTOP1	1.6310e+00	-3.7493e-01	6.9015e-25
OTOP2	1.1490e+00	7.0487e-01	5.0848e-13
OTOP3	1.0500e+00	-1.4168e-01	5.9693e-12
OTOR	1.6980e+00	-6.0142e-01	4.7268e-04
OTOS	1.6760e+00	-1.1197e+00	5.8315e-06
OTP	7.2600e-01	-1.0053e+00	5.9316e-01
OTUB1	5.5000e-01	1.6901e+00	9.1903e-01
OTUB2	1.0350e+00	5.6211e-01	6.2010e-04
OTUD1	1.0300e+00	-3.5770e+00	3.4806e-04
OTUD3	8.3600e-01	-4.1235e-02	2.9379e-03
OTUD4	2.9600e-01	2.3569e+00	1.0000e+00
OTUD6B	1.4780e+00	-2.6311e-01	1.4689e-06
OTUD7A	2.1600e-01	1.5231e+00	1.0000e+00
OTUD7B	5.2600e-01	1.7748e+00	8.7046e-01
OTULIN	6.6700e-01	2.1003e+00	1.4159e-01
OTULINL	1.2120e+00	2.5887e-01	2.3018e-14
OTX1	5.0800e-01	1.3955e+00	9.7418e-01
OTX2	3.2400e-01	1.6615e+00	9.9980e-01
OVCA2	1.8790e+00	-2.2254e+00	3.3140e-10
OVCH1	NA	-4.0559e-03	NA
OVCH2	1.5120e+00	-4.4078e-01	4.7196e-31
OVGP1	7.8400e-01	6.8086e-01	2.8290e-04
OVOL1	8.7100e-01	1.6277e+00	7.9550e-03
OVOL2	1.2180e+00	-1.3683e-01	2.4182e-04
OVOL3	1.6330e+00	-2.4426e-01	4.4035e-09
OXA1L	1.0220e+00	1.5644e-01	9.4745e-11
OXCT1	5.2100e-01	2.3964e+00	9.6509e-01
OXCT2	NA	2.3867e+00	NA
OXER1	1.9130e+00	-3.9520e-01	1.4093e-01
OXGR1	1.5040e+00	5.6073e-01	1.2165e-06
OXLD1	1.9430e+00	-9.3318e-01	2.9748e-06
OXNAD1	1.4180e+00	-1.8036e-01	1.1721e-11
OXR1	4.8200e-01	4.7797e-01	9.9064e-01
OXSM	9.5600e-01	4.0737e-01	7.5929e-05
OXSR1	5.7300e-01	1.1686e+00	9.1366e-01
OXT	1.9130e+00	-1.6329e+00	2.0081e-06
OXTR	1.2780e+00	3.6427e-01	3.1729e-07
P2RX1	1.0810e+00	1.6067e+00	1.3244e-12
P2RX2	1.2760e+00	-8.0780e-01	1.1818e-17
P2RX3	1.0410e+00	1.0670e+00	3.0196e-11
P2RX4	1.0800e+00	3.8352e-01	2.3455e-11
P2RX5	1.0710e+00	1.9296e-02	1.4475e-11
P2RX5-TAX1BP3	NA	-3.5977e-03	NA
P2RX6	1.5310e+00	-4.9675e-01	4.5257e-26
P2RX7	9.5800e-01	9.6277e-01	4.3245e-13
P2RY11	1.9050e+00	-2.6993e+00	5.0183e-03
P2RY12	1.1600e+00	1.2620e+00	8.2724e-02
P2RY13	1.1330e+00	5.8515e-01	6.1354e-01
P2RY14	1.8480e+00	7.5581e-01	1.2867e-03
P2RY1	9.3300e-01	1.6906e+00	2.0437e-03
P2RY2	1.9170e+00	-9.7568e-01	1.3659e-01
P2RY6	1.6000e+00	7.9178e-01	1.5235e-08
P3H1	1.0490e+00	9.7362e-01	2.1582e-22
P3H2	1.2490e+00	-1.6098e+00	3.7084e-19
P3H3	1.2320e+00	-1.2504e+00	3.0753e-22
P3H4	1.1740e+00	-9.5296e-02	2.5673e-15
P3R3URF	1.3980e+00	3.3957e-02	1.7658e-02
P3R3URF-PIK3R3	1.3470e+00	-7.9631e-01	2.3939e-09
P4HA1	4.2900e-01	1.4040e+00	9.8488e-01
P4HA2	8.4100e-01	1.3154e+00	2.7300e-06
P4HA3	1.0190e+00	8.7829e-02	5.9514e-14
P4HB	5.6100e-01	9.5522e-01	6.5156e-01
P4HTM	8.1500e-01	1.8747e+00	1.2041e-06
PA2G4	2.3100e-01	4.4747e+00	1.0000e+00
PAAF1	1.1450e+00	9.5126e-01	9.9130e-10
PABIR1	4.0700e-01	1.6399e+00	9.8981e-01
PABPC1	1.1900e-01	6.2618e+00	1.0000e+00
PABPC1L	6.0800e-01	1.4785e+00	2.8055e-02
PABPC3	1.3060e+00	2.4650e-01	2.3246e-15
PABPC4	3.1100e-01	3.3171e+00	1.0000e+00
PABPC4L	1.9430e+00	-6.1661e-02	4.6094e-02
PABPN1	3.6900e-01	1.3548e+00	9.9939e-01
PABPN1L	1.8830e+00	-2.9001e+00	3.1043e-17
PACC1	1.0870e+00	1.2952e+00	1.4301e-09
PACRG	1.3010e+00	1.0591e+00	3.7175e-10
PACRGL	1.5010e+00	-5.1106e-01	1.4703e-08
PACS1	3.0000e-01	3.8830e+00	1.0000e+00
PACS2	5.6100e-01	2.1276e+00	3.3356e-01
PACSIN1	4.2500e-01	2.0925e+00	9.9961e-01
PACSIN2	5.2400e-01	2.1542e+00	8.8079e-01
PACSIN3	8.4700e-01	6.7111e-01	1.4588e-07
PADI1	1.0870e+00	-7.0657e-01	1.9110e-16
PADI2	1.3250e+00	1.7522e-01	1.2121e-18
PADI3	9.0000e-01	1.0956e+00	6.5376e-12
PADI4	1.0120e+00	2.5703e-01	2.3688e-10
PADI6	9.9500e-01	3.6547e-01	2.6604e-18
PAEP	1.6550e+00	9.3314e-02	1.0089e-11
PAF1	5.9600e-01	3.8716e+00	2.3941e-02
PAFAH1B1	1.0000e-01	3.7117e+00	1.0000e+00
PAFAH1B2	6.7100e-01	1.6935e+00	7.2615e-01
PAFAH1B3	1.0120e+00	7.4115e-01	2.2528e-04
PAFAH2	1.1180e+00	4.1791e-01	8.8135e-11
PAG1	1.0480e+00	1.4722e+00	2.0274e-05
PAGR1	1.6050e+00	-3.2164e-01	3.7110e-08
PAH	1.2650e+00	-3.0735e-04	9.0947e-20
PAICS	7.7200e-01	4.2866e-01	3.9724e-01
PAIP1	1.7570e+00	-1.8882e+00	8.6998e-04
PAIP2	1.3110e+00	3.8466e-01	5.5472e-01
PAIP2B	1.5270e+00	6.3763e-01	4.3025e-04
PAK1	7.0500e-01	3.8202e+00	5.9590e-02
PAK1IP1	1.2760e+00	9.8183e-01	1.5912e-04
PAK2	6.6200e-01	1.8583e+00	8.3414e-01
PAK4	1.7450e+00	-7.7851e-01	1.5265e-04
PAK5	3.2900e-01	1.8177e+00	1.0000e+00
PAK6	1.2650e+00	2.2052e-01	2.8841e-02
PALB2	9.0000e-01	8.2040e-01	1.2379e-19
PALD1	7.5100e-01	1.1011e+00	4.9448e-10
PALLD	6.4400e-01	1.6038e+00	1.3451e-05
PALM2AKAP2	1.8940e+00	4.3198e-01	1.5785e-01
PALM3	1.2750e+00	4.3531e-01	1.3748e-08
PALM	9.5500e-01	-2.0706e-01	1.5446e-03
PALMD	9.6300e-01	3.9999e-01	3.6804e-05
PALS1	6.4700e-01	1.6631e+00	8.5292e-03
PALS2	6.3800e-01	1.5805e+00	1.7152e-02
PAM16	1.0330e+00	-9.1178e-01	7.9290e-03
PAM	8.6300e-01	1.2632e+00	6.4172e-04
PAMR1	1.2740e+00	4.3199e-01	2.4564e-23
PAN2	5.9400e-01	4.8474e+00	1.6351e-06
PAN3	2.6200e-01	2.0705e+00	1.0000e+00
PANK1	8.1600e-01	1.5113e+00	6.8689e-03
PANK2	1.1150e+00	-4.4000e-02	4.5210e-11
PANK3	7.5400e-01	2.7195e+00	2.1732e-02
PANK4	6.6000e-01	1.4025e+00	4.0408e-04
PANX1	9.8300e-01	-3.5264e-02	1.1418e-06
PANX2	1.2790e+00	-2.5586e-01	1.1548e-09
PANX3	8.3300e-01	1.2898e+00	6.6338e-04
PAOX	1.2920e+00	8.3624e-02	5.4296e-13
PAPLN	1.1820e+00	-5.3147e-01	1.5708e-51
PAPOLA	2.1300e-01	2.8480e+00	1.0000e+00
PAPOLB	1.0550e+00	-2.7475e-01	9.5374e-06
PAPOLG	4.7100e-01	2.7530e+00	9.9638e-01
PAPPA2	5.4900e-01	2.1482e+00	1.3615e-05
PAPPA	4.6700e-01	2.8169e+00	9.9667e-01
PAPSS1	9.8400e-01	1.8439e+00	4.8893e-10
PAPSS2	1.1410e+00	1.4628e+00	6.3954e-14
PAQR3	1.1700e+00	7.1474e-01	1.4395e-12
PAQR4	1.7080e+00	-4.9333e-01	4.1625e-11
PAQR5	7.8900e-01	9.3380e-01	1.0978e-02
PAQR6	1.2540e+00	2.0032e-01	1.3398e-11
PAQR7	8.3900e-01	1.9472e+00	7.7009e-03
PAQR8	9.7200e-01	1.3343e+00	2.0347e-04
PAQR9	8.2400e-01	1.7136e+00	2.5069e-02
PARD3	6.1000e-01	8.4614e-01	3.7908e-06
PARD3B	9.1200e-01	-7.8129e-01	9.0380e-21
PARD6A	1.5220e+00	1.1917e+00	7.3702e-08
PARD6B	9.1600e-01	1.2760e+00	5.5390e-01
PARD6G	1.5420e+00	-8.5655e-01	1.0928e-02
PARG	5.2100e-01	9.2831e-01	9.6455e-01
PARK7	1.0250e+00	3.6438e-01	1.3008e-03
PARL	1.2540e+00	-2.8693e-02	1.8076e-08
PARM1	9.8700e-01	5.4346e-01	3.5532e-03
PARN	9.1800e-01	-2.3120e-01	2.4650e-03
PARP10	9.1000e-01	8.8293e-01	3.3075e-14
PARP11	1.0610e+00	1.1285e+00	1.9058e-08
PARP12	1.0220e+00	1.7234e-01	5.4256e-17
PARP14	4.3400e-01	3.6447e+00	9.9997e-01
PARP1	4.5400e-01	2.0272e+00	9.9942e-01
PARP15	9.5300e-01	6.2461e-01	2.6998e-13
PARP16	1.1850e+00	-2.3059e-01	4.8641e-10
PARP2	1.0370e+00	8.5006e-01	3.2864e-11
PARP3	1.0010e+00	6.0153e-01	7.8457e-13
PARP4	7.8600e-01	9.4897e-01	1.2271e-13
PARP6	4.5100e-01	3.2065e+00	9.9857e-01
PARP8	6.0600e-01	1.7591e+00	4.4416e-03
PARP9	8.2100e-01	2.4856e+00	9.0986e-10
PARPBP	1.6000e+00	3.2646e-02	3.0809e-04
PARS2	9.7700e-01	6.9919e-01	8.5003e-06
PARVA	6.7900e-01	3.2741e-01	1.8884e-01
PARVB	1.2680e+00	-1.9819e-01	1.5050e-08
PARVG	1.0370e+00	3.0655e-01	5.0676e-10
PASK	1.0300e+00	1.2316e+00	1.5221e-32
PATE1	1.9130e+00	-3.2719e-01	1.7504e-10
PATE2	1.1370e+00	3.0911e-01	7.1272e-03
PATE3	1.6890e+00	3.2682e-01	1.5278e-02
PATE4	1.9170e+00	-2.6447e-01	1.8812e-06
PATJ	8.4100e-01	1.6850e+00	2.4724e-20
PATL1	3.9500e-01	2.3901e+00	1.0000e+00
PATL2	1.1630e+00	7.1254e-01	3.9477e-23
PATZ1	3.3100e-01	3.9898e+00	9.9999e-01
PAWR	1.9450e+00	-3.1902e+00	4.1854e-04
PAX1	8.6000e-01	-2.1968e+00	6.7656e-04
PAX2	4.5100e-01	1.8762e+00	9.9743e-01
PAX3	4.0900e-01	1.8017e+00	9.9985e-01
PAX4	1.0560e+00	-2.7394e-01	1.3428e-09
PAX5	3.6100e-01	2.3767e+00	9.9992e-01
PAX6	2.2600e-01	3.2634e+00	1.0000e+00
PAX7	5.0400e-01	1.0115e+00	9.7674e-01
PAX8	4.1500e-01	6.3944e-01	9.9965e-01
PAX9	4.3500e-01	9.2775e-01	9.9608e-01
PAXBP1	4.4300e-01	1.8745e+00	9.9979e-01
PAXIP1	2.7500e-01	2.8109e+00	1.0000e+00
PAXX	1.5140e+00	-7.2697e-01	8.4169e-10
PBK	1.0570e+00	3.6985e-01	4.3364e-01
PBLD	9.9800e-01	1.2225e+00	4.0552e-05
PBOV1	1.9290e+00	3.5528e-01	1.2331e-01
PBRM1	1.7870e+00	5.9939e-01	3.7467e-01
PBX1	2.1200e-01	4.3043e+00	1.0000e+00
PBX2	3.9900e-01	2.4507e+00	9.9974e-01
PBX3	3.5600e-01	2.5783e+00	9.9981e-01
PBX4	1.0790e+00	4.3632e-01	1.1107e-07
PBXIP1	1.1840e+00	1.4649e+00	2.8842e-24
PC	5.3900e-01	3.7757e+00	6.5118e-02
PCARE	1.0320e+00	-1.1049e+00	1.0025e-21
PCBD1	1.6850e+00	1.5951e+00	1.3794e-05
PCBD2	1.3030e+00	3.0359e-01	1.3078e-03
PCBP1	1.5600e-01	4.1913e+00	9.9985e-01
PCBP2	1.3900e-01	4.6626e+00	1.0000e+00
PCBP3	7.0300e-01	1.7051e+00	3.0803e-02
PCBP4	7.2200e-01	2.1693e+00	1.0909e-03
PCCA	9.8600e-01	1.1290e-01	4.8464e-05
PCCB	8.4300e-01	-9.6306e-01	1.1332e-04
PCDH10	2.9700e-01	1.7649e+00	1.0000e+00
PCDH12	7.5200e-01	1.8193e+00	2.2416e-08
PCDH1	4.4800e-01	4.0735e+00	9.9937e-01
PCDH15	8.1900e-01	-1.4461e-01	8.4349e-24
PCDH17	4.2500e-01	1.7403e+00	9.9988e-01
PCDH18	6.7300e-01	1.1534e+00	6.7426e-05
PCDH20	6.9400e-01	5.8998e-01	2.7235e-02
PCDH7	5.5000e-01	1.9244e+00	8.9258e-01
PCDH8	1.1460e+00	-2.2748e+00	2.3378e-11
PCDH9	4.0900e-01	2.8478e+00	9.9993e-01
PCDHA10	9.1200e-01	1.0366e-01	2.6816e-11
PCDHA11	1.0310e+00	-1.2207e-01	9.6197e-18
PCDHA12	9.2800e-01	2.9733e-01	2.8611e-11
PCDHA13	1.0010e+00	8.0551e-01	3.5680e-15
PCDHA1	8.4900e-01	5.4525e-01	1.5523e-09
PCDHA2	1.0540e+00	4.8546e-01	3.3883e-17
PCDHA3	8.1300e-01	1.1602e-01	1.0716e-08
PCDHA4	9.7600e-01	4.2582e-01	2.3389e-13
PCDHA5	8.6800e-01	-8.5520e-02	4.2578e-10
PCDHA6	1.0900e+00	-1.9692e-01	3.6154e-16
PCDHA7	8.5700e-01	1.6819e-02	3.4728e-08
PCDHA8	1.0360e+00	-1.3706e-01	2.1256e-15
PCDHA9	1.2290e+00	1.7352e-01	1.0356e-20
PCDHAC1	8.6900e-01	1.3194e+00	7.3464e-10
PCDHAC2	4.9600e-01	1.6451e+00	9.8068e-01
PCDHB10	1.9310e+00	-9.4121e-01	1.2112e-01
PCDHB11	1.8860e+00	-1.5868e+00	2.9959e-01
PCDHB1	1.2310e+00	1.6974e+00	6.2744e-15
PCDHB12	1.8920e+00	-1.9726e+00	2.9275e-01
PCDHB13	1.9370e+00	-1.4454e+00	1.1322e-01
PCDHB14	1.9290e+00	-1.2661e+00	5.5839e-02
PCDHB15	1.8300e+00	-1.1726e-01	3.4754e-01
PCDHB16	NA	-8.6894e-01	NA
PCDHB2	1.8920e+00	1.2986e+00	2.9297e-01
PCDHB3	1.8860e+00	7.4736e-01	2.9912e-01
PCDHB4	1.9330e+00	-4.1942e-01	1.1829e-01
PCDHB5	1.8590e+00	-5.6705e-01	3.2512e-01
PCDHB6	NA	-1.1674e+00	NA
PCDHB7	1.8540e+00	-1.6309e+00	3.2919e-01
PCDHB8	1.9220e+00	-6.4230e-01	1.3135e-01
PCDHB9	1.8610e+00	-1.3363e+00	3.2296e-01
PCDHGA10	8.5000e-01	1.6813e+00	4.6437e-09
PCDHGA11	8.0800e-01	1.0303e+00	3.8701e-08
PCDHGA12	8.7700e-01	6.6406e-01	3.0473e-10
PCDHGA1	7.0800e-01	4.6702e-01	6.3842e-05
PCDHGA2	8.3600e-01	4.8681e-01	7.6150e-09
PCDHGA3	8.4700e-01	3.0280e-01	5.0749e-09
PCDHGA4	8.9400e-01	-6.4645e-02	3.3513e-09
PCDHGA5	7.9400e-01	-2.8063e-01	3.1172e-07
PCDHGA6	8.3400e-01	-4.9435e-01	4.7768e-09
PCDHGA7	9.1300e-01	-2.4608e-02	4.7292e-11
PCDHGA8	9.0300e-01	1.2095e-01	6.8147e-11
PCDHGA9	7.3700e-01	1.0036e+00	2.0149e-06
PCDHGB1	7.7500e-01	-7.8474e-02	1.7422e-06
PCDHGB2	1.1030e+00	3.1209e-01	5.3408e-17
PCDHGB3	8.3300e-01	-4.2514e-01	8.4384e-09
PCDHGB4	8.3500e-01	7.7312e-01	7.1498e-08
PCDHGB5	1.0150e+00	6.8612e-01	1.3211e-13
PCDHGB6	1.0220e+00	1.3519e+00	1.3734e-14
PCDHGB7	7.1100e-01	1.0799e+00	2.3595e-05
PCDHGC3	5.7600e-01	2.3142e+00	2.0630e-01
PCDHGC4	3.6300e-01	2.5366e+00	1.0000e+00
PCDHGC5	5.6400e-01	2.1462e+00	3.8545e-01
PCED1A	6.9300e-01	1.7243e+00	1.3378e-02
PCED1B	1.9310e+00	2.1045e-01	1.2088e-01
PCF11	1.4500e-01	2.2115e+00	1.0000e+00
PCGF1	4.4600e-01	1.9226e+00	9.9754e-01
PCGF2	4.4300e-01	-1.0882e-01	9.9687e-01
PCGF3	5.0000e-01	1.7889e+00	9.7146e-01
PCGF5	4.7900e-01	2.3522e+00	9.8799e-01
PCGF6	1.0120e+00	4.1874e-01	1.1910e-04
PCID2	1.1740e+00	1.2739e+00	8.1105e-05
PCIF1	2.2900e-01	3.1915e+00	1.0000e+00
PCK1	1.1090e+00	7.8090e-01	6.4580e-13
PCK2	1.0570e+00	5.7823e-01	1.2732e-16
PCLAF	1.1270e+00	6.8724e-01	1.4648e-02
PCLO	1.9100e-01	4.9955e-01	1.0000e+00
PCM1	7.0000e-01	-6.7316e+00	2.9881e-12
PCMT1	7.1700e-01	1.0362e+00	7.2993e-01
PCMTD1	4.4300e-01	3.2236e+00	9.9682e-01
PCMTD2	8.6500e-01	1.5264e+00	1.4589e-02
PCNA	4.2000e-01	3.2348e+00	9.9498e-01
PCNP	8.5200e-01	4.2218e-01	4.2966e-01
PCNT	9.4300e-01	-4.5580e-01	1.9599e-84
PCNX1	4.0800e-01	2.0038e+00	1.0000e+00
PCNX2	8.6600e-01	1.2273e+00	6.6644e-41
PCNX3	3.9500e-01	1.7468e+00	1.0000e+00
PCNX4	1.0560e+00	-8.0409e-01	1.3207e-28
PCOLCE	1.0740e+00	-1.1623e-01	7.4317e-09
PCOLCE2	1.0630e+00	2.2690e-01	4.6470e-04
PCOTH	1.4540e+00	2.4386e+00	3.6731e-01
PCP2	1.9330e+00	-1.2340e+00	3.1009e-10
PCP4	1.4950e+00	1.0253e+00	1.1608e-01
PCP4L1	1.8380e+00	-4.3394e-02	2.1692e-04
PCSK1	7.0900e-01	2.0983e+00	3.1448e-06
PCSK2	2.4900e-01	3.5998e+00	1.0000e+00
PCSK4	NA	-1.3201e+00	NA
PCSK5	7.2400e-01	2.5535e+00	2.8247e-16
PCSK6	9.0900e-01	4.8815e-01	7.1171e-20
PCSK7	8.8100e-01	2.1121e+00	9.3110e-07
PCSK9	1.2500e+00	5.8699e-01	1.1172e-20
PCTP	1.5080e+00	-5.6922e-01	4.9065e-07
PCYOX1	1.4030e+00	-2.9510e-01	2.4721e-12
PCYOX1L	1.1740e+00	7.3521e-01	6.1124e-13
PCYT1A	9.3400e-01	3.5680e-01	1.9229e-02
PCYT2	9.0300e-01	1.4280e+00	2.7339e-08
PDAP1	9.3400e-01	1.7179e+00	3.5503e-03
PDC	1.8140e+00	3.5446e-01	6.4098e-04
PDCD10	9.2400e-01	6.0110e-01	6.3640e-01
PDCD11	5.7300e-01	2.0955e+00	1.0676e-07
PDCD1	8.9100e-01	1.4210e+00	2.9638e-02
PDCD1LG2	1.5160e+00	-8.2501e-01	1.2809e-10
PDCD2	1.7430e+00	-2.0732e+00	1.6560e-13
PDCD2L	1.3740e+00	-3.2319e-01	9.5048e-12
PDCD4	1.6710e+00	8.5002e-01	1.2743e-03
PDCD5	1.8370e+00	-1.1667e+00	2.5921e-07
PDCD6	8.4700e-01	5.2199e-01	1.7294e-01
PDCD6-AHRR	NA	-3.0729e-01	NA
PDCD6IP	5.8300e-01	1.1100e+00	1.8774e-01
PDCD7	1.4590e+00	-1.5828e+00	2.4442e-14
PDCL2	1.2670e+00	1.0236e-01	6.9177e-03
PDCL3	1.2340e+00	1.0346e+00	1.1018e-07
PDCL	6.5100e-01	1.1486e+00	4.4049e-01
PDE10A	4.2700e-01	4.0387e+00	9.9932e-01
PDE11A	1.1180e+00	2.7814e-01	2.8852e-08
PDE12	7.5700e-01	2.1885e+00	1.5110e-04
PDE1A	8.3400e-01	7.3067e-01	1.0999e-03
PDE1B	3.7700e-01	2.9474e+00	9.9998e-01
PDE1C	8.4300e-01	2.1004e+00	1.1021e-09
PDE2A	5.6400e-01	3.8751e+00	1.5822e-02
PDE3A	7.6300e-01	-6.2454e-01	3.0362e-05
PDE3B	9.5500e-01	-1.0165e+00	6.9090e-09
PDE4A	4.3400e-01	2.4761e+00	9.9976e-01
PDE4B	3.7400e-01	3.0266e+00	9.9999e-01
PDE4C	1.4540e+00	1.9523e-02	6.7099e-03
PDE4D	4.0300e-01	2.3461e+00	9.9990e-01
PDE4DIP	7.3700e-01	1.9542e+00	1.0759e-03
PDE5A	7.0400e-01	1.5493e+00	6.4875e-03
PDE6A	8.8800e-01	8.9523e-01	5.8670e-17
PDE6B	1.2380e+00	-8.5660e-02	7.3529e-27
PDE6C	9.7600e-01	1.3389e+00	3.3177e-14
PDE6D	1.0270e+00	4.4364e-01	2.2718e-01
PDE6G	1.4460e+00	4.5901e-01	6.2873e-04
PDE6H	1.9040e+00	3.1965e-01	5.1090e-03
PDE7A	1.2380e+00	-1.0515e-03	1.9011e-03
PDE7B	7.9200e-01	1.2016e+00	1.9231e-01
PDE8A	6.3100e-01	6.2264e-02	3.0488e-02
PDE8B	3.5100e-01	3.3877e+00	1.0000e+00
PDE9A	1.0920e+00	1.2785e+00	6.3141e-10
PDF	1.9840e+00	-3.8637e+00	9.7694e-17
PDGFA	1.5470e+00	-4.5690e-01	3.3088e-01
PDGFB	4.7300e-01	8.2769e-01	9.8841e-01
PDGFC	3.3900e-01	1.2943e+00	9.7589e-01
PDGFD	9.2600e-01	4.4104e-01	5.6513e-07
PDGFRA	2.6400e-01	3.4194e+00	1.0000e+00
PDGFRB	5.0400e-01	2.8591e+00	9.3843e-01
PDGFRL	1.6390e+00	-3.1484e+00	1.4276e-15
PDHA2	1.4060e+00	-1.6014e-01	5.2437e-01
PDHB	5.8600e-01	2.2186e+00	7.8728e-01
PDHX	7.9700e-01	3.0442e-01	1.4274e-03
PDIA2	1.7620e+00	-3.2032e+00	3.7197e-32
PDIA3	4.2600e-01	1.1721e+00	9.9706e-01
PDIA4	6.6700e-01	3.3403e-01	8.6438e-04
PDIA5	8.9800e-01	6.7729e-01	2.9173e-09
PDIA6	6.1900e-01	1.0287e+00	3.8281e-01
PDIK1L	5.5400e-01	3.8488e+00	9.1865e-01
PDILT	9.9200e-01	2.8112e-01	7.6165e-12
PDK1	1.2680e+00	-6.7004e-01	7.8521e-05
PDK2	9.2000e-01	2.5804e+00	1.9791e-07
PDK4	1.2440e+00	4.9131e-02	3.7822e-03
PDLIM1	1.0720e+00	9.1334e-01	1.4863e-05
PDLIM2	1.9040e+00	4.5124e-01	1.4929e-01
PDLIM3	1.0710e+00	7.4665e-01	9.9167e-07
PDLIM4	9.5600e-01	2.1741e-01	8.4434e-04
PDLIM5	9.0700e-01	5.5162e-01	1.4722e-02
PDLIM7	9.1000e-01	-8.6741e-02	4.1395e-08
PDP1	5.3200e-01	2.0022e+00	9.3914e-01
PDP2	9.6100e-01	1.7025e+00	9.2777e-07
PDPK1	3.3300e-01	2.1330e+00	9.9970e-01
PDPN	6.8900e-01	3.9220e-01	7.3370e-01
PDPR	8.2600e-01	2.6992e+00	4.2047e-10
PDRG1	1.3480e+00	-5.1296e-01	4.4277e-05
PDS5A	5.2000e-01	2.7013e+00	9.5998e-01
PDS5B	4.9800e-01	2.3569e+00	9.8231e-01
PDSS1	1.1630e+00	1.1942e+00	5.7001e-07
PDSS2	8.1800e-01	1.0961e+00	4.0573e-03
PDX1	1.6420e+00	-1.1492e+00	3.3698e-03
PDXDC1	6.3400e-01	2.4630e+00	8.0327e-04
PDXK	5.9700e-01	8.1631e-01	7.7098e-01
PDXP	1.9120e+00	-1.8486e+00	2.6827e-07
PDYN	7.6900e-01	-1.6187e-02	4.9225e-01
PDZD2	4.6700e-01	3.1542e+00	9.9236e-01
PDZD3	1.2530e+00	3.9223e-01	9.8491e-18
PDZD7	1.0570e+00	-9.7970e-01	2.6173e-21
PDZD8	2.5100e-01	2.5451e+00	1.0000e+00
PDZD9	1.2420e+00	6.7480e-01	2.0243e-04
PDZK1	1.3910e+00	1.6942e+00	5.3627e-07
PDZK1IP1	1.1410e+00	-3.7898e-01	6.9255e-03
PDZRN3	5.9100e-01	-2.3433e+00	3.8610e-01
PDZRN4	8.9400e-01	-1.3768e+00	2.4936e-12
PEA15	2.4000e-01	2.5832e+00	9.9602e-01
PEAK1	5.2200e-01	1.5763e+00	1.0010e-01
PEAK3	1.9150e+00	-3.6566e+00	1.1361e-08
PEAR1	1.0510e+00	-2.0090e-01	1.4395e-34
PEBP1	1.1240e+00	5.3540e-01	3.9754e-03
PEBP4	1.2660e+00	-5.4136e-01	3.5887e-07
PECR	1.7390e+00	-1.0899e-01	1.0018e-05
PEDS1	6.6900e-01	2.4649e+00	2.2544e-01
PEDS1-UBE2V1	7.2800e-01	3.0891e+00	3.2607e-03
PEF1	7.8700e-01	2.8520e-01	4.5304e-03
PEG10	2.8400e-01	1.4949e+00	9.9964e-01
PEG3	8.6800e-01	1.0189e+00	3.7251e-05
PELI1	5.5800e-01	2.0470e+00	9.1070e-01
PELI2	8.4000e-01	1.6939e+00	3.4220e-04
PELI3	7.4000e-01	2.4315e+00	3.6031e-03
PELO	1.0080e+00	4.2656e-01	3.5257e-05
PELP1	5.6700e-01	-1.2432e-01	1.8410e-01
PEMT	1.3100e+00	-6.5971e-02	2.4786e-06
PENK	1.3880e+00	1.4070e-02	3.4109e-09
PEPD	1.1320e+00	2.1650e-01	1.1194e-08
PER1	8.3900e-01	-7.7619e-01	1.6085e-20
PER2	6.7000e-01	1.2760e+00	6.8266e-08
PER3	1.0090e+00	2.3939e-01	1.1791e-17
PERM1	1.4830e+00	-1.5295e+00	2.8264e-18
PERP	1.0220e+00	3.1564e-01	4.6942e-03
PES1	5.4400e-01	1.7265e+00	5.0236e-01
PET100	1.5970e+00	1.1154e-01	9.3657e-06
PET117	1.8210e+00	7.2901e-01	2.1293e-02
PEX10	1.2340e+00	-8.7849e-01	9.5794e-11
PEX11A	1.4610e+00	5.9780e-01	1.1266e-04
PEX11B	1.0770e+00	3.7570e-01	4.0379e-04
PEX11G	1.5540e+00	-1.6999e+00	3.5763e-09
PEX12	1.2180e+00	1.4467e+00	2.7901e-10
PEX13	1.1590e+00	-7.5296e-01	2.8784e-07
PEX14	5.4200e-01	1.4954e+00	9.0733e-01
PEX16	9.5700e-01	5.0510e-01	9.9638e-10
PEX1	7.4600e-01	1.6893e+00	3.6437e-11
PEX19	1.0660e+00	-1.4804e-01	1.7331e-08
PEX2	1.0570e+00	4.3329e-01	1.7994e-05
PEX26	8.9300e-01	-6.8794e-02	3.7786e-04
PEX3	9.7200e-01	1.0392e+00	1.1603e-01
PEX5	7.6800e-01	1.8256e+00	2.1956e-09
PEX5L	5.2800e-01	2.8517e+00	8.9353e-01
PEX6	7.9900e-01	1.3471e+00	1.1594e-11
PEX7	9.4100e-01	-5.6812e-01	1.8388e-03
PF4	1.8990e+00	3.9979e-01	4.7815e-05
PF4V1	1.3420e+00	2.0697e-01	4.4031e-02
PFAS	7.7700e-01	1.5074e+00	2.7139e-19
PFDN1	1.8610e+00	3.3234e-01	9.0008e-02
PFDN2	6.8600e-01	6.2858e-01	6.3491e-01
PFDN4	1.8310e+00	-1.2676e+00	3.4682e-01
PFDN5	1.7480e+00	-4.6113e-01	5.2641e-03
PFDN6	5.7900e-01	1.3887e+00	9.0338e-01
PFKFB2	9.9100e-01	2.9472e+00	4.0523e-12
PFKFB3	6.1800e-01	2.0524e+00	5.3351e-03
PFKFB4	9.1500e-01	2.3941e+00	5.8999e-09
PFKL	1.0280e+00	7.5495e-01	8.2778e-20
PFKM	7.7400e-01	4.0772e+00	9.8978e-10
PFKP	1.2860e+00	-3.0078e-01	3.0419e-26
PFN1	3.2400e-01	1.9785e+00	9.8025e-01
PFN2	1.3980e+00	1.4830e+00	3.8247e-03
PFN3	1.8830e+00	-1.2762e+00	9.8062e-04
PFN4	1.3180e+00	6.0810e-01	1.1404e-02
PGA3	5.0900e-01	1.8360e+00	9.0020e-01
PGA5	1.6650e+00	7.2155e-01	1.5257e-07
PGAM1	1.3430e+00	1.6357e+00	3.6445e-07
PGAM2	1.4210e+00	2.4360e-01	1.3381e-08
PGAM5	1.3950e+00	-2.1834e-01	3.1519e-09
PGAP1	6.9100e-01	1.1001e+00	2.0573e-02
PGAP2	8.7100e-01	1.6257e+00	1.0679e-04
PGAP3	1.1470e+00	-4.6076e-01	9.5295e-10
PGAP4	6.5000e-01	1.7807e+00	3.8151e-01
PGAP6	1.1900e+00	-1.8326e+00	1.9714e-20
PGBD1	1.0170e+00	2.0362e+00	6.1657e-07
PGBD2	1.5220e+00	-3.0959e-01	1.1675e-02
PGBD3	NA	1.0069e+00	NA
PGBD4	1.9400e+00	1.8103e+00	1.9931e-02
PGBD5	4.4400e-01	1.0826e+00	9.9841e-01
PGC	9.9100e-01	3.9027e-01	3.9342e-08
PGD	5.5200e-01	2.1229e+00	8.4096e-01
PGF	7.8300e-01	-1.0746e-01	1.4869e-01
PGGHG	1.0630e+00	-4.0857e-01	3.6333e-20
PGGT1B	1.3720e+00	5.6651e-01	9.0483e-04
PGK2	1.7630e+00	-8.1067e-01	4.9312e-03
PGLS	1.6380e+00	-2.1168e+00	1.0959e-08
PGLYRP1	1.4250e+00	3.3830e-01	9.3441e-07
PGLYRP2	1.1350e+00	1.2774e-01	1.4129e-11
PGLYRP3	1.3470e+00	7.3125e-01	5.3904e-15
PGLYRP4	1.2740e+00	2.9937e-01	1.0911e-10
PGM1	1.1890e+00	4.8596e-01	6.9806e-17
PGM2	1.1720e+00	8.7159e-01	1.0600e-06
PGM2L1	6.6500e-01	2.3395e+00	9.5241e-04
PGM3	9.6200e-01	1.5762e+00	1.3680e-07
PGM5	7.0100e-01	1.3385e+00	1.5352e-02
PGP	1.1090e+00	-7.9007e-01	8.5094e-03
PGPEP1	1.2510e+00	7.3999e-01	1.9708e-05
PGPEP1L	1.8270e+00	-3.0681e-01	1.4701e-03
PGR	5.5400e-01	-8.7107e-01	7.2139e-01
PGRMC2	8.4800e-01	-7.5626e-02	6.2284e-01
PGS1	9.9800e-01	7.5971e-01	4.6959e-11
PHACTR1	3.3600e-01	3.2031e+00	1.0000e+00
PHACTR2	5.9900e-01	9.3008e-01	3.1485e-01
PHACTR3	3.0200e-01	7.1416e-01	1.0000e+00
PHACTR4	8.9400e-01	1.9516e+00	3.0235e-10
PHAF1	5.9600e-01	1.3562e+00	2.0176e-01
PHAX	1.1100e+00	7.3560e-01	3.2843e-08
PHB2	6.4800e-01	1.2488e+00	1.6626e-01
PHB	6.6400e-01	3.0569e+00	4.4401e-01
PHC1	3.2200e-01	2.7357e+00	1.0000e+00
PHC2	4.9200e-01	3.1458e+00	9.8064e-01
PHC3	1.8500e-01	2.7930e+00	1.0000e+00
PHETA1	1.9420e+00	-3.5229e-01	1.9357e-02
PHETA2	1.9370e+00	6.0003e-01	4.9288e-04
PHF10	9.3000e-01	1.3655e+00	2.1125e-03
PHF11	1.9310e+00	-8.2487e-01	5.4448e-02
PHF12	1.1500e-01	4.0709e+00	1.0000e+00
PHF13	1.8300e-01	2.0609e+00	9.9998e-01
PHF1	3.3800e-01	3.2379e+00	1.0000e+00
PHF14	6.7100e-01	8.7718e-01	2.5917e-02
PHF19	4.7300e-01	3.4308e+00	9.9528e-01
PHF20	2.4900e-01	3.1770e+00	1.0000e+00
PHF20L1	6.4500e-01	8.1933e-01	2.2922e-01
PHF21A	1.4900e-01	3.1353e+00	1.0000e+00
PHF21B	6.7600e-01	-9.0703e-01	1.1040e-02
PHF23	1.7600e-01	1.0839e+00	1.0000e+00
PHF2	3.2900e-01	3.5968e+00	1.0000e+00
PHF24	8.0300e-01	1.3437e+00	6.3193e-05
PHF3	3.0100e-01	7.9829e-01	1.0000e+00
PHF5A	2.0500e-01	3.6870e+00	9.9864e-01
PHF7	6.8200e-01	1.7401e+00	2.9413e-01
PHGDH	1.1550e+00	1.2168e+00	4.4560e-14
PHGR1	1.4460e+00	1.2165e+00	1.2860e-01
PHIP	2.4600e-01	4.4459e+00	1.0000e+00
PHKB	7.9200e-01	8.7257e-01	1.2179e-07
PHKG1	1.3140e+00	8.0544e-01	3.3395e-16
PHKG2	8.7600e-01	8.7966e-01	5.9391e-07
PHLDA1	1.4090e+00	-1.3235e+00	1.5113e-08
PHLDA2	1.6810e+00	5.4640e-02	1.5658e-02
PHLDA3	1.9400e+00	1.1301e-01	3.1822e-06
PHLDB1	6.0400e-01	1.7574e+00	6.4246e-06
PHLDB2	7.1700e-01	1.1438e+00	6.5460e-12
PHLDB3	1.4340e+00	-2.5609e+00	1.4327e-34
PHLPP1	5.4600e-01	9.6608e-01	2.2192e-01
PHLPP2	6.8400e-01	-7.7929e-02	2.9721e-07
PHOSPHO1	1.3110e+00	-4.8027e-01	2.4147e-02
PHOSPHO2	1.2980e+00	1.0312e+00	6.2812e-05
PHOSPHO2-KLHL23	8.9900e-01	1.3489e+00	5.5617e-08
PHOX2A	1.8440e+00	-2.1581e+00	4.5911e-06
PHOX2B	3.4900e-01	1.2908e+00	9.9227e-01
PHPT1	1.5460e+00	-1.3425e+00	2.1909e-06
PHRF1	5.7300e-01	-1.9008e+00	3.5170e-04
PHTF1	9.9300e-01	1.0583e+00	1.4289e-09
PHTF2	1.6090e+00	2.5570e-01	4.3156e-02
PHYH	1.1470e+00	4.5192e-01	1.4384e-06
PHYHD1	1.2090e+00	7.6295e-01	5.4777e-14
PHYHIP	4.7900e-01	3.5759e+00	9.8398e-01
PHYHIPL	4.2400e-01	1.8375e+00	9.9612e-01
PHYKPL	1.0200e+00	-6.8471e-01	6.7320e-12
PI15	1.5990e+00	9.7265e-01	1.7086e-03
PI16	1.2200e+00	5.5150e-01	1.1496e-11
PI3	1.4450e+00	1.5335e-01	6.5968e-02
PI4K2A	6.8200e-01	1.5991e+00	5.2505e-02
PI4K2B	1.4560e+00	-1.0003e+00	1.3012e-07
PI4KA	5.4800e-01	4.6448e+00	1.9549e-06
PI4KB	4.2100e-01	4.6798e+00	9.9993e-01
PIANP	1.0250e+00	6.9891e-02	6.9196e-04
PIAS1	1.3800e-01	2.3837e+00	1.0000e+00
PIAS2	3.1600e-01	1.9740e+00	1.0000e+00
PIAS3	7.0300e-01	1.4984e+00	3.5277e-05
PIAS4	2.4900e-01	2.0801e+00	1.0000e+00
PIBF1	1.2350e+00	-5.9281e-01	1.0889e-07
PICALM	6.4700e-01	1.0740e+00	7.4557e-01
PICK1	7.7000e-01	2.1328e+00	2.5502e-04
PID1	9.0500e-01	9.9893e-01	4.2908e-02
PIDD1	1.2370e+00	-1.6597e+00	4.3995e-26
PIEZO1	1.1700e+00	-1.0000e+01	3.0062e-100
PIEZO2	5.6300e-01	3.0264e+00	2.1757e-15
PIF1	1.4150e+00	-2.3238e-01	4.7862e-25
PIFO	1.1660e+00	4.5821e-01	2.0840e-05
PIGB	1.0980e+00	1.1228e-02	3.2992e-04
PIGC	9.9600e-01	1.1713e+00	9.5682e-04
PIGF	8.6500e-01	2.9384e-01	6.7844e-01
PIGG	1.1100e+00	4.4817e-02	9.8560e-20
PIGH	1.7780e+00	2.8956e-01	3.1596e-04
PIGK	1.9150e+00	-7.5381e-01	1.1288e-02
PIGL	1.2390e+00	4.0863e-01	9.8416e-05
PIGM	9.7500e-01	7.3862e-01	7.3014e-03
PIGN	1.4600e+00	2.9539e-01	1.5077e-09
PIGO	8.9000e-01	2.1062e+00	1.7784e-16
PIGP	1.9370e+00	1.6505e-01	1.2246e-06
PIGQ	1.2950e+00	-6.0382e-01	6.7802e-18
PIGR	4.3800e-01	1.5735e+00	9.9972e-01
PIGS	7.6000e-01	1.5894e+00	4.9218e-06
PIGT	1.0840e+00	4.2049e-01	1.0109e-16
PIGU	6.7500e-01	4.7385e-01	3.3044e-02
PIGV	9.0200e-01	1.4008e+00	1.7710e-06
PIGW	8.8000e-01	6.3985e-01	2.9002e-05
PIGX	1.7370e+00	5.3128e-02	1.2884e-02
PIGY	1.6410e+00	2.5331e-01	8.3980e-02
PIGZ	1.4310e+00	-2.8060e-01	3.7922e-07
PIH1D1	1.0170e+00	8.2035e-01	3.2174e-07
PIH1D2	1.1630e+00	1.1993e+00	6.2618e-08
PIK3AP1	3.4000e-01	2.7671e+00	1.0000e+00
PIK3C2A	6.3400e-01	1.6106e+00	3.0616e-03
PIK3C2B	5.5700e-01	3.0947e+00	2.1138e-05
PIK3C2G	1.2330e+00	-7.3699e-01	4.0809e-17
PIK3C3	1.0030e+00	1.8019e+00	7.9249e-11
PIK3CA	2.2100e-01	6.1494e+00	1.0000e+00
PIK3CB	3.1900e-01	3.3831e+00	1.0000e+00
PIK3CD	2.3000e-01	6.3956e+00	1.0000e+00
PIK3CG	6.5600e-01	1.7456e+00	6.0779e-06
PIK3IP1	1.4190e+00	-5.4495e-01	1.7049e-10
PIK3R1	3.6300e-01	3.4447e+00	1.0000e+00
PIK3R2	7.6000e-01	6.0953e-01	1.6831e-07
PIK3R3	1.5350e+00	-8.6908e-01	1.6966e-09
PIK3R4	3.6200e-01	3.1013e+00	1.0000e+00
PIK3R5	4.4200e-01	3.0850e+00	9.9972e-01
PIK3R6	1.3700e+00	-5.9753e-01	1.1980e-34
PIKFYVE	5.2300e-01	3.5575e+00	1.2773e-06
PILRA	1.4250e+00	1.3117e+00	2.7982e-13
PILRB	1.3070e+00	7.3549e-01	2.3385e-07
PIM1	4.3900e-01	2.8522e+00	9.9777e-01
PIM3	1.0020e+00	-1.2655e+00	1.6550e-03
PIMREG	1.1340e+00	7.3801e-01	7.0424e-06
PIN1	1.1760e+00	6.3017e-01	2.1690e-02
PINK1	1.3140e+00	1.3254e-01	3.1236e-21
PINLYP	1.3110e+00	-3.4082e-01	2.7068e-04
PINX1	1.9210e+00	-2.4140e+00	2.2528e-07
PIP	1.2600e+00	3.4691e-01	3.1069e-01
PIP4K2A	6.2300e-01	1.2214e+00	7.4237e-01
PIP4K2B	2.2400e-01	3.1373e+00	9.9998e-01
PIP4K2C	7.1800e-01	1.5563e+00	1.4385e-02
PIP4P1	6.9700e-01	1.3245e+00	9.9363e-02
PIP4P2	8.2800e-01	1.2445e+00	2.0536e-03
PIP5K1A	7.5300e-01	3.0705e+00	2.6847e-04
PIP5K1B	8.8700e-01	2.2269e+00	4.2217e-04
PIP5K1C	7.5200e-01	2.1897e+00	5.8101e-08
PIP5KL1	1.7240e+00	-2.2667e+00	2.7093e-19
PIPOX	1.1080e+00	9.5307e-01	1.3966e-12
PIRT	1.5510e+00	1.5059e-01	1.0608e-02
PISD	9.7900e-01	5.6906e-01	9.6102e-08
PITHD1	1.7760e+00	-1.2671e+00	5.7679e-02
PITPNA	4.8100e-01	2.5244e+00	9.8739e-01
PITPNB	1.8070e+00	9.9475e-01	2.1658e-01
PITPNC1	6.5900e-01	1.6258e+00	7.5545e-01
PITPNM1	7.3700e-01	2.3674e+00	4.5569e-14
PITPNM2	3.6000e-01	4.3256e+00	1.0000e+00
PITPNM3	3.5400e-01	2.7965e+00	1.0000e+00
PITRM1	9.9700e-01	-1.5936e+00	1.0799e-20
PITX1	5.7500e-01	8.4465e-01	8.8196e-01
PITX2	4.1000e-01	2.2361e+00	9.9745e-01
PITX3	6.9100e-01	6.5794e-01	7.6933e-01
PIWIL1	7.8800e-01	4.1657e+00	2.1889e-11
PIWIL2	8.0400e-01	1.6655e-01	1.3546e-05
PIWIL3	1.1140e+00	9.6532e-01	4.2474e-33
PIWIL4	7.2200e-01	2.1304e+00	1.7672e-08
PJA2	4.8000e-01	6.1825e-01	9.9319e-01
PJVK	1.1740e+00	4.9155e-01	2.6728e-09
PKD1	3.6400e-01	-5.6666e+00	1.0000e+00
PKD1L1	7.9300e-01	1.7754e+00	1.6951e-50
PKD1L2	NA	-7.9192e+00	NA
PKD1L3	1.3640e+00	-3.6350e+00	2.1884e-83
PKD2	6.8300e-01	1.0272e+00	1.8979e-04
PKD2L1	1.0030e+00	7.4033e-01	9.7818e-19
PKD2L2	1.1100e+00	7.2504e-01	2.2459e-03
PKDCC	1.1500e+00	-2.0231e+00	2.0364e-10
PKDREJ	1.7410e+00	2.2403e+00	2.4990e-01
PKHD1	7.8300e-01	1.7677e+00	2.8316e-48
PKHD1L1	1.0540e+00	1.6407e-01	8.1712e-97
PKIA	1.4750e+00	-1.8054e-01	3.5878e-01
PKIB	1.0020e+00	5.7241e-02	4.7730e-01
PKIG	1.0790e+00	1.0495e+00	5.4027e-01
PKLR	9.0100e-01	1.6057e+00	2.6449e-09
PKM	5.1500e-01	3.0736e+00	9.6144e-01
PKMYT1	1.1360e+00	-1.0692e+00	2.6711e-10
PKN1	7.4600e-01	6.1935e-01	9.6963e-11
PKN2	4.2800e-01	2.7130e+00	9.9967e-01
PKN3	9.8700e-01	1.7033e+00	6.8132e-25
PKNOX1	5.9500e-01	1.4189e+00	7.8042e-01
PKNOX2	3.9100e-01	1.9015e+00	9.9996e-01
PKP1	4.9900e-01	2.6269e-01	9.7273e-01
PKP2	1.1050e+00	9.9086e-01	1.2177e-19
PKP3	1.3140e+00	-3.7424e+00	2.2878e-24
PKP4	7.5200e-01	1.6310e+00	1.7627e-13
PLA1A	1.1350e+00	3.1095e-01	3.9925e-07
PLA2G10	1.8950e+00	1.8014e-01	3.4248e-04
PLA2G12A	1.3140e+00	4.5572e-01	2.6239e-03
PLA2G12B	1.2920e+00	1.4574e+00	1.3261e-06
PLA2G15	7.6600e-01	1.2458e+00	2.9051e-03
PLA2G1B	1.3650e+00	2.3096e-01	1.9460e-04
PLA2G2A	8.0600e-01	9.8239e-01	7.2235e-01
PLA2G2C	1.4240e+00	6.8712e-01	1.1677e-05
PLA2G2D	1.8860e+00	-6.6689e-02	1.4645e-07
PLA2G2E	1.2870e+00	5.8855e-01	6.8469e-05
PLA2G2F	1.4840e+00	-5.0716e-01	9.9525e-05
PLA2G3	9.6700e-01	-4.6566e-02	1.0909e-10
PLA2G4A	8.9000e-01	1.6164e+00	1.8985e-01
PLA2G4B	1.4710e+00	-1.6340e+00	3.9724e-51
PLA2G4C	1.1290e+00	9.4466e-01	3.6305e-12
PLA2G4D	1.0410e+00	-1.5035e-01	4.4939e-24
PLA2G4E	1.0060e+00	1.4233e-01	3.6306e-24
PLA2G4F	1.2360e+00	-7.1191e-01	1.8096e-37
PLA2G5	1.0570e+00	3.3451e-01	6.5224e-03
PLA2G6	9.7200e-01	1.5252e+00	1.4340e-15
PLA2G7	1.5330e+00	-7.8905e-01	1.0514e-10
PLA2R1	1.0000e+00	1.1544e+00	1.8762e-20
PLAA	6.7800e-01	6.9065e-01	2.3759e-03
PLAAT1	1.2240e+00	-9.4552e-03	2.3117e-04
PLAAT2	1.5510e+00	1.3359e+00	3.8465e-04
PLAAT3	1.8380e+00	1.7313e-01	4.8737e-06
PLAAT4	1.4960e+00	1.4059e+00	1.7101e-05
PLAAT5	1.6120e+00	-7.8224e-01	7.9387e-10
PLAC8	1.0460e+00	6.4999e-01	3.1983e-01
PLAC8L1	1.1320e+00	1.2114e+00	2.4229e-04
PLAC9	1.6670e+00	-2.9276e-01	9.3039e-05
PLAG1	3.7300e-01	2.4723e+00	9.9959e-01
PLAGL1	1.0170e+00	1.8843e+00	5.7692e-01
PLAGL2	4.6900e-01	2.6559e+00	9.9102e-01
PLAT	8.0400e-01	9.7674e-01	6.0806e-07
PLAU	8.5200e-01	1.7867e+00	2.1920e-07
PLAUR	9.1100e-01	8.0161e-01	8.8029e-05
PLB1	1.1140e+00	2.2850e-01	7.1555e-75
PLBD1	1.2270e+00	1.0351e+00	1.1452e-16
PLBD2	1.0450e+00	-1.5777e-01	3.2266e-15
PLCB1	3.5700e-01	3.7087e+00	1.0000e+00
PLCB2	9.6200e-01	1.2513e+00	4.8540e-28
PLCB3	4.6800e-01	3.7091e+00	9.9465e-01
PLCB4	5.0900e-01	3.2834e+00	9.7247e-01
PLCD1	9.5400e-01	1.9691e+00	1.6420e-19
PLCD3	1.1730e+00	-5.5098e-01	7.4682e-21
PLCD4	8.0300e-01	1.9351e+00	1.2999e-13
PLCE1	5.6400e-01	3.1225e+00	3.8869e-10
PLCG1	5.0400e-01	3.7025e+00	1.6795e-01
PLCG2	4.6100e-01	-6.4100e-01	9.9870e-01
PLCH1	6.5400e-01	2.7887e+00	1.8921e-04
PLCH2	1.0120e+00	-1.0552e+00	5.9134e-28
PLCL1	6.6300e-01	1.6911e+00	8.0292e-05
PLCL2	9.1000e-02	5.1126e+00	1.0000e+00
PLCXD2	9.9600e-01	4.6630e-01	1.1659e-05
PLCXD3	1.0500e+00	-5.2377e-02	1.9725e-05
PLCZ1	9.6500e-01	-3.8334e-01	2.5637e-14
PLD1	8.2200e-01	5.9664e-01	1.6495e-06
PLD2	9.3300e-01	1.0679e+00	1.5823e-23
PLD3	7.2700e-01	8.4870e-01	4.4476e-05
PLD4	1.5830e+00	-1.7793e+00	2.0155e-24
PLD5	7.9800e-01	2.0820e+00	1.6032e-07
PLD5P1	NA	4.3049e-01	NA
PLD6	1.9220e+00	-1.1223e+00	3.4640e-05
PLEC	7.2600e-01	-2.7548e+00	5.9510e-44
PLEK2	9.2400e-01	9.3141e-01	2.1513e-05
PLEK	8.0900e-01	5.0143e-01	1.2326e-02
PLEKHA1	9.5600e-01	2.1443e-01	5.5263e-07
PLEKHA2	8.0500e-01	1.7775e+00	2.1705e-05
PLEKHA3	6.9500e-01	1.8111e+00	1.0475e-01
PLEKHA4	8.9900e-01	3.8056e-01	1.3677e-15
PLEKHA5	3.6900e-01	8.4997e-01	9.9999e-01
PLEKHA6	6.9200e-01	6.3162e-01	2.0516e-08
PLEKHA7	7.2600e-01	6.4486e-01	1.1987e-18
PLEKHA8	7.5800e-01	1.4678e+00	2.2705e-05
PLEKHB1	1.1500e+00	2.1387e-01	3.9867e-09
PLEKHB2	1.2360e+00	5.2479e-01	2.1155e-04
PLEKHD1	9.1100e-01	1.1690e+00	3.6938e-13
PLEKHF1	1.8980e+00	-9.5651e-01	1.3304e-02
PLEKHF2	6.1100e-01	2.5211e+00	8.6623e-01
PLEKHG1	5.9000e-01	1.9951e+00	2.0728e-02
PLEKHG2	8.6300e-01	7.2325e-01	1.1957e-17
PLEKHG3	8.0900e-01	1.6196e+00	1.1544e-11
PLEKHG4	7.1900e-01	2.4368e+00	8.0019e-15
PLEKHG4B	1.1470e+00	-1.0309e+00	6.2475e-36
PLEKHG5	7.0600e-01	8.2345e-01	1.2750e-08
PLEKHG6	1.1780e+00	-8.1588e-01	3.9055e-28
PLEKHG7	1.1800e+00	2.9360e-01	1.6360e-18
PLEKHH1	8.5400e-01	2.5053e+00	1.0601e-19
PLEKHH2	8.1900e-01	-2.0004e+00	4.7828e-23
PLEKHH3	1.0820e+00	-1.4995e+00	2.5064e-17
PLEKHJ1	1.5930e+00	-1.5888e+00	2.4576e-09
PLEKHM1	4.3300e-01	4.3929e+00	9.9991e-01
PLEKHM2	1.0860e+00	4.9005e-01	1.5355e-22
PLEKHM3	6.6100e-01	2.1636e+00	9.1582e-06
PLEKHN1	1.3390e+00	-3.1386e+00	5.7016e-26
PLEKHO1	7.2900e-01	6.7233e-01	2.4235e-02
PLEKHO2	9.0700e-01	1.0912e+00	5.2883e-05
PLEKHS1	1.9520e+00	6.3914e-01	1.7500e-05
PLET1	1.4440e+00	9.2232e-03	1.8877e-06
PLG	5.5900e-01	1.5082e+00	1.6673e-01
PLGRKT	1.9540e+00	-9.2963e-01	5.8431e-06
PLIN1	1.2010e+00	-2.2130e+00	3.4483e-12
PLIN2	1.3930e+00	-8.3961e-01	4.1272e-11
PLIN3	1.2130e+00	5.9654e-02	1.3806e-10
PLIN4	1.4910e+00	-1.4159e+00	2.5209e-21
PLIN5	1.5250e+00	-1.5464e+00	2.6386e-12
PLK1	2.0500e-01	3.5467e+00	1.0000e+00
PLK2	4.7100e-01	3.0114e+00	9.9572e-01
PLK3	7.6600e-01	8.9604e-01	1.2881e-07
PLK4	6.1900e-01	1.0857e+00	1.7992e-01
PLK5	1.2840e+00	-7.5730e-01	4.7704e-10
PLLP	1.3990e+00	-4.4288e-01	3.1545e-05
PLN	1.7040e+00	-4.1779e-01	4.1691e-01
PLOD1	9.3800e-01	1.0078e+00	5.4923e-15
PLOD2	1.2090e+00	2.4827e-01	6.8068e-07
PLOD3	9.2500e-01	-5.5463e-02	1.6589e-17
PLPBP	1.0490e+00	9.1300e-01	5.3167e-06
PLPP1	1.0700e+00	5.7909e-01	5.0639e-07
PLPP2	1.1100e+00	2.6930e-01	7.8310e-09
PLPP3	4.0300e-01	1.9964e+00	9.9866e-01
PLPP4	1.0180e+00	1.8546e+00	1.1131e-04
PLPP5	1.8250e+00	-1.9170e-01	1.5947e-13
PLPP6	1.7650e+00	-2.8886e+00	4.8487e-07
PLPP7	1.3090e+00	-6.2108e-02	2.7358e-04
PLPPR1	5.3800e-01	2.2188e+00	9.4425e-01
PLPPR2	4.7300e-01	1.8648e+00	9.9341e-01
PLPPR3	1.0340e+00	-5.5090e+00	3.2969e-04
PLPPR4	5.7900e-01	3.2329e+00	4.0759e-01
PLPPR5	7.0200e-01	2.1289e+00	8.9373e-02
PLRG1	5.4100e-01	2.4598e+00	9.4501e-01
PLS1	6.9800e-01	1.3851e+00	3.7457e-01
PLSCR1	6.7300e-01	7.5790e-01	7.2335e-01
PLSCR2	1.2910e+00	6.4865e-01	1.3946e-03
PLSCR3	8.3300e-01	4.3809e-02	3.0786e-03
PLSCR4	7.0800e-01	4.7716e-01	2.6595e-01
PLSCR5	1.9210e+00	-1.1630e+00	3.8801e-18
PLTP	1.0020e+00	8.8764e-01	2.8479e-12
PLVAP	1.0150e+00	6.2669e-01	1.6527e-09
PLXDC1	8.6400e-01	1.0285e+00	2.5302e-06
PLXDC2	7.5700e-01	2.5104e-01	5.6718e-06
PLXNA1	4.8600e-01	4.1696e+00	6.2712e-01
PLXNA2	5.2500e-01	4.3988e+00	4.6067e-04
PLXNA4	2.8900e-01	5.5996e+00	1.0000e+00
PLXNB1	6.1500e-01	3.1806e+00	1.3824e-13
PLXNB2	5.4500e-01	3.4743e+00	8.0925e-06
PLXNC1	5.7900e-01	2.8103e+00	7.5738e-04
PLXND1	4.0100e-01	2.7074e+00	1.0000e+00
PM20D1	1.1770e+00	8.2274e-01	2.4209e-15
PM20D2	1.2030e+00	-7.8222e-01	3.5855e-09
PMAIP1	1.8550e+00	-7.4821e-01	1.7886e-02
PMCH	9.8500e-01	6.2328e-01	1.7359e-01
PMEL	9.6500e-01	1.7604e+00	6.4794e-13
PMEPA1	7.9400e-01	-1.1789e-01	2.6094e-01
PMF1	1.2310e+00	5.3932e-02	2.4348e-06
PMF1-BGLAP	1.4590e+00	-1.9973e-01	1.6832e-06
PMFBP1	1.0300e+00	3.2096e-01	2.9141e-38
PML	6.1300e-01	1.9612e+00	2.1830e-02
PMM1	1.0670e+00	7.8498e-01	1.0505e-06
PMM2	1.9370e+00	-1.8037e+00	5.5214e-08
PMP2	1.5110e+00	-1.1410e-01	1.2079e-02
PMP22	3.7400e-01	7.0125e-01	9.9479e-01
PMPCA	1.1110e+00	-2.6920e-01	1.8317e-09
PMPCB	1.0850e+00	3.5775e-01	1.4703e-09
PMS1	1.0850e+00	7.9244e-01	1.3838e-13
PMS2	8.9800e-01	3.6886e-01	5.3905e-09
PMVK	8.6900e-01	7.5580e-01	2.2763e-02
PNISR	3.8900e-01	1.2828e+00	9.9993e-01
PNKD	1.1310e+00	7.9285e-02	2.9216e-10
PNKP	1.5270e+00	-2.7921e+00	2.5733e-34
PNLDC1	1.0400e+00	8.7825e-01	2.4038e-20
PNLIP	9.8400e-01	1.1953e+00	3.1358e-07
PNLIPRP1	1.3240e+00	4.5422e-01	2.1199e-14
PNLIPRP2	1.2600e+00	-3.5652e-01	3.4019e-09
PNLIPRP3	1.4640e+00	-2.9207e-01	8.9630e-20
PNMA1	1.1250e+00	4.8947e-01	1.8843e-06
PNMA2	1.2130e+00	3.3061e-01	1.0773e-03
PNMA8A	9.7500e-01	-1.3952e-02	1.2105e-03
PNMA8B	1.8750e+00	-4.9036e-01	3.1079e-01
PNMT	1.4580e+00	-3.9318e-01	9.1552e-09
PNN	5.6400e-01	3.8246e-01	4.2646e-01
PNO1	9.9900e-01	3.9898e-01	5.8907e-02
PNOC	1.1070e+00	2.4413e-01	4.4672e-03
PNP	9.9500e-01	1.1195e+00	7.9454e-05
PNPLA1	9.4500e-01	6.8966e-01	1.6659e-08
PNPLA2	1.2210e+00	-2.1674e+00	2.7218e-09
PNPLA3	1.2390e+00	-2.5152e-01	2.6851e-14
PNPLA5	1.2830e+00	-1.0975e+00	7.2866e-16
PNPLA6	8.7200e-01	3.5278e+00	1.0474e-24
PNPLA7	1.1540e+00	4.9318e-01	6.9718e-53
PNPLA8	7.7500e-01	2.7785e-01	9.2603e-04
PNPO	1.4810e+00	8.1482e-01	1.8868e-12
PNPT1	6.4000e-01	2.8809e-01	1.4785e-04
PNRC1	7.1500e-01	-1.8078e+00	5.4904e-01
PNRC2	4.5100e-01	7.3582e-01	9.6504e-01
POC1A	9.8800e-01	1.2660e+00	1.0342e-06
POC1B	9.6700e-01	3.1956e-01	2.3222e-07
POC1B-GALNT4	7.6000e-01	-4.5259e-01	3.4649e-04
POC5	9.9500e-01	-3.2677e-01	2.6214e-09
PODN	1.0130e+00	1.4298e+00	1.1927e-10
PODNL1	1.6390e+00	-1.6935e+00	2.3079e-21
PODXL2	5.2300e-01	9.6419e-01	9.5026e-01
PODXL	6.0500e-01	9.9686e-01	2.6600e-01
POFUT1	6.4100e-01	5.4158e-01	1.9922e-01
POFUT2	7.1700e-01	5.7207e-01	1.9336e-03
POGK	4.1900e-01	4.0350e+00	9.9977e-01
POGLUT1	8.2400e-01	1.1148e+00	2.1940e-03
POGLUT2	1.1330e+00	7.1823e-01	1.2211e-09
POGLUT3	1.2010e+00	-4.5259e-01	7.2190e-13
POGZ	1.9800e-01	4.1479e+00	1.0000e+00
POLA2	6.9900e-01	1.5884e+00	7.0727e-04
POLB	1.7720e+00	6.7620e-01	2.6155e-02
POLD1	8.7800e-01	1.3967e+00	8.0000e-19
POLD2	9.3000e-01	2.5061e+00	4.5265e-08
POLD3	4.1000e-01	4.0160e-01	9.9614e-01
POLD4	1.2700e+00	-9.7623e-02	6.8287e-03
POLDIP2	1.0650e+00	1.0920e+00	8.2864e-06
POLDIP3	4.9500e-01	7.8817e-01	9.8539e-01
POLE2	1.9350e+00	-1.6725e+00	1.3434e-03
POLE3	1.1500e+00	2.9740e-01	1.2824e-02
POLE4	1.9060e+00	-2.9870e+00	1.1549e-04
POLE	7.5000e-01	2.6706e+00	2.7396e-38
POLG2	1.1560e+00	3.3480e-01	1.5891e-08
POLG	8.4700e-01	-4.3598e-01	2.1691e-26
POLH	8.4600e-01	1.5982e+00	3.0587e-09
POLI	1.7190e+00	-8.7726e-01	7.0899e-05
POLK	1.3170e+00	6.5957e-01	2.5192e-05
POLL	9.6300e-01	1.6218e+00	9.4042e-12
POLM	1.1770e+00	-5.3210e-01	9.1588e-18
POLN	1.0190e+00	4.1076e-01	1.5183e-20
POLQ	1.0260e+00	1.6405e+00	1.8320e-46
POLR1A	4.7900e-01	4.9844e+00	9.0613e-01
POLR1B	3.6300e-01	4.7517e+00	1.0000e+00
POLR1C	1.2610e+00	-5.6465e-01	2.3003e-12
POLR1D	1.6300e+00	3.7535e-01	3.5229e-03
POLR1E	1.1230e+00	1.4262e+00	1.8161e-11
POLR1F	1.3600e+00	-1.4570e-01	4.7569e-09
POLR1G	1.9070e+00	6.5595e-01	6.0077e-06
POLR1H	5.6900e-01	1.9176e+00	9.1811e-01
POLR2A	2.0200e-01	9.2040e+00	1.0000e+00
POLR2B	5.6800e-01	6.4712e+00	2.4489e-01
POLR2C	1.0890e+00	1.7277e+00	4.6539e-08
POLR2D	1.5780e+00	9.0338e-01	1.8559e-03
POLR2E	1.5220e+00	2.5804e-01	2.7362e-12
POLR2F	9.8800e-01	1.2542e+00	3.5222e-03
POLR2G	1.2050e+00	2.2263e+00	1.4127e-05
POLR2H	6.4600e-01	1.5715e+00	8.2580e-01
POLR2I	9.4400e-01	1.7973e+00	9.8116e-04
POLR2J	1.8860e+00	1.5237e+00	7.9495e-06
POLR2J2	NA	NA	NA
POLR2J3	1.0200e+00	1.5331e+00	6.5453e-01
POLR2L	1.8660e+00	-6.5416e-01	6.9583e-03
POLR2M	1.2640e+00	1.5240e-01	6.4997e-10
POLR3A	8.3600e-01	3.6790e+00	6.1797e-22
POLR3B	8.4000e-01	3.4949e+00	8.1416e-14
POLR3C	1.0580e+00	8.2196e-01	2.5367e-04
POLR3D	1.2230e+00	-1.3780e-01	4.4082e-13
POLR3E	5.6000e-01	1.4997e+00	1.9201e-01
POLR3F	1.0120e+00	1.1975e+00	3.0764e-02
POLR3G	1.1750e+00	5.2067e-01	1.0206e-06
POLR3GL	1.1000e+00	8.1107e-01	6.5261e-07
POLR3H	9.3700e-01	1.8538e-02	1.9411e-03
POLR3K	1.3040e+00	1.9365e-01	1.2972e-03
POLRMT	1.2600e+00	-4.3810e+00	3.4244e-43
POM121	6.3300e-01	1.4401e+00	2.3151e-03
POM121C	5.4300e-01	4.3323e+00	8.1623e-01
POM121L12	NA	-2.3716e+00	NA
POM121L2	1.7870e+00	1.3448e+00	2.2766e-01
POMC	1.7960e+00	-1.6085e+00	3.3898e-10
POMGNT1	8.1500e-01	2.1397e+00	6.9370e-15
POMGNT2	1.2790e+00	9.5758e-01	1.3012e-08
POMK	1.1220e+00	7.5433e-01	9.6147e-07
POMP	1.1910e+00	8.4049e-01	2.0209e-02
POMT1	1.0020e+00	1.1362e+00	7.2486e-26
POMT2	9.4400e-01	-1.2705e-01	3.9110e-20
POMZP3	1.2380e+00	1.1806e+00	1.8990e-03
PON1	1.1590e+00	6.7701e-01	8.4435e-12
PON2	1.0730e+00	1.1033e+00	2.4144e-07
PON3	1.2550e+00	5.8049e-01	1.1384e-12
POP1	8.2400e-01	2.1498e+00	4.2471e-16
POP4	1.4400e+00	1.3178e-01	2.1357e-11
POP5	1.2030e+00	3.9417e-01	3.2485e-06
POP7	1.3050e+00	7.7617e-01	4.9480e-02
POPDC2	1.0560e+00	1.0220e+00	4.8129e-06
POPDC3	1.0200e+00	9.6608e-01	5.6818e-05
POR	8.8700e-01	-3.5506e-01	8.9788e-14
POSTN	7.9700e-01	9.9803e-01	4.3210e-09
POT1	8.7100e-01	1.6079e+00	3.5567e-05
POTEA	NA	-1.4511e+00	NA
POTEB3	3.0000e-01	4.2008e+00	9.8629e-01
POTEC	8.2400e-01	1.8130e+00	1.2704e-05
POTED	1.1800e+00	2.4309e+00	2.3010e-01
POTEE	5.4800e-01	2.7867e+00	8.4020e-01
POTEF	6.3000e-01	2.4411e+00	1.6493e-01
POTEG	3.4600e-01	4.2343e+00	9.9273e-01
POTEH	5.5100e-01	3.4419e+00	9.3496e-01
POTEI	1.1240e+00	2.1100e+00	2.0179e-03
POTEJ	7.8900e-01	2.5371e+00	1.3995e-01
POTEM	3.4700e-01	3.0475e+00	9.7309e-01
POU1F1	9.2400e-01	7.4965e-01	4.0797e-04
POU2AF1	7.2700e-01	8.1685e-01	1.1237e-01
POU2F1	2.5600e-01	2.7297e+00	1.0000e+00
POU2F2	2.7900e-01	2.3051e+00	1.0000e+00
POU2F3	5.7700e-01	1.2654e+00	3.6958e-01
POU3F1	1.0150e+00	-2.3233e-01	2.3672e-01
POU3F2	8.2200e-01	1.5178e+00	4.0965e-02
POU3F3	4.8200e-01	-1.0336e-01	9.5144e-01
POU4F1	7.1300e-01	1.1150e+00	6.2594e-01
POU4F2	8.8800e-01	-7.7406e-01	3.0675e-02
POU4F3	5.6500e-01	6.1049e-01	9.1198e-01
POU5F1	3.1900e-01	2.6673e+00	9.9997e-01
POU5F1B	1.2930e+00	-6.2957e-01	1.0843e-08
POU5F2	1.8910e+00	7.9109e-01	2.9411e-01
POU6F1	5.3300e-01	1.9409e+00	9.5309e-01
POU6F2	5.9200e-01	1.2327e+00	3.0071e-02
PP2D1	1.2150e+00	-2.2032e-02	1.3932e-07
PPA1	1.0020e+00	2.4321e-01	1.3625e-04
PPA2	1.3240e+00	-4.2341e-01	1.4061e-09
PPAN	1.0690e+00	-1.1882e+00	1.4914e-11
PPAN-P2RY11	1.0860e+00	-1.5669e+00	3.1986e-14
PPARA	7.1100e-01	2.5308e+00	3.5263e-03
PPARD	3.1100e-01	3.0214e+00	9.9998e-01
PPARG	6.2800e-01	3.1059e+00	2.1436e-01
PPARGC1A	3.8000e-01	1.5219e+00	1.0000e+00
PPARGC1B	4.4400e-01	9.7805e-01	9.9974e-01
PPAT	5.1400e-01	4.2472e+00	9.6192e-01
PPBP	1.7010e+00	-3.5730e-01	4.6542e-04
PPCDC	1.3190e+00	7.4667e-01	1.0274e-06
PPCS	1.0640e+00	8.1988e-01	6.3481e-05
PPDPF	1.9520e+00	-1.1302e+00	6.2061e-06
PPDPFL	1.1840e+00	-3.2304e-01	1.3569e-01
PPEF2	1.2550e+00	5.2769e-01	1.1383e-25
PPFIA1	2.2400e-01	1.8893e+00	1.0000e+00
PPFIA2	3.6200e-01	3.1945e+00	1.0000e+00
PPFIA3	2.6400e-01	5.0536e+00	1.0000e+00
PPFIA4	9.1600e-01	5.9933e-01	1.4622e-25
PPFIBP1	9.1100e-01	1.5784e+00	1.5017e-21
PPFIBP2	1.1110e+00	-8.2440e-01	1.0075e-34
PPHLN1	7.9800e-01	1.8444e-01	1.6204e-05
PPIA	4.2900e-01	2.5004e+00	9.8472e-01
PPIAL4A	1.7440e+00	-9.2726e-01	5.3406e-03
PPIAL4C	1.8350e+00	1.2173e+00	3.4412e-01
PPIAL4D	1.2320e+00	2.4005e+00	5.8023e-01
PPIAL4G	1.6670e+00	4.1866e-01	7.8713e-02
PPIAL4H	1.5650e+00	1.3903e+00	2.2479e-02
PPIB	1.1040e+00	4.5842e-01	1.5871e-04
PPIC	1.3540e+00	4.4583e-02	3.7921e-06
PPID	1.3030e+00	4.0955e-01	1.8470e-13
PPIE	7.7200e-01	1.4858e+00	2.5220e-03
PPIF	1.7250e+00	-8.5070e-01	7.0712e-10
PPIG	4.7200e-01	1.6215e+00	9.9624e-01
PPIH	7.8400e-01	1.7175e+00	2.9509e-02
PPIL1	1.0730e+00	8.8875e-01	4.2194e-04
PPIL2	8.2800e-01	1.5269e+00	1.4135e-11
PPIL3	1.6370e+00	7.4774e-01	3.9953e-02
PPIL4	1.0880e+00	7.1270e-01	2.6694e-03
PPIL6	1.6410e+00	-6.2619e-01	4.1065e-09
PPIP5K1	7.6600e-01	1.8576e+00	2.4656e-01
PPIP5K2	9.7300e-01	4.0981e+00	1.2777e-19
PPL	1.1600e+00	-4.1481e+00	1.4922e-67
PPM1A	3.8000e-01	4.1142e+00	9.9908e-01
PPM1B	6.3900e-01	-1.0641e-01	2.0660e-01
PPM1D	1.1830e+00	2.7759e+00	3.7145e-17
PPM1E	4.7800e-01	2.8494e+00	9.9391e-01
PPM1F	8.6400e-01	1.1937e+00	6.2672e-04
PPM1G	3.2600e-01	4.0766e+00	1.0000e+00
PPM1H	8.1300e-01	7.7812e-01	2.2344e-04
PPM1J	1.0670e+00	-1.2628e-01	7.8370e-12
PPM1K	8.1900e-01	2.0017e+00	2.4223e-03
PPM1L	6.2400e-01	2.5325e+00	4.6877e-01
PPM1M	1.1100e+00	2.2399e-01	1.3165e-12
PPM1N	1.9130e+00	-2.8442e+00	1.3233e-16
PPME1	4.5100e-01	1.7298e+00	9.9651e-01
PPOX	5.8100e-01	1.8134e+00	2.4179e-01
PPP1CA	5.5400e-01	3.0029e+00	8.6386e-01
PPP1CB	2.4700e-01	4.7400e+00	9.9993e-01
PPP1CC	5.8300e-01	3.8786e+00	8.2531e-01
PPP1R10	2.4100e-01	3.2210e+00	1.0000e+00
PPP1R11	1.4300e+00	1.8992e+00	6.7805e-04
PPP1R12A	1.5800e-01	2.7543e+00	1.0000e+00
PPP1R12B	7.2800e-01	1.7861e+00	1.1188e-12
PPP1R12C	7.7400e-01	-1.2055e+00	1.6743e-09
PPP1R13B	4.6600e-01	2.1284e+00	9.9745e-01
PPP1R13L	9.7400e-01	-1.8626e+00	9.3473e-13
PPP1R14A	1.5980e+00	-1.5491e+00	5.4627e-05
PPP1R14B	6.5400e-01	1.0081e+00	7.9761e-01
PPP1R14C	1.7610e+00	-3.2796e-01	2.2072e-05
PPP1R14D	1.2010e+00	3.8002e-01	1.3319e-04
PPP1R15A	1.0920e+00	1.7636e-01	4.8755e-13
PPP1R15B	7.3500e-01	-3.0649e-01	2.0711e-05
PPP1R16A	1.2800e+00	-1.8571e+00	6.8375e-13
PPP1R16B	3.8100e-01	2.8278e+00	9.9998e-01
PPP1R17	1.3120e+00	-3.1510e-01	2.6866e-04
PPP1R18	7.6400e-01	1.2617e+00	1.1310e-05
PPP1R1A	1.2710e+00	-9.3320e-03	3.5504e-06
PPP1R1B	5.9100e-01	5.4559e-01	7.9688e-01
PPP1R1C	1.6290e+00	-1.9551e-01	1.8495e-02
PPP1R2	1.0920e+00	1.0623e+00	3.5148e-04
PPP1R21	1.0290e+00	-2.6565e+00	3.1806e-19
PPP1R26	5.1500e-01	1.8663e-01	9.3902e-01
PPP1R27	1.6250e+00	-7.9512e-01	1.9433e-05
PPP1R2B	1.5670e+00	3.6323e-01	4.4386e-03
PPP1R32	9.8200e-01	4.8545e-01	1.0072e-11
PPP1R35	1.9120e+00	-3.1649e+00	6.1591e-11
PPP1R36	1.1530e+00	9.2098e-01	6.4160e-07
PPP1R37	5.2000e-01	4.3858e-01	9.4471e-01
PPP1R3A	8.6000e-01	6.1530e-02	2.5776e-05
PPP1R3B	9.0800e-01	-1.3712e+00	8.4817e-03
PPP1R3C	9.4500e-01	1.5411e+00	4.9181e-05
PPP1R3D	1.9730e+00	-1.6547e+00	5.3461e-14
PPP1R3E	1.9490e+00	-3.1683e+00	5.2387e-10
PPP1R3G	1.9140e+00	-1.9572e+00	1.1335e-02
PPP1R42	1.6470e+00	1.7075e-01	7.6847e-03
PPP1R7	5.4200e-01	2.5471e+00	9.0766e-01
PPP1R8	3.3000e-01	3.1944e+00	9.9974e-01
PPP1R9A	5.0500e-01	2.0460e+00	4.4550e-01
PPP1R9B	4.6100e-01	5.5838e-01	9.9761e-01
PPP2CA	3.1500e-01	5.5680e+00	9.9995e-01
PPP2CB	7.4100e-01	2.8184e+00	2.8328e-02
PPP2R1A	3.4500e-01	5.4265e+00	1.0000e+00
PPP2R1B	9.5500e-01	9.3519e-01	1.4293e-15
PPP2R2A	3.6400e-01	4.4593e+00	9.9984e-01
PPP2R2B	1.7300e-01	3.5240e+00	1.0000e+00
PPP2R2C	3.7500e-01	4.7391e+00	9.9993e-01
PPP2R2D	6.0500e-01	1.3828e+00	8.2614e-01
PPP2R3A	8.9100e-01	1.4650e-01	2.8102e-17
PPP2R3C	9.5500e-01	1.8007e+00	5.6221e-07
PPP2R5A	7.7700e-01	1.1882e+00	1.3907e-03
PPP2R5B	4.8500e-01	3.0469e+00	9.9059e-01
PPP2R5C	3.0400e-01	1.7949e+00	9.8540e-01
PPP2R5D	2.3400e-01	4.9160e+00	1.0000e+00
PPP2R5E	1.9300e-01	4.2944e+00	1.0000e+00
PPP3CA	2.4300e-01	4.5031e+00	1.0000e+00
PPP3CB	2.5400e-01	4.4306e+00	1.0000e+00
PPP3CC	7.6800e-01	9.0148e-01	1.0561e-04
PPP3R1	6.7700e-01	3.5914e+00	7.1308e-01
PPP3R2	1.6180e+00	1.2819e-01	3.0268e-01
PPP4C	4.1000e-01	4.2692e+00	9.9953e-01
PPP4R1	5.2100e-01	1.9962e+00	5.1479e-01
PPP4R2	8.0700e-01	-5.2281e-01	5.0066e-02
PPP4R3A	2.6300e-01	4.1982e+00	1.0000e+00
PPP4R3B	8.0300e-01	5.5173e-01	2.2488e-07
PPP4R4	7.1500e-01	1.8730e+00	9.5292e-07
PPP5C	4.5600e-01	3.0039e+00	9.9867e-01
PPP6C	4.2200e-01	3.0704e+00	9.9814e-01
PPP6R1	5.3300e-01	-9.0964e-01	3.0599e-01
PPP6R2	8.1900e-01	1.2807e+00	8.8205e-14
PPP6R3	4.8100e-01	2.3839e+00	9.9193e-01
PPRC1	2.4800e-01	1.2460e+00	1.0000e+00
PPT1	7.3300e-01	1.1035e+00	7.7317e-04
PPT2	7.4600e-01	2.4546e+00	3.0490e-03
PPT2-EGFL8	NA	1.2947e+00	NA
PPTC7	4.2100e-01	2.8947e+00	9.9749e-01
PPWD1	8.1100e-01	2.1435e+00	4.0932e-09
PPY	1.3130e+00	4.1254e-01	2.4046e-02
PRAC1	1.8380e+00	-2.0191e-01	3.3898e-03
PRAC2	1.8710e+00	4.9851e-01	1.7613e-01
PRADC1	1.5870e+00	5.6183e-01	6.7426e-07
PRAG1	1.2950e+00	-5.2929e+00	2.6233e-32
PRAM1	1.0250e+00	-2.2936e-01	5.7643e-12
PRAME	9.0000e-01	-1.3603e-02	6.1112e-05
PRAMEF10	7.4800e-01	2.7100e+00	6.1702e-01
PRAMEF11	9.1200e-01	-1.4013e+00	8.6817e-04
PRAMEF12	1.3150e+00	-6.1099e-01	1.8819e-08
PRAMEF14	1.0080e+00	7.7420e-01	1.3969e-06
PRAMEF15	1.1760e+00	9.7457e-01	1.0111e-06
PRAMEF17	1.6360e+00	-1.0264e+00	1.8965e-20
PRAMEF18	1.3770e+00	6.7745e-01	1.6228e-05
PRAMEF1	8.3600e-01	2.1383e-01	2.2147e-04
PRAMEF19	9.8800e-01	1.1301e+00	1.3394e-05
PRAMEF20	1.1020e+00	-5.4798e-02	3.7520e-08
PRAMEF2	1.2850e+00	-7.2380e-01	3.3084e-12
PRAMEF27	9.4000e-01	1.5396e+00	3.1057e-01
PRAMEF33	1.5300e+00	1.9936e+00	5.2995e-02
PRAMEF4	9.5200e-01	-3.2164e-01	1.4851e-04
PRAMEF5	1.5540e+00	1.1938e+00	1.0231e-01
PRAMEF6	4.9300e-01	2.9654e+00	9.0863e-01
PRAMEF7	7.6300e-01	3.1829e+00	7.6564e-01
PRAMEF8	9.3400e-01	3.7542e+00	6.2967e-01
PRAMEF9	1.2440e+00	9.2407e-01	4.5634e-01
PRAP1	1.4010e+00	1.0414e+00	1.3639e-05
PRB1	1.6020e+00	-2.3813e+00	6.0660e-07
PRB2	1.9140e+00	-1.1417e+00	5.4362e-06
PRB3	1.7310e+00	7.1767e-01	4.0346e-04
PRB4	1.9270e+00	-2.0650e+00	5.6060e-07
PRC1	7.0500e-01	7.6721e-01	2.0751e-08
PRCC	4.0300e-01	4.5215e-01	9.9968e-01
PRCD	1.8410e+00	4.2188e-01	1.2465e-05
PRCP	1.1190e+00	-2.8145e-01	2.2351e-12
PRDM10	5.8800e-01	3.7680e+00	1.8956e-05
PRDM11	2.9000e-01	4.2299e+00	1.0000e+00
PRDM12	1.1530e+00	2.4745e-01	2.3682e-05
PRDM1	3.1400e-01	2.4386e+00	1.0000e+00
PRDM13	6.9400e-01	-1.2638e+00	7.7288e-02
PRDM14	5.3600e-01	2.1196e+00	9.1886e-01
PRDM15	6.0800e-01	3.1503e+00	1.3284e-06
PRDM16	3.0400e-01	1.5748e+00	1.0000e+00
PRDM2	2.9700e-01	1.2152e+00	1.0000e+00
PRDM4	7.3400e-01	2.1843e+00	2.2307e-06
PRDM5	8.9900e-01	1.2589e+00	3.7521e-12
PRDM6	6.4900e-01	-1.0477e+00	1.0731e-02
PRDM7	1.0020e+00	5.4266e-01	1.3491e-14
PRDM8	4.9800e-01	-1.4029e+00	9.8290e-01
PRDM9	1.0390e+00	1.4914e+00	1.2689e-13
PRDX1	1.3220e+00	5.2088e-01	9.9753e-07
PRDX2	8.5400e-01	1.0204e+00	4.4411e-02
PRDX3	1.0100e+00	1.5127e-02	3.4266e-05
PRDX5	1.2370e+00	8.1878e-01	1.0707e-06
PRDX6	9.8000e-01	1.8517e+00	2.0946e-03
PREB	8.3100e-01	7.1187e-01	3.6623e-06
PRELID1	7.5000e-01	1.9931e+00	2.3328e-02
PRELID2	1.6400e+00	-1.1971e-01	1.4504e-03
PRELID3A	1.7920e+00	-1.4425e-01	2.0270e-08
PRELID3B	1.0380e+00	1.3270e+00	1.4057e-02
PRELP	1.0570e+00	1.1974e+00	1.3348e-04
PREP	3.9500e-01	2.6603e+00	1.0000e+00
PREPL	1.2470e+00	-2.4297e+00	2.1658e-24
PREX1	2.6800e-01	4.4885e+00	1.0000e+00
PREX2	6.5100e-01	1.3554e+00	2.0007e-07
PRF1	1.4380e+00	6.9480e-01	2.9003e-04
PRG2	1.4280e+00	-1.4032e-01	2.9517e-08
PRG3	1.3910e+00	-1.9624e-01	7.8367e-09
PRG4	8.0100e-01	1.6415e+00	1.2039e-12
PRH1	1.6160e+00	2.4523e+00	3.7167e-03
PRH1-TAS2R14	1.9310e+00	1.2562e-01	5.4498e-02
PRH2	1.4170e+00	1.8840e+00	4.2832e-07
PRICKLE1	2.7900e-01	2.8992e+00	1.0000e+00
PRICKLE2	3.4000e-01	2.3305e+00	1.0000e+00
PRICKLE4	1.2720e+00	-3.4152e-01	5.2732e-15
PRIM1	8.2400e-01	1.2394e+00	7.9834e-04
PRIM2	9.2500e-01	1.2846e+00	7.1450e-04
PRIMA1	1.0530e+00	-3.6854e-01	7.4863e-02
PRIMPOL	1.1480e+00	6.0022e-01	6.8570e-07
PRKAA1	5.7600e-01	3.8943e+00	4.3183e-01
PRKAA2	9.5200e-01	1.5222e+00	3.2203e-07
PRKAB1	7.5700e-01	2.0242e+00	1.3187e-02
PRKAB2	8.6300e-01	1.3909e+00	1.0848e-03
PRKACA	3.3800e-01	3.8454e+00	9.9999e-01
PRKACB	5.1300e-01	2.3246e+00	9.7102e-01
PRKACG	1.2600e+00	3.9049e-02	3.6555e-08
PRKAG1	7.3500e-01	2.3686e+00	1.9416e-04
PRKAG2	5.8200e-01	2.2529e+00	1.9664e-01
PRKAG3	8.9500e-01	2.8220e-01	1.7584e-09
PRKAR1A	1.5800e-01	4.1536e+00	1.0000e+00
PRKAR1B	6.8600e-01	1.3997e+00	7.9626e-03
PRKAR2A	7.4600e-01	9.2442e-01	7.1401e-03
PRKAR2B	6.5800e-01	9.7873e-01	5.4152e-01
PRKCA	3.9700e-01	4.5421e+00	9.9999e-01
PRKCB	2.4100e-01	4.7871e+00	1.0000e+00
PRKCD	3.4400e-01	3.8706e+00	1.0000e+00
PRKCE	2.7800e-01	4.9304e+00	1.0000e+00
PRKCG	4.7600e-01	3.8400e+00	9.9433e-01
PRKCH	4.6700e-01	2.4029e+00	9.9734e-01
PRKCI	6.6200e-01	3.0677e+00	8.9541e-03
PRKCQ	5.7100e-01	3.2331e+00	1.0591e-02
PRKCSH	6.9900e-01	3.9725e-01	2.2611e-06
PRKCZ	5.7600e-01	2.9346e+00	5.0019e-02
PRKD1	7.6200e-01	9.7306e-01	3.0028e-09
PRKD2	3.8100e-01	3.9947e+00	1.0000e+00
PRKD3	6.8200e-01	9.3810e-01	8.7191e-06
PRKDC	1.8300e-01	2.4604e+00	1.0000e+00
PRKG1	5.3400e-01	3.8810e+00	6.6300e-01
PRKG2	4.7900e-01	3.1982e+00	9.9364e-01
PRKN	1.1700e+00	-4.2540e-01	2.9081e-15
PRKRA	9.3100e-01	1.0002e+00	1.1233e-04
PRKRIP1	1.3150e+00	-2.7940e-02	1.0724e-06
PRL	1.4390e+00	1.1387e+00	1.9129e-09
PRLH	1.9540e+00	-1.0910e+00	3.2596e-04
PRLHR	1.7100e+00	-1.4957e+00	1.4397e-01
PRLR	4.3800e-01	1.6635e+00	9.9856e-01
PRM1	1.6380e+00	-3.4856e-01	1.7971e-02
PRM2	9.7700e-01	-1.1548e+00	1.1292e-01
PRM3	1.9110e+00	-1.4796e+00	1.4305e-01
PRMT1	2.1800e-01	4.4307e+00	1.0000e+00
PRMT2	6.6800e-01	1.3061e+00	3.5585e-03
PRMT3	1.1670e+00	-2.0053e-01	7.0776e-13
PRMT5	2.7200e-01	4.5167e+00	1.0000e+00
PRMT6	1.0520e+00	2.7969e-01	1.3150e-06
PRMT7	1.0100e+00	6.5479e-01	1.7205e-16
PRMT8	2.9300e-01	4.7513e+00	1.0000e+00
PRMT9	9.1000e-01	1.3703e+00	2.4579e-12
PRND	1.5500e+00	1.8260e-01	4.7665e-01
PRNP	1.0360e+00	1.4439e+00	3.2327e-04
PROB1	NA	-1.3088e+00	NA
PROC	8.9400e-01	1.6178e+00	2.1926e-05
PROCA1	1.1710e+00	-1.0296e-03	5.5764e-08
PROCR	1.2600e+00	6.4459e-01	1.7690e-07
PRODH2	1.1850e+00	7.3893e-02	1.7331e-16
PROK1	1.6490e+00	1.7198e-01	4.1642e-05
PROK2	1.0520e+00	-1.5570e-01	2.3456e-02
PROKR1	1.2630e+00	-6.6925e-02	3.7290e-07
PROKR2	1.4920e+00	1.3401e+00	4.2632e-10
PROM1	1.1040e+00	-1.0319e+00	1.2262e-27
PROM2	1.0310e+00	3.8963e-01	5.1103e-26
PROP1	8.7000e-01	3.6634e-01	1.3593e-02
PRORP	9.9900e-01	1.1135e+00	1.7105e-10
PROS1	5.3000e-01	1.9624e+00	7.4691e-01
PROSER1	5.9800e-01	9.2681e-01	5.9975e-01
PROSER2	1.8150e+00	-4.6514e+00	1.6034e-08
PROSER3	8.9000e-01	-1.2512e+00	7.9963e-02
PROX1	2.2200e-01	3.4995e+00	1.0000e+00
PROX2	1.2470e+00	9.0026e-01	4.1871e-15
PROZ	1.8580e+00	-2.4174e-01	1.9563e-18
PRPF18	1.1710e+00	2.8142e+00	2.8237e-09
PRPF19	9.9000e-02	4.8915e+00	1.0000e+00
PRPF31	3.4700e-01	3.3838e+00	1.0000e+00
PRPF3	8.7000e-02	5.0043e+00	1.0000e+00
PRPF38A	4.0000e-01	2.5282e+00	9.9919e-01
PRPF38B	4.1100e-01	2.4096e+00	9.9994e-01
PRPF39	4.8100e-01	2.2511e+00	9.9263e-01
PRPF40A	7.0000e-01	6.0606e-01	3.3527e-02
PRPF40B	5.4200e-01	1.9485e+00	1.5897e-02
PRPF4	2.9400e-01	2.8975e+00	1.0000e+00
PRPF4B	2.1500e-01	4.5594e+00	1.0000e+00
PRPF6	4.4500e-01	6.4593e+00	9.9982e-01
PRPF8	2.6000e-01	1.1341e+01	1.0000e+00
PRPH	1.1610e+00	8.0514e-01	1.7093e-15
PRPH2	7.7300e-01	5.8257e-01	6.0809e-03
PRPS1L1	1.1690e+00	1.1738e-01	7.2275e-04
PRPSAP1	1.0920e+00	1.2600e+00	1.4610e-06
PRPSAP2	7.8600e-01	3.0871e+00	4.6764e-03
PRR11	9.5500e-01	1.1471e+00	1.6022e-07
PRR12	1.8000e-01	-1.0343e+00	1.0000e+00
PRR13	1.3510e+00	3.3392e-01	9.9708e-03
PRR14	7.6800e-01	1.0711e+00	3.6736e-06
PRR14L	6.3800e-01	1.4663e+00	5.9458e-10
PRR15	1.9540e+00	-1.1007e+00	3.2522e-04
PRR15L	7.7100e-01	2.3089e-01	7.4906e-01
PRR16	6.2200e-01	-6.6720e-01	8.3170e-01
PRR18	1.8860e+00	-4.9821e+00	2.9954e-01
PRR19	8.0800e-01	4.3334e-01	1.1384e-01
PRR22	1.4570e+00	-1.5123e+00	1.4476e-02
PRR23A	1.9240e+00	-2.6196e-01	5.8469e-02
PRR23B	1.7960e+00	-3.8229e-01	3.6975e-01
PRR23C	1.9450e+00	-4.6011e-01	1.8539e-02
PRR23D1	1.8260e+00	7.7443e-01	3.5041e-01
PRR25	1.9640e+00	-2.9960e+00	1.1970e-14
PRR27	1.2510e+00	1.3295e-01	1.5241e-02
PRR29	1.2910e+00	4.4677e-02	1.3424e-06
PRR30	1.8730e+00	2.4641e-02	1.7470e-01
PRR35	1.6970e+00	-2.8036e+00	2.0204e-06
PRR36	9.1700e-01	-1.6593e+00	6.9187e-07
PRR3	9.6500e-01	6.8955e-01	2.4861e-03
PRR4	1.7770e+00	-5.8246e-01	1.1027e-02
PRR5	1.2120e+00	-1.3779e+00	3.1512e-08
PRR5-ARHGAP8	1.5230e+00	-5.1414e+00	2.1061e-26
PRR5L	7.6800e-01	1.3870e+00	6.8137e-03
PRR7	1.4000e+00	-1.9055e+00	3.8034e-03
PRR9	1.9360e+00	-8.8439e-02	1.6158e-07
PRRC1	1.1390e+00	1.1530e-01	8.8200e-08
PRRC2A	3.2200e-01	-9.8507e-01	1.0000e+00
PRRC2B	3.3800e-01	1.1633e+00	1.0000e+00
PRRC2C	2.8700e-01	2.4844e+00	1.0000e+00
PRRG2	1.2940e+00	-1.0001e+00	5.4127e-08
PRRG4	1.4100e+00	8.9419e-01	3.5560e-02
PRRT1	8.3600e-01	4.6164e-01	1.2829e-01
PRRT2	6.3300e-01	-2.4908e-01	6.5632e-01
PRRT3	1.3620e+00	-2.0947e+00	4.4286e-19
PRRT4	1.7950e+00	-2.5915e+00	7.6909e-27
PRRX1	5.7100e-01	1.1920e+00	8.9189e-01
PRRX2	1.1640e+00	-2.7308e-01	3.0137e-03
PRSS1	1.3010e+00	-1.5604e+00	2.2086e-08
PRSS12	9.6500e-01	1.3242e-01	6.5824e-23
PRSS16	9.4000e-01	1.1123e+00	1.9666e-11
PRSS21	1.8600e+00	-1.2428e+00	1.8696e-18
PRSS2	1.5910e+00	-1.2857e+00	2.6369e-07
PRSS22	1.2960e+00	-9.0841e-01	4.6699e-09
PRSS23	9.5500e-01	9.4584e-01	1.9539e-06
PRSS27	1.3430e+00	-7.0699e-01	1.0913e-09
PRSS3	1.2180e+00	1.1029e+00	2.7737e-06
PRSS33	1.7760e+00	-2.4640e+00	3.8226e-14
PRSS35	1.4590e+00	-2.4761e-01	2.1432e-05
PRSS36	1.2430e+00	-1.3005e+00	2.6139e-32
PRSS37	1.1890e+00	5.4195e-01	9.1387e-08
PRSS38	1.1060e+00	2.9055e-01	4.8547e-06
PRSS41	1.8830e+00	-1.2832e+00	9.1023e-17
PRSS45P	1.4460e+00	1.7376e-01	5.3633e-05
PRSS48	1.1560e+00	5.9470e-01	6.1734e-07
PRSS50	1.0070e+00	5.0036e-01	2.6922e-06
PRSS53	1.1980e+00	3.7772e-01	8.9807e-19
PRSS54	1.1340e+00	1.2344e+00	2.8799e-05
PRSS55	1.9620e+00	-3.5223e+00	6.5614e-21
PRSS56	1.1100e+00	-1.1646e+00	3.8589e-16
PRSS57	1.6070e+00	-2.3944e+00	5.8448e-07
PRSS58	1.5940e+00	-4.2615e-01	7.5921e-12
PRSS8	7.8900e-01	1.5053e+00	1.7312e-02
PRTFDC1	1.4350e+00	4.6198e-01	1.4632e-14
PRTG	6.8500e-01	-1.5684e-01	4.0853e-07
PRTN3	1.8850e+00	-1.7296e+00	2.9672e-10
PRUNE1	9.0200e-01	1.7048e+00	5.9061e-05
PRUNE2	6.8900e-01	2.1902e+00	8.4693e-23
PRX	1.3210e+00	5.9052e-01	2.7562e-10
PRXL2A	1.4230e+00	7.6654e-01	2.2834e-09
PRXL2B	1.8470e+00	-9.8658e-01	2.7601e-12
PRXL2C	1.9720e+00	-1.1590e+00	2.3208e-19
PSAP	5.0700e-01	7.3992e-01	9.5247e-01
PSAPL1	NA	-1.8924e+00	NA
PSAT1	1.3050e+00	9.7952e-01	3.1767e-14
PSCA	1.8650e+00	-7.8981e-01	1.1342e-03
PSD2	7.1200e-01	1.2618e+00	9.6612e-06
PSD3	5.7100e-01	-2.4081e+00	1.0829e-02
PSD4	6.5600e-01	8.3514e-01	4.4694e-08
PSD	5.0400e-01	2.6756e+00	9.2099e-01
PSEN1	4.2500e-01	3.1063e+00	9.9951e-01
PSEN2	8.5000e-01	1.3643e+00	3.9828e-07
PSENEN	5.5200e-01	4.8706e-01	9.3551e-01
PSG11	1.5780e+00	-2.8404e+00	2.4243e-17
PSG1	1.8620e+00	-4.6727e+00	5.6441e-28
PSG2	1.7070e+00	-3.4754e+00	1.8643e-21
PSG3	1.6180e+00	-3.7819e+00	4.1718e-26
PSG4	1.7150e+00	-2.9206e+00	4.0333e-26
PSG5	1.7490e+00	-2.5390e+00	1.2315e-23
PSG6	1.4840e+00	-3.8495e+00	2.1366e-20
PSG7	1.5850e+00	-4.5367e+00	4.1076e-23
PSG8	1.7070e+00	-4.1754e+00	3.9779e-25
PSG9	1.4740e+00	-1.8878e+00	1.2958e-18
PSIP1	3.9700e-01	4.1488e-01	9.9977e-01
PSKH1	7.1000e-01	2.7739e+00	1.4793e-01
PSKH2	1.0730e+00	-1.5239e-01	5.6904e-05
PSMA1	3.4300e-01	1.7376e+00	9.9758e-01
PSMA2	2.4300e-01	2.8622e+00	9.9995e-01
PSMA3	4.0600e-01	1.6243e+00	9.9651e-01
PSMA4	4.0900e-01	2.8455e+00	9.9755e-01
PSMA5	3.1900e-01	3.3912e+00	9.9958e-01
PSMA6	1.2200e-01	2.6053e+00	9.9999e-01
PSMA7	3.6700e-01	1.9030e+00	9.9942e-01
PSMA8	9.1800e-01	-9.4845e-02	1.3019e-02
PSMB10	1.2990e+00	9.5489e-01	3.8082e-10
PSMB11	1.9660e+00	2.1383e-01	1.0617e-02
PSMB1	5.4900e-01	6.9125e-01	9.3816e-01
PSMB2	8.7800e-01	1.4209e+00	7.2969e-03
PSMB3	4.5200e-01	2.1947e+00	9.9165e-01
PSMB4	6.5900e-01	7.9620e-01	1.2792e-01
PSMB5	2.5500e-01	1.8437e+00	9.9990e-01
PSMB6	7.2100e-01	1.1446e+00	1.7019e-01
PSMB7	4.2700e-01	1.2112e+00	9.9394e-01
PSMB8	8.4900e-01	8.3816e-01	2.8809e-04
PSMB9	9.2100e-01	8.8189e-01	7.5421e-04
PSMC1	2.5800e-01	5.1835e+00	1.0000e+00
PSMC2	2.7400e-01	4.6323e+00	1.0000e+00
PSMC3	3.5200e-01	5.0225e+00	9.9999e-01
PSMC3IP	9.8100e-01	6.5805e-01	6.2728e-07
PSMC4	4.0700e-01	4.8513e+00	9.9984e-01
PSMC5	3.8600e-01	4.6459e+00	9.9991e-01
PSMC6	1.8500e-01	4.0099e+00	1.0000e+00
PSMD11	8.2000e-02	3.5703e+00	1.0000e+00
PSMD1	1.9300e-01	4.7383e+00	1.0000e+00
PSMD12	2.3200e-01	1.9534e+00	1.0000e+00
PSMD13	2.4600e-01	1.4648e+00	1.0000e+00
PSMD14	3.7300e-01	3.5088e+00	9.9752e-01
PSMD2	1.4100e-01	4.1077e+00	1.0000e+00
PSMD3	1.7100e-01	2.5855e+00	1.0000e+00
PSMD4	2.9500e-01	3.4197e+00	9.9998e-01
PSMD5	9.2100e-01	8.1512e-01	3.5019e-07
PSMD6	3.2700e-01	1.2153e+00	9.9998e-01
PSMD7	6.7600e-01	1.5979e+00	3.2034e-01
PSMD8	1.2500e+00	-1.2514e+00	3.5902e-10
PSMD9	1.3260e+00	3.3591e-01	1.9136e-07
PSME1	5.9300e-01	1.3498e+00	5.8452e-01
PSME2	7.7400e-01	1.0570e+00	2.3894e-03
PSME3	3.4200e-01	2.5266e+00	9.9995e-01
PSME3IP1	6.7600e-01	1.5048e+00	1.9847e-01
PSME4	3.9300e-01	1.9073e+00	1.0000e+00
PSMF1	1.3820e+00	4.6466e-01	4.8040e-11
PSMG1	9.2600e-01	-2.6506e-01	1.2272e-04
PSMG2	7.8800e-01	7.7288e-02	9.6376e-02
PSMG3	1.0630e+00	4.1361e-01	2.0076e-01
PSMG4	1.7370e+00	-1.9691e+00	1.5928e-04
PSORS1C1	1.1270e+00	1.0534e+00	9.3988e-02
PSORS1C2	1.7590e+00	-7.7640e-01	2.2394e-05
PSPC1	4.7700e-01	3.1224e+00	9.9185e-01
PSPH	1.0630e+00	1.1640e+00	1.2448e-04
PSPN	1.9290e+00	-1.1798e+00	6.7590e-08
PSRC1	1.7900e+00	-2.1020e-02	7.0908e-06
PSTK	7.8700e-01	-2.2386e-01	4.3271e-02
PSTPIP1	1.4200e+00	-1.6926e+00	5.9235e-26
PSTPIP2	7.8000e-01	1.7711e+00	1.7106e-05
PTAFR	9.0500e-01	2.3038e+00	2.5586e-02
PTAR1	5.1300e-01	1.3897e+00	9.7187e-01
PTBP1	2.4900e-01	1.0738e+00	1.0000e+00
PTBP2	4.2000e-01	3.4464e+00	9.9954e-01
PTBP3	4.9800e-01	1.6646e+00	9.8259e-01
PTCD1	1.1030e+00	2.4368e-01	1.0113e-15
PTCD2	7.9700e-01	-8.0394e-01	3.3924e-01
PTCD3	1.1320e+00	-5.8174e-02	8.3863e-21
PTCH1	1.4600e-01	3.1493e+00	1.0000e+00
PTCH2	8.9500e-01	2.1600e+00	1.2554e-24
PTCHD3	NA	-9.6019e-01	NA
PTCHD4	7.3900e-01	1.6387e-01	1.1578e-05
PTCRA	1.1680e+00	-2.4516e-01	2.9372e-03
PTDSS1	7.7600e-01	2.9334e+00	5.0589e-08
PTDSS2	8.0200e-01	2.1709e+00	4.8596e-08
PTEN	6.8500e-01	4.1195e+00	4.8668e-02
PTER	1.5530e+00	-4.5264e-01	9.8696e-14
PTF1A	1.8780e+00	-3.0061e+00	5.9082e-08
PTGDR	1.5230e+00	-6.2381e-01	1.9206e-09
PTGDR2	NA	-3.8291e-01	NA
PTGDS	1.0500e+00	2.8116e-01	5.2259e-06
PTGER1	1.8890e+00	-2.8795e+00	3.8641e-07
PTGER2	1.2410e+00	4.4955e-01	2.1826e-07
PTGER3	7.7800e-01	1.2318e+00	2.1246e-02
PTGER4	5.4600e-01	2.5528e+00	9.2140e-01
PTGES2	1.1840e+00	-7.8740e-01	4.9812e-11
PTGES3	8.6800e-01	7.4005e-01	5.0882e-01
PTGES3L	8.5700e-01	1.7198e-01	5.8545e-03
PTGES3L-AARSD1	7.7300e-01	1.5221e-02	1.1699e-01
PTGES	9.6300e-01	1.8373e-01	3.9611e-01
PTGFR	8.4700e-01	1.3953e+00	4.0406e-03
PTGFRN	5.5300e-01	1.4936e+00	2.4324e-01
PTGIR	1.8780e+00	-8.7887e-01	5.8869e-08
PTGIS	1.1460e+00	1.6818e-01	1.2317e-15
PTGR1	8.0200e-01	9.1271e-01	3.3849e-03
PTGR2	1.1200e+00	8.8244e-01	1.3521e-04
PTGS1	8.2000e-01	1.4400e+00	2.7350e-09
PTGS2	3.3000e-01	3.0900e+00	1.0000e+00
PTH	1.3200e+00	5.6473e-01	4.7138e-02
PTH1R	6.6700e-01	1.9767e+00	1.9329e-04
PTH2	1.6930e+00	-7.5252e-01	6.5182e-03
PTH2R	1.3030e+00	-6.4003e-01	6.5346e-20
PTHLH	5.5800e-01	3.2316e-01	9.2926e-01
PTK2	7.8900e-01	1.6294e+00	5.4025e-01
PTK2B	5.6200e-01	2.6933e+00	4.5186e-05
PTK6	1.2550e+00	8.3605e-02	2.7574e-16
PTK7	4.2200e-01	2.8665e+00	9.9999e-01
PTMA	5.5400e-01	2.3007e-01	9.3312e-01
PTMS	6.2700e-01	9.9955e-01	8.2137e-01
PTN	9.9600e-01	8.3803e-01	5.9544e-03
PTOV1	5.2200e-01	-7.7927e-01	9.2700e-01
PTP4A1	8.0300e-01	1.9918e+00	2.4336e-01
PTP4A2	3.0900e-01	1.9102e+00	9.8416e-01
PTP4A3	9.1600e-01	2.0563e-01	3.8746e-02
PTPA	5.3000e-01	1.2584e+00	9.4668e-01
PTPDC1	8.3800e-01	1.2436e+00	4.1268e-09
PTPMT1	1.0320e+00	-4.0436e-01	4.2940e-03
PTPN11	1.5600e-01	4.9526e+00	1.0000e+00
PTPN12	5.1300e-01	5.0244e-02	9.6525e-01
PTPN1	3.2100e-01	3.2208e+00	1.0000e+00
PTPN13	7.3700e-01	1.1963e+00	1.3570e-27
PTPN14	5.2300e-01	2.9700e+00	2.1248e-01
PTPN18	1.2090e+00	-3.7418e-01	3.3213e-22
PTPN20	6.9800e-01	2.6472e+00	3.7345e-01
PTPN21	7.2800e-01	-6.9962e-01	7.2782e-11
PTPN22	9.7700e-01	1.2061e+00	1.6279e-14
PTPN23	5.7700e-01	1.6989e+00	9.3323e-07
PTPN2	6.1800e-01	1.7163e+00	5.1018e-01
PTPN3	8.7300e-01	6.9368e-01	2.1222e-23
PTPN4	4.9600e-01	2.3220e+00	9.4902e-01
PTPN5	5.8000e-01	1.0867e+00	1.4470e-01
PTPN6	3.2500e-01	4.0697e+00	1.0000e+00
PTPN7	8.6700e-01	1.3461e+00	1.4022e-07
PTPN9	5.2900e-01	2.6314e+00	8.8832e-01
PTPRA	2.6000e-01	3.3471e+00	1.0000e+00
PTPRB	4.6600e-01	3.2973e+00	9.7810e-01
PTPRC	3.4300e-01	1.9632e+00	1.0000e+00
PTPRCAP	1.4870e+00	-1.1235e+00	4.9794e-01
PTPRD	2.0400e-01	-2.4895e-01	1.0000e+00
PTPRE	6.3500e-01	2.3507e+00	4.4967e-06
PTPRF	3.4800e-01	4.0637e+00	1.0000e+00
PTPRG	7.1400e-01	4.4516e-01	5.3592e-15
PTPRH	9.7100e-01	4.3937e-01	4.1460e-32
PTPRJ	1.0430e+00	1.3847e+00	1.3858e-35
PTPRK	5.1000e-01	3.3998e+00	1.0948e-01
PTPRM	3.3400e-01	3.3309e+00	1.0000e+00
PTPRN2	8.1100e-01	-1.7635e+00	5.0350e-15
PTPRN	7.7800e-01	1.7823e+00	1.5985e-14
PTPRO	5.1300e-01	1.8918e+00	1.6709e-01
PTPRQ	9.4100e-01	-2.1493e-01	9.7609e-48
PTPRR	6.3300e-01	1.0651e+00	6.1569e-03
PTPRS	3.7800e-01	3.2137e+00	1.0000e+00
PTPRT	3.9500e-01	3.2219e+00	1.0000e+00
PTPRU	5.2500e-01	2.6201e+00	5.7789e-03
PTPRZ1	4.9700e-01	1.6763e+00	1.5488e-01
PTRH1	1.3990e+00	-1.2152e+00	3.1536e-05
PTRH2	1.3220e+00	1.2162e+00	1.1805e-03
PTRHD1	1.3320e+00	-1.8679e-01	2.3781e-04
PTS	1.6950e+00	-1.7854e-01	9.4801e-10
PTTG1	6.7300e-01	1.1924e+00	6.1383e-01
PTTG1IP	1.0090e+00	-3.2621e-01	4.3855e-04
PTTG2	1.9450e+00	3.0279e-01	4.4482e-02
PTX3	1.3230e+00	-7.9721e-01	6.2145e-10
PTX4	1.6390e+00	-9.9134e-01	1.8412e-07
PUF60	2.9500e-01	4.9270e+00	1.0000e+00
PUM1	1.6500e-01	5.5922e+00	1.0000e+00
PUM2	5.7600e-01	2.7577e+00	1.5334e-04
PUM3	1.3630e+00	-2.8844e+00	3.3276e-13
PURA	1.3800e-01	4.4455e+00	9.9996e-01
PURB	1.2230e+00	5.3980e-01	1.0090e-03
PURG	3.2500e-01	1.3128e+00	9.9948e-01
PUS10	1.0730e+00	-7.6423e-01	6.0777e-08
PUS1	1.1610e+00	-5.4906e-01	6.4004e-08
PUS3	1.0580e+00	1.1089e+00	1.6014e-10
PUS7	7.2700e-01	1.1498e+00	1.8760e-05
PUS7L	1.1000e+00	7.0636e-01	1.5885e-07
PUSL1	1.9850e+00	-4.7055e+00	8.0385e-27
PVALB	1.5600e+00	2.7451e-01	8.6045e-04
PVALEF	NA	NA	NA
PVR	1.1420e+00	1.1156e+00	5.3647e-11
PVRIG	1.2540e+00	-3.7608e-01	4.1452e-06
PWP1	8.3300e-01	1.2327e+00	1.4660e-08
PWWP2A	5.9900e-01	7.8721e-01	3.6793e-01
PWWP2B	1.7100e+00	-5.8126e-01	4.4598e-04
PWWP3A	9.0700e-01	-1.2212e+00	1.7334e-11
PXDC1	7.9300e-01	-1.3467e+00	4.4029e-01
PXDN	6.7700e-01	1.5421e+00	1.9752e-10
PXDNL	1.1330e+00	-1.9728e+00	6.5136e-32
PXK	5.8800e-01	7.7803e-01	1.8170e-01
PXMP2	1.1110e+00	-6.9772e-01	1.1357e-03
PXMP4	1.1050e+00	1.1042e+00	7.8804e-05
PXN	8.2800e-01	9.7667e-01	2.7320e-13
PXT1	1.3630e+00	3.4546e-01	4.1211e-02
PXYLP1	6.3900e-01	1.9058e+00	1.6307e-01
PYCARD	1.5270e+00	2.7608e-01	4.3053e-04
PYCR1	1.2680e+00	-1.0303e-01	1.6770e-06
PYCR2	1.0290e+00	7.6924e-01	2.6343e-05
PYCR3	1.4690e+00	-1.7338e-01	4.7954e-08
PYDC1	1.9120e+00	1.6332e-01	1.4187e-01
PYDC2	1.9150e+00	-2.2729e-01	1.3815e-01
PYGB	1.0210e+00	4.7587e-01	7.7050e-25
PYGL	1.0480e+00	9.6944e-01	4.2298e-27
PYGM	9.6200e-01	1.6921e+00	2.8947e-22
PYGO1	3.7700e-01	2.9913e-01	9.9916e-01
PYGO2	6.7000e-01	-7.2088e-01	6.2291e-01
PYHIN1	1.0230e+00	4.1257e-01	1.0259e-08
PYM1	6.2000e-01	1.4324e+00	7.8510e-01
PYROXD1	1.1070e+00	1.0218e+00	3.8839e-05
PYROXD2	1.1450e+00	2.1480e-01	5.1418e-20
PYURF	1.7630e+00	5.9846e-01	3.4362e-04
PYY	1.7730e+00	-1.3970e-01	2.0468e-05
PZP	9.3100e-01	1.2626e+00	1.8332e-32
QARS1	8.5400e-01	8.9090e-01	6.1068e-19
QDPR	9.8400e-01	3.2789e-01	4.0110e-06
QKI	4.4900e-01	3.6009e+00	9.9613e-01
QPCT	1.3000e+00	-1.2459e+00	1.4995e-14
QPCTL	1.2840e+00	4.8510e-01	9.2521e-11
QPRT	1.2220e+00	1.0564e+00	2.5479e-05
QRFP	1.4710e+00	-4.9346e-01	6.2988e-03
QRFPR	1.5320e+00	1.4510e-01	6.2738e-12
QRICH1	2.6100e-01	3.7909e+00	1.0000e+00
QRICH2	8.3200e-01	2.0207e+00	2.4502e-28
QRSL1	1.1050e+00	1.9873e+00	4.1617e-15
QSER1	3.4900e-01	2.3906e+00	1.0000e+00
QSOX1	6.9500e-01	3.5083e-01	9.7624e-06
QSOX2	9.9100e-01	6.2586e-01	2.0643e-12
QTRT1	1.2060e+00	5.3979e-01	1.3125e-13
QTRT2	8.9800e-01	9.4292e-01	3.5695e-05
R3HCC1	1.1540e+00	-2.6356e-01	1.9052e-10
R3HCC1L	1.0200e+00	2.1755e-01	2.8738e-14
R3HDM1	3.8200e-01	2.2315e+00	1.0000e+00
R3HDM2	3.8900e-01	3.7684e+00	1.0000e+00
R3HDM4	1.3940e+00	-1.8439e+00	9.8108e-11
R3HDML	1.1980e+00	1.0767e+00	3.4505e-06
RAB10	5.2200e-01	3.1115e+00	9.5387e-01
RAB11A	5.7700e-01	3.5737e+00	8.7729e-01
RAB11B	6.5700e-01	2.4822e+00	6.6811e-01
RAB11FIP1	7.6800e-01	8.0035e-01	3.7238e-09
RAB11FIP2	4.8300e-01	1.4351e+00	9.8980e-01
RAB11FIP3	3.8300e-01	-8.5229e-01	9.9999e-01
RAB11FIP4	5.3600e-01	2.1785e+00	8.0963e-01
RAB11FIP5	8.4600e-01	-1.4190e-01	5.9120e-11
RAB12	1.1800e+00	1.3038e+00	2.1293e-02
RAB13	7.7200e-01	1.7686e+00	9.6766e-03
RAB14	2.2400e-01	2.9390e+00	9.9982e-01
RAB15	6.8600e-01	1.0168e+00	2.1880e-01
RAB17	1.2120e+00	3.1981e-01	2.7711e-05
RAB18	5.3700e-01	1.0956e+00	9.5038e-01
RAB19	1.6320e+00	5.1236e-01	1.1535e-08
RAB1A	3.1100e-01	2.7960e+00	9.9666e-01
RAB1B	7.3300e-01	2.4035e+00	1.9565e-01
RAB20	1.7420e+00	9.3106e-01	2.9064e-02
RAB21	1.3540e+00	-6.1365e-01	2.0676e-02
RAB22A	8.4300e-01	1.4086e+00	5.0110e-02
RAB23	8.3800e-01	9.9039e-01	3.3359e-02
RAB24	4.3700e-01	1.8935e+00	9.9744e-01
RAB25	1.2530e+00	9.3481e-01	8.6891e-08
RAB26	1.6030e+00	-2.9723e+00	3.2738e-16
RAB27A	1.1260e+00	6.3867e-02	1.5541e-05
RAB27B	9.6300e-01	2.4399e-02	8.2165e-03
RAB28	1.3320e+00	-3.4101e-03	1.1185e-03
RAB29	7.8800e-01	1.4959e+00	2.7708e-02
RAB2A	1.0240e+00	2.5947e+00	2.2908e-01
RAB2B	1.3010e+00	1.0174e+00	1.2975e-05
RAB30	6.4900e-01	2.5630e+00	6.4387e-01
RAB31	1.5160e+00	4.6784e-01	1.1162e-06
RAB32	1.3390e+00	1.5918e-01	8.5505e-07
RAB33B	7.7400e-01	1.1690e+00	3.9187e-01
RAB34	1.1520e+00	9.3877e-01	9.3255e-11
RAB35	3.2900e-01	3.1563e+00	9.9975e-01
RAB36	1.1730e+00	9.8713e-01	6.2716e-12
RAB37	1.2450e+00	-6.7457e-02	8.6364e-10
RAB38	1.1890e+00	-2.2979e-01	7.1150e-05
RAB39A	1.1910e+00	7.9794e-01	1.6230e-05
RAB3A	4.7400e-01	2.6709e+00	9.8577e-01
RAB3B	8.5000e-01	1.4634e+00	7.3523e-02
RAB3C	1.0690e+00	7.9112e-01	2.0995e-02
RAB3D	1.2360e+00	1.7251e+00	4.9298e-06
RAB3GAP1	7.9800e-01	2.0402e+00	5.1538e-17
RAB3GAP2	5.3500e-01	1.9223e+00	7.1117e-04
RAB3IL1	1.1530e+00	-2.2033e-01	9.5409e-12
RAB3IP	1.0240e+00	5.2332e-01	1.9428e-04
RAB40B	1.5660e+00	2.5950e-01	5.1222e-08
RAB40C	5.2400e-01	2.1030e+00	9.6200e-01
RAB42	1.8720e+00	1.2243e+00	4.2505e-04
RAB43	7.2800e-01	1.4522e+00	5.1274e-01
RAB44	1.0290e+00	5.8725e-01	4.2650e-17
RAB4A	8.3300e-01	6.3299e-01	8.7434e-02
RAB4B	8.4300e-01	1.0279e+00	4.3678e-03
RAB4B-EGLN2	NA	1.0279e+00	NA
RAB5A	3.9500e-01	1.9284e+00	9.9558e-01
RAB5B	5.3300e-01	2.3823e+00	9.5294e-01
RAB5C	4.1000e-01	1.5744e+00	9.9376e-01
RAB5IF	1.1440e+00	2.9898e-01	4.3683e-04
RAB6A	5.5800e-01	2.6759e+00	9.2737e-01
RAB6B	4.0300e-01	3.0816e+00	9.9910e-01
RAB6C	9.2300e-01	2.6728e+00	6.0411e-02
RAB6D	1.1250e+00	2.1717e+00	7.6580e-03
RAB7A	2.4200e-01	3.3709e+00	9.9995e-01
RAB8A	3.4000e-01	2.2716e+00	9.9960e-01
RAB8B	7.9800e-01	1.4026e+00	2.5433e-01
RABAC1	1.0790e+00	4.9472e-01	1.0470e-04
RABEP1	4.9200e-01	1.5513e+00	9.5782e-01
RABEP2	1.0210e+00	7.1281e-01	2.2711e-16
RABEPK	1.0710e+00	6.3918e-01	1.2533e-07
RABGAP1	2.4100e-01	3.8213e+00	1.0000e+00
RABGAP1L	5.8600e-01	1.6279e+00	6.7362e-04
RABGEF1	6.9100e-01	2.2152e+00	1.4205e-03
RABGGTA	1.0000e+00	5.6798e-01	1.4214e-19
RABGGTB	6.8800e-01	2.0824e+00	2.2161e-02
RABIF	1.6870e+00	2.3365e-01	1.3649e-05
RABL2A	9.7300e-01	1.5415e+00	1.2428e-03
RABL2B	1.0940e+00	1.1717e+00	1.7400e-04
RABL3	1.4150e+00	2.7798e-01	7.1376e-02
RABL6	5.8800e-01	-1.6607e+00	1.4851e-01
RAC1	2.5000e-01	3.9410e+00	9.9948e-01
RAC2	1.9700e-01	2.9153e+00	9.9996e-01
RAC3	7.2600e-01	1.5076e+00	2.8031e-01
RACGAP1	5.2200e-01	2.7773e+00	8.6929e-01
RACK1	2.4000e-01	4.4437e+00	9.9999e-01
RAD1	1.0770e+00	1.7503e-01	1.0675e-04
RAD17	5.2700e-01	1.3613e+00	8.0639e-01
RAD18	1.0500e+00	-2.1425e-01	5.9288e-09
RAD21	3.4100e-01	3.6539e+00	1.0000e+00
RAD21L1	1.2070e+00	4.3123e-01	2.2904e-03
RAD23A	5.4700e-01	1.9373e+00	8.6371e-01
RAD23B	2.2400e-01	2.0988e+00	1.0000e+00
RAD50	8.8900e-01	2.2921e+00	1.1799e-33
RAD51	4.6700e-01	3.6487e+00	9.9531e-01
RAD51AP1	8.0100e-01	8.1264e-01	5.4529e-02
RAD51AP2	9.8400e-01	7.1569e-01	6.1926e-17
RAD51B	1.2470e+00	7.3464e-01	1.7091e-10
RAD51C	1.1390e+00	2.6151e-02	3.0641e-13
RAD51D	1.0920e+00	6.0971e-01	1.7901e-11
RAD52	1.1850e+00	1.0717e+00	3.8460e-16
RAD54B	9.8300e-01	1.6868e+00	2.2964e-18
RAD54L2	2.6500e-01	4.3338e+00	1.0000e+00
RAD54L	9.4000e-01	1.2140e+00	1.7363e-19
RAD9A	8.6600e-01	1.6600e-01	1.3049e-05
RAD9B	1.1820e+00	3.5073e-01	1.7796e-05
RADIL	1.4940e+00	-4.1939e+00	1.2700e-41
RAE1	4.1100e-01	3.4728e+00	9.9963e-01
RAET1E	1.6100e+00	3.6234e-01	8.1008e-10
RAET1G	1.1570e+00	3.7902e-02	6.7842e-08
RAET1L	1.2090e+00	2.4276e-01	5.3592e-04
RAF1	3.5300e-01	3.4281e+00	1.0000e+00
RAG1	7.0300e-01	1.7802e+00	2.2369e-05
RAG2	7.3300e-01	5.8340e-01	2.2372e-02
RAI1	1.2900e-01	2.4299e+00	1.0000e+00
RAI14	5.1800e-01	2.4355e+00	6.2734e-01
RALA	5.4000e-01	3.5117e+00	9.4757e-01
RALB	1.1770e+00	2.2621e+00	3.8361e-05
RALBP1	5.3000e-01	2.9690e+00	7.9971e-01
RALGAPA1	2.9200e-01	5.3669e+00	1.0000e+00
RALGAPA2	7.3700e-01	7.6414e-01	1.3082e-22
RALGAPB	2.0200e-01	4.2982e+00	1.0000e+00
RALGDS	5.8900e-01	1.5975e+00	1.5824e-03
RALGPS1	3.5800e-01	3.2250e+00	1.0000e+00
RALGPS2	6.3700e-01	2.0354e+00	2.4459e-02
RALY	7.3400e-01	1.4525e+00	3.2650e-02
RALYL	1.0650e+00	4.2874e-01	1.1590e-02
RAMAC	1.1410e+00	6.3999e-01	2.5959e-02
RAMACL	1.4330e+00	2.8959e-01	1.4914e-03
RAMP1	1.7340e+00	3.0609e-01	3.9711e-04
RAMP2	1.0410e+00	7.0922e-01	7.4392e-03
RAMP3	1.7120e+00	-4.8385e-02	4.6708e-06
RAN	2.4000e-01	4.7567e+00	9.9995e-01
RANBP10	4.8200e-01	1.8546e+00	9.9182e-01
RANBP17	1.3800e+00	-1.8836e-01	1.7403e-29
RANBP1	7.6200e-01	2.0636e+00	1.2032e-02
RANBP2	2.3100e-01	3.8313e+00	1.0000e+00
RANBP3	2.8100e-01	2.4922e+00	1.0000e+00
RANBP3L	1.2050e+00	4.3641e-01	3.3469e-07
RANBP6	4.6500e-01	-2.9388e-01	9.9475e-01
RANBP9	3.1900e-01	5.9042e-01	1.0000e+00
RANGAP1	8.0800e-01	1.4669e+00	6.3703e-08
RANGRF	1.1070e+00	6.3269e-01	3.8612e-05
RAP1A	4.3300e-01	2.0973e+00	9.9295e-01
RAP1B	1.8500e-01	2.7634e+00	9.9938e-01
RAP1GAP2	4.3300e-01	1.8735e+00	9.9988e-01
RAP1GAP	5.9300e-01	1.3684e+00	1.3631e-02
RAP1GDS1	6.5500e-01	7.0452e-01	5.2151e-04
RAP2A	6.5800e-01	3.3140e+00	7.5680e-01
RAP2B	8.5600e-01	2.7121e+00	2.3408e-01
RAPGEF1	3.2100e-01	3.7888e+00	1.0000e+00
RAPGEF2	3.7100e-01	4.1603e+00	1.0000e+00
RAPGEF3	9.5400e-01	7.9324e-01	2.2375e-28
RAPGEF4	5.4200e-01	2.3345e+00	1.4611e-02
RAPGEF5	7.4100e-01	1.6206e-01	3.3647e-10
RAPGEF6	4.1000e-01	2.6309e+00	1.0000e+00
RAPGEFL1	6.9600e-01	1.5862e+00	5.3750e-04
RAPH1	3.7800e-01	6.9212e-01	9.9999e-01
RAPSN	1.0920e+00	9.5373e-02	6.3937e-10
RARA	2.5400e-01	3.3912e+00	1.0000e+00
RARB	4.7700e-01	3.1336e+00	9.9414e-01
RARG	6.0400e-01	3.7537e+00	3.8317e-01
RARRES1	1.4720e+00	-1.8339e-01	5.4709e-12
RARRES2	1.2900e+00	-8.1767e-01	3.0936e-04
RARS1	1.0790e+00	4.6413e-01	1.1875e-16
RARS2	8.8600e-01	5.1421e-01	1.9200e-12
RASA1	3.0000e-01	3.6029e+00	1.0000e+00
RASA2	1.4840e+00	-6.4145e-01	2.9677e-36
RASA3	8.1300e-01	1.5375e+00	1.3437e-14
RASA4	1.6980e+00	1.3848e+00	1.4808e-02
RASA4B	1.6540e+00	1.3604e+00	2.8795e-01
RASAL1	9.8000e-01	3.9230e-01	3.5560e-19
RASAL2	5.5200e-01	2.6317e+00	5.3813e-03
RASAL3	1.0310e+00	-1.5226e+00	1.0577e-21
RASD1	1.2860e+00	3.5624e-01	1.4827e-04
RASD2	7.9700e-01	2.2802e+00	2.5486e-01
RASEF	1.2020e+00	-5.0349e-01	7.0386e-13
RASGEF1A	5.0200e-01	2.9422e+00	9.7757e-01
RASGEF1B	6.4100e-01	1.2326e+00	6.9272e-02
RASGEF1C	6.1600e-01	1.4240e+00	9.8150e-02
RASGRF1	3.5000e-01	5.1518e+00	1.0000e+00
RASGRF2	6.1400e-01	4.1242e+00	3.3565e-08
RASGRP1	5.3800e-01	3.0281e+00	4.7553e-01
RASGRP2	8.5400e-01	1.8284e+00	4.1031e-10
RASGRP3	7.8200e-01	-1.0491e-01	8.2531e-07
RASGRP4	8.4500e-01	1.3125e+00	3.3951e-11
RASIP1	4.5000e-01	-5.3653e-01	9.9900e-01
RASL10A	1.8030e+00	-1.4590e+00	6.4437e-06
RASL10B	7.9100e-01	1.5307e+00	9.3119e-02
RASL11A	1.2760e+00	6.1892e-01	3.3912e-06
RASL11B	9.7800e-01	1.2276e+00	7.0729e-03
RASL12	1.2180e+00	5.0206e-01	2.6274e-05
RASSF10	9.4600e-01	-1.5574e+00	2.6794e-05
RASSF1	1.4090e+00	-2.7949e-01	2.2472e-12
RASSF2	9.9100e-01	1.1516e+00	2.8773e-09
RASSF3	1.6450e+00	-3.8374e-01	4.2711e-05
RASSF4	1.3560e+00	8.7554e-02	1.2462e-11
RASSF5	9.4700e-01	-2.9385e-01	1.4320e-05
RASSF6	1.5220e+00	-5.1895e-01	4.4016e-04
RASSF7	1.8580e+00	-2.6199e+00	9.5453e-22
RASSF8	6.5800e-01	1.5933e+00	2.8283e-02
RASSF9	1.1060e+00	7.5385e-01	1.7313e-08
RAVER1	8.9000e-01	-4.0812e-01	2.3279e-07
RAVER2	NA	-1.8841e-02	NA
RAX	1.1970e+00	-1.0259e+00	5.8285e-04
RAX2	1.5250e+00	-1.2231e+00	5.3740e-02
RB1	2.3900e-01	2.3200e+00	1.0000e+00
RB1CC1	2.9300e-01	1.3349e+00	1.0000e+00
RBAK	7.4900e-01	1.2388e-01	7.3815e-07
RBAK-RBAKDN	1.0790e+00	-6.8370e-01	5.2823e-05
RBBP4	1.4400e-01	6.5897e+00	1.0000e+00
RBBP5	1.4400e-01	4.6486e+00	1.0000e+00
RBBP6	2.1200e-01	2.7309e+00	1.0000e+00
RBBP8	9.8100e-01	8.3101e-01	3.0962e-21
RBBP8NL	1.5200e+00	-2.1221e+00	3.2997e-24
RBBP9	1.3280e+00	8.2325e-02	4.2030e-07
RBCK1	8.9000e-01	1.3172e+00	1.0642e-10
RBFA	9.7700e-01	-2.0656e-01	7.1405e-03
RBFOX1	3.1100e-01	-1.3748e+00	1.0000e+00
RBFOX2	2.9600e-01	2.6507e+00	9.9995e-01
RBFOX3	6.0500e-01	1.1108e+00	5.9928e-01
RBIS	1.8580e+00	4.1136e-01	3.2564e-01
RBKS	1.2800e+00	7.9188e-01	1.4931e-06
RBL1	7.6200e-01	1.8293e+00	1.7752e-14
RBL2	6.0200e-01	1.6034e+00	2.2950e-04
RBM11	1.2790e+00	5.4549e-01	6.8464e-07
RBM12	8.7200e-01	1.9169e+00	1.9734e-05
RBM12B	5.2300e-01	1.8476e+00	9.5913e-01
RBM14	1.9600e-01	2.0677e+00	1.0000e+00
RBM14-RBM4	5.9900e-01	2.5474e+00	8.8057e-01
RBM15	2.0800e-01	2.1069e+00	1.0000e+00
RBM15B	3.9400e-01	2.5471e-01	9.9986e-01
RBM17	1.5100e-01	3.2657e+00	1.0000e+00
RBM18	9.6200e-01	1.4629e+00	2.5750e-03
RBM19	9.5200e-01	9.5410e-01	3.7938e-25
RBM20	5.6800e-01	7.3614e-01	1.1358e-02
RBM22	9.2000e-02	4.4251e+00	1.0000e+00
RBM23	1.1480e+00	-3.8576e-01	5.3540e-16
RBM24	6.1200e-01	9.3245e-01	8.5074e-01
RBM25	1.9800e-01	4.9092e+00	1.0000e+00
RBM26	4.1800e-01	2.0943e+00	9.9989e-01
RBM27	2.3400e-01	2.7187e+00	1.0000e+00
RBM28	9.0400e-01	1.3067e+00	3.9531e-18
RBM33	3.2500e-01	1.8212e+00	1.0000e+00
RBM34	1.1000e+00	-6.8891e-01	3.0592e-11
RBM38	8.6800e-01	-3.7583e-01	2.3209e-02
RBM39	2.6300e-01	5.5868e+00	1.0000e+00
RBM42	8.1500e-01	1.1763e+00	5.8001e-04
RBM43	1.9540e+00	1.2743e+00	4.4929e-05
RBM4	4.2300e-01	2.0983e+00	9.9805e-01
RBM44	9.0100e-01	1.1165e+00	1.3209e-10
RBM45	8.9800e-01	1.8347e+00	3.3932e-07
RBM46	4.9200e-01	3.6007e+00	9.8656e-01
RBM47	6.6200e-01	2.0979e+00	3.4549e-02
RBM48	1.4040e+00	3.3223e-01	8.8241e-08
RBM4B	6.9600e-01	1.8477e+00	1.3920e-01
RBM5	2.0200e-01	5.2026e+00	1.0000e+00
RBM6	2.1300e-01	2.9854e+00	1.0000e+00
RBM7	7.6500e-01	1.5182e+00	8.9473e-02
RBM8A	5.4600e-01	3.0397e+00	9.3671e-01
RBMS1	4.1100e-01	2.8234e+00	9.9979e-01
RBMS2	8.7200e-01	2.0980e+00	1.2125e-08
RBMS3	5.8900e-01	7.6809e-01	2.5372e-01
RBMXL1	9.5300e-01	1.5220e+00	1.4661e-04
RBMXL2	1.8940e+00	-1.5063e+00	3.2725e-02
RBP1	1.3440e+00	6.7798e-02	1.8399e-06
RBP2	1.4060e+00	5.3598e-01	2.5247e-06
RBP3	9.5800e-01	2.2571e-01	6.2936e-14
RBP4	5.7500e-01	8.6717e-01	8.6966e-01
RBP5	1.2590e+00	-1.3003e-01	1.7890e-04
RBP7	1.4080e+00	4.1782e-01	3.6768e-03
RBPJ	2.6700e-01	3.9052e+00	1.0000e+00
RBPJL	1.0890e+00	5.0846e-01	3.3413e-15
RBPMS2	9.5500e-01	1.6399e-01	1.5440e-03
RBPMS	7.3300e-01	6.6968e-01	4.9715e-01
RBSN	7.4000e-01	2.1678e+00	4.3732e-06
RBX1	1.2580e+00	7.1597e-01	5.7182e-01
RC3H1	4.6300e-01	3.9617e+00	9.9820e-01
RC3H2	3.0900e-01	3.0357e+00	1.0000e+00
RCAN1	9.0400e-01	-6.5576e-04	1.5326e-02
RCAN2	6.5500e-01	8.3555e-01	5.5474e-01
RCAN3	1.3060e+00	1.0357e+00	2.3541e-07
RCBTB1	7.5100e-01	1.5870e+00	4.5851e-05
RCBTB2	1.0800e+00	1.4884e+00	1.0169e-15
RCC1	3.9600e-01	2.7752e+00	9.9984e-01
RCC1L	1.0240e+00	-4.8234e-01	7.7363e-13
RCC2	5.0800e-01	2.0636e+00	9.6850e-01
RCCD1	1.6920e+00	-2.4390e+00	7.0059e-21
RCE1	7.1200e-01	-1.8231e-01	5.1947e-02
RCHY1	8.3000e-01	8.4686e-01	5.8414e-02
RCL1	8.2800e-01	-1.2468e+00	1.4704e-02
RCN1	7.6900e-01	8.6594e-01	3.7737e-02
RCN2	1.2630e+00	-6.0778e-01	3.8258e-05
RCN3	1.7480e+00	-6.8795e-01	4.3575e-18
RCOR1	6.7400e-01	2.2747e-01	4.7448e-01
RCOR2	5.3900e-01	1.5323e+00	8.2281e-01
RCOR3	3.6200e-01	2.9410e+00	9.9997e-01
RCSD1	9.1100e-01	-7.1070e-01	2.6274e-06
RCVRN	1.6160e+00	4.6170e-01	3.3902e-06
RD3	1.1160e+00	-1.5290e-03	2.1536e-03
RD3L	9.0300e-01	9.4808e-02	1.1401e-01
RDH10	9.6500e-01	2.0041e+00	4.4594e-03
RDH11	9.0300e-01	7.7345e-01	1.7239e-03
RDH12	8.6200e-01	3.4929e-01	1.1151e-03
RDH13	1.5270e+00	-1.3660e+00	5.4858e-14
RDH14	1.6230e+00	-2.3701e+00	5.2462e-07
RDH16	1.4660e+00	6.2070e-02	1.4043e-09
RDH5	1.3000e+00	1.0359e+00	7.1356e-11
RDH8	1.0690e+00	5.6121e-01	5.9359e-05
RDM1	1.4480e+00	1.3095e+00	4.1932e-09
RDX	5.4200e-01	1.5649e+00	6.5721e-01
REC114	1.2680e+00	-6.1446e-01	1.5058e-08
REC8	6.8200e-01	2.2088e+00	2.5641e-06
RECK	7.3500e-01	1.8363e+00	3.1515e-10
RECQL	1.2350e+00	1.0791e+00	1.0681e-19
RECQL4	1.5190e+00	-6.2783e+00	5.7709e-69
RECQL5	1.0280e+00	6.1366e-01	3.0672e-26
REEP1	9.1500e-01	1.4416e+00	4.6394e-05
REEP2	4.8800e-01	2.1615e+00	9.8683e-01
REEP3	1.1840e+00	3.8896e-01	1.0628e-02
REEP4	7.8600e-01	2.4406e-01	4.6509e-03
REEP5	1.4590e+00	-2.0324e-01	5.2946e-08
REEP6	1.3420e+00	-9.4465e-01	1.8750e-06
REG1A	1.3650e+00	4.0310e-01	6.7459e-07
REG1B	1.4190e+00	-9.3256e-01	9.8205e-07
REG3A	1.1160e+00	-8.4107e-02	7.0483e-05
REG3G	1.4120e+00	-6.4313e-01	1.9216e-07
REG4	1.0740e+00	-5.2497e-01	5.5944e-05
REL	4.1600e-01	1.7567e+00	9.9918e-01
RELA	4.0000e-01	2.5486e+00	9.9992e-01
RELB	5.1200e-01	9.2268e-01	9.6979e-01
RELCH	3.7000e-01	2.2619e+00	9.9999e-01
RELL1	4.7100e-01	7.3826e-01	9.7907e-01
RELL2	9.1900e-01	8.4195e-01	2.4849e-04
RELN	2.7600e-01	4.2857e+00	1.0000e+00
RELT	9.5500e-01	9.5198e-01	1.9588e-09
REM1	1.0540e+00	-5.7336e-01	1.3837e-04
REM2	1.5760e+00	4.2793e-03	1.1246e-09
REN	1.0690e+00	1.6483e+00	1.8225e-12
REP15	1.8690e+00	8.7508e-01	1.6457e-02
REPIN1	1.3650e+00	-6.5397e-01	4.0890e-02
REPS1	5.8600e-01	1.6046e+00	1.6623e-01
RER1	6.3500e-01	2.2192e+00	8.0611e-01
RERE	4.5900e-01	1.8278e-01	9.9882e-01
RERG	1.5280e+00	-8.8827e-02	1.0222e-06
RERGL	1.2540e+00	-2.1311e-01	1.8532e-04
RESF1	5.7000e-01	-1.4250e+00	4.5845e-05
RESP18	1.3150e+00	-6.4907e-01	4.2393e-08
REST	1.6000e-01	1.2246e+00	1.0000e+00
RET	2.4000e-01	2.6933e+00	1.0000e+00
RETN	1.7920e+00	-9.7495e-01	4.3233e-03
RETNLB	1.8520e+00	-1.6303e-01	1.2480e-03
RETREG1	8.4300e-01	1.6229e+00	3.8399e-05
RETREG2	6.1200e-01	1.5881e-01	1.7580e-01
RETREG3	6.7100e-01	9.8246e-01	1.2923e-02
RETSAT	7.2100e-01	1.4919e+00	9.8376e-06
REV1	3.6100e-01	1.9378e+00	1.0000e+00
REV3L	2.6100e-01	3.9998e+00	1.0000e+00
REX1BD	1.8640e+00	-1.7876e+00	4.1463e-10
REXO1	6.1600e-01	-1.8743e+00	5.2252e-04
REXO2	1.3140e+00	1.4513e-01	2.6635e-04
REXO4	9.4600e-01	5.8982e-01	2.3209e-06
REXO5	6.8500e-01	1.8114e+00	2.6021e-04
RFC1	3.8700e-01	1.8896e+00	1.0000e+00
RFC2	1.3940e+00	2.3565e-01	8.0984e-04
RFC3	1.1530e+00	1.4382e-01	2.7289e-06
RFC4	1.0960e+00	-5.7001e-01	5.8032e-10
RFC5	7.6100e-01	1.4565e+00	2.5851e-01
RFESD	9.1500e-01	1.0704e+00	7.8552e-03
RFFL	6.1500e-01	1.6810e+00	4.1415e-01
RFK	5.5700e-01	3.9422e-02	9.0892e-01
RFLNA	1.8090e+00	2.4792e-01	9.5663e-03
RFLNB	1.2890e+00	2.9273e-01	2.6296e-02
RFNG	1.7830e+00	-2.1661e+00	1.7656e-16
RFPL1	1.3410e+00	1.0359e+00	2.1631e-02
RFPL2	1.1890e+00	6.6677e-01	3.0364e-04
RFPL3	1.7040e+00	7.8171e-01	1.1113e-03
RFPL4A	1.2680e+00	3.0547e+00	1.0600e-01
RFPL4AL1	1.3200e+00	3.6381e+00	2.8220e-01
RFPL4B	NA	5.8406e-01	NA
RFT1	8.9400e-01	7.7387e-01	3.3169e-09
RFTN1	8.2400e-01	7.9425e-01	1.0329e-04
RFTN2	9.7300e-01	8.7535e-01	3.1531e-05
RFWD3	9.3100e-01	-9.9238e-01	1.0781e-15
RFX1	5.8700e-01	8.0387e-01	8.8013e-03
RFX2	3.6900e-01	2.2069e+00	1.0000e+00
RFX3	2.1200e-01	3.1833e+00	1.0000e+00
RFX4	1.7800e-01	3.7971e+00	1.0000e+00
RFX5	8.8400e-01	1.2982e+00	8.6214e-08
RFX6	6.9200e-01	9.1599e-01	1.2680e-04
RFX7	3.0000e-01	2.0228e+00	1.0000e+00
RFX8	1.1100e+00	2.1335e-01	1.3612e-07
RFXANK	8.1100e-01	1.2350e+00	6.3839e-04
RFXAP	1.4540e+00	-6.7631e-01	9.5754e-06
RGCC	1.9720e+00	-8.6679e-01	9.2889e-08
RGL1	3.2000e-01	2.8231e+00	1.0000e+00
RGL2	6.3300e-01	1.8064e+00	3.2128e-04
RGL3	1.1760e+00	-1.7807e+00	8.3510e-29
RGL4	1.0360e+00	1.0882e-01	2.6273e-10
RGMA	8.6600e-01	8.0532e-01	2.3728e-02
RGMB	9.2500e-01	1.2398e+00	7.1154e-04
RGP1	8.8000e-01	1.5537e+00	1.7064e-06
RGPD1	1.4580e+00	1.8581e+00	6.6047e-03
RGPD2	7.5200e-01	2.2785e+00	7.2935e-01
RGPD3	7.7600e-01	2.5581e+00	1.5344e-11
RGPD4	1.2230e+00	1.9574e+00	3.4485e-26
RGPD8	4.1600e-01	5.8472e+00	9.9964e-01
RGR	1.4130e+00	-1.5601e-01	2.1086e-12
RGS10	7.1900e-01	1.1363e+00	5.3871e-01
RGS11	1.5230e+00	-1.7549e+00	1.0725e-34
RGS12	6.9600e-01	1.0082e+00	2.0470e-10
RGS13	9.3900e-01	1.1686e-01	1.4070e-01
RGS14	7.3700e-01	9.6157e-02	7.7187e-06
RGS16	9.9100e-01	3.4153e-01	1.1328e-02
RGS17	7.0800e-01	1.0738e+00	7.4369e-01
RGS1	8.1100e-01	-8.3634e-03	1.1032e-01
RGS18	1.5390e+00	9.6204e-02	9.4156e-04
RGS19	7.8600e-01	9.0467e-01	6.6608e-02
RGS20	1.3120e+00	2.3333e-01	1.1076e-11
RGS2	1.1010e+00	2.4898e-01	2.0770e-05
RGS21	1.8620e+00	-3.5267e-02	1.8291e-01
RGS22	1.0140e+00	1.0587e+00	3.4350e-26
RGS3	9.5400e-01	1.2997e+00	8.6418e-04
RGS4	1.2000e+00	2.7867e-01	6.4698e-05
RGS5	1.6030e+00	4.7286e-01	1.2789e-04
RGS6	6.6400e-01	1.8256e+00	1.1979e-02
RGS7	4.7200e-01	3.1824e+00	9.9504e-01
RGS7BP	5.9500e-01	9.2187e-01	8.3115e-01
RGS8	1.2470e+00	9.0316e-01	4.5510e-01
RGS9	8.7600e-01	7.2257e-01	4.4956e-14
RGS9BP	1.8960e+00	-1.8086e+00	8.6333e-04
RGSL1	8.7800e-01	1.1586e+00	2.1441e-20
RHAG	7.2800e-01	8.8124e-01	4.9073e-03
RHBDD1	1.4290e+00	2.1734e-01	4.0295e-12
RHBDD2	1.1250e+00	-1.3007e-01	3.9406e-03
RHBDD3	1.8420e+00	-1.1541e+00	2.2887e-17
RHBDF1	1.0220e+00	8.1469e-01	4.8550e-23
RHBDF2	5.4500e-01	2.7942e+00	1.5213e-01
RHBDL1	9.3500e-01	5.7810e-01	1.7594e-05
RHBDL2	1.2000e+00	5.8368e-01	1.4832e-05
RHBDL3	7.8500e-01	1.1163e+00	1.1570e-03
RHBG	1.1600e+00	9.9286e-01	1.7995e-12
RHCE	6.8800e-01	2.1189e+00	2.2516e-02
RHCG	9.1700e-01	2.3274e-01	9.0090e-10
RHD	7.4200e-01	2.2633e+00	2.7691e-02
RHEB	1.9220e+00	2.8979e-02	1.3148e-01
RHEBL1	1.0920e+00	1.2487e+00	7.2719e-07
RHEX	1.5440e+00	8.1322e-01	9.1142e-07
RHNO1	1.6930e+00	6.8611e-02	1.9875e-04
RHO	9.1000e-01	1.4439e+00	5.0269e-05
RHOA	4.3300e-01	4.5657e+00	9.8960e-01
RHOB	8.6200e-01	3.3371e+00	2.2627e-01
RHOBTB1	6.8000e-01	1.7050e+00	3.1709e-05
RHOBTB2	7.6100e-01	3.1376e+00	1.8612e-06
RHOBTB3	7.7100e-01	1.7224e+00	2.5825e-03
RHOC	1.0240e+00	2.1466e+00	1.3124e-03
RHOD	1.1910e+00	-2.3972e-01	5.1073e-03
RHOF	1.5260e+00	-2.4409e-01	7.3857e-10
RHOG	3.6700e-01	3.5322e+00	9.8923e-01
RHOH	8.4300e-01	2.4827e+00	2.5490e-01
RHOJ	8.4900e-01	7.5912e-01	4.7065e-02
RHOQ	4.7600e-01	1.3709e+00	9.7697e-01
RHOT1	5.9900e-01	1.6876e+00	4.2639e-01
RHOT2	1.3260e+00	-1.9597e+00	9.1717e-34
RHOU	7.5300e-01	1.0136e+00	2.0765e-01
RHOV	4.9700e-01	8.4883e-01	9.7331e-01
RHPN1	1.6050e+00	-2.0089e+00	3.8319e-33
RHPN2	6.8500e-01	2.3533e+00	5.3382e-05
RIBC2	1.2400e+00	4.5953e-01	3.0131e-13
RIC1	5.7700e-01	-4.0888e-01	2.7467e-05
RIC3	1.2170e+00	-5.8789e-01	6.2031e-07
RIC8A	1.0060e+00	5.2870e-01	2.7963e-10
RIC8B	4.2600e-01	2.6156e+00	9.9919e-01
RICTOR	3.0500e-01	2.7289e+00	1.0000e+00
RIDA	1.4420e+00	4.1690e-01	3.2290e-02
RIF1	2.5400e-01	-6.8007e-01	1.0000e+00
RIIAD1	1.9600e+00	-2.0110e+00	1.2807e-02
RILP	1.9760e+00	-2.6003e+00	6.5991e-27
RILPL1	9.4800e-01	1.1979e+00	1.0089e-07
RILPL2	1.5070e+00	2.6792e-01	4.9370e-07
RIMBP2	5.9100e-01	1.6336e+00	7.2742e-04
RIMBP3	1.6100e-01	7.8515e+00	1.0000e+00
RIMBP3B	1.7360e+00	2.1061e+00	4.0190e-01
RIMKLA	7.5900e-01	2.0177e+00	1.3918e-01
RIMKLB	4.4500e-01	3.2008e+00	9.9305e-01
RIMS1	4.9600e-01	-4.5548e-03	9.4533e-01
RIMS2	4.2600e-01	9.7373e-01	9.9995e-01
RIMS3	7.4600e-01	1.6308e+00	2.5408e-02
RIMS4	4.8100e-01	3.4209e+00	9.8738e-01
RIN1	1.2200e+00	-1.7645e+00	1.3950e-16
RIN2	6.3700e-01	8.9466e-01	1.3497e-03
RIN3	8.6300e-01	1.2056e+00	1.6150e-10
RING1	4.1300e-01	3.0015e+00	9.9902e-01
RINL	9.4800e-01	-1.2505e-01	1.2544e-09
RINT1	9.3100e-01	9.2023e-01	3.8414e-15
RIOK1	1.1620e+00	7.7454e-01	3.6935e-12
RIOK2	1.0090e+00	1.4653e+00	2.6993e-08
RIOK3	9.0600e-01	8.7333e-01	1.7094e-04
RIOX1	1.0780e+00	-2.6572e-01	8.4056e-10
RIOX2	9.7800e-01	2.8523e-01	2.7061e-08
RIPK1	6.0000e-01	1.6794e+00	2.1054e-01
RIPK2	5.3200e-01	1.5403e+00	9.5415e-01
RIPK3	1.2180e+00	4.1445e-01	2.8615e-17
RIPK4	5.7700e-01	2.2992e+00	6.2495e-01
RIPOR1	6.0900e-01	2.2718e+00	2.8925e-06
RIPOR2	5.0200e-01	2.8255e+00	9.4064e-01
RIPOR3	1.0150e+00	-6.4949e-03	8.0338e-27
RIPPLY2	1.7600e+00	-1.0553e+00	8.7072e-06
RIPPLY3	1.6090e+00	-8.1874e-01	1.6446e-03
RIT1	5.2300e-01	1.5009e+00	9.6123e-01
RIT2	1.6840e+00	4.5823e-01	8.6808e-07
RITA1	1.9300e+00	7.9550e-01	8.2231e-09
RLBP1	9.5400e-01	1.5790e-02	1.0689e-06
RLF	8.7000e-02	5.1674e+00	1.0000e+00
RLN1	1.6220e+00	-1.5748e+00	8.7815e-02
RLN2	1.7840e+00	-1.7136e+00	1.0721e-02
RLN3	1.7940e+00	4.9160e-02	2.6480e-06
RMC1	5.7100e-01	1.5823e+00	5.3213e-02
RMDN1	1.2210e+00	-1.0030e+00	2.5646e-05
RMDN2	1.5850e+00	-1.0572e+00	2.7469e-07
RMDN3	8.0200e-01	8.1805e-01	1.3555e-07
RMI1	9.9700e-01	1.0149e+00	6.7137e-10
RMI2	1.9440e+00	-2.4818e+00	2.8964e-06
RMND1	8.5100e-01	1.1139e+00	1.7418e-02
RMND5A	6.1300e-01	3.0571e+00	5.4633e-01
RMND5B	1.0210e+00	1.0965e+00	2.5253e-11
RNASE10	1.9420e+00	-1.0582e-01	7.7178e-03
RNASE11	1.7110e+00	-1.4727e-02	2.6368e-01
RNASE1	1.9130e+00	1.9026e-01	1.4061e-01
RNASE12	1.7920e+00	7.0779e-01	3.7191e-01
RNASE13	NA	3.4417e-01	NA
RNASE2	1.8910e+00	8.4722e-01	2.9357e-01
RNASE3	1.9390e+00	5.7357e-01	1.1027e-01
RNASE4	1.8890e+00	8.0250e-02	1.6228e-01
RNASE6	1.9170e+00	-1.4784e-01	1.3662e-01
RNASE7	1.8830e+00	2.6033e-01	3.0287e-01
RNASE8	1.8080e+00	4.8314e-01	3.6196e-01
RNASE9	1.9560e+00	-8.5989e-02	1.4466e-02
RNASEH1	1.1630e+00	1.1049e-01	5.0476e-06
RNASEH2A	1.1640e+00	-1.1353e-01	1.5020e-09
RNASEH2B	1.4010e+00	-7.4038e-01	7.8377e-04
RNASEH2C	1.7550e+00	-1.4882e+00	1.0517e-08
RNASEK	1.1940e+00	8.9182e-01	3.8565e-02
RNASEK-C17orf49	9.7100e-01	4.8262e-01	1.2772e-03
RNASEL	8.3000e-01	1.1220e+00	2.1450e-06
RNASET2	1.2240e+00	2.6739e-02	2.0594e-03
RND1	5.6100e-01	1.0021e+00	9.2268e-01
RND2	9.5600e-01	3.6115e-01	2.7424e-03
RND3	5.3300e-01	1.4522e+00	9.5082e-01
RNF103	4.6900e-01	1.5844e+00	9.9663e-01
RNF103-CHMP3	7.1800e-01	1.3708e+00	1.2961e-01
RNF10	5.1900e-01	1.2431e+00	7.5885e-01
RNF111	3.2800e-01	1.2963e-01	1.0000e+00
RNF112	7.4300e-01	1.3852e+00	6.1708e-06
RNF113B	8.9300e-01	1.6588e-01	1.0179e-02
RNF114	4.3000e-01	6.3375e-01	9.9019e-01
RNF115	1.2090e+00	-1.0821e-01	5.9890e-05
RNF11	5.3700e-01	1.6600e+00	9.4383e-01
RNF121	6.4400e-01	1.1320e+00	2.8906e-01
RNF122	9.6900e-01	6.4665e-01	4.2859e-03
RNF123	6.0400e-01	3.0757e+00	3.3953e-10
RNF125	1.0710e+00	2.5629e-01	1.9503e-01
RNF126	1.0740e+00	-1.1301e+00	1.1003e-04
RNF130	7.5700e-01	6.2709e-01	3.0817e-02
RNF133	1.8260e+00	9.5436e-02	3.5044e-01
RNF135	1.4910e+00	-1.9761e-01	2.3836e-18
RNF13	8.1300e-01	6.5081e-01	5.8532e-01
RNF138	9.0100e-01	9.4609e-01	5.6880e-01
RNF139	4.9300e-01	2.8814e+00	9.8574e-01
RNF141	1.1440e+00	9.3222e-01	1.7407e-03
RNF144A	5.5000e-01	1.1329e+00	9.1118e-01
RNF144B	1.0090e+00	5.6443e-01	6.5795e-05
RNF145	3.5700e-01	4.4182e+00	9.9989e-01
RNF14	6.4600e-01	2.7544e+00	1.1986e-02
RNF146	5.9300e-01	1.9885e+00	7.8946e-01
RNF148	1.1400e+00	-5.8160e-01	5.5122e-05
RNF149	7.3400e-01	7.3299e-01	9.9080e-02
RNF150	9.8300e-01	1.1629e+00	1.4414e-05
RNF151	1.5960e+00	-1.1712e+00	1.3180e-04
RNF152	1.3390e+00	7.2916e-01	4.9534e-04
RNF157	8.4000e-01	9.2746e-01	1.9761e-08
RNF165	4.9900e-01	2.1431e+00	9.8273e-01
RNF166	1.2990e+00	-1.4708e+00	1.2468e-06
RNF167	7.8100e-01	9.1799e-02	4.9429e-04
RNF168	1.4060e+00	6.8524e-02	6.2462e-14
RNF169	7.7700e-01	-6.9234e-01	2.1108e-04
RNF170	6.6400e-01	2.0504e+00	7.4312e-01
RNF17	2.2800e-01	1.7438e+00	1.0000e+00
RNF175	9.8800e-01	4.5584e-01	4.6714e-05
RNF180	9.2000e-01	1.3352e-01	2.1736e-06
RNF181	1.4620e+00	8.7232e-01	1.4745e-09
RNF182	1.5080e+00	8.9016e-01	6.7247e-06
RNF183	1.1890e+00	8.1561e-01	2.0339e-02
RNF185	1.0490e+00	8.9073e-01	4.3356e-02
RNF186	1.8730e+00	3.1402e-01	8.4732e-02
RNF187	1.7570e+00	-1.9835e+00	7.3761e-08
RNF19A	5.4100e-01	3.2898e+00	5.5482e-01
RNF19B	4.8900e-01	1.6574e+00	9.8873e-01
RNF207	1.2770e+00	-2.2030e+00	3.6760e-24
RNF208	1.0720e+00	-3.3157e-02	3.7787e-02
RNF20	8.4000e-01	3.6616e+00	1.5058e-17
RNF212	1.3480e+00	-1.2079e-01	4.7210e-04
RNF212B	1.0000e+00	1.0289e+00	1.0423e-02
RNF213	6.9200e-01	4.9553e+00	3.0859e-62
RNF214	4.3800e-01	2.0501e+00	9.9935e-01
RNF215	1.2630e+00	3.0168e-01	1.8569e-13
RNF216	8.1900e-01	-1.4879e+00	8.6887e-14
RNF217	7.9300e-01	8.7368e-02	1.8718e-05
RNF220	1.7400e-01	2.8253e+00	1.0000e+00
RNF222	1.9090e+00	-6.9929e-01	1.0196e-07
RNF223	1.7990e+00	-1.3232e+00	1.1141e-04
RNF224	1.7580e+00	-1.0251e+00	2.4176e-01
RNF225	1.8310e+00	-1.3932e+00	2.0277e-01
RNF2	3.2100e-01	2.9682e+00	9.9993e-01
RNF24	1.2220e+00	1.2646e+00	4.2843e-03
RNF25	6.8000e-01	1.2973e+00	3.2303e-04
RNF26	5.9800e-01	1.5583e+00	8.2269e-01
RNF31	3.7000e-01	3.0382e+00	1.0000e+00
RNF32	1.1950e+00	7.7501e-01	8.8628e-11
RNF34	4.7800e-01	2.2794e+00	9.9053e-01
RNF38	3.8100e-01	1.5957e+00	9.9997e-01
RNF39	1.8280e+00	-2.8892e+00	6.5918e-10
RNF40	4.0500e-01	3.4845e+00	1.0000e+00
RNF41	2.9500e-01	3.8193e+00	9.9995e-01
RNF43	6.3200e-01	2.7099e+00	6.5215e-04
RNF44	7.9800e-01	-5.4396e-01	1.1855e-04
RNF4	5.8400e-01	1.1277e+00	8.7638e-01
RNF5	1.0130e+00	1.2046e+00	2.2249e-04
RNF6	6.0300e-01	2.2006e+00	7.9065e-02
RNF7	9.4500e-01	1.2859e+00	2.0979e-01
RNF8	2.2200e-01	2.6482e+00	1.0000e+00
RNFT1	8.9800e-01	1.3937e+00	6.2717e-05
RNFT2	1.2650e+00	-3.9842e-01	4.8083e-12
RNGTT	5.6200e-01	2.3273e+00	8.0454e-01
RNH1	1.1690e+00	1.2944e-01	1.4828e-12
RNLS	1.2060e+00	4.5731e-01	3.3878e-10
RNMT	9.2000e-01	8.2618e-01	7.6786e-04
RNPC3	1.0410e+00	-8.8168e-02	7.3898e-03
RNPEP	9.6000e-01	1.1227e+00	4.8388e-10
RNPEPL1	9.0400e-01	3.6877e-01	1.9284e-11
RNPS1	1.0700e-01	2.1163e+00	1.0000e+00
RO60	5.1900e-01	1.7301e+00	9.5018e-01
ROBO1	8.5600e-01	1.5691e+00	3.4299e-31
ROBO2	4.0900e-01	1.5114e+00	1.0000e+00
ROBO3	7.4900e-01	-5.1601e-01	2.7799e-19
ROBO4	9.1300e-01	-9.8013e-02	4.4989e-21
ROCK1	2.9300e-01	4.9276e+00	1.0000e+00
ROCK2	3.4600e-01	4.2964e+00	1.0000e+00
ROGDI	1.6480e+00	-3.6418e+00	1.2141e-19
ROM1	1.0030e+00	4.0560e-01	2.0036e-05
ROMO1	1.7380e+00	8.9536e-01	9.5183e-04
ROPN1	1.2920e+00	9.7115e-01	6.5744e-05
ROPN1B	1.0340e+00	7.0767e-01	4.2180e-03
ROPN1L	1.3960e+00	7.7676e-01	9.5274e-08
ROR1	3.2600e-01	3.1497e+00	1.0000e+00
ROR2	5.4300e-01	1.2805e+00	3.4970e-01
RORA	2.0700e-01	2.3246e+00	1.0000e+00
RORB	2.5700e-01	3.6678e+00	1.0000e+00
RORC	3.5100e-01	2.8954e+00	1.0000e+00
ROS1	9.9300e-01	1.7680e-01	3.9421e-52
RP1	1.4470e+00	3.5131e-01	7.8806e-07
RP1L1	1.9440e+00	-1.0890e+01	3.1979e-13
RP9	1.1930e+00	9.1412e-02	1.5961e-05
RPA1	8.1800e-01	1.1976e+00	6.0136e-10
RPA2	1.0050e+00	1.2168e+00	3.6538e-05
RPA3	1.9680e+00	-1.0015e+00	8.6429e-06
RPAIN	1.3590e+00	5.7557e-01	2.0727e-09
RPAP1	8.7700e-01	2.0138e+00	5.6421e-27
RPAP2	1.2120e+00	1.8744e+00	3.1612e-08
RPAP3	1.1440e+00	5.2157e-01	7.2152e-07
RPE65	9.9800e-01	2.9164e-01	2.7238e-16
RPE	9.8900e-01	1.3130e+00	3.0082e-04
RPEL1	9.6400e-01	1.3247e+00	7.4030e-02
RPF1	1.4560e+00	-9.7820e-03	5.0356e-05
RPF2	8.1300e-01	5.4111e-01	1.0806e-01
RPGRIP1	9.1800e-01	1.1216e+00	1.2162e-20
RPGRIP1L	9.0700e-01	1.0197e+00	4.2917e-23
RPH3A	6.3900e-01	1.6481e+00	1.9539e-05
RPH3AL	1.2090e+00	-1.0145e+00	1.3228e-12
RPIA	1.0190e+00	1.5543e-01	3.0875e-07
RPL10A	7.2000e-01	2.9581e+00	1.7288e-01
RPL10L	1.3610e+00	-3.4277e-01	1.9910e-04
RPL11	3.4200e-01	1.9033e+00	9.9902e-01
RPL12	8.1200e-01	1.3676e+00	7.1984e-02
RPL13	2.5000e-01	-6.1989e-01	9.9947e-01
RPL13A	3.0300e-01	1.5593e+00	9.9992e-01
RPL14	3.5900e-01	1.2783e+00	9.9920e-01
RPL15	1.3200e-01	2.1186e+00	9.9997e-01
RPL17	1.8400e-01	2.1104e+00	9.9998e-01
RPL17-C18orf32	3.8700e-01	1.9889e+00	9.9953e-01
RPL18	3.6500e-01	2.1884e+00	9.9901e-01
RPL18A	1.4400e-01	1.8992e+00	9.9994e-01
RPL19	2.7700e-01	2.7588e+00	9.9866e-01
RPL22	6.4500e-01	1.7109e+00	8.4569e-01
RPL22L1	1.7970e+00	3.0846e-01	2.8397e-04
RPL23	1.7400e-01	2.8060e+00	9.9962e-01
RPL23A	3.5900e-01	1.5134e+00	9.9636e-01
RPL24	5.8500e-01	2.2565e+00	8.9431e-01
RPL26	2.5800e-01	1.7930e+00	9.9381e-01
RPL26L1	1.0540e+00	1.2547e+00	2.3047e-02
RPL27	2.5900e-01	1.3099e+00	9.9376e-01
RPL27A	1.6600e-01	2.0618e+00	9.9975e-01
RPL28	7.1700e-01	-7.0767e-01	6.7977e-01
RPL29	1.4260e+00	1.2447e+00	3.3962e-02
RPL30	2.2200e-01	2.4831e+00	9.9758e-01
RPL31	2.1700e-01	2.0747e+00	9.9795e-01
RPL3	1.6500e-01	2.4544e+00	1.0000e+00
RPL32	2.4300e-01	1.4525e+00	9.9573e-01
RPL34	7.1600e-01	1.2357e+00	7.8910e-01
RPL35	3.9100e-01	1.6771e+00	9.9253e-01
RPL35A	2.0200e-01	1.5549e+00	9.9874e-01
RPL36	4.3300e-01	1.8899e-01	9.3829e-01
RPL36AL	1.6740e+00	1.7385e+00	1.2625e-03
RPL37	3.8900e-01	1.0628e+00	9.8471e-01
RPL37A	8.6800e-01	1.2748e+00	3.0539e-01
RPL38	4.6100e-01	1.1893e+00	9.7501e-01
RPL39L	1.4420e+00	5.8875e-01	1.2977e-01
RPL3L	1.3210e+00	-8.7076e-01	6.7481e-16
RPL41	1.2930e+00	8.5927e-01	1.7840e-01
RPL4	1.8400e-01	2.2792e+00	1.0000e+00
RPL5	9.6000e-02	2.5375e+00	1.0000e+00
RPL6	1.7600e-01	1.2551e+00	9.9999e-01
RPL7	1.3100e-01	1.2441e+00	9.9998e-01
RPL7A	8.3000e-02	1.0571e+00	1.0000e+00
RPL7L1	1.0740e+00	6.6815e-01	1.0863e-02
RPL8	1.3700e-01	2.2892e+00	9.9996e-01
RPL9	1.3100e-01	2.2340e+00	9.9998e-01
RPLP0	9.8000e-02	2.4357e+00	1.0000e+00
RPLP1	1.0030e+00	-5.3481e-01	2.4731e-01
RPLP2	4.2700e-01	-1.0018e+00	9.7388e-01
RPN1	3.0200e-01	1.0452e+00	1.0000e+00
RPN2	5.4600e-01	1.1328e+00	5.0938e-01
RPP14	1.5690e+00	4.7980e-01	7.6336e-07
RPP21	1.6460e+00	-4.3879e-01	3.9321e-09
RPP25	1.7220e+00	-1.4028e+00	2.4635e-03
RPP25L	1.0010e+00	8.5750e-01	1.6147e-01
RPP30	1.3700e+00	5.4693e-02	1.8884e-04
RPP38	1.8960e+00	-2.8166e-02	3.2375e-02
RPP40	1.0890e+00	4.8014e-01	1.2088e-05
RPRD1A	4.4000e-01	2.0915e+00	9.9647e-01
RPRD1B	3.7600e-01	2.7690e+00	9.9983e-01
RPRD2	1.4500e-01	2.5402e+00	1.0000e+00
RPRM	1.4820e+00	8.5807e-01	1.1918e-01
RPRML	1.8280e+00	-8.5963e-01	2.0675e-02
RPS10	2.6500e-01	2.1838e+00	9.9983e-01
RPS10-NUDT3	3.7500e-01	2.6309e+00	9.9989e-01
RPS11	1.4500e-01	2.3459e+00	9.9993e-01
RPS12	3.6400e-01	2.9938e-01	9.6725e-01
RPS13	2.3700e-01	1.3507e+00	9.9629e-01
RPS14	3.0400e-01	3.5329e+00	9.9715e-01
RPS15	9.8100e-01	1.7068e+00	1.7690e-01
RPS15A	9.4800e-01	1.5650e+00	6.8289e-01
RPS16	3.1400e-01	1.9409e+00	9.9895e-01
RPS17	1.7000e-01	3.1938e+00	9.9969e-01
RPS18	2.0900e-01	3.1356e+00	9.9843e-01
RPS19	2.3900e-01	2.3157e+00	9.9966e-01
RPS19BP1	1.2660e+00	-2.7770e-02	8.0069e-05
RPS20	4.8100e-01	2.3201e+00	9.6680e-01
RPS21	8.9900e-01	1.1037e+00	1.7885e-01
RPS23	1.8400e-01	2.9522e+00	9.9940e-01
RPS24	1.8200e-01	1.6762e+00	9.9945e-01
RPS2	4.9300e-01	2.7522e+00	9.7864e-01
RPS25	3.8400e-01	2.1829e+00	9.8576e-01
RPS26	3.2000e-01	2.7399e+00	9.9588e-01
RPS27	5.2000e-01	1.6674e+00	9.3176e-01
RPS27A	3.7700e-01	2.0872e+00	9.8731e-01
RPS27AP5	1.8920e+00	-3.9748e-02	2.9275e-01
RPS27L	1.8630e+00	-1.6345e-01	8.9033e-02
RPS28	9.0800e-01	1.9087e+00	5.6144e-01
RPS29	3.0800e-01	9.5196e-01	9.8428e-01
RPS3	2.0500e-01	3.9920e+00	9.9994e-01
RPS3A	2.9100e-01	2.7806e+00	9.9803e-01
RPS5	3.1300e-01	3.6387e+00	9.9898e-01
RPS6	1.6600e-01	1.4361e+00	1.0000e+00
RPS6KA1	6.9400e-01	3.0216e+00	3.5000e-07
RPS6KA2	6.2400e-01	1.9009e+00	9.3152e-03
RPS6KA4	6.2700e-01	1.7931e+00	4.5754e-04
RPS6KA5	4.8600e-01	1.8142e+00	9.9057e-01
RPS6KB1	3.8700e-01	3.4368e+00	9.9926e-01
RPS6KB2	1.1010e+00	-6.8487e-02	2.2777e-15
RPS6KC1	6.8100e-01	1.6921e+00	2.1123e-04
RPS6KL1	9.7800e-01	2.7297e-01	4.1522e-11
RPS7	3.1700e-01	1.8932e+00	9.9613e-01
RPS8	1.0400e-01	2.8236e+00	1.0000e+00
RPS9	2.6500e-01	3.1167e+00	9.9912e-01
RPSA	1.4400e-01	3.3364e+00	9.9994e-01
RPSAP58	1.6440e+00	4.7840e-01	7.7545e-03
RPTN	1.8110e+00	1.0610e+00	9.4882e-03
RPTOR	2.0500e-01	5.9743e+00	1.0000e+00
RPUSD1	1.8590e+00	-3.0552e+00	7.9311e-13
RPUSD2	1.0530e+00	1.5686e-01	8.6639e-08
RPUSD3	NA	-1.8884e+00	NA
RPUSD4	1.2990e+00	3.2106e-02	2.5566e-12
RRAD	1.1240e+00	-9.5401e-01	1.3007e-04
RRAGA	8.3700e-01	3.8089e+00	3.4085e-02
RRAGC	5.4500e-01	1.8505e+00	9.4153e-01
RRAGD	6.3000e-01	2.3958e+00	5.5965e-01
RRAS	1.1750e+00	-1.7086e-01	1.6583e-04
RRAS2	1.2460e+00	7.4888e-01	3.1055e-02
RRBP1	7.0400e-01	6.5840e-01	2.1791e-16
RREB1	3.6600e-01	-1.9338e+00	1.0000e+00
RRH	1.3640e+00	9.6791e-01	6.2753e-11
RRM1	2.4200e-01	5.0504e+00	1.0000e+00
RRM2	2.9200e-01	2.1080e+00	9.9999e-01
RRM2B	6.8800e-01	1.1926e+00	2.7091e-01
RRN3	7.4900e-01	2.4968e-01	3.1226e-05
RRP12	5.6100e-01	1.6476e+00	8.9809e-05
RRP15	9.5000e-01	-6.6833e-02	2.9375e-03
RRP1	8.9700e-01	-7.0128e-01	5.5683e-09
RRP1B	9.6300e-01	1.3241e+00	7.1490e-13
RRP36	1.3930e+00	-3.5272e-02	5.1852e-15
RRP7A	1.3050e+00	-8.6241e-01	1.8232e-09
RRP8	1.3630e+00	-1.1881e+00	6.6251e-18
RRP9	7.0100e-01	1.6122e+00	2.5407e-05
RRS1	7.1300e-01	3.0305e-01	1.8920e-01
RSAD1	1.0500e+00	-1.1078e+00	4.8361e-11
RSAD2	1.3010e+00	4.2366e-01	2.4906e-12
RSBN1	5.0700e-01	2.1571e+00	9.6332e-01
RSBN1L	5.6000e-01	7.2651e-01	6.6289e-01
RSC1A1	1.4450e+00	4.9493e-01	6.9277e-03
RSF1	1.4700e-01	1.6745e+00	1.0000e+00
RSKR	9.4600e-01	2.8002e-01	1.6011e-11
RSL1D1	1.0630e+00	-2.4972e+00	2.3145e-09
RSL24D1	5.4600e-01	4.5339e-01	9.1599e-01
RSPH10B	1.7330e+00	4.9347e-01	4.0347e-01
RSPH10B2	NA	1.4140e+00	NA
RSPH14	1.3050e+00	1.7707e-01	4.7319e-08
RSPH1	8.1000e-01	-7.0045e-02	4.6663e-03
RSPH3	7.8400e-01	3.8297e-01	1.8895e-02
RSPH4A	8.1600e-01	1.4941e+00	4.7138e-08
RSPH6A	9.0600e-01	-2.1130e-01	4.5102e-13
RSPH9	1.3160e+00	6.1837e-01	1.5639e-09
RSPO1	1.0050e+00	1.1297e+00	1.9361e-05
RSPO2	6.6800e-01	9.4147e-01	2.9040e-01
RSPO3	7.5100e-01	9.2210e-01	1.5070e-02
RSPO4	1.3270e+00	-7.7282e-01	1.6255e-08
RSPRY1	4.4500e-01	3.0301e+00	9.9768e-01
RSRC1	1.2630e+00	-1.1050e-01	3.7132e-07
RSRC2	1.3500e-01	2.1730e+00	1.0000e+00
RSRP1	1.4230e+00	2.4053e-01	1.0907e-11
RSU1	1.0370e+00	5.2609e-01	6.1210e-04
RTBDN	1.6080e+00	-2.3395e-01	5.5316e-09
RTCA	1.1900e+00	4.5107e-01	2.0716e-09
RTCB	6.2200e-01	2.0457e+00	1.6535e-01
RTEL1	6.6100e-01	-1.5797e+00	1.2710e-13
RTEL1-TNFRSF6B	NA	1.4031e+00	NA
RTF1	2.2300e-01	4.6583e+00	1.0000e+00
RTF2	8.0600e-01	1.0615e+00	5.0684e-03
RTKN2	1.4470e+00	-2.2831e-01	1.9468e-13
RTKN	9.4100e-01	1.1152e+00	7.9349e-13
RTL10	NA	2.3004e-01	NA
RTL1	1.8690e+00	1.2606e+00	3.1636e-01
RTL6	1.2000e+00	1.0877e+00	4.8462e-03
RTN1	6.2100e-01	-2.8263e-01	3.4863e-02
RTN2	7.4800e-01	7.4227e-01	4.9773e-06
RTN3	7.1200e-01	3.6579e-01	2.6365e-06
RTN4	5.4600e-01	-3.1093e+00	3.8154e-01
RTN4IP1	9.5200e-01	1.3356e+00	1.7126e-07
RTN4R	3.1100e-01	1.8211e+00	9.9969e-01
RTN4RL1	6.2600e-01	1.2492e+00	7.6771e-01
RTN4RL2	7.5500e-01	9.6612e-01	2.0296e-01
RTP1	1.4060e+00	1.0685e-01	6.6137e-09
RTP2	1.1810e+00	-5.7281e-01	3.6941e-05
RTP3	9.9700e-01	9.3892e-01	4.8110e-01
RTP4	1.1730e+00	8.1911e-01	2.3412e-01
RTP5	1.7960e+00	-1.1619e+00	2.3832e-13
RTRAF	6.4500e-01	-3.4598e-02	7.0879e-01
RTTN	7.8600e-01	1.0480e+00	5.4931e-22
RUBCN	7.6900e-01	1.9937e+00	2.3557e-13
RUBCNL	1.2160e+00	2.6122e-01	1.5757e-16
RUFY1	8.1300e-01	-1.0800e+00	5.2645e-08
RUFY2	7.7700e-01	2.3274e+00	3.1120e-05
RUFY3	6.8900e-01	2.9904e+00	4.8624e-03
RUFY4	NA	-1.0179e-01	NA
RUNDC1	9.0400e-01	7.0608e-01	1.6173e-07
RUNDC3A	9.1200e-01	9.6274e-01	7.8319e-07
RUNDC3B	6.9700e-01	4.1592e-01	2.3983e-01
RUNX1	6.3300e-01	1.4853e+00	2.9231e-01
RUNX1T1	2.5600e-01	3.2834e+00	1.0000e+00
RUNX2	3.5200e-01	1.7904e+00	9.9998e-01
RUNX3	6.9800e-01	1.1651e+00	3.7390e-01
RUSC1	7.1600e-01	8.7530e-01	1.3701e-06
RUSC2	3.8300e-01	2.0196e+00	1.0000e+00
RUSF1	1.2610e+00	-1.1291e+00	1.8466e-20
RUVBL1	1.6900e-01	4.3743e+00	1.0000e+00
RUVBL2	2.4800e-01	3.2262e+00	1.0000e+00
RWDD1	6.5300e-01	9.0909e-01	8.2284e-01
RWDD2A	9.8900e-01	9.7830e-01	3.0054e-04
RWDD2B	1.4560e+00	4.3382e-01	4.2838e-13
RWDD3	1.6050e+00	2.3460e-01	9.4526e-08
RWDD4	1.2530e+00	4.6497e-01	1.8637e-04
RXFP1	9.6600e-01	1.3774e+00	5.2854e-09
RXFP2	1.0950e+00	1.6576e+00	1.4348e-10
RXFP3	1.5370e+00	-3.2161e-01	2.2592e-12
RXFP4	1.8910e+00	1.2828e+00	2.9411e-01
RXRA	2.6600e-01	3.6041e+00	1.0000e+00
RXRB	5.1300e-01	3.1587e+00	9.6702e-01
RXRG	5.4200e-01	2.1409e+00	8.7185e-01
RXYLT1	1.0900e+00	2.9672e-01	2.1460e-12
RYBP	1.7200e-01	2.2878e+00	9.9966e-01
RYK	4.5700e-01	1.5926e+00	9.9480e-01
RYR1	6.4400e-01	4.0067e+00	2.2930e-56
RYR2	4.2400e-01	6.4389e+00	1.0000e+00
RYR3	4.3000e-01	2.7392e+00	1.0000e+00
S100A10	1.0810e+00	4.9441e-01	5.3915e-01
S100A11	1.0830e+00	1.0359e+00	2.9075e-01
S100A12	1.8150e+00	-3.4692e-01	9.2807e-03
S100A13	1.3550e+00	2.0161e-01	2.0548e-02
S100A14	1.0320e+00	4.4390e-01	8.3406e-02
S100A16	1.4950e+00	2.9304e-02	2.5739e-03
S100A1	9.6300e-01	-1.4368e-01	3.9562e-01
S100A2	1.8010e+00	6.1100e-01	4.1381e-03
S100A3	1.7410e+00	2.5595e-01	9.8798e-06
S100A4	1.1300e+00	6.2891e-01	1.6079e-01
S100A5	1.4210e+00	-3.9240e-01	3.4467e-02
S100A6	1.7470e+00	-1.0864e-01	1.2439e-02
S100A7	1.6840e+00	-2.0817e-01	1.5231e-01
S100A7A	1.7820e+00	-9.5360e-01	1.0796e-02
S100A7L2	1.6340e+00	-3.3074e-01	8.5224e-02
S100A8	1.6390e+00	7.1639e-01	3.9696e-02
S100A9	1.4700e+00	5.5166e-01	2.2271e-01
S100B	1.4940e+00	6.8879e-01	5.8230e-02
S100P	1.9100e+00	1.5736e-01	7.4140e-04
S100PBP	5.2600e-01	-4.9745e-02	9.6009e-01
S100Z	1.8620e+00	-7.0409e-01	4.0220e-02
S1PR1	3.2200e-01	3.0495e+00	9.9867e-01
S1PR2	8.3400e-01	2.2351e+00	5.5878e-02
S1PR3	1.2670e+00	1.2878e+00	1.6862e-04
S1PR4	1.8940e+00	-9.4567e-01	1.5822e-01
S1PR5	NA	-1.4482e-01	NA
SAA1	1.2930e+00	7.2486e-01	2.5920e-02
SAA2	1.2120e+00	1.3151e+00	1.8245e-02
SAA2-SAA4	1.1590e+00	1.1127e+00	3.8628e-04
SAA4	1.3940e+00	-1.2902e-02	8.4356e-03
SAAL1	1.1720e+00	2.8513e-01	5.8089e-09
SAC3D1	1.9450e+00	-1.4448e+00	2.1405e-05
SACM1L	5.1200e-01	1.7425e+00	9.7168e-01
SACS	6.4400e-01	3.0242e+00	1.0713e-30
SAE1	4.9000e-01	1.4241e+00	9.8366e-01
SAFB	2.1900e-01	2.1098e+00	1.0000e+00
SAFB2	4.8700e-01	-1.3057e-01	9.8642e-01
SAG	9.2300e-01	6.4315e-01	1.2268e-05
SALL1	2.2800e-01	2.1498e+00	1.0000e+00
SALL2	7.2300e-01	1.2193e+00	3.4625e-05
SALL3	7.5400e-01	-3.2698e+00	4.1563e-04
SALL4	1.8400e-01	2.7099e+00	1.0000e+00
SAMD10	1.1690e+00	6.8565e-01	4.1348e-05
SAMD11	1.7640e+00	-6.1865e+00	4.0957e-33
SAMD12	1.0770e+00	3.6747e-01	1.0587e-02
SAMD13	1.0310e+00	1.4608e+00	3.3155e-01
SAMD14	8.6100e-01	-4.4177e-01	4.8337e-06
SAMD15	9.2400e-01	4.7076e-01	2.8545e-08
SAMD1	7.6500e-01	-2.0147e+00	8.9784e-02
SAMD3	1.2920e+00	7.2645e-01	5.4119e-13
SAMD4A	7.1300e-01	5.1274e-01	5.1766e-05
SAMD4B	1.4200e-01	3.9828e+00	1.0000e+00
SAMD5	1.7600e+00	-1.3319e+00	8.5692e-04
SAMD7	1.1830e+00	9.3358e-02	1.9376e-06
SAMD8	7.1400e-01	3.0927e+00	2.3582e-02
SAMD9	1.7730e+00	2.6855e+00	2.6071e-02
SAMD9L	8.7600e-01	2.6683e+00	1.1462e-16
SAMHD1	8.8900e-01	1.5222e+00	2.4032e-07
SAMM50	8.7800e-01	9.2138e-01	3.0153e-05
SAMSN1	1.1130e+00	-5.7998e-02	1.0946e-06
SANBR	9.8700e-01	-2.6766e-01	2.0013e-06
SAP130	2.4300e-01	3.8054e+00	1.0000e+00
SAP18	6.2800e-01	1.4325e+00	8.4031e-01
SAP25	1.3260e+00	-8.4795e-01	8.4247e-08
SAP30	1.4310e+00	-1.0025e+00	1.5804e-02
SAP30BP	1.1100e+00	1.5899e+00	1.8612e-05
SAP30L	8.1900e-01	4.7860e-01	1.0098e-01
SAPCD1	1.3510e+00	6.5008e-01	2.1120e-04
SAPCD2	1.8850e+00	-2.9760e+00	7.7799e-16
SAR1A	2.4300e-01	2.3332e+00	9.9566e-01
SAR1B	1.1050e+00	1.3828e+00	3.1009e-04
SARAF	8.4700e-01	6.4218e-01	1.0245e-04
SARDH	1.0880e+00	2.9133e-03	7.3262e-29
SARM1	1.4130e+00	-6.5878e-01	2.2792e-23
SARNP	4.7500e-01	6.8925e-01	9.1775e-01
SARS1	5.7000e-01	3.2613e+00	4.1084e-01
SARS2	1.0200e+00	4.3334e-01	9.4058e-16
SART1	3.9000e-01	1.7534e+00	1.0000e+00
SART3	4.1900e-01	1.9025e+00	9.9999e-01
SASH1	4.1200e-01	2.0667e+00	9.9999e-01
SASS6	1.2020e+00	4.7913e-01	7.0805e-02
SAT2	1.0730e+00	7.5478e-01	1.4741e-05
SATB1	2.0900e-01	4.7431e+00	1.0000e+00
SATB2	7.7000e-02	5.5263e+00	1.0000e+00
SAV1	7.0700e-01	3.5624e-01	2.6715e-03
SAXO1	1.5230e+00	-3.1546e+00	7.3286e-08
SAXO2	1.4490e+00	9.3092e-01	3.2797e-07
SAYSD1	1.6330e+00	-1.3293e-01	7.5955e-08
SBDS	1.0800e+00	1.4414e+00	1.3519e-05
SBF1	3.8100e-01	5.1060e-02	1.0000e+00
SBF2	5.9100e-01	2.2041e+00	5.3214e-09
SBK1	1.1400e+00	-2.2608e-02	1.7882e-03
SBK2	1.7680e+00	-2.8546e+00	6.7316e-08
SBK3	1.9010e+00	1.3926e-01	1.1723e-07
SBNO1	1.8200e-01	4.0380e+00	1.0000e+00
SBNO2	1.0170e+00	-4.0019e+00	2.8779e-26
SBSN	1.0650e+00	1.2883e+00	1.0902e-09
SBSPON	1.1880e+00	-2.7826e-01	7.1874e-05
SC5D	1.3030e+00	1.1781e+00	5.8326e-06
SCAF11	4.1200e-01	1.3557e+00	1.0000e+00
SCAF1	5.5300e-01	-2.7350e+00	3.9674e-01
SCAF4	2.8500e-01	1.4889e+00	1.0000e+00
SCAF8	2.8000e-01	1.1936e+00	1.0000e+00
SCAI	6.9700e-01	2.0494e+00	4.5466e-01
SCAMP1	8.5800e-01	9.2157e-01	3.2147e-01
SCAMP2	8.1000e-01	8.1581e-01	2.4277e-04
SCAMP3	8.8300e-01	8.9743e-01	4.9781e-07
SCAMP4	9.3300e-01	-2.7122e-01	6.0349e-05
SCAMP5	4.7100e-01	2.6304e+00	9.8907e-01
SCAND1	1.9460e+00	-2.0608e+00	1.0756e-03
SCAP	6.6900e-01	2.7785e+00	8.9919e-10
SCAPER	6.6600e-01	2.2837e+00	2.1156e-11
SCARA3	1.1330e+00	7.3335e-01	1.4676e-11
SCARA5	1.3940e+00	-6.5039e-01	1.2640e-14
SCARB1	7.1000e-01	1.9517e+00	2.1071e-04
SCARB2	6.8300e-01	1.6403e+00	2.8612e-03
SCARF1	1.0430e+00	-7.0796e-01	3.4458e-15
SCARF2	9.9200e-01	-1.4181e+00	2.8576e-11
SCCPDH	1.2870e+00	-1.8615e-01	3.1604e-04
SCD	2.4200e-01	3.2877e+00	1.0000e+00
SCD5	9.0700e-01	1.4285e+00	9.4570e-05
SCEL	1.5020e+00	4.6803e-01	5.1027e-07
SCFD1	8.0900e-01	5.2264e-01	2.3234e-01
SCFD2	1.1820e+00	1.0464e+00	8.6846e-17
SCG2	6.3600e-01	4.9823e-01	3.4647e-02
SCG3	8.4400e-01	5.0621e-01	3.1419e-04
SCG5	1.2180e+00	1.5779e+00	1.1610e-04
SCGB1A1	1.7520e+00	-2.6595e-01	3.6334e-04
SCGB1C1	1.2650e+00	1.8297e+00	4.4701e-01
SCGB1C2	1.9130e+00	6.1581e-01	2.7852e-02
SCGB1D1	1.8690e+00	5.3290e-01	2.5272e-05
SCGB1D2	1.7050e+00	-2.3694e-01	1.8771e-04
SCGB1D4	1.3800e+00	2.2831e-01	3.8996e-02
SCGB2A1	1.5560e+00	-8.5957e-01	1.0428e-02
SCGB2A2	1.8450e+00	1.1094e-02	8.0551e-05
SCGB2B2	1.9260e+00	4.6962e-01	1.5927e-06
SCGB3A1	1.8950e+00	-3.4200e-01	8.7174e-04
SCGB3A2	1.2300e+00	-2.5569e-01	2.0540e-01
SCGN	1.3750e+00	2.8811e-01	3.2123e-06
SCHIP1	6.3800e-01	5.8778e-01	1.2962e-01
SCIMP	1.2660e+00	8.3966e-01	1.7044e-04
SCIN	1.1620e+00	-2.3641e+00	4.7353e-22
SCLT1	1.0990e+00	4.1463e-01	2.4516e-03
SCLY	1.0440e+00	2.7900e-01	1.9781e-07
SCMH1	1.0430e+00	1.1297e+00	2.0683e-03
SCML4	1.0590e+00	5.4169e-01	6.2985e-10
SCN10A	1.0580e+00	1.6322e-01	7.6186e-48
SCN11A	8.3400e-01	1.8029e+00	3.9782e-18
SCN1A	9.8000e-02	7.6177e+00	1.0000e+00
SCN1B	7.1000e-01	1.9304e+00	1.9763e-01
SCN2A	1.6100e-01	8.7269e+00	1.0000e+00
SCN2B	1.1500e+00	8.0285e-01	2.0525e-04
SCN3A	3.4800e-01	6.3712e+00	1.0000e+00
SCN3B	6.7700e-01	1.5983e+00	3.1566e-01
SCN4A	6.2800e-01	2.2392e+00	2.0645e-10
SCN4B	1.3240e+00	6.3020e-01	1.0751e-05
SCN5A	3.7200e-01	4.8452e+00	1.0000e+00
SCN7A	1.1240e+00	-4.6348e-01	1.2949e-30
SCN8A	1.8900e-01	1.0451e+01	1.0000e+00
SCN9A	8.5500e-01	1.2545e+00	8.0099e-23
SCNM1	9.9200e-01	4.7466e-01	1.8424e-06
SCNN1A	1.1050e+00	2.8764e-01	5.1789e-18
SCNN1B	8.1000e-01	1.5213e+00	1.4648e-09
SCNN1D	1.4830e+00	-3.1627e+00	5.5914e-38
SCNN1G	5.3100e-01	1.4668e+00	8.1009e-01
SCO1	1.2070e+00	-5.6878e-01	1.3930e-05
SCO2	1.7610e+00	-1.4378e+00	1.1755e-02
SCOC	1.7910e+00	5.9785e-01	1.1678e-01
SCP2	9.4400e-01	8.0305e-01	8.1505e-06
SCP2D1	1.4710e+00	-8.4687e-02	2.8303e-03
SCPEP1	1.0740e+00	1.0227e+00	1.3353e-11
SCRG1	1.2200e+00	5.2602e-01	2.0974e-01
SCRIB	6.8400e-01	-3.2663e+00	8.3323e-12
SCRN1	6.2400e-01	1.4124e+00	1.5559e-01
SCRN2	1.0030e+00	6.6431e-01	4.2372e-09
SCRN3	1.1960e+00	2.5305e-01	8.3320e-08
SCRT1	1.8010e+00	1.0417e+00	5.2918e-02
SCRT2	1.9450e+00	-2.3488e+00	4.4737e-02
SCT	1.9770e+00	-2.3113e+00	2.1981e-09
SCTR	1.3730e+00	-3.5899e-01	1.3105e-17
SCUBE1	6.4900e-01	2.1467e+00	7.6341e-08
SCUBE2	1.0010e+00	1.4101e+00	7.2032e-29
SCUBE3	4.0200e-01	3.1941e+00	1.0000e+00
SCX	1.9400e+00	-3.3863e+00	4.5907e-04
SCYL1	1.1580e+00	1.0959e+00	2.4204e-28
SCYL2	4.9100e-01	1.9338e+00	9.8694e-01
SCYL3	6.6600e-01	1.4460e+00	1.8893e-03
SDAD1	9.3200e-01	7.9659e-01	7.1801e-12
SDC1	8.7900e-01	-2.6508e-01	4.2022e-03
SDC2	1.1670e+00	3.6200e-01	1.4725e-03
SDC3	7.2900e-01	5.1383e-01	2.6935e-01
SDC4	1.2650e+00	3.7647e-01	8.1329e-06
SDCBP	1.0900e+00	8.4671e-01	6.2064e-02
SDCBP2	1.3230e+00	-5.4239e-01	7.4450e-09
SDCCAG8	8.4300e-01	9.3068e-01	4.0107e-13
SDE2	9.9600e-01	6.0325e-01	2.2246e-05
SDF2	9.0400e-01	8.8852e-01	8.9288e-03
SDF2L1	1.8490e+00	-5.6208e-02	3.0716e-08
SDF4	8.7500e-01	1.1757e+00	2.9865e-04
SDHA	7.8600e-01	2.3060e+00	3.3694e-08
SDHAF1	NA	-2.4321e+00	NA
SDHAF2	1.6080e+00	4.1197e-01	1.4249e-08
SDHAF3	1.8540e+00	-9.9710e-01	1.0373e-08
SDHAF4	1.7900e+00	-1.0156e+00	2.9600e-04
SDHB	7.4100e-01	4.3592e-01	2.7807e-02
SDHC	8.9200e-01	1.5652e+00	4.8191e-02
SDHD	5.8100e-01	8.0794e-01	9.0513e-01
SDK1	7.6900e-01	-3.4968e+00	3.1966e-30
SDK2	5.5400e-01	1.7962e+00	2.9088e-08
SDR16C5	1.1990e+00	-2.3119e-01	1.1791e-03
SDR39U1	1.2470e+00	-2.5811e-01	8.4334e-10
SDR42E1	1.8050e+00	-1.5093e+00	1.6478e-05
SDR9C7	8.4400e-01	7.4895e-01	7.1304e-03
SDS	9.7400e-01	1.2237e+00	8.9783e-06
SDSL	1.2480e+00	7.3510e-02	4.0004e-09
SEBOX	1.7670e+00	-1.1406e-01	8.3510e-06
SEC11A	9.3500e-01	1.2355e+00	9.0396e-02
SEC11C	8.8400e-01	1.6258e+00	2.8239e-01
SEC13	7.3900e-01	7.6600e-01	4.2011e-04
SEC14L1	7.2600e-01	3.2128e+00	1.3874e-07
SEC14L2	1.0670e+00	1.7083e+00	6.5367e-15
SEC14L3	1.2300e+00	6.1908e-01	3.7285e-18
SEC14L4	9.9200e-01	1.2442e+00	7.6715e-10
SEC14L5	1.4890e+00	-3.8976e+00	2.2946e-39
SEC14L6	1.0500e+00	3.5232e-01	9.5970e-11
SEC16A	6.2100e-01	-3.6162e-01	1.6140e-14
SEC16B	1.1270e+00	-4.2015e-01	1.7135e-33
SEC22A	7.3500e-01	1.0212e-01	3.2683e-01
SEC22B	1.8290e+00	9.7177e-02	4.7343e-02
SEC22C	1.0980e+00	9.4537e-01	1.3391e-06
SEC23A	7.0800e-01	2.0263e+00	1.8029e-05
SEC23B	1.0080e+00	1.2520e+00	1.5717e-18
SEC23IP	8.6500e-01	7.5147e-01	4.3493e-13
SEC24A	8.8300e-01	5.2163e-01	4.2067e-11
SEC24B	4.4200e-01	6.6518e-01	9.9965e-01
SEC24C	2.7500e-01	2.5192e+00	1.0000e+00
SEC24D	7.6600e-01	1.8357e+00	1.4974e-09
SEC31A	5.4200e-01	1.9323e+00	2.3119e-02
SEC31B	9.4700e-01	1.6396e+00	5.1784e-31
SEC61A1	4.0400e-01	4.9525e+00	9.9986e-01
SEC61A2	6.5700e-01	3.7440e+00	5.5692e-02
SEC61B	1.3900e+00	-2.7791e-02	3.7822e-02
SEC61G	1.6150e+00	6.5692e-01	3.0387e-01
SEC62	3.9200e-01	1.8271e+00	9.9909e-01
SEC63	5.3200e-01	2.4462e+00	9.0762e-01
SECISBP2	1.1980e+00	2.6975e-01	6.2825e-32
SECISBP2L	4.8300e-01	2.0834e+00	9.8207e-01
SECTM1	8.9000e-01	7.5962e-01	1.7802e-02
SEH1L	6.2900e-01	2.1672e+00	2.5921e-01
SEL1L2	9.7900e-01	3.8956e-01	1.5187e-10
SEL1L3	6.7000e-01	9.4809e-01	3.1647e-08
SEL1L	5.4100e-01	2.7811e+00	1.4416e-01
SELE	8.6000e-01	1.5830e-01	9.9087e-12
SELENBP1	1.3990e+00	9.4559e-01	1.0140e-27
SELENOF	1.2930e+00	-2.3494e-01	1.3844e-03
SELENOH	1.8780e+00	-1.2057e+00	1.5704e-04
SELENOI	8.3200e-01	1.8533e+00	1.8885e-03
SELENOK	1.3390e+00	-1.0699e+00	4.1440e-01
SELENOM	1.5710e+00	-7.3147e-01	4.8970e-08
SELENON	1.0050e+00	8.8738e-01	2.6707e-12
SELENOO	1.7090e+00	-3.3453e+00	5.4477e-33
SELENOP	1.2180e+00	4.3164e-01	2.6286e-05
SELENOS	1.7480e+00	-1.8342e+00	2.9322e-16
SELENOT	9.4700e-01	1.2239e+00	2.0769e-01
SELENOV	NA	2.3918e-01	NA
SELENOW	1.7550e+00	-4.7516e-01	1.0567e-08
SELL	1.1650e+00	-3.4695e-01	1.5412e-10
SELP	9.7200e-01	5.5351e-01	4.8545e-21
SELPLG	1.9430e+00	1.0398e+00	7.6375e-03
SEM1	7.5400e-01	-7.6905e-02	7.7018e-01
SEMA3A	4.5300e-01	2.3501e+00	9.9879e-01
SEMA3B	1.2190e+00	-3.9108e-01	7.1295e-24
SEMA3C	7.3800e-01	1.4097e+00	1.8965e-05
SEMA3D	1.0740e+00	7.5203e-01	4.5468e-10
SEMA3E	6.6800e-01	1.1196e+00	2.7748e-06
SEMA3F	4.1600e-01	2.9824e+00	9.9999e-01
SEMA3G	1.0070e+00	8.0015e-01	5.2781e-20
SEMA4A	8.5800e-01	8.3398e-01	1.9068e-12
SEMA4B	8.8300e-01	-1.3170e-01	3.5565e-13
SEMA4C	3.0500e-01	3.4884e+00	1.0000e+00
SEMA4D	4.5400e-01	2.3194e+00	9.9876e-01
SEMA4F	8.2500e-01	1.1996e+00	4.8464e-11
SEMA4G	1.9250e+00	1.5147e-01	5.7966e-02
SEMA5A	4.9500e-01	1.8063e+00	8.5824e-01
SEMA5B	6.4500e-01	-2.4487e-02	2.4553e-08
SEMA6A	3.3700e-01	-1.9497e-01	1.0000e+00
SEMA6B	8.2500e-01	-1.5746e+00	2.5160e-10
SEMA6C	6.5600e-01	-3.6656e-01	8.0240e-05
SEMA6D	3.9600e-01	2.1587e+00	1.0000e+00
SEMA7A	4.4700e-01	1.6348e+00	9.9937e-01
SEMG1	1.2600e+00	-4.6624e-01	2.9453e-02
SEMG2	9.1700e-01	-4.1243e-01	4.4717e-01
SENP1	4.2600e-01	2.0356e+00	9.9958e-01
SENP2	2.5400e-01	2.2222e+00	1.0000e+00
SENP3	2.8200e-01	2.4652e+00	1.0000e+00
SENP3-EIF4A1	NA	2.6817e+00	NA
SENP5	4.5800e-01	1.6455e+00	9.9785e-01
SENP6	3.2200e-01	5.3649e-01	1.0000e+00
SENP7	5.0300e-01	1.8503e+00	9.6936e-01
SENP8	1.0520e+00	1.3918e+00	1.2692e-02
SEPHS1	2.5400e-01	4.1070e+00	9.9998e-01
SEPHS2	8.8800e-01	5.5024e-01	6.3270e-03
SEPSECS	1.0960e+00	4.5776e-01	2.4531e-09
SEPTIN10	1.4340e+00	-1.3956e+00	3.1573e-18
SEPTIN1	1.3290e+00	6.0954e-01	9.6149e-17
SEPTIN11	6.5400e-01	2.5359e+00	1.7516e-02
SEPTIN12	1.5630e+00	-2.1666e+00	6.1371e-16
SEPTIN14	1.8040e+00	-2.6967e-01	4.0699e-03
SEPTIN2	9.8500e-01	1.9501e+00	1.6175e-07
SEPTIN3	5.8800e-01	2.9494e+00	7.1138e-01
SEPTIN4	6.0200e-01	2.6045e+00	3.7522e-05
SEPTIN5	4.8900e-01	2.1183e+00	9.8860e-01
SEPTIN7	3.1300e-01	1.5222e+00	9.9646e-01
SEPTIN8	5.9000e-01	1.5699e+00	2.9332e-01
SEPTIN9	3.9000e-01	1.9809e+00	9.9992e-01
SERAC1	6.8100e-01	2.3086e+00	2.1364e-04
SERBP1	2.5600e-01	2.9067e+00	1.0000e+00
SERF2	8.0500e-01	1.2979e+00	6.6994e-01
SERGEF	1.1010e+00	6.5754e-01	4.5079e-09
SERHL2	1.9050e+00	-1.2564e+00	7.1789e-11
SERINC1	6.7600e-01	1.2424e+00	1.5369e-01
SERINC2	1.2780e+00	1.3159e-01	1.9548e-18
SERINC3	6.3300e-01	3.7401e-01	1.1763e-01
SERINC4	1.3060e+00	-1.0602e+00	2.9636e-17
SERINC5	9.1100e-01	6.6566e-01	2.4709e-07
SERP1	1.4770e+00	1.1817e+00	2.9161e-02
SERP2	1.8400e+00	1.6726e-01	9.8739e-02
SERPINA10	1.1310e+00	7.1741e-01	9.9597e-08
SERPINA11	1.2390e+00	-4.3722e-02	9.4636e-10
SERPINA1	1.1340e+00	-1.6272e-01	8.2861e-07
SERPINA12	1.1140e+00	-4.0963e-01	2.1885e-06
SERPINA3	1.5160e+00	-1.3611e+00	1.1507e-12
SERPINA4	1.2650e+00	9.7615e-02	3.4582e-08
SERPINA5	1.3200e+00	-1.0069e+00	7.7437e-09
SERPINA6	1.0080e+00	9.1853e-01	1.8469e-05
SERPINA9	1.7280e+00	-1.2193e+00	9.0077e-15
SERPINB10	1.0450e+00	-7.8659e-01	1.4713e-06
SERPINB11	1.2350e+00	-8.1945e-01	4.9825e-06
SERPINB1	1.2940e+00	1.4338e+00	1.1997e-07
SERPINB12	1.7860e+00	-2.0262e-01	5.2273e-23
SERPINB13	1.1390e+00	-5.3566e-02	1.5825e-06
SERPINB2	1.0300e+00	-3.3248e-01	9.5489e-07
SERPINB3	1.3710e+00	-5.6790e-01	4.1607e-09
SERPINB4	1.5390e+00	-1.6211e+00	1.7257e-14
SERPINB5	1.1430e+00	8.3875e-01	1.7249e-07
SERPINB6	8.9700e-01	1.3992e+00	3.3013e-03
SERPINB7	1.0490e+00	-5.4549e-01	1.0283e-03
SERPINB8	1.1060e+00	-2.0227e-01	5.9764e-07
SERPINB9	1.1490e+00	5.2371e-02	2.8756e-06
SERPINC1	4.4000e-01	2.7691e+00	9.9866e-01
SERPIND1	1.2330e+00	5.8066e-01	1.9960e-11
SERPINE1	6.8500e-01	1.5530e+00	3.4670e-02
SERPINE2	6.4800e-01	1.5224e+00	4.5791e-01
SERPINE3	1.4500e+00	1.2331e+00	2.9447e-12
SERPINF1	1.0600e+00	-1.3123e-01	1.9188e-08
SERPINF2	5.3000e-01	1.8549e+00	9.3446e-01
SERPING1	2.7800e-01	1.8596e+00	9.9999e-01
SERPINH1	9.7100e-01	7.1087e-01	3.2767e-05
SERPINI1	4.5900e-01	4.5165e-01	9.9206e-01
SERPINI2	1.0970e+00	6.0455e-01	1.6592e-07
SERTAD1	9.8100e-01	4.3732e-01	1.7678e-01
SERTAD2	4.2100e-01	1.7214e+00	9.8686e-01
SERTAD3	1.1500e+00	-7.3448e-01	4.6839e-02
SERTAD4	8.7400e-01	8.7974e-01	1.5603e-03
SERTM1	8.5300e-01	1.2315e+00	6.8698e-01
SESN1	7.0700e-01	1.5458e+00	1.8011e-03
SESN2	9.9200e-01	1.9875e+00	1.4661e-09
SESN3	4.2500e-01	2.8277e+00	9.9791e-01
SESTD1	5.6000e-01	2.0441e+00	1.3513e-01
SET	1.6700e-01	3.2081e+00	9.9973e-01
SETBP1	1.4300e-01	1.8562e+00	1.0000e+00
SETD1A	2.7900e-01	1.8252e+00	1.0000e+00
SETD1B	1.0900e-01	3.1658e+00	1.0000e+00
SETD2	1.7600e-01	4.1571e+00	1.0000e+00
SETD3	4.7800e-01	2.1411e+00	9.9372e-01
SETD4	9.9400e-01	1.0150e+00	2.6909e-11
SETD5	3.7600e-01	2.0399e+00	1.0000e+00
SETD6	1.6410e+00	-2.0787e+00	4.7120e-29
SETD7	6.0500e-01	2.0738e+00	6.4817e-01
SETD9	1.4550e+00	6.9699e-01	2.6473e-10
SETDB1	2.9000e-01	5.1021e+00	1.0000e+00
SETDB2	8.5800e-01	1.9539e+00	1.0656e-08
SETDB2-PHF11	9.1000e-01	1.6213e+00	2.4802e-07
SETMAR	1.0010e+00	-7.9658e-01	4.2385e-11
SETSIP	1.0910e+00	5.7365e-01	1.8080e-04
SETX	4.4200e-01	1.7846e+00	9.9995e-01
SEZ6	7.0800e-01	1.6654e+00	7.2417e-09
SEZ6L2	5.8600e-01	1.6056e+00	1.4526e-03
SEZ6L	4.5000e-01	2.0277e+00	9.9958e-01
SF1	2.2000e-01	3.5272e+00	1.0000e+00
SF3A1	2.2700e-01	4.7966e+00	1.0000e+00
SF3A2	3.0200e-01	2.1471e+00	9.9993e-01
SF3A3	2.6000e-01	3.4804e+00	1.0000e+00
SF3B1	1.0000e-01	9.8404e+00	1.0000e+00
SF3B2	2.5200e-01	4.5705e+00	1.0000e+00
SF3B3	2.8500e-01	6.7498e+00	1.0000e+00
SF3B4	2.5900e-01	4.1898e+00	9.9997e-01
SF3B5	1.0190e+00	1.6298e+00	3.4258e-01
SF3B6	5.6600e-01	2.3268e+00	9.1609e-01
SFI1	1.0720e+00	-6.0797e-01	9.4736e-56
SFMBT1	4.0200e-01	3.1960e+00	1.0000e+00
SFMBT2	4.3700e-01	1.4532e+00	9.9988e-01
SFN	5.1700e-01	1.2738e+00	9.6500e-01
SFPQ	2.8400e-01	1.1922e-01	1.0000e+00
SFR1	1.3560e+00	6.1771e-02	1.1557e-08
SFRP1	6.7200e-01	1.1482e+00	4.8038e-01
SFRP2	8.8400e-01	1.2435e+00	6.7216e-03
SFRP4	8.5700e-01	9.6304e-02	4.1757e-04
SFRP5	1.2140e+00	4.8451e-01	3.0152e-07
SFSWAP	2.4000e-01	2.8134e+00	1.0000e+00
SFT2D1	1.5090e+00	-6.2676e-02	1.1675e-06
SFT2D2	1.1580e+00	4.0746e-01	2.5873e-06
SFT2D3	1.8920e+00	-5.7607e+00	2.9275e-01
SFTA2	1.1140e+00	1.1871e-01	2.6969e-01
SFTA3	NA	3.7288e-01	NA
SFTPA1	1.0260e+00	1.1737e+00	6.8885e-04
SFTPA2	1.4580e+00	7.2292e-02	5.3317e-08
SFTPB	8.4600e-01	9.9384e-01	4.5919e-07
SFTPC	1.0000e+00	1.0693e+00	3.1214e-03
SFTPD	7.8000e-01	1.0053e+00	2.0521e-02
SFXN1	1.0560e+00	4.0016e-01	2.6288e-09
SFXN2	1.1010e+00	1.0648e+00	5.2595e-10
SFXN3	NA	9.9093e-01	NA
SFXN4	1.1390e+00	6.7548e-01	4.7692e-09
SFXN5	1.1480e+00	-3.1374e-01	2.4668e-13
SGCA	1.2730e+00	6.4856e-01	9.5209e-12
SGCB	1.2860e+00	-4.2122e-01	6.7510e-06
SGCD	8.8000e-01	-1.1017e-01	5.4132e-02
SGCE	6.2800e-01	1.3845e+00	3.2039e-01
SGCG	1.2110e+00	1.0352e-01	6.6559e-07
SGCZ	1.3320e+00	-3.7968e+00	1.4098e-12
SGF29	5.8200e-01	4.0353e+00	6.7382e-01
SGIP1	4.3100e-01	1.4985e+00	9.9991e-01
SGK1	7.1600e-01	2.1269e+00	2.0564e-03
SGK2	1.0010e+00	1.1492e+00	3.1530e-08
SGK3	8.6800e-01	1.6682e+00	2.4199e-10
SGMS1	4.3900e-01	3.1071e+00	9.9874e-01
SGMS2	6.2400e-01	1.3713e+00	1.9322e-01
SGO1	1.0360e+00	-1.4857e-01	2.0472e-09
SGO2	8.1700e-01	1.2044e+00	2.3126e-11
SGPL1	7.1000e-01	2.0350e+00	2.4786e-03
SGPP1	1.1320e+00	9.9500e-02	2.9648e-05
SGPP2	1.2310e+00	5.6301e-01	4.9150e-10
SGSH	1.2600e+00	5.8086e-01	1.0282e-16
SGSM1	6.7300e-01	2.6249e+00	3.5315e-11
SGSM2	8.5100e-01	1.6493e-01	1.2380e-20
SGSM3	1.1750e+00	-3.6296e-02	4.5618e-32
SGTA	7.4700e-01	1.4070e+00	2.9312e-03
SGTB	5.5600e-01	1.4184e+00	8.7233e-01
SH2B1	3.7400e-01	8.0182e-01	9.9999e-01
SH2B2	1.7710e+00	-3.4945e+00	8.7218e-18
SH2B3	1.3500e+00	-3.1608e+00	5.0447e-15
SH2D1B	1.1820e+00	1.0920e+00	6.5213e-04
SH2D2A	1.0720e+00	-4.2161e-01	1.2360e-07
SH2D3A	1.2880e+00	-8.3593e-01	4.7053e-17
SH2D3C	5.2000e-01	2.4240e+00	9.0735e-01
SH2D4A	1.2600e+00	-1.8524e+00	2.5573e-19
SH2D4B	1.0220e+00	-2.8468e-01	8.2294e-13
SH2D5	1.2650e+00	3.5658e-01	1.1525e-15
SH2D6	1.4550e+00	6.9318e-01	4.3166e-11
SH2D7	1.0710e+00	4.5675e-02	9.6388e-10
SH3BGR	1.8080e+00	1.0568e+00	3.3919e-07
SH3BGRL2	1.9050e+00	-5.4723e-01	3.0390e-07
SH3BGRL3	1.2140e+00	-4.8512e-02	9.0593e-03
SH3BP1	9.0300e-01	-3.8600e-03	4.1392e-10
SH3BP2	9.5800e-01	1.3472e-01	5.0141e-10
SH3BP4	6.5800e-01	1.7255e+00	4.5360e-04
SH3BP5	8.5000e-01	9.1281e-01	1.8829e-05
SH3BP5L	6.3100e-01	1.0962e+00	1.5894e-01
SH3D19	6.2900e-01	1.4920e+00	8.0850e-04
SH3D21	1.2210e+00	-1.2511e-01	2.2105e-28
SH3GL1	6.1800e-01	8.8853e-01	1.1444e-01
SH3GL2	9.3700e-01	-3.7436e-02	1.0220e-04
SH3GL3	1.4340e+00	4.1898e-01	3.3115e-02
SH3GLB1	6.5500e-01	1.2929e+00	4.9074e-01
SH3GLB2	7.8600e-01	8.8688e-01	1.6435e-04
SH3PXD2A	3.7600e-01	1.7597e+00	1.0000e+00
SH3PXD2B	6.5500e-01	1.9554e+00	5.9917e-05
SH3RF1	5.9400e-01	2.2881e+00	3.5613e-02
SH3RF2	8.9700e-01	5.4387e-01	1.6848e-09
SH3RF3	6.9400e-01	-9.6603e-01	8.5651e-04
SH3TC1	1.4230e+00	-2.7362e+00	8.0842e-54
SH3TC2	8.0000e-01	1.0273e+00	1.6409e-18
SH3YL1	1.2840e+00	3.2715e-01	1.2117e-08
SHANK1	3.8300e-01	-1.0007e+00	1.0000e+00
SHANK2	4.1700e-01	3.1048e+00	9.9999e-01
SHANK3	5.2600e-01	8.5338e-01	9.5074e-01
SHARPIN	9.0200e-01	-1.0273e+00	1.0382e-05
SHB	7.4000e-01	-3.0463e+00	3.5511e-03
SHBG	1.0960e+00	9.4071e-01	3.3231e-11
SHC1	7.0500e-01	1.5908e+00	3.7540e-04
SHC2	1.4840e+00	-2.2722e+00	1.1668e-24
SHC3	4.2100e-01	9.2763e-01	9.9969e-01
SHC4	7.1700e-01	4.7711e-01	1.8197e-05
SHCBP1	1.0160e+00	1.6586e+00	4.1741e-15
SHCBP1L	1.2780e+00	-2.0209e-01	1.9459e-18
SHD	1.2980e+00	-7.8884e-01	6.1075e-12
SHE	3.9300e-01	2.4210e-01	9.9987e-01
SHF	1.0290e+00	7.9262e-01	6.8301e-08
SHFL	6.4000e-01	2.2708e+00	3.6879e-01
SHH	4.9300e-01	5.0243e-01	9.7518e-01
SHISA2	1.3290e+00	-1.6621e+00	1.0339e-05
SHISA3	1.3890e+00	-4.6667e-01	1.4869e-05
SHISA4	9.9100e-01	3.4894e-01	2.9222e-04
SHISA5	1.1400e+00	1.8953e-01	1.5594e-06
SHISA6	6.8500e-01	6.2574e-01	2.4104e-02
SHISA7	8.5400e-01	-2.0544e+00	1.0931e-01
SHISA8	1.9620e+00	-2.6171e+00	3.2170e-11
SHISA9	5.7400e-01	5.5546e-01	7.9286e-01
SHISAL1	6.8400e-01	8.2500e-01	4.2923e-01
SHISAL2A	1.8800e+00	-4.7637e-02	2.0490e-08
SHISAL2B	1.3960e+00	-2.1066e-01	7.2463e-05
SHKBP1	1.0340e+00	1.7512e+00	1.5684e-20
SHLD1	1.0820e+00	9.8702e-01	2.9147e-01
SHLD2	6.6000e-01	2.6526e+00	2.4209e-03
SHLD3	1.0190e+00	5.5794e-01	3.9075e-04
SHMT1	1.0770e+00	1.4092e+00	8.5721e-10
SHMT2	7.9400e-01	2.1221e+00	1.1360e-07
SHOC1	8.9200e-01	1.4144e+00	7.1118e-14
SHOC2	2.0100e-01	3.7919e+00	1.0000e+00
SHOX2	7.6900e-01	-8.6656e-01	8.4774e-02
SHPK	1.3700e+00	-4.8709e-03	1.4064e-19
SHPRH	5.9500e-01	3.1648e+00	4.8224e-10
SHQ1	1.2390e+00	-1.9763e-01	4.2227e-16
SHROOM1	1.2550e+00	-1.7863e+00	1.6626e-18
SHROOM3	4.4800e-01	8.7480e-01	9.9977e-01
SHTN1	6.1900e-01	7.6286e-01	3.2514e-01
SI	1.0090e+00	-8.9739e-01	7.6861e-32
SIAE	9.4300e-01	1.5002e+00	7.7973e-10
SIAH1	2.9800e-01	4.8427e+00	9.9939e-01
SIAH2	4.6000e-01	2.7892e+00	9.8700e-01
SIAH3	1.1260e+00	-1.2294e-01	2.0000e-03
SIDT1	1.2170e+00	-4.2642e-01	1.2938e-21
SIDT2	7.1000e-01	2.3074e+00	4.3344e-11
SIGIRR	1.3510e+00	-1.4691e+00	4.9919e-15
SIGLEC10	8.2100e-01	1.4981e+00	9.0820e-10
SIGLEC1	1.0700e+00	2.3802e-01	1.0970e-41
SIGLEC11	1.2910e+00	1.2915e+00	2.5281e-16
SIGLEC12	9.6500e-01	-5.7095e-01	1.1614e-10
SIGLEC14	7.9000e-01	1.9495e+00	9.4701e-02
SIGLEC15	1.9460e+00	-2.5502e+00	1.0649e-14
SIGLEC16	NA	1.5142e+00	NA
SIGLEC5	1.1570e+00	6.8986e-01	1.6752e-09
SIGLEC6	9.8000e-01	3.3444e-01	1.3765e-08
SIGLEC7	1.0290e+00	1.1975e+00	2.3480e-09
SIGLEC8	9.7800e-01	1.6050e-01	2.7083e-08
SIGLEC9	8.6300e-01	7.9541e-01	7.9134e-06
SIGLECL1	1.1610e+00	9.4166e-01	2.1826e-05
SIGMAR1	1.2860e+00	3.8569e-01	3.0863e-06
SIK2	4.1400e-01	3.1982e+00	9.9999e-01
SIK3	2.6800e-01	3.9417e+00	1.0000e+00
SIKE1	5.4500e-01	9.3082e-01	9.4166e-01
SIL1	1.0230e+00	1.3969e+00	2.4121e-11
SIM1	3.3200e-01	1.0526e+00	1.0000e+00
SIM2	6.6700e-01	-4.4908e-01	1.8214e-03
SIMC1	8.8800e-01	1.6398e+00	2.5876e-14
SIN3A	1.4000e-01	5.1667e+00	1.0000e+00
SIN3B	2.4500e-01	4.6794e+00	1.0000e+00
SINHCAF	4.1400e-01	2.7068e+00	9.9315e-01
SIPA1	9.3600e-01	-1.0743e+00	7.6125e-14
SIPA1L1	2.2600e-01	3.4383e+00	1.0000e+00
SIPA1L2	4.1200e-01	2.3517e+00	1.0000e+00
SIPA1L3	5.5900e-01	1.6897e+00	4.8632e-04
SIRPA	3.1000e-01	2.5376e+00	9.9999e-01
SIRPB1	1.1890e+00	1.7936e-01	2.0273e-08
SIRPB2	9.5400e-01	1.9362e-01	4.7750e-04
SIRPD	1.6090e+00	-1.0403e+00	5.7834e-07
SIRPG	1.3620e+00	-3.1563e-01	4.7386e-12
SIRT1	5.2700e-01	4.3798e-01	8.9959e-01
SIRT2	1.0320e+00	1.0442e+00	2.4119e-12
SIRT3	1.1730e+00	-1.4335e+00	1.1411e-07
SIRT4	1.1730e+00	1.1287e+00	2.3977e-07
SIRT5	9.4800e-01	4.0916e-01	4.7458e-05
SIRT6	1.0590e+00	-8.2740e-01	4.5969e-06
SIRT7	1.0810e+00	-4.0353e-01	7.8685e-10
SIT1	1.2400e+00	6.7613e-01	2.2284e-06
SIVA1	9.7200e-01	-1.4672e-02	7.4980e-03
SIX1	6.9200e-01	1.0287e+00	2.5564e-01
SIX2	1.2400e+00	1.0655e+00	1.0297e-06
SIX3	3.8700e-01	1.5772e+00	9.9311e-01
SIX4	6.7600e-01	1.1565e+00	1.1121e-02
SIX5	1.0800e+00	-3.4477e+00	1.3448e-05
SIX6	9.2100e-01	6.2234e-01	2.3883e-03
SKA1	8.4900e-01	9.1009e-01	1.1409e-01
SKA2	1.5760e+00	5.3817e-01	8.0410e-04
SKA3	1.2060e+00	-6.9866e-01	7.2723e-08
SKAP1	1.1140e+00	7.1934e-01	1.7955e-05
SKAP2	1.5070e+00	1.5205e-01	5.6312e-02
SKI	8.0900e-01	-1.1759e+00	6.9663e-06
SKIDA1	5.9900e-01	1.1238e-01	3.6779e-01
SKIL	5.2500e-01	8.9894e-01	9.6095e-01
SKIV2L	8.6700e-01	2.3593e+00	7.3063e-26
SKOR1	8.0500e-01	-1.0498e+00	7.2893e-08
SKOR2	1.2300e+00	-3.7199e+00	1.6910e-13
SKP1	3.2400e-01	2.5124e+00	9.8017e-01
SKP2	5.3400e-01	2.0158e+00	9.4345e-01
SLA	1.0330e+00	4.2524e-01	3.3643e-04
SLA2	1.0360e+00	6.7367e-01	6.4052e-06
SLAIN1	4.6000e-01	-1.5158e-01	9.9691e-01
SLAIN2	8.4300e-01	-9.2251e-01	1.4820e-06
SLAMF1	6.0800e-01	7.5784e-01	8.4060e-01
SLAMF6	7.5700e-01	1.1656e+00	1.4631e-03
SLAMF7	9.8800e-01	5.3712e-01	1.3215e-05
SLAMF8	1.0680e+00	-1.4941e-01	5.2200e-07
SLAMF9	1.0730e+00	3.8456e-01	3.7790e-06
SLBP	1.2860e+00	-1.6850e+00	6.8727e-05
SLC10A1	1.9560e+00	-1.4172e+00	7.6148e-17
SLC10A2	1.4640e+00	-1.0034e+00	5.8838e-10
SLC10A4	1.1800e+00	-1.8119e-01	1.8063e-05
SLC10A5	1.8920e+00	7.6512e-01	2.9296e-01
SLC10A6	1.2010e+00	5.8523e-01	7.7709e-08
SLC10A7	9.6600e-01	2.0895e+00	1.9084e-05
SLC11A1	1.1200e+00	7.0869e-01	2.8737e-16
SLC11A2	7.8000e-01	2.7810e+00	8.6394e-07
SLC12A1	9.7100e-01	3.8536e-01	1.4594e-17
SLC12A2	7.2100e-01	5.0869e-01	3.9611e-03
SLC12A3	1.0040e+00	7.2585e-01	4.8781e-28
SLC12A4	8.3000e-01	1.8298e+00	5.2393e-19
SLC12A5	2.2500e-01	6.2740e+00	1.0000e+00
SLC12A6	6.2100e-01	3.1270e+00	1.0860e-02
SLC12A7	1.0260e+00	1.2057e+00	2.4022e-28
SLC12A8	1.1050e+00	8.0898e-01	2.4625e-18
SLC12A9	1.0070e+00	1.9726e+00	3.8495e-16
SLC13A1	1.0470e+00	3.6652e-01	9.7989e-14
SLC13A2	8.6000e-01	1.4669e+00	3.1673e-09
SLC13A3	8.9800e-01	9.8841e-01	5.6958e-08
SLC13A4	4.6800e-01	1.9708e+00	9.9685e-01
SLC13A5	5.4900e-01	1.5418e+00	7.0034e-01
SLC14A1	1.1100e+00	5.9808e-01	2.4216e-11
SLC14A2	1.0080e+00	1.8451e-01	8.0481e-25
SLC15A1	1.1170e+00	7.4349e-01	1.5726e-19
SLC15A2	1.1530e+00	2.9139e-01	1.6810e-20
SLC15A3	1.1900e+00	-8.3074e-01	9.1500e-13
SLC15A4	8.4600e-01	-9.3503e-01	3.6039e-05
SLC15A5	1.3360e+00	-7.8849e-03	7.9708e-17
SLC16A10	9.1300e-01	1.9888e+00	1.4027e-06
SLC16A11	1.7820e+00	-2.0214e+00	1.4363e-10
SLC16A12	6.2300e-01	1.6398e+00	1.6019e-01
SLC16A13	1.2990e+00	1.2195e+00	3.8125e-10
SLC16A14	5.9500e-01	2.0765e+00	5.1696e-01
SLC16A1	5.9100e-01	2.9824e+00	7.3220e-01
SLC16A3	1.4020e+00	-1.5066e+00	1.6337e-08
SLC16A4	1.0870e+00	1.0568e+00	9.7679e-12
SLC16A5	1.1250e+00	1.3342e+00	6.0627e-09
SLC16A6	6.9500e-01	2.6964e+00	7.5180e-02
SLC16A7	1.2330e+00	5.4902e-01	2.2786e-09
SLC16A8	1.9420e+00	-4.6020e+00	6.7126e-10
SLC16A9	7.0000e-01	8.4794e-01	1.5983e-02
SLC17A1	1.2330e+00	4.8045e-01	1.3638e-14
SLC17A2	9.4300e-01	1.5131e+00	1.7767e-08
SLC17A3	1.1810e+00	-5.7024e-02	1.8110e-17
SLC17A4	8.1100e-01	6.4015e-01	4.7340e-07
SLC17A5	1.0650e+00	1.1844e+00	1.1116e-09
SLC17A6	6.6800e-01	2.3193e+00	1.7186e-03
SLC17A7	3.7500e-01	3.8662e+00	9.9999e-01
SLC17A8	6.9100e-01	1.3957e+00	4.3781e-04
SLC17A9	1.1460e+00	6.5398e-01	2.6545e-16
SLC18A1	1.4890e+00	-3.2870e+00	1.0200e-24
SLC18A2	6.8000e-01	1.6238e+00	3.1613e-03
SLC18A3	1.2130e+00	9.6851e-02	6.5353e-07
SLC18B1	1.5370e+00	-6.8466e-01	6.8375e-18
SLC19A1	1.5850e+00	-7.0012e-01	1.1764e-15
SLC19A2	8.5200e-01	8.9250e-01	2.0312e-06
SLC19A3	9.6800e-01	5.1867e-01	1.2033e-07
SLC1A1	1.0430e+00	-7.4611e-01	1.3649e-08
SLC1A2	5.6900e-01	3.0008e+00	8.3706e-01
SLC1A3	6.0700e-01	2.4349e+00	3.0428e-01
SLC1A4	7.9500e-01	1.4682e+00	3.8535e-03
SLC1A5	1.0760e+00	7.9239e-01	4.6558e-07
SLC1A6	5.7600e-01	3.2382e+00	7.1778e-01
SLC1A7	1.1210e+00	5.1200e-01	8.3396e-11
SLC20A1	6.3400e-01	2.5891e+00	1.1114e-02
SLC20A2	6.4400e-01	3.2904e+00	1.8553e-02
SLC22A10	1.3360e+00	-9.7156e-01	3.2506e-17
SLC22A11	1.1050e+00	7.4393e-01	7.2786e-13
SLC22A1	1.1880e+00	8.5529e-01	1.7705e-15
SLC22A12	1.4110e+00	6.2845e-01	7.2812e-21
SLC22A13	1.0330e+00	6.0310e-01	1.8310e-11
SLC22A14	1.1570e+00	1.2890e+00	8.9083e-16
SLC22A15	8.6300e-01	5.4853e-01	2.8872e-08
SLC22A16	1.2720e+00	3.6819e-02	3.0970e-17
SLC22A17	NA	8.7279e-02	NA
SLC22A18	1.3620e+00	-7.1741e-01	1.1419e-11
SLC22A18AS	1.4530e+00	-4.5525e-01	3.0462e-03
SLC22A2	1.1170e+00	2.6302e-01	5.9930e-08
SLC22A23	6.3000e-01	1.4397e+00	2.4350e-02
SLC22A24	1.4830e+00	-1.9602e+00	9.2011e-16
SLC22A25	1.1730e+00	-1.1879e+00	1.3433e-12
SLC22A31	1.8920e+00	-1.6006e+00	9.5131e-19
SLC22A3	1.2440e+00	-4.4410e-01	5.3732e-14
SLC22A4	9.8200e-01	1.5211e+00	8.9917e-08
SLC22A5	9.6300e-01	8.6805e-01	8.4286e-10
SLC22A6	9.3400e-01	1.6430e+00	2.8393e-10
SLC22A7	9.8900e-01	1.7811e+00	1.1198e-12
SLC22A8	1.0030e+00	1.4998e+00	8.0775e-09
SLC22A9	1.4610e+00	-6.5988e-01	2.0049e-21
SLC23A1	6.8700e-01	1.6198e+00	1.7123e-03
SLC23A2	7.2000e-01	3.7983e+00	4.0307e-03
SLC23A3	7.9000e-01	1.5107e+00	4.6964e-08
SLC24A1	7.7000e-01	2.0972e+00	1.5229e-08
SLC24A2	7.2700e-01	9.3266e-03	4.0510e-04
SLC24A3	4.2900e-01	2.7368e+00	9.9982e-01
SLC24A4	8.6200e-01	1.2877e+00	5.3093e-10
SLC24A5	1.1620e+00	8.2507e-01	3.6963e-12
SLC25A10	1.1800e+00	-1.5538e-01	2.4681e-10
SLC25A1	1.0340e+00	2.5155e-01	2.3620e-07
SLC25A11	5.2700e-01	2.6107e+00	9.5535e-01
SLC25A12	5.2500e-01	3.0138e+00	8.7613e-01
SLC25A13	9.3700e-01	1.1534e+00	5.0062e-18
SLC25A15	1.0260e+00	1.3292e+00	1.0260e-06
SLC25A16	1.3030e+00	-1.9079e-01	6.1137e-04
SLC25A17	8.9900e-01	1.0113e+00	5.9686e-04
SLC25A18	1.1380e+00	9.5069e-01	4.8452e-09
SLC25A19	9.8600e-01	1.1313e+00	4.8079e-05
SLC25A20	1.0520e+00	1.0624e+00	4.4499e-08
SLC25A2	1.0590e+00	7.8614e-01	4.8398e-04
SLC25A21	1.5480e+00	-2.1731e-01	3.4488e-11
SLC25A22	1.0140e+00	6.5529e-01	6.4871e-07
SLC25A23	8.2300e-01	8.3577e-01	5.4060e-07
SLC25A24	1.1060e+00	6.8596e-01	2.3198e-10
SLC25A25	7.6400e-01	1.6941e+00	6.9748e-06
SLC25A26	1.1090e+00	-1.2033e+00	1.6298e-02
SLC25A27	1.0840e+00	6.9337e-01	9.8349e-05
SLC25A28	5.7600e-01	3.6142e+00	8.5106e-01
SLC25A29	1.8700e+00	-1.6885e+00	3.5488e-06
SLC25A30	1.0780e+00	1.5399e+00	8.9523e-07
SLC25A31	1.4020e+00	9.7533e-01	6.0878e-12
SLC25A32	1.1090e+00	9.1887e-01	5.6939e-07
SLC25A33	7.4200e-01	2.4543e+00	2.7411e-02
SLC25A34	1.2830e+00	-2.9110e-01	4.8381e-10
SLC25A35	1.3320e+00	6.5688e-01	1.8515e-11
SLC25A3	5.3200e-01	1.5513e+00	9.4326e-01
SLC25A36	9.1900e-01	1.5259e+00	2.2171e-02
SLC25A37	8.5900e-01	1.0913e+00	1.1655e-03
SLC25A38	1.0530e+00	1.1311e+00	8.6507e-08
SLC25A39	1.2170e+00	-2.0016e-01	1.7643e-15
SLC25A40	1.2290e+00	6.1869e-01	5.0496e-05
SLC25A41	1.3150e+00	7.3711e-02	6.1122e-14
SLC25A42	8.6800e-01	1.2514e+00	3.3937e-04
SLC25A44	8.5600e-01	2.0216e+00	1.2333e-03
SLC25A45	1.2220e+00	8.3631e-01	5.8624e-09
SLC25A46	1.3750e+00	-7.4830e-01	7.2891e-06
SLC25A4	6.8700e-01	2.2713e+00	4.1728e-01
SLC25A47	1.4420e+00	9.5096e-02	8.3227e-14
SLC25A48	1.2060e+00	5.8221e-01	1.5819e-09
SLC25A51	9.0800e-01	3.2258e+00	1.4677e-02
SLC25A52	1.1170e+00	1.3453e+00	1.0840e-03
SLC26A11	1.2080e+00	-2.3161e-01	5.2618e-20
SLC26A1	1.8490e+00	-1.5378e+00	3.0436e-08
SLC26A2	1.0910e+00	1.4995e+00	3.7099e-11
SLC26A3	8.5700e-01	6.7282e-01	1.1356e-11
SLC26A4	1.5270e+00	-1.7535e+00	2.1801e-20
SLC26A5	7.6500e-01	2.0746e+00	5.0766e-08
SLC26A6	9.3200e-01	1.0541e+00	1.2380e-17
SLC26A7	1.0270e+00	-2.3270e-02	2.1383e-11
SLC26A8	7.8700e-01	2.4667e+00	1.9598e-13
SLC26A9	6.4400e-01	1.4000e+00	9.7179e-06
SLC27A1	1.3010e+00	6.6647e-02	5.3966e-23
SLC27A2	1.1040e+00	8.1771e-01	1.5474e-12
SLC27A3	1.3650e+00	-2.6892e+00	3.9187e-23
SLC27A4	6.6100e-01	1.1324e+00	5.3967e-04
SLC27A5	1.0520e+00	-6.1215e-01	2.0819e-14
SLC27A6	1.3890e+00	-5.4525e-01	8.8563e-18
SLC28A1	1.0460e+00	2.3380e-01	5.4190e-18
SLC28A2	1.1770e+00	8.6948e-01	2.4877e-14
SLC28A3	9.2800e-01	2.0796e+00	1.8684e-16
SLC29A1	6.7700e-01	1.5759e+00	3.0873e-02
SLC29A2	1.0150e+00	7.9875e-01	2.2201e-10
SLC29A3	9.3300e-01	8.0430e-01	1.1015e-04
SLC29A4	1.1860e+00	-1.7326e+00	2.1802e-12
SLC2A10	1.0870e+00	6.6325e-01	4.7790e-08
SLC2A11	1.1490e+00	9.6441e-01	2.4369e-14
SLC2A1	1.3900e-01	4.6812e+00	1.0000e+00
SLC2A12	8.3600e-01	1.6804e+00	3.1107e-06
SLC2A13	7.3500e-01	3.4388e-01	2.1217e-05
SLC2A14	4.2500e-01	2.8827e+00	9.9905e-01
SLC2A2	8.5800e-01	1.5839e+00	5.1541e-06
SLC2A3	6.5000e-01	1.7608e+00	6.9323e-02
SLC2A4	7.7300e-01	1.9782e+00	8.0617e-06
SLC2A4RG	9.7900e-01	-9.0933e-01	8.1402e-06
SLC2A5	1.4510e+00	1.2642e+00	1.7411e-20
SLC2A6	1.3250e+00	1.3567e-01	4.9492e-14
SLC2A7	1.3260e+00	-1.2523e-01	1.1731e-18
SLC2A8	1.5860e+00	-1.6821e+00	3.0539e-22
SLC2A9	1.0220e+00	3.6295e-02	3.6878e-10
SLC30A10	9.9000e-01	1.4538e+00	1.1378e-02
SLC30A1	4.0900e-01	3.3578e+00	9.9831e-01
SLC30A2	6.9900e-01	1.7233e+00	2.3869e-02
SLC30A3	8.2300e-01	1.9570e+00	4.9267e-04
SLC30A4	6.7900e-01	8.6113e-01	6.5533e-01
SLC30A5	6.7300e-01	1.5789e+00	1.7163e-02
SLC30A6	1.0000e+00	2.7957e-01	8.4278e-07
SLC30A7	1.1160e+00	-8.7579e-02	5.1458e-07
SLC30A8	9.2100e-01	5.8690e-01	1.2615e-05
SLC30A9	5.8700e-01	9.5592e-01	8.3592e-01
SLC31A1	5.8600e-01	2.1138e+00	8.9314e-01
SLC31A2	1.6540e+00	1.1077e+00	1.0641e-06
SLC32A1	3.9600e-01	3.4592e+00	9.9954e-01
SLC33A1	5.5500e-01	2.2280e+00	9.1612e-01
SLC34A1	1.2880e+00	9.6869e-01	3.0772e-21
SLC34A2	1.0190e+00	5.6437e-01	5.1540e-11
SLC34A3	1.7700e+00	-2.3202e+00	1.5210e-27
SLC35A1	6.8200e-01	1.9791e+00	7.3907e-02
SLC35A3	1.1140e+00	1.1316e+00	4.2640e-03
SLC35A4	7.9400e-01	5.8672e-01	1.3290e-01
SLC35A5	9.6500e-01	7.2900e-02	1.9182e-05
SLC35B1	9.2700e-01	1.3746e+00	3.7366e-05
SLC35B2	7.0900e-01	-8.6584e-01	1.2373e-02
SLC35B3	1.1380e+00	1.0811e+00	2.2821e-04
SLC35B4	8.7300e-01	1.4443e+00	5.3764e-04
SLC35C1	6.6400e-01	8.4800e-01	5.8493e-01
SLC35C2	9.7000e-01	1.3264e+00	4.1267e-07
SLC35D1	9.8100e-01	4.0697e-01	4.2354e-06
SLC35D2	1.9360e+00	-9.1085e-01	7.1051e-05
SLC35D3	1.5450e+00	-4.3996e-01	3.8995e-09
SLC35E1	6.7900e-01	1.7624e+00	1.4503e-01
SLC35E2A	7.4600e-01	1.6371e+00	6.8527e-01
SLC35E2B	1.1610e+00	1.6342e+00	1.0668e-05
SLC35E3	1.2660e+00	3.2785e-01	7.8441e-07
SLC35E4	1.3340e+00	1.0254e+00	4.4903e-06
SLC35F1	4.7500e-01	1.5723e+00	9.9424e-01
SLC35F2	8.8700e-01	1.1192e+00	1.3676e-04
SLC35F3	6.9700e-01	1.9445e+00	2.5632e-03
SLC35F4	8.0500e-01	5.4242e-01	1.0041e-04
SLC35F5	1.1590e+00	6.0329e-01	7.6820e-10
SLC35F6	1.2620e+00	1.0432e+00	7.3580e-09
SLC35G1	1.0300e+00	3.6416e-01	8.1250e-03
SLC35G2	1.0290e+00	1.6019e+00	1.3672e-05
SLC35G3	9.0100e-01	1.0704e+00	2.6687e-02
SLC35G4	1.3100e+00	-7.9625e-01	2.7235e-04
SLC35G5	1.2130e+00	-2.1364e+00	1.2081e-04
SLC35G6	1.3760e+00	1.0376e+00	1.4056e-06
SLC36A1	7.3700e-01	1.6232e+00	6.9058e-04
SLC36A2	1.0970e+00	7.1262e-01	6.6887e-11
SLC36A3	1.0200e+00	1.0194e+00	5.6597e-09
SLC36A4	1.4740e+00	2.4326e-01	3.1831e-09
SLC37A1	8.1700e-01	2.0032e+00	6.2661e-10
SLC37A2	1.0090e+00	1.0814e+00	8.8476e-17
SLC37A3	1.0190e+00	1.7474e+00	1.4909e-14
SLC37A4	1.2520e+00	1.3187e-01	4.4550e-14
SLC38A10	8.4100e-01	2.2624e-01	1.3501e-11
SLC38A11	1.5730e+00	4.1992e-02	1.3991e-12
SLC38A1	5.1800e-01	2.1776e+00	9.6770e-01
SLC38A2	3.0800e-01	1.3661e+00	1.0000e+00
SLC38A3	4.3300e-01	2.9003e+00	9.9947e-01
SLC38A4	5.0900e-01	2.3329e+00	9.6473e-01
SLC38A6	1.5530e+00	-4.1439e-01	5.2176e-15
SLC38A7	8.1300e-01	1.7580e+00	6.1062e-06
SLC38A8	1.6760e+00	-6.0508e+00	2.0536e-29
SLC38A9	1.0160e+00	1.9104e+00	1.6869e-07
SLC39A10	3.2800e-01	2.5007e+00	1.0000e+00
SLC39A11	1.2470e+00	1.8987e-01	1.7045e-10
SLC39A1	1.2140e+00	1.3388e+00	1.2934e-05
SLC39A12	1.1100e+00	-5.2511e-01	2.0614e-18
SLC39A13	6.6200e-01	1.8851e+00	6.5931e-02
SLC39A14	5.9200e-01	2.8811e+00	3.7345e-01
SLC39A2	1.3990e+00	1.8184e-01	3.1400e-05
SLC39A3	1.0690e+00	5.2487e-01	3.0161e-01
SLC39A4	1.2620e+00	-2.3602e+00	7.5913e-18
SLC39A5	1.1040e+00	2.4071e-01	7.4697e-13
SLC39A6	9.7600e-01	1.5219e+00	2.1596e-09
SLC39A7	8.3600e-01	1.7535e+00	2.6654e-05
SLC39A8	6.0200e-01	1.1838e+00	6.2115e-01
SLC39A9	7.4200e-01	2.1821e+00	8.7980e-02
SLC3A1	1.5310e+00	-3.2401e+00	1.7181e-33
SLC3A2	9.0700e-01	1.2680e+00	8.1344e-08
SLC40A1	4.4500e-01	2.5155e+00	9.9900e-01
SLC41A1	5.8700e-01	2.8301e+00	3.7118e-01
SLC41A2	7.1900e-01	2.5372e+00	4.1707e-03
SLC41A3	1.2100e+00	9.5720e-01	1.0870e-14
SLC43A1	6.8600e-01	1.7560e+00	3.7722e-04
SLC43A2	8.5200e-01	1.1653e+00	1.3155e-08
SLC43A3	8.0400e-01	1.3159e+00	2.8757e-06
SLC44A1	4.3700e-01	1.5744e+00	9.9889e-01
SLC44A2	7.8500e-01	1.9128e+00	1.8268e-12
SLC44A3	1.1760e+00	1.3502e+00	4.9599e-23
SLC44A4	9.0400e-01	1.5883e+00	3.3897e-19
SLC44A5	8.6500e-01	1.1758e+00	1.4031e-06
SLC45A1	6.9500e-01	2.7460e+00	5.6167e-04
SLC45A2	1.0220e+00	-1.5802e-01	1.8671e-10
SLC45A3	7.2800e-01	2.0771e+00	1.6935e-02
SLC45A4	6.8400e-01	1.4949e+00	1.8565e-04
SLC46A1	8.6500e-01	8.7996e-01	1.0626e-03
SLC46A2	1.0150e+00	4.6728e-01	3.3336e-07
SLC46A3	9.0300e-01	9.4475e-01	1.7565e-06
SLC47A1	1.1050e+00	2.7647e-01	4.9539e-17
SLC47A2	9.7900e-01	6.3609e-01	2.9739e-14
SLC48A1	1.0220e+00	3.3821e-01	8.7852e-02
SLC49A3	1.4440e+00	-3.0437e+00	1.4229e-19
SLC49A4	9.4000e-01	9.7727e-01	7.6301e-07
SLC4A10	4.0300e-01	4.0273e+00	1.0000e+00
SLC4A11	8.9700e-01	1.6142e+00	9.2641e-19
SLC4A1	4.0700e-01	2.7972e+00	9.9999e-01
SLC4A1AP	8.1400e-01	8.6435e-01	2.5023e-07
SLC4A2	4.2000e-01	3.9796e+00	9.9999e-01
SLC4A3	5.5800e-01	3.1867e+00	8.4530e-03
SLC4A4	3.2900e-01	4.3853e+00	1.0000e+00
SLC4A5	1.4730e+00	6.1193e-01	3.5773e-06
SLC4A7	5.5800e-01	2.1190e+00	6.0532e-01
SLC4A8	4.6200e-01	4.7026e+00	9.9846e-01
SLC4A9	1.2030e+00	8.2013e-01	6.4074e-34
SLC50A1	1.0710e+00	1.1891e+00	1.9511e-06
SLC51A	9.2400e-01	1.0359e+00	6.5749e-06
SLC51B	1.6410e+00	-8.7268e-02	7.8300e-03
SLC52A1	1.1210e+00	8.0430e-01	4.0354e-06
SLC52A2	9.5500e-01	-3.7355e-01	2.5725e-04
SLC52A3	1.0120e+00	1.0335e+00	2.5009e-06
SLC5A10	9.9700e-01	1.2365e+00	2.1077e-15
SLC5A11	1.5000e+00	-6.3384e-01	1.1118e-03
SLC5A12	7.7400e-01	8.8152e-01	4.8816e-06
SLC5A1	7.0500e-01	3.1446e+00	1.3307e-05
SLC5A2	1.2100e+00	-7.2700e-01	1.0666e-23
SLC5A3	3.7300e-01	3.9876e+00	9.9994e-01
SLC5A4	9.5700e-01	1.7769e+00	5.4257e-07
SLC5A5	1.0020e+00	6.0238e-01	1.3394e-14
SLC5A6	6.0900e-01	2.2663e+00	1.5290e-02
SLC5A7	4.6200e-01	2.9987e+00	9.9738e-01
SLC5A8	9.9000e-01	8.9342e-01	5.5648e-13
SLC5A9	9.8200e-01	1.1666e+00	3.6183e-15
SLC66A1	9.7500e-01	9.8204e-01	4.7046e-06
SLC66A2	1.2620e+00	-2.0988e-01	7.2762e-09
SLC66A3	1.6010e+00	-7.7365e-01	3.7458e-06
SLC6A1	1.5300e-01	4.9313e+00	1.0000e+00
SLC6A11	5.3300e-01	3.0297e+00	8.4629e-01
SLC6A12	8.6500e-01	1.6375e+00	8.3552e-10
SLC6A13	1.1490e+00	7.1137e-01	2.1453e-19
SLC6A15	5.9600e-01	1.7844e+00	1.6179e-01
SLC6A16	9.3800e-01	1.7350e+00	3.6806e-14
SLC6A17	4.5100e-01	3.6137e+00	9.9899e-01
SLC6A18	1.1430e+00	7.1070e-01	1.3436e-17
SLC6A19	1.2010e+00	8.0884e-01	1.6171e-23
SLC6A20	1.3190e+00	1.0396e+00	1.2456e-27
SLC6A2	5.1900e-01	3.3398e+00	9.0046e-01
SLC6A3	3.9300e-01	2.9473e+00	9.9999e-01
SLC6A4	4.2100e-01	3.0565e+00	9.9986e-01
SLC6A5	7.5700e-01	2.5685e-01	6.4274e-09
SLC6A6	3.9900e-01	4.3672e+00	9.9994e-01
SLC6A7	1.0150e+00	9.5866e-01	5.5409e-16
SLC6A9	5.4400e-01	3.1143e+00	5.0591e-01
SLC7A10	7.7300e-01	1.5409e+00	1.3259e-05
SLC7A11	8.4300e-01	1.1046e+00	1.5508e-03
SLC7A13	1.2730e+00	-9.1395e-01	4.8950e-11
SLC7A1	3.5300e-01	3.9694e+00	9.9999e-01
SLC7A14	7.7800e-01	1.7032e+00	3.4511e-07
SLC7A2	1.1300e+00	-2.0691e+00	1.9433e-14
SLC7A4	1.0750e+00	2.8897e-01	3.6279e-09
SLC7A5	6.0900e-01	1.5011e+00	2.9194e-01
SLC7A6	7.5300e-01	2.1862e+00	2.6683e-04
SLC7A6OS	9.5600e-01	-3.2732e-01	1.2188e-05
SLC7A7	1.0070e+00	1.1419e+00	1.3733e-10
SLC7A8	7.9300e-01	1.3086e+00	1.5009e-06
SLC7A9	9.0700e-01	1.8293e+00	4.0655e-09
SLC8A1	8.9100e-01	3.7181e-01	5.7861e-01
SLC8A2	3.3300e-01	4.6841e+00	1.0000e+00
SLC8A3	7.9400e-01	1.2804e+00	8.5972e-07
SLC8B1	1.0000e+00	1.4590e+00	7.4066e-15
SLC9A1	4.7300e-01	4.6915e+00	9.9576e-01
SLC9A2	7.7000e-01	2.2545e+00	2.3591e-05
SLC9A3	6.0000e-01	9.9172e-01	2.5833e-02
SLC9A3R1	1.3300e+00	-8.9290e-01	1.5764e-08
SLC9A3R2	1.5420e+00	-1.6495e+00	3.0667e-13
SLC9A4	1.0630e+00	-5.5569e-01	4.9145e-17
SLC9A5	7.2500e-01	3.1770e+00	3.8344e-09
SLC9A8	1.0100e+00	1.9447e+00	2.6103e-08
SLC9A9	1.0110e+00	5.0713e-01	6.5060e-16
SLC9B1	1.0000e+00	2.2277e+00	1.0418e-02
SLC9B2	9.9200e-01	4.8348e-01	2.7968e-09
SLC9C1	8.2400e-01	3.4660e-01	2.2659e-15
SLC9C2	7.0600e-01	2.5592e+00	4.6638e-08
SLCO1A2	1.2390e+00	3.7842e-01	1.0038e-08
SLCO1B1	1.4250e+00	-4.3705e-01	9.9771e-18
SLCO1B3	1.1510e+00	-1.0697e+00	1.7083e-08
SLCO1B3-SLCO1B7	1.2270e+00	-1.2014e+00	5.2387e-10
SLCO1C1	1.1510e+00	-9.2825e-01	7.6069e-22
SLCO2A1	1.0360e+00	1.1063e+00	1.5976e-17
SLCO2B1	7.7200e-01	1.3700e+00	1.6767e-07
SLCO3A1	6.3800e-01	1.7741e+00	2.3554e-02
SLCO4A1	1.0590e+00	2.6170e-01	1.0063e-15
SLCO4C1	1.0110e+00	-1.7723e-01	1.1228e-12
SLCO5A1	8.3100e-01	1.0037e+00	3.4106e-10
SLCO6A1	1.1280e+00	2.6334e-01	1.9361e-13
SLF1	1.0190e+00	4.3900e-01	5.7661e-23
SLF2	6.7200e-01	1.5123e+00	4.7302e-06
SLFN11	1.0490e+00	8.7631e-01	7.7347e-10
SLFN12	1.2240e+00	6.1166e-01	5.7839e-08
SLFN12L	1.2980e+00	1.7641e-01	1.7102e-10
SLFN13	1.0840e+00	1.9662e+00	2.9474e-13
SLFN14	1.0210e+00	1.6613e+00	8.5512e-13
SLFN5	8.8800e-01	1.3117e+00	4.2529e-08
SLFNL1	1.2250e+00	-3.8242e-01	5.4183e-10
SLIRP	1.4230e+00	-3.7074e-01	1.3880e-04
SLIT1	4.3100e-01	3.2753e+00	9.9999e-01
SLIT2	2.2600e-01	3.1241e+00	1.0000e+00
SLIT3	4.7600e-01	2.4900e+00	9.7145e-01
SLITRK1	3.7000e-01	1.5601e+00	9.9995e-01
SLITRK3	3.6400e-01	1.3396e+00	1.0000e+00
SLITRK5	5.5400e-01	1.5483e-01	6.0505e-01
SLITRK6	8.1200e-01	6.8303e-01	2.7526e-07
SLK	6.1300e-01	3.0384e+00	3.7623e-06
SLMAP	5.3100e-01	2.0271e+00	8.5993e-01
SLN	1.6340e+00	2.4750e-01	4.4575e-01
SLPI	1.7930e+00	-4.7750e-02	7.3221e-09
SLTM	4.4300e-01	2.8480e+00	9.9983e-01
SLU7	7.8000e-01	2.8668e+00	2.3595e-06
SLURP1	1.0310e+00	8.0805e-01	2.2368e-01
SLURP2	1.1000e+00	2.6392e-01	1.7684e-01
SLX1A	1.0600e+00	1.6528e+00	6.3988e-01
SLX4	8.9600e-01	-7.4532e-01	5.1228e-29
SLX4IP	1.1290e+00	9.5125e-01	1.4573e-10
SLX9	1.4580e+00	-5.7850e-01	2.2165e-08
SMAD1	2.8100e-01	3.4465e+00	9.9999e-01
SMAD2	2.4900e-01	4.4773e+00	1.0000e+00
SMAD3	3.7300e-01	4.3603e+00	9.9998e-01
SMAD4	2.2700e-01	4.9422e+00	1.0000e+00
SMAD5	1.7400e-01	3.2916e+00	9.9999e-01
SMAD6	1.9960e+00	-7.5875e+00	8.1308e-55
SMAD7	4.3900e-01	8.7584e-01	9.9661e-01
SMAD9	1.0180e+00	8.3595e-01	1.5457e-09
SMAGP	1.4470e+00	-1.1899e-01	6.8956e-03
SMAP1	4.9100e-01	-8.0666e-02	9.8702e-01
SMAP2	4.7900e-01	2.7571e+00	9.9287e-01
SMARCA2	3.1700e-01	4.6763e+00	1.0000e+00
SMARCA4	2.2600e-01	8.8110e+00	1.0000e+00
SMARCA5	2.2200e-01	4.0528e+00	1.0000e+00
SMARCAD1	2.5700e-01	4.2157e+00	1.0000e+00
SMARCAL1	7.9500e-01	1.7809e+00	5.0365e-12
SMARCB1	2.2100e-01	4.8624e+00	1.0000e+00
SMARCC1	3.6900e-01	2.0038e+00	1.0000e+00
SMARCC2	1.6700e-01	4.8274e+00	1.0000e+00
SMARCD1	3.3900e-01	3.2726e+00	1.0000e+00
SMARCD2	7.6200e-01	1.8900e+00	2.6057e-07
SMARCD3	3.7200e-01	3.7868e+00	9.9998e-01
SMARCE1	3.1800e-01	2.7817e+00	9.9994e-01
SMC1B	5.3300e-01	2.4386e+00	7.1311e-02
SMC2	4.0800e-01	9.7336e-01	9.9999e-01
SMC3	1.3200e-01	7.6337e+00	1.0000e+00
SMC4	7.7500e-01	8.8772e-01	9.2029e-14
SMC5	7.1600e-01	1.6524e+00	1.7399e-10
SMC6	7.0700e-01	1.6820e+00	7.7425e-09
SMCHD1	3.4200e-01	3.9782e+00	1.0000e+00
SMCO1	1.5230e+00	1.0758e+00	2.3067e-03
SMCO2	1.2250e+00	-2.1725e-01	1.2328e-07
SMCO3	9.4600e-01	2.4231e-02	1.3489e-01
SMCO4	1.9010e+00	4.6471e-01	1.2906e-02
SMCP	1.8920e+00	2.3327e-01	2.9275e-01
SMCR8	6.8400e-01	2.6056e-01	4.0448e-04
SMDT1	1.7490e+00	-1.3629e-01	5.2465e-03
SMG1	1.0000e-01	4.6237e+00	1.0000e+00
SMG5	5.2800e-01	1.7432e+00	5.9163e-02
SMG6	5.5500e-01	7.0311e-01	4.6249e-04
SMG7	3.7100e-01	2.9934e+00	1.0000e+00
SMG8	7.2600e-01	2.8653e+00	8.6251e-08
SMG9	1.0500e+00	1.9231e+00	5.4857e-15
SMIM10L1	1.9520e+00	-1.3753e-01	9.1775e-04
SMIM1	1.5940e+00	3.6258e-01	4.0235e-03
SMIM12	1.5380e+00	7.4597e-01	2.4329e-02
SMIM13	1.3700e+00	6.9201e-01	8.0123e-02
SMIM14	1.6710e+00	7.9287e-01	7.7915e-02
SMIM15	1.4630e+00	3.2566e-01	3.0390e-02
SMIM17	1.0460e+00	-8.9369e-02	1.3157e-01
SMIM18	1.4430e+00	9.0063e-01	6.6257e-02
SMIM19	8.5100e-01	-2.7063e-02	2.4166e-01
SMIM20	9.0800e-01	9.4954e-02	4.5768e-01
SMIM21	1.6460e+00	-2.1496e-01	3.3242e-03
SMIM2	1.4250e+00	1.2910e+00	1.6116e-02
SMIM22	1.9770e+00	-1.8452e+00	7.4455e-10
SMIM23	1.2400e+00	4.5095e-01	1.8791e-03
SMIM24	1.2790e+00	1.8456e-01	2.7275e-02
SMIM27	1.9420e+00	-1.0701e+00	4.6856e-02
SMIM29	8.0900e-01	1.2474e-01	5.0294e-01
SMIM3	1.9450e+00	2.2610e-02	7.3447e-03
SMIM39	1.9250e+00	-2.5487e-02	1.2749e-01
SMIM4	1.5710e+00	7.2891e-01	4.7749e-02
SMIM43	NA	NA	NA
SMIM5	1.7160e+00	-2.8081e-01	5.9795e-03
SMIM6	1.9070e+00	-5.7678e-02	1.4613e-01
SMIM7	1.3700e+00	-4.7285e-01	1.8849e-04
SMIM8	1.7140e+00	-1.1235e-01	1.0633e-03
SMKR1	1.7020e+00	1.1133e+00	1.4612e-02
SMLR1	1.1150e+00	9.9856e-02	1.6854e-01
SMN1	1.1210e+00	1.2501e-01	6.1792e-01
SMNDC1	3.7200e-01	2.1781e+00	9.9757e-01
SMO	7.0600e-01	1.4693e+00	5.4431e-06
SMOC1	6.0000e-01	1.0146e+00	1.7366e-01
SMOC2	8.2400e-01	3.7496e-01	3.0705e-07
SMOX	6.5200e-01	2.6626e+00	6.4814e-02
SMPD1	1.0570e+00	4.8451e-01	7.3388e-14
SMPD2	1.0460e+00	5.1577e-01	2.1160e-10
SMPD3	6.0000e-01	4.9134e-01	2.1266e-01
SMPD4	7.6900e-01	2.3123e+00	3.7277e-11
SMPDL3A	1.2900e+00	7.2611e-01	9.9086e-10
SMPDL3B	1.0290e+00	1.4874e+00	3.5095e-08
SMR3A	1.6590e+00	-3.6390e-01	4.3574e-01
SMR3B	1.0930e+00	-3.9573e-01	6.2779e-01
SMTN	7.3800e-01	5.4955e-01	9.4973e-11
SMTNL1	1.1290e+00	6.1547e-01	8.3941e-13
SMTNL2	1.4980e+00	-1.0948e+00	3.8751e-17
SMU1	9.9000e-02	5.9256e+00	1.0000e+00
SMUG1	8.1900e-01	7.0068e-01	1.6921e-02
SMURF1	6.0400e-01	2.9845e+00	4.7239e-04
SMURF2	5.4700e-01	3.6678e+00	5.7700e-01
SMYD1	1.1560e+00	2.3231e-02	9.0981e-16
SMYD2	1.0970e+00	5.1669e-01	4.8684e-14
SMYD3	8.9800e-01	4.8842e-01	3.3877e-07
SMYD4	1.1450e+00	5.5547e-01	4.8405e-21
SMYD5	8.3400e-01	1.3579e+00	1.9217e-06
SNAI1	8.9600e-01	1.3068e+00	1.9219e-03
SNAI2	2.8300e-01	1.9859e+00	9.9965e-01
SNAI3	1.7510e+00	-8.6119e-01	2.9197e-08
SNAP23	8.0500e-01	9.7586e-01	2.4017e-01
SNAP25	2.9000e-01	3.1978e+00	9.9953e-01
SNAP29	8.3300e-01	-2.4593e-01	5.6356e-02
SNAP47	8.2600e-01	9.9488e-01	4.6111e-04
SNAP91	4.1700e-01	3.1080e-01	9.9970e-01
SNAPC1	1.9260e+00	-6.0165e-01	2.2760e-04
SNAPC2	1.7740e+00	-2.1157e+00	8.9744e-13
SNAPC3	1.8810e+00	-2.8489e+00	9.0170e-10
SNAPC4	9.9500e-01	-2.5235e+00	1.6392e-33
SNAPC5	1.8120e+00	-2.6150e-01	9.4371e-03
SNAPIN	1.5490e+00	-7.0117e-02	1.2435e-05
SNCA	6.9100e-01	1.1478e+00	7.9673e-01
SNCAIP	6.3600e-01	1.6322e+00	5.2694e-04
SNCB	6.8900e-01	1.4573e+00	4.8600e-01
SNCG	1.3540e+00	5.0972e-01	9.4276e-05
SND1	3.8600e-01	3.6380e+00	1.0000e+00
SNED1	6.6600e-01	2.1160e+00	3.4646e-10
SNF8	8.5300e-01	1.3953e+00	7.6679e-04
SNIP1	8.6500e-01	1.5161e+00	4.0072e-05
SNN	1.7530e+00	7.0795e-02	1.2145e-02
SNORC	1.8870e+00	-1.0599e+00	2.9804e-01
SNPH	4.9600e-01	1.4866e+00	9.8419e-01
SNRK	1.9100e-01	4.3055e+00	1.0000e+00
SNRNP200	3.1200e-01	8.7660e+00	1.0000e+00
SNRNP25	1.2630e+00	8.0082e-02	3.7390e-07
SNRNP27	1.7320e+00	1.4587e+00	1.6304e-04
SNRNP35	9.7100e-01	9.0497e-01	3.7921e-04
SNRNP40	5.8100e-01	1.2619e+00	8.3202e-01
SNRNP48	1.3710e+00	2.8152e-01	5.2847e-08
SNRNP70	3.3000e-01	1.0900e+00	9.9999e-01
SNRPA1	6.0600e-01	1.0223e+00	8.8240e-01
SNRPA	7.1100e-01	2.1055e+00	3.2850e-01
SNRPB2	9.8400e-01	7.9988e-01	1.7418e-01
SNRPB	3.2400e-01	2.1063e+00	9.9857e-01
SNRPC	9.0400e-01	1.8882e+00	3.5469e-01
SNRPD1	1.2180e+00	1.3806e+00	5.8510e-01
SNRPD2	3.9600e-01	2.4566e+00	9.8301e-01
SNRPD3	1.9800e-01	2.7844e+00	9.9892e-01
SNRPE	9.5400e-01	1.2311e+00	6.8047e-01
SNRPF	1.1740e+00	1.1835e+00	4.9030e-01
SNRPG	1.3810e+00	1.1366e+00	5.3236e-01
SNRPN	5.0300e-01	2.7871e+00	9.7559e-01
SNTA1	9.8100e-01	8.1200e-01	1.3438e-08
SNTB1	9.8700e-01	-1.0484e+00	3.1550e-09
SNTB2	1.0550e+00	2.9179e-01	1.3700e-09
SNTG1	6.3800e-01	-6.6504e-01	3.1212e-02
SNTG2	1.2560e+00	-2.2428e-01	8.6822e-24
SNTN	1.3490e+00	-2.5932e-01	2.1462e-04
SNU13	4.9300e-01	2.8230e+00	9.6168e-01
SNUPN	7.9800e-01	1.2285e+00	2.3554e-02
SNURF	NA	3.0703e-01	NA
SNW1	2.1600e-01	2.9057e+00	1.0000e+00
SNX10	1.5180e+00	1.1863e+00	8.2933e-05
SNX11	8.8400e-01	7.8728e-01	7.6256e-04
SNX13	5.0500e-01	1.2065e+00	9.6180e-01
SNX14	8.5300e-01	1.5737e+00	4.2755e-12
SNX15	1.1170e+00	8.0786e-01	3.3983e-09
SNX16	1.4070e+00	8.3527e-01	6.5224e-09
SNX1	6.6700e-01	7.4071e-01	1.0707e-02
SNX17	7.0500e-01	1.3385e+00	2.0949e-05
SNX18	1.1000e+00	-4.2184e-01	2.6608e-10
SNX19	8.8300e-01	6.0859e-01	1.7382e-14
SNX20	1.4550e+00	-8.1186e-01	3.8885e-09
SNX21	1.7000e+00	-1.6631e-01	1.6532e-15
SNX22	1.5580e+00	-7.5482e-01	3.4261e-09
SNX24	1.8070e+00	-1.9836e-01	9.6572e-03
SNX2	5.2100e-01	1.5559e+00	9.5905e-01
SNX25	6.7100e-01	2.0464e+00	1.3801e-07
SNX27	5.2000e-01	1.7731e+00	9.3423e-01
SNX29	9.4700e-01	-2.2062e+00	1.7174e-20
SNX30	7.0000e-01	2.7810e-02	1.5949e-02
SNX31	1.0970e+00	4.6620e-01	4.2943e-13
SNX32	1.2320e+00	-5.0255e-01	5.0597e-20
SNX33	7.3100e-01	1.8783e+00	6.8598e-03
SNX3	5.1700e-01	1.7590e+00	9.3341e-01
SNX4	1.0760e+00	-2.8999e-01	5.8295e-08
SNX5	9.9600e-01	-1.2783e-01	1.7121e-06
SNX6	8.1100e-01	8.6148e-01	1.1928e-02
SNX7	9.9300e-01	2.7249e-01	3.4090e-06
SNX8	7.4200e-01	-1.4827e+00	3.3897e-03
SNX9	6.7300e-01	2.3287e+00	3.0706e-05
SOAT1	9.8800e-01	1.2669e+00	7.9680e-08
SOAT2	1.4030e+00	-9.8026e-02	1.9195e-34
SOBP	1.9100e-01	3.7120e-01	1.0000e+00
SOCS1	1.4730e+00	-2.7673e+00	1.2165e-01
SOCS2	9.0700e-01	1.7793e-01	2.4986e-02
SOCS3	9.6500e-01	1.8697e+00	1.9047e-01
SOCS4	8.1700e-01	1.2928e+00	5.5732e-04
SOCS5	9.8000e-01	7.1332e-01	1.3810e-08
SOCS6	3.1900e-01	1.6662e+00	9.9993e-01
SOCS7	5.0800e-01	1.4150e+00	9.7242e-01
SOD1	1.5140e+00	1.2237e+00	1.1977e-02
SOD2	8.4100e-01	4.7481e-01	3.2400e-02
SOD3	1.9470e+00	-2.3259e+00	1.9931e-05
SOGA1	6.2500e-01	1.2753e+00	1.7286e-07
SOGA3	9.3300e-01	6.8785e-01	1.3003e-11
SOHLH1	9.8100e-01	-1.3559e+00	7.9286e-06
SOHLH2	5.9500e-01	1.8061e+00	2.4780e-01
SON	5.1000e-02	2.5949e+00	1.0000e+00
SORBS1	6.9000e-01	1.7339e+00	1.2689e-09
SORBS2	6.4900e-01	1.8464e+00	6.4260e-01
SORBS3	8.7400e-01	-5.5928e-01	2.2311e-16
SORCS1	5.0600e-01	1.2799e+00	4.8239e-01
SORCS2	9.7700e-01	-1.7338e+00	1.3638e-27
SORCS3	5.1500e-01	1.5908e+00	5.4413e-01
SORD	9.2900e-01	6.9235e-01	1.1614e-02
SORL1	5.4500e-01	2.8426e+00	7.3840e-08
SORT1	5.5300e-01	1.6434e+00	8.3052e-01
SOS1	2.8800e-01	2.3433e+00	1.0000e+00
SOS2	4.1500e-01	1.6667e+00	9.9989e-01
SOST	1.6340e+00	-5.5315e-01	7.5286e-06
SOSTDC1	8.2800e-01	6.6337e-01	2.0087e-01
SOWAHA	1.7040e+00	-3.2600e+00	2.9345e-07
SOWAHB	1.3420e+00	-1.7164e+00	1.8719e-06
SOWAHC	1.3780e+00	-1.3364e+00	1.7991e-04
SOX10	2.4800e-01	2.8852e+00	9.9999e-01
SOX11	1.1480e+00	1.4861e+00	8.6490e-02
SOX1	1.9500e+00	-1.5501e+00	4.1257e-02
SOX12	8.9000e-01	-4.3121e-01	7.9935e-02
SOX13	6.3100e-01	2.0361e+00	1.7046e-02
SOX14	7.2000e-01	1.5494e+00	6.0931e-01
SOX15	1.4440e+00	-3.3241e-01	2.3632e-05
SOX17	6.1400e-01	-1.5376e+00	8.6139e-01
SOX18	1.4830e+00	-2.8079e+00	2.1823e-01
SOX21	1.7160e+00	-9.9906e-01	3.1701e-02
SOX2	3.0200e-01	2.9769e+00	9.9931e-01
SOX30	4.9300e-01	-1.0403e-01	9.8586e-01
SOX4	7.2000e-01	-1.1983e+00	7.8917e-01
SOX5	2.0400e-01	3.8086e+00	1.0000e+00
SOX6	1.6500e-01	3.2951e+00	1.0000e+00
SOX7	1.3730e+00	-2.9593e+00	6.2976e-07
SOX8	9.0400e-01	-2.6214e+00	4.3256e-02
SOX9	1.5400e-01	1.6558e+00	1.0000e+00
SP100	8.1300e-01	1.3100e+00	2.1555e-09
SP110	8.2600e-01	1.5861e+00	2.8523e-07
SP1	1.6900e-01	1.9581e+00	1.0000e+00
SP140	7.4500e-01	2.2313e+00	1.3579e-07
SP140L	1.1270e+00	-1.9152e-01	2.2940e-17
SP2	3.1400e-01	3.1432e+00	1.0000e+00
SP3	2.2500e-01	1.7654e+00	1.0000e+00
SP4	3.3900e-01	-4.9685e-01	1.0000e+00
SP5	1.1150e+00	-2.4407e+00	1.1049e-03
SP6	8.7300e-01	3.4290e-01	1.3065e-02
SP7	8.0800e-01	9.7476e-01	3.1855e-02
SP8	1.1330e+00	-2.2788e+00	3.7252e-03
SP9	7.3100e-01	4.5417e-01	5.8234e-01
SPA17	1.1260e+00	4.9161e-01	5.2275e-02
SPACA1	1.0050e+00	-6.4636e-02	8.6370e-04
SPACA3	1.2020e+00	7.8755e-02	7.3884e-07
SPACA4	1.8920e+00	9.8123e-01	2.9275e-01
SPACA7	1.5550e+00	7.6256e-01	6.8162e-05
SPACA9	1.6820e+00	2.6271e-01	2.2312e-06
SPAG1	1.0840e+00	5.5923e-01	2.1275e-11
SPAG11A	1.9130e+00	4.0443e-01	6.5252e-02
SPAG11B	1.6430e+00	1.6680e+00	1.7717e-02
SPAG16	1.2610e+00	-8.2497e-01	8.4313e-14
SPAG17	6.9200e-01	1.2107e+00	2.0851e-25
SPAG4	1.2800e+00	1.7026e-02	5.5083e-20
SPAG5	7.6400e-01	2.8429e+00	1.3256e-20
SPAG6	1.0140e+00	1.2235e+00	8.7274e-10
SPAG7	9.1600e-01	6.1767e-01	8.1232e-05
SPAG8	1.0420e+00	9.7509e-01	5.7645e-11
SPAG9	2.6200e-01	3.8465e+00	1.0000e+00
SPAM1	1.0100e+00	1.2821e+00	1.2308e-04
SPARC	8.4400e-01	1.6509e+00	6.4260e-05
SPARCL1	9.3200e-01	1.1616e+00	1.6474e-10
SPART	7.5900e-01	1.2645e+00	7.5315e-07
SPAST	6.9000e-01	2.3048e-01	1.1467e-01
SPATA1	1.3890e+00	-7.2458e-02	1.0251e-07
SPATA12	1.8640e+00	4.8435e-01	3.2036e-01
SPATA13	6.0100e-01	2.0983e+00	1.9305e-04
SPATA16	7.5900e-01	9.4488e-01	2.0376e-06
SPATA17	1.3200e+00	-2.7064e-01	7.3764e-13
SPATA18	9.6600e-01	-2.9601e-01	6.2924e-13
SPATA19	1.0570e+00	1.7706e-02	1.8017e-05
SPATA20	8.8200e-01	7.2026e-01	3.8511e-18
SPATA21	1.0480e+00	1.0019e-01	7.7633e-13
SPATA22	9.1300e-01	5.0681e-01	1.5091e-03
SPATA2	4.0300e-01	8.9482e-01	9.9937e-01
SPATA24	1.0410e+00	9.0649e-01	3.0497e-06
SPATA25	1.5180e+00	2.7732e-01	2.6355e-06
SPATA2L	1.8750e+00	-2.6070e+00	4.1497e-04
SPATA3	1.9270e+00	-9.9428e-01	2.2356e-04
SPATA31A1	6.6500e-01	5.0939e+00	8.1560e-01
SPATA31A3	1.0320e+00	5.5182e+00	6.5019e-01
SPATA31A6	1.5660e+00	4.8438e-01	8.3988e-04
SPATA31A7	5.7600e-01	3.9064e+00	9.0828e-01
SPATA31C1	8.9100e-01	7.3952e-01	5.7819e-01
SPATA31C2	1.7670e+00	-8.6443e-01	4.8510e-03
SPATA31D1	8.7700e-01	-4.2084e+00	2.0510e-01
SPATA31D3	1.8670e+00	1.7966e+00	3.1823e-01
SPATA31D4	1.9380e+00	2.2029e+00	1.1234e-01
SPATA31E1	1.0900e+00	-8.0269e-01	3.4180e-02
SPATA32	1.0810e+00	1.4515e+00	1.3202e-08
SPATA33	1.7720e+00	-1.5331e+00	2.0552e-05
SPATA4	1.6020e+00	-3.9340e-01	2.5973e-12
SPATA45	1.1340e+00	2.0442e-01	3.8119e-01
SPATA46	1.0290e+00	5.9791e-01	4.5510e-01
SPATA48	1.3540e+00	5.2799e-01	7.4778e-07
SPATA5	8.7700e-01	1.2154e+00	2.1225e-15
SPATA5L1	1.1800e+00	-6.1292e-01	8.4468e-18
SPATA6	1.0980e+00	2.6076e-01	1.7877e-12
SPATA6L	1.7560e+00	-2.5155e+00	6.4854e-21
SPATA7	1.2200e+00	4.4768e-01	6.0519e-09
SPATA9	1.4020e+00	3.7037e-01	2.5989e-06
SPATC1	1.2820e+00	2.6673e-01	6.6077e-13
SPATC1L	1.7930e+00	-9.7515e-01	4.5039e-11
SPATS1	9.0300e-01	1.0475e+00	5.6224e-04
SPATS2	7.6500e-01	1.4642e+00	1.5893e-06
SPATS2L	7.2200e-01	1.0890e+00	5.7912e-03
SPC24	1.8440e+00	-1.6263e+00	1.1943e-13
SPC25	1.1530e+00	3.7221e-01	4.8638e-05
SPCS1	9.9100e-01	3.8027e-01	1.1333e-02
SPCS2	3.8900e-01	1.8523e+00	9.9277e-01
SPCS3	6.2300e-01	1.1162e+00	8.3820e-01
SPDEF	5.7800e-01	1.1726e+00	7.9839e-01
SPDL1	1.2630e+00	3.4190e-01	1.1288e-24
SPDYA	5.8600e-01	1.4879e+00	8.5678e-01
SPDYC	1.0680e+00	7.0063e-01	2.6239e-07
SPDYE10P	7.8600e-01	2.6023e+00	7.5423e-01
SPDYE1	1.0430e+00	1.5527e+00	5.2548e-08
SPDYE12P	8.9000e-01	1.6912e+00	6.6004e-01
SPDYE16	7.2100e-01	2.0762e+00	6.7033e-01
SPDYE18	5.6400e-01	2.5989e+00	9.1893e-01
SPDYE21	7.9200e-01	2.2351e+00	4.0279e-02
SPDYE2	8.4100e-01	2.3339e+00	7.2859e-01
SPDYE3	7.6700e-01	1.7413e+00	2.5942e-02
SPDYE4	1.1370e+00	2.1255e-01	2.3705e-09
SPDYE5	6.5700e-01	1.5494e+00	1.7345e-01
SPDYE6	3.0300e-01	3.8574e+00	9.8546e-01
SPDYE7P	1.2710e+00	-5.7308e-01	5.0352e-11
SPECC1	7.5200e-01	7.8852e-01	1.4993e-11
SPECC1L	4.3400e-01	3.2060e+00	9.9995e-01
SPECC1L-ADORA2A	NA	2.5294e+00	NA
SPEF1	1.3200e+00	1.2945e-01	2.8117e-10
SPEF2	9.2300e-01	4.9092e-01	1.2592e-40
SPEG	5.1400e-01	1.7979e-01	1.5704e-05
SPEGNB	1.2960e+00	2.8459e-01	2.9678e-04
SPEM1	1.7250e+00	1.7530e-01	6.8497e-05
SPEM2	1.7140e+00	5.1309e-01	7.0556e-07
SPEN	9.4000e-02	5.1216e+00	1.0000e+00
SPESP1	1.9130e+00	6.3390e-01	1.1544e-02
SPG11	8.5200e-01	-6.9970e-01	2.0022e-51
SPG21	8.9100e-01	1.0919e+00	3.8913e-04
SPG7	1.5470e+00	-1.4984e+00	1.8134e-39
SPHK1	1.5400e+00	-3.7543e-01	1.7336e-04
SPHK2	9.3400e-01	5.2756e-01	1.7938e-05
SPHKAP	5.8600e-01	5.5867e-01	2.3954e-06
SPI1	3.0000e-01	1.6476e+00	9.9981e-01
SPIB	5.7000e-01	-3.5501e-01	9.1060e-01
SPIC	1.0910e+00	1.0526e+00	1.0887e-01
SPICE1	8.9500e-01	9.5005e-01	8.9211e-16
SPIDR	9.7800e-01	3.0627e-01	1.0108e-19
SPIN1	2.5300e-01	4.2185e+00	9.9991e-01
SPINDOC	8.2400e-01	1.4279e+00	3.6468e-03
SPINK1	1.0300e+00	1.7221e-01	2.2443e-01
SPINK13	1.8510e+00	7.6655e-02	4.9962e-04
SPINK14	1.1160e+00	-1.1880e-01	3.9267e-01
SPINK2	1.8260e+00	1.5007e-01	8.7782e-03
SPINK4	1.3780e+00	6.4050e-01	8.7920e-04
SPINK5	9.0800e-01	1.5699e+00	1.2594e-31
SPINK6	1.7790e+00	-7.9424e-02	7.7669e-04
SPINK7	1.3890e+00	-1.1154e-01	1.4516e-01
SPINK8	1.4440e+00	1.3528e-01	5.4153e-05
SPINK9	9.2900e-01	-1.5882e-01	5.4200e-01
SPINT1	8.8900e-01	1.0735e+00	3.8391e-09
SPINT2	9.3500e-01	1.1142e+00	1.0660e-04
SPINT3	1.8750e+00	3.9938e-01	1.5809e-02
SPINT4	1.4470e+00	3.6878e-01	1.4945e-02
SPIRE1	6.1400e-01	8.2881e-01	8.6679e-03
SPIRE2	1.3460e+00	-3.0978e+00	1.0708e-27
SPN	1.5350e+00	4.9801e-02	1.1180e-02
SPNS1	6.5200e-01	1.8287e+00	2.5388e-02
SPNS2	9.5800e-01	-1.5619e+00	9.7236e-10
SPNS3	1.2440e+00	5.3777e-03	2.9752e-17
SPO11	1.2610e+00	1.0539e+00	8.3167e-05
SPOCD1	8.7800e-01	1.1858e+00	2.0460e-15
SPOCK1	5.8600e-01	9.2197e-01	3.8361e-01
SPOCK2	9.0000e-01	2.2337e-01	1.4994e-09
SPOCK3	6.5100e-01	8.3819e-01	1.5471e-01
SPON1	6.8700e-01	7.8426e-01	7.0301e-08
SPON2	1.5630e+00	-1.6127e+00	4.5057e-15
SPOP	3.7700e-01	5.5384e+00	9.9995e-01
SPOPL	5.8500e-01	7.5697e-01	2.4828e-01
SPOUT1	9.7700e-01	8.8443e-01	2.2699e-11
SPP1	1.3350e+00	8.3275e-01	1.7465e-07
SPP2	1.6550e+00	1.9024e-01	1.3577e-12
SPPL2A	1.0740e+00	3.8041e-02	2.0326e-02
SPPL2B	1.1080e+00	-1.3362e+00	2.8620e-12
SPPL2C	1.1210e+00	3.0519e-01	3.5772e-10
SPPL3	2.4900e-01	3.8659e+00	9.9999e-01
SPR	1.5280e+00	-7.0049e-01	5.9067e-06
SPRED1	4.9600e-01	1.4209e+00	9.8383e-01
SPRED2	1.3610e+00	7.1085e-01	1.6444e-15
SPRED3	1.5380e+00	-3.0646e+00	4.1550e-09
SPRING1	8.5000e-01	1.9920e-01	6.4908e-03
SPRN	NA	-2.0094e+00	NA
SPRR1A	1.2590e+00	-4.8565e-01	4.4952e-01
SPRR1B	1.8580e+00	2.5655e-01	9.1390e-02
SPRR2A	1.9260e+00	7.3254e-01	9.8560e-03
SPRR2B	1.9300e+00	1.1425e+00	2.2990e-02
SPRR2D	1.5180e+00	1.9315e-01	3.4225e-01
SPRR2E	1.6650e+00	4.3232e-01	2.8314e-01
SPRR2F	1.9380e+00	2.6136e-01	4.9398e-02
SPRR2G	1.8970e+00	-1.4316e-01	3.2090e-02
SPRR3	1.8670e+00	6.1804e-01	1.7943e-01
SPRR4	1.0220e+00	-3.7150e-01	6.5383e-01
SPRTN	5.3100e-01	2.0581e+00	9.4923e-01
SPRY1	1.2240e+00	-6.4648e-01	1.2335e-06
SPRY2	6.8400e-01	1.3515e+00	3.5533e-01
SPRY4	7.2400e-01	-2.1265e-02	4.4221e-01
SPRYD3	5.1500e-01	2.9557e+00	9.5892e-01
SPRYD4	1.0770e+00	3.5082e-01	1.5236e-03
SPRYD7	1.0220e+00	5.3936e-01	2.3074e-01
SPSB1	6.4200e-01	2.7275e+00	6.7059e-01
SPSB2	1.6320e+00	-1.1413e+00	9.3370e-11
SPSB3	9.2500e-01	-5.9284e-01	6.9201e-05
SPSB4	1.8900e+00	-1.2273e+00	7.8168e-10
SPTA1	5.9100e-01	-7.8127e-01	2.9843e-21
SPTAN1	2.2200e-01	7.9475e+00	1.0000e+00
SPTB	2.2800e-01	2.7569e+00	1.0000e+00
SPTBN1	1.5900e-01	5.9038e+00	1.0000e+00
SPTBN2	4.5200e-01	4.5181e+00	9.9870e-01
SPTBN4	5.2900e-01	6.4957e-01	1.3288e-05
SPTBN5	1.3590e+00	-4.3435e+00	3.2513e-210
SPTLC1	1.0680e+00	1.7027e+00	1.2797e-10
SPTLC2	4.9400e-01	2.8618e+00	9.8335e-01
SPTLC3	8.6100e-01	1.0492e+00	1.7396e-08
SPTSSA	1.9520e+00	-1.2167e+00	3.4995e-04
SPTSSB	1.5580e+00	2.2658e-01	4.9309e-02
SPTY2D1	4.5300e-01	1.8945e+00	9.9876e-01
SPX	1.6980e+00	-2.8011e-01	1.1818e-07
SPZ1	1.8170e+00	1.4499e+00	3.5620e-01
SQLE	6.2900e-01	9.6058e-01	7.8892e-02
SQOR	9.7200e-01	-3.2087e-02	4.5190e-09
SQSTM1	1.1300e+00	-3.7187e-01	3.3287e-11
SRA1	1.5180e+00	-1.8504e-01	7.9956e-10
SRARP	1.9000e+00	2.4484e-01	2.1192e-03
SRBD1	8.7200e-01	-1.4515e+00	6.2492e-19
SRC	3.8300e-01	2.8596e+00	9.9997e-01
SRCAP	2.2300e-01	3.6475e+00	1.0000e+00
SRCIN1	7.0400e-01	-3.3003e-01	1.2672e-07
SRD5A1	1.2730e+00	1.9828e-01	7.5263e-06
SRD5A2	1.7170e+00	-8.8175e-01	7.6192e-10
SRD5A3	1.0040e+00	6.2996e-01	1.4849e-06
SREBF1	6.6200e-01	1.1274e+00	4.0463e-06
SREBF2	5.9300e-01	1.4232e+00	1.1341e-04
SREK1	3.0500e-01	2.1990e+00	1.0000e+00
SREK1IP1	9.3700e-01	3.7615e-01	1.8626e-02
SRF	3.5800e-01	3.6490e+00	9.9988e-01
SRFBP1	1.2540e+00	-1.5562e+00	6.7824e-11
SRGAP1	4.7000e-01	2.6919e+00	9.9643e-01
SRGAP2	5.5600e-01	2.1394e+00	8.7482e-01
SRGAP2B	1.8040e+00	-1.9832e-01	1.1229e-01
SRGAP2C	1.9140e+00	-5.7480e-02	2.7615e-02
SRGAP3	4.0900e-01	2.6185e+00	1.0000e+00
SRGN	8.1100e-01	8.0168e-01	5.8819e-01
SRI	1.3270e+00	2.1360e-01	1.0910e-10
SRL	8.3000e-01	6.9414e-01	1.5008e-04
SRM	5.9300e-01	2.5109e+00	6.3719e-01
SRMS	1.4450e+00	-1.3000e+00	2.8232e-16
SRP14	3.2200e-01	1.2480e+00	9.9560e-01
SRP19	7.8800e-01	4.1518e-01	6.5134e-02
SRP54	3.0400e-01	3.7540e+00	9.9999e-01
SRP68	3.3500e-01	2.5820e+00	1.0000e+00
SRP72	5.8000e-01	1.0047e+00	1.8406e-02
SRP9	6.2400e-01	1.5834e+00	8.6277e-01
SRPK1	7.6300e-01	2.2039e+00	2.7984e-06
SRPK2	3.4700e-01	3.1506e+00	1.0000e+00
SRPRA	6.3400e-01	1.4000e+00	4.2071e-03
SRPRB	1.0500e+00	2.2623e-01	3.8510e-05
SRR	8.6400e-01	9.7016e-01	3.6232e-04
SRRD	1.2090e+00	-9.8798e-02	1.5211e-08
SRRM1	2.2500e-01	2.3387e+00	1.0000e+00
SRRM2	1.8300e-01	-6.4973e+00	1.0000e+00
SRRM3	9.2400e-01	-2.6138e+00	1.9941e-06
SRRM4	6.5400e-01	4.9601e-02	1.5872e-03
SRRM5	1.8680e+00	8.1981e-01	8.7066e-02
SRRT	4.0400e-01	2.7639e+00	1.0000e+00
SRSF10	4.9900e-01	2.4605e+00	9.8143e-01
SRSF11	2.3400e-01	3.0176e+00	1.0000e+00
SRSF1	1.7000e-01	5.8610e+00	9.9999e-01
SRSF12	8.0100e-01	1.0929e+00	2.1197e-03
SRSF2	5.2100e-01	3.8262e+00	9.3085e-01
SRSF3	1.4500e-01	4.0316e+00	9.9993e-01
SRSF4	3.1000e-01	3.2824e+00	9.9996e-01
SRSF5	3.1500e-01	2.7982e+00	9.9995e-01
SRSF6	6.3900e-01	1.2432e+00	1.6195e-01
SRSF7	5.4500e-01	2.8041e+00	8.8629e-01
SRSF8	1.7970e+00	-6.0320e-01	7.0527e-04
SRSF9	3.2800e-01	2.8377e+00	9.9941e-01
SRXN1	1.7760e+00	-1.6216e+00	5.0985e-05
SS18	4.7400e-01	1.2413e-01	9.9529e-01
SS18L1	6.0500e-01	1.7086e+00	1.1264e-02
SS18L2	1.4030e+00	2.3805e-01	3.6379e-02
SSB	4.0500e-01	2.7610e+00	9.9973e-01
SSBP1	8.6600e-01	1.4887e+00	9.8404e-02
SSBP2	5.6500e-01	1.2577e+00	9.1712e-01
SSBP3	1.7500e-01	2.9064e+00	1.0000e+00
SSBP4	7.2300e-01	-1.4006e+00	2.9521e-04
SSC4D	1.3530e+00	-1.0229e+00	1.4195e-20
SSC5D	1.2660e+00	8.9070e-01	2.8131e-38
SSH1	7.0900e-01	1.8447e+00	9.2647e-08
SSH2	3.7400e-01	3.5239e+00	1.0000e+00
SSH3	1.0690e+00	8.4091e-01	2.8685e-20
SSMEM1	1.7230e+00	1.0143e+00	4.3496e-06
SSNA1	1.7450e+00	-9.6974e-01	9.5980e-06
SSPN	1.5650e+00	-3.7509e-01	1.1334e-05
SSR1	6.5400e-01	1.0795e+00	6.2387e-01
SSR2	9.8700e-01	1.3903e+00	2.0850e-02
SSR3	8.1600e-01	1.0778e+00	6.8475e-02
SSRP1	3.4100e-01	5.0585e+00	1.0000e+00
SST	1.5290e+00	-3.9165e-01	5.1051e-03
SSTR1	8.0800e-01	9.7932e-01	7.5878e-02
SSTR2	7.5600e-01	2.1437e+00	1.4424e-01
SSTR3	1.8810e+00	1.4869e+00	1.6857e-01
SSTR4	NA	-1.9447e+00	NA
SSTR5	1.9310e+00	5.9015e-01	1.2092e-01
SSU72	8.2500e-01	2.1699e+00	6.1665e-02
SSUH2	1.1400e+00	-8.1875e-01	5.9982e-12
SSX2IP	8.5100e-01	8.8275e-01	1.4968e-10
ST13	6.0300e-01	1.2524e+00	7.0460e-01
ST14	5.8900e-01	1.2870e+00	1.2046e-03
ST18	5.5500e-01	3.0922e-01	1.6907e-02
ST20	1.6170e+00	8.7808e-01	1.7356e-01
ST20-MTHFS	8.2700e-01	7.8614e-01	3.7339e-01
ST3GAL1	7.2800e-01	1.8261e+00	2.5036e-02
ST3GAL2	6.1700e-01	2.1067e+00	3.3864e-01
ST3GAL3	5.7300e-01	2.6189e+00	4.7529e-01
ST3GAL4	7.6200e-01	2.4055e+00	3.2585e-04
ST3GAL5	7.3600e-01	1.4714e+00	1.6954e-03
ST3GAL6	9.6300e-01	1.0265e+00	2.3032e-04
ST6GAL1	7.3300e-01	1.3814e+00	6.4971e-03
ST6GAL2	9.7800e-01	-3.7688e-01	8.2973e-06
ST6GALNAC1	9.9500e-01	3.9109e-01	1.8045e-12
ST6GALNAC2	1.5190e+00	-5.4127e-01	2.3576e-14
ST6GALNAC3	9.9400e-01	7.7392e-01	2.2889e-05
ST6GALNAC4	1.1130e+00	8.9938e-01	2.6678e-07
ST6GALNAC5	1.1220e+00	6.7967e-01	5.5112e-08
ST6GALNAC6	7.4700e-01	1.8820e+00	1.0832e-02
ST7	5.2000e-01	3.6992e+00	9.2163e-01
ST7L	9.6200e-01	1.7886e+00	2.3909e-10
ST8SIA1	6.8700e-01	1.5608e+00	6.4234e-02
ST8SIA2	8.5800e-01	1.8760e+00	8.0685e-05
ST8SIA3	7.3500e-01	2.2463e+00	2.1235e-02
ST8SIA4	6.8300e-01	2.2534e+00	9.7540e-02
ST8SIA5	8.2600e-01	9.0556e-01	5.8542e-05
ST8SIA6	1.6930e+00	5.7717e-02	6.5704e-12
STAB1	8.4300e-01	1.5751e+00	7.5504e-63
STAB2	9.0600e-01	1.2202e+00	1.3792e-74
STAC	1.1800e+00	2.7558e-01	2.4647e-12
STAC2	9.8900e-01	3.0869e-01	8.2886e-10
STAC3	7.9600e-01	1.1849e+00	6.1295e-06
STAG1	1.5900e-01	4.1712e+00	1.0000e+00
STAG3	7.6500e-01	3.2304e+00	2.1269e-20
STAM2	1.0200e+00	8.4999e-01	1.4878e-09
STAM	4.9800e-01	4.8687e-01	9.8140e-01
STAMBP	8.2900e-01	1.2206e+00	3.8599e-06
STAMBPL1	1.1690e+00	4.7777e-01	3.1159e-11
STAP1	9.8200e-01	1.5914e-02	1.1209e-03
STAP2	1.3430e+00	2.4568e-02	1.2510e-21
STAR	1.2970e+00	2.1632e-01	3.2677e-11
STARD10	9.0700e-01	1.3985e+00	9.2324e-06
STARD13	7.0600e-01	7.9424e-01	5.7390e-10
STARD3	8.1200e-01	8.4142e-01	1.1314e-08
STARD3NL	7.4400e-01	1.2456e+00	8.4960e-02
STARD4	1.6480e+00	5.7022e-01	2.9166e-11
STARD5	1.4200e+00	2.6390e-01	1.6808e-10
STARD6	1.1390e+00	5.2560e-01	1.3639e-02
STARD7	9.5500e-01	-1.5050e-01	1.0458e-06
STARD9	9.0900e-01	4.1785e-01	5.2269e-87
STAT1	2.7100e-01	7.0276e+00	1.0000e+00
STAT2	4.9700e-01	3.6539e+00	8.0697e-01
STAT3	1.0900e-01	7.3843e+00	1.0000e+00
STAT4	5.0300e-01	3.2053e+00	9.3457e-01
STAT5A	3.6400e-01	4.4037e+00	1.0000e+00
STAT5B	2.7700e-01	5.1347e+00	1.0000e+00
STAT6	5.1500e-01	3.3501e+00	5.6138e-01
STATH	1.3640e+00	-2.9613e-01	9.4422e-04
STAU1	3.2700e-01	2.3130e+00	1.0000e+00
STAU2	4.7900e-01	1.8658e+00	9.9359e-01
STBD1	1.6660e+00	5.2828e-01	9.7892e-07
STC1	5.5800e-01	2.1005e+00	9.2309e-01
STC2	7.5900e-01	1.1570e+00	1.3910e-01
STEAP1	1.0540e+00	1.3610e+00	1.2870e-06
STEAP1B	7.7000e-01	7.7225e-01	5.5998e-02
STEAP2	8.4100e-01	1.4289e+00	1.5892e-06
STEAP3	1.2700e+00	2.3469e-01	3.6907e-13
STEAP4	1.1070e+00	1.2978e+00	1.1152e-10
STH	1.9540e+00	7.8550e-01	3.8032e-02
STIL	5.7500e-01	2.1726e+00	5.0023e-03
STIM1	4.7500e-01	2.5772e+00	9.9496e-01
STIM2	5.0600e-01	3.2525e-01	9.6228e-01
STIMATE	6.5500e-01	1.3858e+00	1.8195e-01
STIMATE-MUSTN1	1.2410e+00	-1.6683e-01	4.5652e-05
STING1	8.4600e-01	2.1644e+00	1.4813e-03
STIP1	3.0500e-01	2.6196e+00	1.0000e+00
STK10	8.5000e-01	1.8521e+00	1.3760e-18
STK11	3.6400e-01	1.4946e+00	9.9991e-01
STK11IP	1.0020e+00	3.8548e-01	1.7213e-29
STK16	9.8000e-01	1.0845e+00	1.7690e-07
STK17A	8.9700e-01	-4.6852e-02	3.6122e-05
STK17B	8.9000e-01	1.3085e+00	7.0021e-04
STK19	1.0480e+00	6.7035e-01	1.4096e-06
STK24	5.3200e-01	2.4823e+00	9.1399e-01
STK25	7.0400e-01	2.5215e+00	2.5893e-04
STK3	1.0650e+00	1.5527e+00	5.4429e-10
STK31	7.7900e-01	4.9458e-01	6.9048e-14
STK32A	1.1570e+00	5.6460e-01	8.7010e-12
STK32B	1.0570e+00	-1.0672e+00	7.3915e-14
STK32C	8.6300e-01	7.4369e-01	4.7901e-07
STK33	1.0110e+00	-4.1847e-01	1.8398e-07
STK35	7.6800e-01	1.0712e+00	6.7778e-03
STK36	9.1200e-01	2.4279e+00	1.0773e-30
STK38	6.3900e-01	2.3696e+00	2.2333e-02
STK38L	6.8300e-01	3.5652e+00	1.2660e-02
STK39	3.8100e-01	2.4598e+00	9.9999e-01
STK40	4.1600e-01	2.2234e+00	9.9971e-01
STK4	6.0000e-01	2.3144e+00	6.8878e-02
STKLD1	1.1790e+00	3.7227e-01	2.9429e-25
STMN1	4.0400e-01	2.3200e+00	9.9460e-01
STMN2	2.5000e-01	2.6817e+00	9.9992e-01
STMN3	1.8470e+00	-1.2883e+00	6.5027e-11
STMN4	6.3600e-01	2.1275e+00	4.5890e-01
STMND1	1.1460e+00	7.4745e-01	1.2541e-05
STMP1	1.5510e+00	1.6225e-01	1.9497e-01
STN1	9.7500e-01	1.2158e+00	3.0373e-05
STOM	1.1260e+00	1.4046e+00	1.5582e-05
STOML1	1.0870e+00	1.1799e+00	4.8083e-08
STOML2	6.6400e-01	2.2330e+00	1.6713e-02
STOML3	1.3080e+00	3.0534e-02	1.1697e-11
STON1	1.5230e+00	-3.9236e+00	1.2197e-31
STON1-GTF2A1L	1.2960e+00	-4.5576e+00	1.2022e-42
STON2	6.0100e-01	1.2241e+00	3.0792e-02
STOX1	9.3300e-01	1.7051e+00	6.7687e-15
STOX2	5.7400e-01	2.0892e+00	2.6259e-01
STPG1	1.0890e+00	5.6100e-01	3.8079e-07
STPG2	1.2810e+00	-9.0697e-01	2.5150e-09
STPG3	1.6200e+00	-2.5598e+00	8.9920e-17
STPG4	1.6050e+00	-1.3208e+00	4.7118e-11
STRA6	7.2500e-01	1.1287e+00	2.3028e-08
STRA8	7.5200e-01	7.8130e-01	3.3805e-02
STRADA	6.4900e-01	1.9204e+00	7.8763e-03
STRADB	7.9200e-01	2.3046e+00	3.1627e-05
STRAP	5.6700e-01	2.4559e+00	8.4411e-01
STRBP	2.8100e-01	4.4474e+00	1.0000e+00
STRC	7.1300e-01	2.7229e+00	3.8356e-06
STRIP1	7.8300e-01	2.3741e+00	2.1509e-12
STRIP2	9.2100e-01	1.9568e+00	1.3236e-19
STRN3	4.1700e-01	9.8564e-01	9.9997e-01
STRN4	5.2300e-01	2.1477e+00	8.4878e-01
STRN	6.8600e-01	-8.6388e-01	2.9917e-06
STT3A	5.1000e-01	4.4386e+00	9.0081e-01
STT3B	4.8000e-01	3.2484e+00	9.9332e-01
STUB1	1.2940e+00	-9.8781e-01	5.2088e-13
STUM	1.0600e+00	9.6029e-01	2.2182e-02
STX10	1.2990e+00	-2.9744e-01	1.6834e-10
STX11	1.5020e+00	-2.4507e-01	3.5849e-08
STX12	5.6900e-01	4.8256e-01	8.8373e-01
STX16	9.7700e-01	1.2834e+00	6.7458e-07
STX16-NPEPL1	NA	1.2444e+00	NA
STX17	1.0820e+00	9.7077e-01	2.5822e-08
STX18	9.1400e-01	3.1267e-01	4.1116e-07
STX19	1.4190e+00	-3.9466e-01	9.9168e-10
STX1A	2.5700e-01	2.9109e+00	9.9999e-01
STX1B	3.0800e-01	3.6087e+00	9.9999e-01
STX2	1.0410e+00	8.0568e-01	1.5773e-06
STX3	7.4800e-01	3.2107e-01	4.5126e-03
STX4	8.3500e-01	1.4454e+00	4.6968e-05
STX5	5.4900e-01	1.9123e-01	8.6847e-01
STX6	8.3500e-01	1.0740e+00	2.1545e-02
STX7	8.9900e-01	4.8020e-01	3.1771e-03
STX8	1.0270e+00	-5.9987e-01	5.1704e-05
STXBP1	9.9000e-02	5.8468e+00	1.0000e+00
STXBP2	8.7400e-01	1.2649e+00	1.7926e-11
STXBP3	7.7400e-01	1.1241e+00	2.3140e-04
STXBP4	1.0390e+00	2.3177e-01	2.8829e-08
STXBP5	3.4400e-01	2.6070e+00	1.0000e+00
STXBP5L	5.0400e-01	1.3884e+00	8.6622e-01
STXBP6	1.1180e+00	7.6431e-01	2.0625e-06
STYK1	1.1380e+00	3.4940e-01	1.5315e-14
STYX	7.9600e-01	5.5471e-01	2.4365e-02
STYXL1	1.2160e+00	9.3213e-01	1.3529e-09
STYXL2	1.0640e+00	-9.4768e-01	5.0923e-13
SUB1	3.9400e-01	2.0047e+00	9.5593e-01
SUCLA2	7.1300e-01	1.5860e+00	1.2137e-04
SUCLG1	9.5800e-01	2.4688e-01	3.4120e-06
SUCLG2	1.1240e+00	-6.6015e-01	4.1402e-12
SUCNR1	1.9700e+00	8.8350e-01	1.2491e-03
SUCO	4.3500e-01	1.0528e+00	9.9985e-01
SUDS3	7.3200e-01	1.3329e+00	2.9071e-03
SUFU	2.1400e-01	3.1286e+00	1.0000e+00
SUGCT	1.1450e+00	-4.5968e-01	3.4678e-07
SUGP1	6.0200e-01	1.4040e+00	7.2966e-03
SUGP2	3.6800e-01	1.8747e+00	1.0000e+00
SUGT1	3.4700e-01	8.7240e-01	9.9996e-01
SULF1	4.7100e-01	2.2210e+00	9.9610e-01
SULF2	6.1400e-01	1.8008e+00	3.4123e-05
SULT1A1	1.3300e+00	7.5576e-01	1.4601e-12
SULT1A2	1.2370e+00	4.0941e-01	4.0563e-11
SULT1B1	1.0360e+00	-6.3918e-02	3.3119e-06
SULT1C2	9.9700e-01	-3.2995e-01	6.6392e-08
SULT1C3	1.5140e+00	-2.8370e-01	1.3041e-08
SULT1C4	1.3270e+00	-5.0028e-01	1.0845e-10
SULT1E1	1.3840e+00	3.1338e-02	2.4726e-07
SULT2A1	1.6110e+00	1.0659e+00	2.8659e-16
SULT2B1	8.5200e-01	-1.7497e-01	1.3174e-03
SULT4A1	6.4300e-01	1.1904e+00	4.8396e-01
SULT6B1	1.5580e+00	-1.0806e+00	4.4771e-12
SUMF1	1.2540e+00	-1.3757e+00	1.2003e-16
SUMF2	1.2240e+00	-3.8951e-01	8.6031e-14
SUMO1	1.0640e+00	1.2868e+00	6.3811e-01
SUMO2	3.9400e-01	2.9538e+00	9.8348e-01
SUMO3	5.5800e-01	2.0512e+00	9.2202e-01
SUMO4	1.6400e+00	-2.4874e-01	8.4142e-02
SUN1	7.1200e-01	4.5491e-02	1.4320e-09
SUN2	7.5600e-01	1.6318e+00	1.1560e-11
SUN3	1.1940e+00	4.1822e-01	8.1483e-07
SUN5	1.1460e+00	6.3990e-01	1.2388e-14
SUOX	1.1280e+00	1.2698e+00	3.7606e-12
SUPT16H	2.4500e-01	7.0249e+00	1.0000e+00
SUPT20H	7.8900e-01	1.3729e+00	3.4971e-11
SUPT3H	1.3420e+00	2.7535e-02	4.1971e-06
SUPT4H1	1.0480e+00	1.3356e+00	3.7258e-03
SUPT5H	2.3500e-01	5.8136e+00	1.0000e+00
SUPT6H	8.0000e-02	6.8217e+00	1.0000e+00
SUPT7L	6.1800e-01	1.8022e+00	3.9318e-01
SUPV3L1	5.8700e-01	2.5931e+00	6.4492e-02
SURF1	1.5590e+00	-1.3117e+00	4.5412e-18
SURF2	1.7530e+00	-1.8254e+00	2.2591e-15
SURF4	2.6600e-01	2.6636e+00	9.9996e-01
SURF6	1.1580e+00	-1.7736e+00	7.3517e-09
SUSD1	9.3400e-01	1.1384e+00	1.0367e-12
SUSD2	1.1380e+00	5.9857e-01	6.7708e-29
SUSD3	1.3340e+00	5.9162e-01	4.4973e-06
SUSD4	1.0360e+00	1.0746e+00	8.6651e-12
SUSD5	1.6040e+00	5.0121e-01	8.5472e-10
SUSD6	8.1400e-01	1.1415e+00	4.3693e-03
SUV39H2	3.6700e-01	3.7707e+00	9.9993e-01
SUZ12	3.4400e-01	4.0209e+00	1.0000e+00
SV2A	4.2900e-01	3.0316e+00	9.9990e-01
SV2B	6.8000e-01	1.7201e+00	1.4273e-05
SV2C	7.2000e-01	1.4513e+00	4.7088e-07
SVBP	1.8650e+00	5.2104e-01	1.6886e-02
SVEP1	5.0300e-01	1.9982e+00	6.7303e-07
SVIL	4.8500e-01	2.6536e+00	1.2248e-01
SVIP	1.8890e+00	-4.6276e-01	5.8185e-03
SVOP	3.2700e-01	2.4273e+00	1.0000e+00
SVOPL	1.1750e+00	-2.0049e-02	1.2515e-13
SWAP70	5.8100e-01	1.4870e+00	1.1397e-01
SWI5	NA	3.1863e-01	NA
SWSAP1	1.5060e+00	-2.7493e-01	2.6702e-02
SWT1	4.4800e-01	1.0318e+00	9.9829e-01
SYBU	8.9300e-01	1.2637e+00	6.9109e-05
SYCE1	9.0000e-01	3.9460e-01	2.7270e-09
SYCE1L	1.6730e+00	-3.0972e+00	4.2609e-22
SYCE2	3.4800e-01	1.5596e+00	9.9973e-01
SYCE3	8.0200e-01	1.0573e+00	6.7353e-01
SYCN	1.8130e+00	-9.7228e-01	3.2453e-07
SYCP1	4.0500e-01	8.9824e-02	9.9980e-01
SYCP2	3.6500e-01	1.3157e-01	1.0000e+00
SYCP2L	9.4000e-01	1.3936e+00	9.9003e-22
SYCP3	1.0630e+00	8.3231e-01	2.2031e-06
SYDE1	9.8700e-01	-1.0287e+00	3.1545e-09
SYDE2	9.9400e-01	1.1020e-01	3.0897e-16
SYF2	8.7800e-01	7.8195e-01	4.8570e-04
SYK	3.0200e-01	3.9545e+00	1.0000e+00
SYMPK	4.8600e-01	2.7410e+00	9.4686e-01
SYN2	5.3900e-01	6.1332e-01	8.9930e-01
SYN3	7.2300e-01	1.3111e+00	5.3384e-05
SYNC	1.0120e+00	2.1456e-01	1.2257e-10
SYNCRIP	2.4900e-01	4.8524e+00	1.0000e+00
SYNDIG1	1.2420e+00	5.3537e-01	1.1421e-01
SYNDIG1L	1.1770e+00	2.5905e-02	6.8047e-04
SYNE1	5.6400e-01	3.3265e+00	2.1789e-73
SYNE2	5.1600e-01	1.1927e+00	3.2265e-30
SYNE3	1.1310e+00	8.1685e-01	3.2665e-32
SYNE4	1.2510e+00	2.7031e-01	1.0452e-13
SYNGAP1	1.2700e-01	7.6898e+00	1.0000e+00
SYNGR1	9.0100e-01	1.3992e-01	3.0998e-03
SYNGR2	1.0710e+00	6.5472e-01	4.3046e-04
SYNGR3	1.2770e+00	-1.5342e+00	3.1652e-03
SYNGR4	1.5570e+00	4.3580e-01	8.3166e-07
SYNJ1	5.3900e-01	2.9259e+00	1.8295e-03
SYNJ2	9.6800e-01	9.7993e-01	5.8264e-30
SYNJ2BP	1.0400e+00	7.3920e-01	7.4547e-03
SYNJ2BP-COX16	1.1800e+00	2.5365e-01	8.7275e-06
SYNM	1.1780e+00	-1.0972e+00	5.9013e-30
SYNPO2	7.6400e-01	4.3412e-01	2.2694e-10
SYNPO2L	9.6700e-01	-3.9330e-02	2.6974e-09
SYNPO	5.7900e-01	6.2408e-01	5.1057e-01
SYNPR	9.9900e-01	7.7468e-01	3.1179e-06
SYNRG	3.8000e-01	2.7005e+00	1.0000e+00
SYPL1	5.4400e-01	7.7993e-01	9.4285e-01
SYPL2	1.1380e+00	3.8207e-01	1.8519e-07
SYS1	9.7500e-01	9.9843e-01	4.0411e-02
SYS1-DBNDD2	NA	-1.0165e-02	NA
SYT10	8.1400e-01	8.7125e-01	2.1026e-06
SYT11	5.2000e-01	2.5336e+00	9.6553e-01
SYT12	9.0800e-01	8.2279e-01	1.5504e-06
SYT1	3.3200e-01	4.0092e+00	9.9999e-01
SYT13	7.7700e-01	7.8116e-01	8.8822e-04
SYT14	NA	-4.2743e-01	NA
SYT15	6.2300e-01	3.1577e+00	8.6677e-01
SYT16	8.8600e-01	3.4778e-01	3.9926e-10
SYT17	6.6500e-01	1.7525e+00	1.6333e-02
SYT2	5.8500e-01	2.5650e+00	6.8874e-01
SYT3	7.5100e-01	2.3188e+00	2.6625e-03
SYT4	3.1900e-01	5.1842e-01	9.9993e-01
SYT5	1.1680e+00	-5.7558e-01	3.0719e-10
SYT6	7.2200e-01	1.2174e+00	1.3080e-02
SYT7	5.5300e-01	3.0267e+00	3.6235e-01
SYT8	1.8290e+00	-1.6698e+00	6.6028e-23
SYT9	6.5600e-01	6.7499e-01	2.1870e-02
SYTL1	1.0470e+00	-5.2271e-01	1.4801e-15
SYTL2	9.4500e-01	-1.1870e+00	7.5287e-40
SYTL3	1.3420e+00	-7.5068e-01	1.2834e-27
SYVN1	4.2500e-01	2.4085e+00	9.9978e-01
SZRD1	7.2800e-01	8.6523e-01	6.5821e-01
SZT2	5.8200e-01	4.0315e+00	4.7089e-26
TAAR1	1.9470e+00	-3.1001e-01	7.3726e-06
TAAR2	1.5290e+00	-7.5753e-01	6.4515e-12
TAAR5	1.6850e+00	-1.2456e+00	1.9547e-11
TAAR6	1.2300e+00	-1.0607e+00	5.0117e-05
TAAR8	NA	-5.1079e-01	NA
TAAR9	1.8430e+00	-5.1170e-01	3.3753e-01
TAB1	7.5200e-01	1.4901e+00	6.9196e-05
TAB2	1.1700e-01	3.2248e+00	1.0000e+00
TAC1	8.1400e-01	6.0100e-01	3.0564e-01
TAC3	9.2700e-01	7.8598e-01	3.5006e-02
TAC4	1.4040e+00	3.5048e-01	2.5660e-06
TACC1	7.5800e-01	7.5876e-01	1.1450e-07
TACC2	6.6200e-01	2.3180e+00	5.6357e-22
TACC3	7.6400e-01	-2.4496e-01	3.8119e-10
TACO1	8.4800e-01	6.9111e-01	6.6187e-03
TACR1	9.1800e-01	1.1398e+00	4.0795e-06
TACR2	1.1260e+00	7.9674e-01	5.2339e-08
TACR3	1.2100e+00	9.9959e-01	2.8788e-12
TACSTD2	1.8680e+00	-1.5600e+00	3.6277e-06
TADA1	8.0900e-01	1.3538e+00	1.4709e-04
TADA2A	6.5700e-01	1.8628e+00	1.3533e-03
TADA2B	7.5800e-01	1.4694e+00	4.5539e-02
TADA3	8.0800e-01	2.2129e+00	5.4824e-05
TAF10	4.0000e-01	-4.2563e-01	9.9110e-01
TAF11	6.5600e-01	1.7988e+00	5.5152e-01
TAF12	3.7500e-01	1.9138e+00	9.9740e-01
TAF13	1.0300e+00	1.0102e+00	2.2464e-01
TAF15	4.4000e-01	1.7934e+00	9.9986e-01
TAF1A	8.0100e-01	1.6161e+00	6.7320e-07
TAF1B	7.3000e-01	9.2082e-01	1.7732e-06
TAF1C	1.3510e+00	-3.4971e+00	1.3055e-30
TAF1D	1.1940e+00	7.8710e-01	3.5768e-06
TAF1L	3.0700e-01	1.8717e+00	1.0000e+00
TAF2	5.5100e-01	3.5235e+00	7.3885e-03
TAF3	1.2400e-01	2.0940e+00	1.0000e+00
TAF4	2.0500e-01	8.0468e-01	1.0000e+00
TAF4B	6.4600e-01	4.9922e-01	5.7549e-04
TAF5	3.6600e-01	1.4748e+00	1.0000e+00
TAF5L	2.7000e-01	1.3617e+00	9.9999e-01
TAF6	8.2700e-01	1.8963e+00	2.3535e-10
TAF6L	8.0000e-01	4.9736e-01	4.2495e-07
TAF7	5.8800e-01	2.1695e+00	8.3209e-01
TAF8	1.6600e+00	-1.3240e-01	3.7858e-16
TAF9	1.0000e+00	9.0155e-01	1.0439e-02
TAFA1	4.3100e-01	8.9165e-01	9.9018e-01
TAFA2	8.2300e-01	1.6182e+00	2.8924e-01
TAFA3	1.2460e+00	1.5929e-01	9.6442e-06
TAFA4	1.3340e+00	-5.3546e-01	8.9848e-07
TAFA5	8.2000e-01	3.6197e-01	4.8335e-01
TAGAP	7.2800e-01	2.0272e+00	1.6940e-02
TAGLN	1.0620e+00	5.1516e-01	1.2627e-04
TAGLN2	8.4000e-01	1.3598e+00	7.4837e-03
TAGLN3	7.4100e-01	1.1936e+00	8.9575e-02
TAL1	9.9100e-01	-1.0407e+00	6.2027e-02
TAL2	1.3780e+00	6.1775e-01	3.9806e-01
TALDO1	1.0150e+00	-8.6539e-01	2.3753e-08
TAMALIN	5.8700e-01	-1.6638e+00	7.8254e-01
TAMM41	1.0800e+00	1.0906e-01	3.3330e-09
TANC1	6.4800e-01	3.1259e+00	6.4374e-10
TANC2	1.7000e-01	3.7492e+00	1.0000e+00
TANGO2	9.1400e-01	5.9913e-01	8.3710e-05
TANGO6	9.6100e-01	5.5198e-01	1.5835e-22
TANK	4.4200e-01	1.5977e+00	9.9700e-01
TAOK1	2.1600e-01	5.9261e+00	1.0000e+00
TAOK2	4.5900e-01	3.3735e+00	9.9888e-01
TAOK3	3.3900e-01	3.6534e+00	1.0000e+00
TAP1	8.7600e-01	2.6869e+00	1.4922e-13
TAP2	8.4200e-01	1.7184e+00	2.2008e-11
TAPBP	1.0610e+00	1.3653e+00	1.8386e-11
TAPBPL	9.9500e-01	1.1268e+00	9.7313e-09
TAPT1	6.9800e-01	3.0244e-01	1.3378e-01
TARBP1	9.5000e-01	-1.8289e+00	1.5287e-28
TARBP2	9.0900e-01	1.8345e+00	1.6151e-05
TARDBP	2.2900e-01	5.3187e+00	1.0000e+00
TARM1	1.0720e+00	3.8101e-01	4.9509e-07
TARP	1.7690e+00	-7.0261e-01	5.9173e-02
TARS1	7.0700e-01	1.3494e+00	1.8636e-08
TARS2	7.6000e-01	2.9103e+00	1.9711e-12
TARS3	1.0920e+00	1.7014e-01	9.6349e-20
TAS1R1	8.8700e-01	4.7211e-01	2.4749e-07
TAS1R2	1.1270e+00	2.1979e-01	4.6979e-15
TAS1R3	1.6370e+00	-3.1165e+00	2.1202e-25
TAS2R10	1.8910e+00	-5.1037e-02	2.9411e-01
TAS2R1	1.8270e+00	-2.4969e-02	3.4944e-01
TAS2R13	1.7730e+00	-2.8150e-01	2.3445e-01
TAS2R14	1.8830e+00	1.5362e-01	3.0261e-01
TAS2R16	1.8870e+00	2.7811e-02	5.9484e-03
TAS2R19	NA	-4.6293e-02	NA
TAS2R20	1.9390e+00	1.0191e-01	1.1077e-01
TAS2R30	1.8890e+00	-6.0281e-01	2.9563e-01
TAS2R3	1.0570e+00	1.4881e-01	6.5427e-03
TAS2R31	1.8600e+00	-6.4947e-01	3.2418e-01
TAS2R38	1.1750e+00	1.0123e+00	1.3993e-03
TAS2R39	1.5040e+00	1.0213e+00	1.4240e-08
TAS2R40	1.2520e+00	1.0401e+00	8.8592e-05
TAS2R41	1.6850e+00	1.0852e+00	4.4508e-14
TAS2R4	1.7030e+00	1.1399e+00	2.9650e-07
TAS2R42	1.9410e+00	3.7034e-01	1.0802e-01
TAS2R43	1.8770e+00	-1.3432e+00	3.0859e-01
TAS2R46	1.8390e+00	-2.7534e-01	3.4057e-01
TAS2R50	NA	-3.5397e-01	NA
TAS2R5	1.1240e+00	6.5710e-01	3.2150e-05
TAS2R60	1.1520e+00	6.9395e-01	4.8856e-05
TAS2R7	NA	-3.4702e-01	NA
TAS2R8	NA	-4.5588e-01	NA
TAS2R9	1.8910e+00	-4.0118e-01	2.9366e-01
TASOR2	4.8800e-01	1.3157e+00	3.2127e-01
TASOR	3.7800e-01	1.4137e+00	1.0000e+00
TASP1	5.1800e-01	1.8380e+00	9.6491e-01
TAT	8.4400e-01	1.0469e+00	9.3349e-08
TATDN1	1.2580e+00	2.2016e-01	3.9244e-07
TATDN2	9.1000e-01	-1.0553e-01	5.2669e-11
TATDN3	1.1280e+00	8.3705e-02	1.5295e-05
TAX1BP1	7.8600e-01	8.9166e-01	1.3766e-11
TAX1BP3	1.4330e+00	6.3928e-01	5.7897e-05
TBATA	1.4570e+00	1.8445e-01	5.7834e-16
TBC1D10A	6.8200e-01	9.9167e-01	1.3848e-03
TBC1D10B	5.2700e-01	-2.6040e-01	8.4432e-01
TBC1D10C	1.3280e+00	2.3690e-01	2.7405e-18
TBC1D12	8.7500e-01	-1.6832e+00	1.9743e-08
TBC1D13	9.5400e-01	2.2340e+00	1.5770e-10
TBC1D14	4.3200e-01	1.9089e+00	9.9982e-01
TBC1D15	6.3300e-01	8.8766e-01	8.9338e-02
TBC1D16	1.0390e+00	3.9881e-01	1.4637e-17
TBC1D17	1.1120e+00	-1.5725e+00	1.9944e-21
TBC1D1	8.5900e-01	1.2401e+00	3.9393e-20
TBC1D19	6.6700e-01	1.7275e+00	4.3202e-01
TBC1D20	4.6800e-01	1.6024e+00	9.9504e-01
TBC1D21	1.0520e+00	4.0074e-01	4.5746e-11
TBC1D22A	8.8100e-01	1.0350e+00	1.5307e-09
TBC1D22B	6.3000e-01	2.5952e+00	3.6579e-03
TBC1D23	8.8200e-01	1.0560e+00	4.9269e-05
TBC1D24	1.2140e+00	1.0973e+00	8.5080e-16
TBC1D26	6.8800e-01	1.3874e+00	1.2079e-01
TBC1D2	7.9600e-01	1.5579e+00	2.7722e-12
TBC1D28	1.7120e+00	6.3794e-01	6.9962e-02
TBC1D29P	1.5760e+00	5.4091e-01	7.3717e-09
TBC1D2B	7.3900e-01	1.5138e+00	6.1407e-10
TBC1D30	6.5300e-01	2.0014e+00	6.5488e-03
TBC1D31	8.8000e-01	1.4369e+00	3.0632e-16
TBC1D32	9.8400e-01	6.1374e-01	1.5692e-24
TBC1D3B	4.5600e-01	2.9621e+00	9.2758e-01
TBC1D3F	1.7460e+00	3.0077e-01	6.3580e-02
TBC1D3L	1.2500e+00	2.0449e+00	5.7430e-01
TBC1D4	9.7300e-01	1.8015e+00	7.1740e-32
TBC1D5	1.3240e+00	5.9413e-01	1.6679e-01
TBC1D7	1.4310e+00	9.8045e-02	5.9197e-11
TBC1D7-LOC100130357	1.4310e+00	9.8045e-02	5.9197e-11
TBC1D8	6.8900e-01	1.3094e+00	3.8256e-10
TBC1D9	5.9500e-01	3.0217e+00	2.3584e-04
TBC1D9B	8.8900e-01	9.0702e-01	1.4212e-22
TBCA	1.0700e+00	5.4273e-01	1.9591e-01
TBCB	1.0730e+00	-5.9401e-01	2.9028e-05
TBCC	1.8020e+00	-5.7844e-01	9.9083e-03
TBCCD1	6.6600e-01	1.9814e+00	3.8435e-03
TBCD	7.6300e-01	8.9228e-01	2.6388e-20
TBCE	8.6800e-01	4.1471e-01	2.2119e-12
TBCEL	5.1300e-01	3.2846e+00	9.6889e-01
TBCEL-TECTA	5.7700e-01	3.0844e+00	3.7193e-01
TBCK	1.0620e+00	4.9858e-01	3.1309e-14
TBK1	5.0500e-01	2.5679e+00	9.7193e-01
TBKBP1	1.1070e+00	-1.4087e+00	1.5853e-13
TBL1XR1	1.7400e-01	5.2951e+00	1.0000e+00
TBL2	1.0540e+00	1.3061e+00	1.3839e-09
TBL3	8.8500e-01	-1.0909e+00	1.1365e-17
TBP	4.1000e-01	2.8292e+00	9.9914e-01
TBPL1	4.2100e-01	2.5405e+00	9.9194e-01
TBPL2	1.8090e+00	4.5770e-02	3.6145e-01
TBR1	2.4600e-01	3.0377e+00	1.0000e+00
TBRG1	1.0970e+00	4.5016e-02	8.2222e-08
TBRG4	8.2500e-01	1.3807e+00	2.2794e-09
TBX10	1.0700e+00	4.0640e-02	1.2895e-07
TBX15	4.7100e-01	1.1753e+00	9.9587e-01
TBX1	7.0300e-01	-1.2286e+00	1.2300e-01
TBX18	5.6000e-01	-7.3569e-01	7.0069e-01
TBX19	9.7400e-01	1.6301e+00	1.5670e-08
TBX20	3.7800e-01	2.4629e+00	9.9980e-01
TBX21	3.8100e-01	1.0994e+00	9.9994e-01
TBX2	8.3200e-01	-1.8211e+00	6.7978e-04
TBX3	4.6800e-01	3.6562e-02	9.9465e-01
TBX4	3.7900e-01	1.3665e+00	9.9997e-01
TBX5	2.6700e-01	1.6232e+00	1.0000e+00
TBX6	9.3600e-01	4.9071e-01	2.4438e-07
TBXA2R	1.4800e+00	-1.0287e-01	8.0489e-06
TBXAS1	9.4800e-01	4.9075e-01	1.1890e-12
TBXT	6.6700e-01	9.3488e-01	2.9337e-02
TC2N	1.1650e+00	4.0763e-01	2.3888e-06
TCAF1	7.6200e-01	2.8187e-01	5.9061e-01
TCAF2	9.4600e-01	2.2499e+00	2.0870e-01
TCAIM	7.4900e-01	1.9765e+00	7.7203e-06
TCAP	1.3740e+00	3.4550e-01	3.7212e-05
TCEA1	9.3700e-01	1.4257e+00	6.0722e-03
TCEA2	7.2400e-01	1.8575e+00	3.6114e-03
TCEA3	1.0630e+00	9.8212e-01	5.7263e-10
TCEANC2	1.2690e+00	1.6615e-01	3.6305e-06
TCERG1	3.2300e-01	3.7918e+00	1.0000e+00
TCERG1L	1.1480e+00	-2.0428e+00	5.0013e-12
TCF12	6.0900e-01	3.1056e-01	2.0297e-02
TCF15	1.9570e+00	-2.9690e+00	2.9466e-04
TCF19	8.8900e-01	1.2431e+00	1.8062e-02
TCF20	5.0000e-02	1.5158e+00	1.0000e+00
TCF21	5.3000e-01	1.6645e+00	9.4901e-01
TCF23	1.1710e+00	4.2630e-01	2.2232e-02
TCF24	1.4400e+00	-1.1454e+00	1.3033e-01
TCF25	6.7200e-01	-6.8507e-01	1.0025e-05
TCF3	1.2390e+00	-3.4120e+00	5.0910e-19
TCF4	9.6000e-02	4.5772e+00	1.0000e+00
TCF7	6.2400e-01	-1.2029e+00	1.5264e-01
TCF7L1	4.7200e-01	1.1757e+00	9.9574e-01
TCF7L2	4.7400e-01	1.4156e+00	9.9554e-01
TCFL5	3.8100e-01	-1.3277e+00	9.9985e-01
TCHH	1.8110e+00	-2.8760e+00	4.0370e-05
TCHHL1	1.6430e+00	6.4077e-01	1.7717e-02
TCHP	1.1110e+00	-1.5951e-01	1.9238e-25
TCIM	1.3390e+00	1.4687e-02	1.6135e-01
TCIRG1	1.2220e+00	1.5667e-01	6.6600e-30
TCL1A	9.2100e-01	5.3645e-01	3.6900e-02
TCL1B	1.2220e+00	1.1644e-01	4.8892e-04
TCN1	1.2270e+00	1.0919e-01	4.9102e-17
TCN2	8.8800e-01	-1.4942e+00	4.2670e-08
TCOF1	2.8800e-01	1.5329e+00	1.0000e+00
TCP10L2	1.8830e+00	-2.9278e-01	3.0218e-01
TCP10L	8.8900e-01	6.5817e-01	1.8163e-02
TCP11	9.4800e-01	1.4790e+00	2.9237e-08
TCP11L1	7.5600e-01	2.0429e+00	3.7871e-05
TCP11L2	1.0310e+00	3.9816e-01	7.6965e-11
TCP1	2.2000e-01	2.7180e+00	1.0000e+00
TCTA	1.4390e+00	6.8308e-02	5.5930e-05
TCTE1	1.2170e+00	7.4016e-01	1.2824e-10
TCTN1	1.1330e+00	1.0402e+00	8.6642e-18
TCTN2	9.9200e-01	1.3050e+00	6.0540e-18
TCTN3	9.3800e-01	8.6760e-01	1.3321e-13
TDG	8.1100e-01	2.4962e+00	5.1537e-05
TDGF1	1.3290e+00	6.9927e-01	4.1896e-07
TDO2	1.1040e+00	-9.6470e-02	6.5746e-12
TDP1	9.8300e-01	6.9285e-01	1.3401e-12
TDP2	1.1970e+00	3.2439e-01	1.8372e-10
TDRD10	1.0610e+00	1.2860e+00	7.3247e-11
TDRD12	1.2780e+00	3.6433e-01	4.4179e-46
TDRD1	3.8200e-01	1.9343e+00	1.0000e+00
TDRD3	6.8200e-01	1.3246e+00	2.5017e-06
TDRD5	4.1300e-01	2.7949e+00	1.0000e+00
TDRD6	1.2670e+00	-2.9914e+00	7.1500e-64
TDRD7	5.2100e-01	2.1798e+00	3.7004e-01
TDRD9	8.9300e-01	1.8517e+00	3.8491e-22
TDRKH	6.0100e-01	2.4663e+00	4.0038e-02
TDRP	1.8200e+00	-3.2748e+00	3.7875e-05
TEAD1	2.7600e-01	2.6967e+00	1.0000e+00
TEAD2	1.0350e+00	1.5022e+00	8.8891e-15
TEAD3	4.3500e-01	2.3837e+00	9.9938e-01
TEAD4	8.8900e-01	1.4714e+00	1.2781e-08
TEC	8.9000e-01	2.0469e+00	2.2863e-14
TECPR1	1.0500e+00	4.1963e-01	1.6802e-37
TECPR2	6.0700e-01	2.3384e+00	2.1398e-07
TECR	5.4100e-01	1.7874e+00	8.4508e-01
TECRL	1.5630e+00	-7.8184e-01	1.9485e-06
TECTA	6.6100e-01	2.4637e+00	1.9954e-20
TECTB	1.2560e+00	4.6847e-01	1.7939e-14
TEDC1	1.3940e+00	-2.0009e+00	7.3809e-20
TEDC2	1.4820e+00	-1.5361e+00	5.8630e-20
TEDDM1	1.7180e+00	-1.5264e-01	4.1045e-01
TEF	3.8900e-01	1.7296e+00	9.9626e-01
TEFM	8.0800e-01	1.0247e+00	4.8713e-03
TEK	3.6800e-01	2.8927e+00	1.0000e+00
TEKT1	1.1830e+00	7.7301e-01	5.0316e-12
TEKT2	1.1000e+00	8.3618e-01	9.1338e-14
TEKT3	1.1930e+00	9.2429e-01	3.6457e-14
TEKT4	1.4220e+00	-2.7406e+00	1.0678e-17
TEKT5	1.3190e+00	-2.2863e+00	9.6647e-20
TELO2	1.0300e+00	-8.8114e-01	9.4151e-21
TEN1	1.2300e+00	4.5713e-01	9.6242e-04
TEN1-CDK3	NA	4.5713e-01	NA
TENM2	2.4800e-01	4.4313e+00	1.0000e+00
TENM3	3.0500e-01	3.8447e+00	1.0000e+00
TENM4	4.1600e-01	3.5466e+00	1.0000e+00
TENT2	8.8200e-01	5.7532e-01	2.7715e-05
TENT4A	2.0800e-01	1.4626e+00	1.0000e+00
TENT4B	2.2200e-01	3.3177e+00	1.0000e+00
TENT5A	5.4500e-01	2.7975e+00	9.3427e-01
TENT5B	9.9500e-01	9.3394e-01	2.8078e-04
TENT5C	4.4800e-01	2.5857e+00	9.9248e-01
TEP1	8.4800e-01	2.3239e+00	6.3725e-61
TEPP	1.1870e+00	-2.9932e-01	9.4162e-08
TEPSIN	1.5050e+00	-1.1572e+00	1.3152e-20
TERB1	1.0750e+00	1.7488e+00	5.3978e-11
TERB2	1.0890e+00	2.1569e-01	1.8431e-04
TERF1	6.0000e-01	3.0631e-01	8.7074e-01
TERF2	4.4400e-01	1.6747e+00	9.9897e-01
TERF2IP	1.4500e+00	-1.1976e+00	1.8467e-13
TERT	5.9300e-01	3.0616e+00	1.9285e-03
TES	1.1200e+00	1.0923e+00	1.0440e-12
TESC	1.1130e+00	7.1338e-01	8.9450e-06
TESK1	4.0400e-01	1.4776e+00	9.9994e-01
TESK2	8.6500e-01	1.5942e+00	8.6059e-09
TESMIN	1.0200e+00	-5.4061e-02	4.1669e-08
TESPA1	7.6300e-01	3.5254e-01	4.4045e-06
TET1	1.5100e-01	3.4456e+00	1.0000e+00
TET2	1.9970e+00	3.3568e-01	1.0570e-154
TET3	2.1300e-01	3.5548e+00	1.0000e+00
TEX101	8.7500e-01	1.1586e+00	3.4988e-02
TEX10	3.5000e-01	2.1578e+00	1.0000e+00
TEX12	1.8070e+00	2.9509e-01	1.1120e-01
TEX14	1.0430e+00	5.6737e-01	1.1578e-32
TEX15	7.8900e-01	2.7184e-01	1.0460e-34
TEX19	1.8860e+00	4.6856e-01	2.9954e-01
TEX22	1.9290e+00	-1.2091e+00	8.3176e-09
TEX2	6.0700e-01	2.2207e+00	2.4728e-05
TEX26	1.2330e+00	-6.2073e-01	4.7520e-10
TEX261	8.7800e-01	8.7082e-01	3.3943e-02
TEX264	7.9800e-01	1.4194e+00	2.3643e-02
TEX29	1.8040e+00	6.3337e-01	2.3893e-09
TEX30	1.1380e+00	7.3009e-01	3.6014e-03
TEX33	1.2130e+00	-5.2170e-01	6.6820e-09
TEX35	9.6100e-01	2.6753e-01	4.3197e-04
TEX36	1.3210e+00	3.2126e-01	2.5344e-04
TEX37	1.4040e+00	1.3404e-01	1.7321e-02
TEX38	1.8920e+00	9.0028e-01	2.2838e-03
TEX43	1.5470e+00	3.7498e-01	5.0724e-02
TEX44	1.8690e+00	6.4724e-01	3.1563e-01
TEX45	1.3110e+00	-3.8245e-01	3.5750e-16
TEX46	1.6060e+00	7.5812e-01	4.3501e-02
TEX47	1.4080e+00	2.8040e-01	1.0758e-06
TEX48	1.5630e+00	4.7285e-01	3.6498e-04
TEX50	9.3600e-01	1.1032e+00	4.2511e-01
TEX52	1.8220e+00	-3.6928e-01	1.9570e-09
TEX55	9.1400e-01	4.6358e-01	4.1418e-07
TEX9	1.4560e+00	-7.5395e-01	2.7039e-12
TF	8.3400e-01	2.0561e+00	1.0745e-12
TFAM	7.4200e-01	1.1866e+00	8.6803e-02
TFAP2A	3.3400e-01	2.4812e+00	9.9993e-01
TFAP2B	3.5300e-01	1.6348e+00	9.9997e-01
TFAP2C	4.1700e-01	1.3295e+00	9.9884e-01
TFAP2D	3.8900e-01	9.4993e-01	9.9978e-01
TFAP2E	1.4180e+00	-1.0755e+00	2.8874e-11
TFAP4	3.5600e-01	1.2030e+00	9.9989e-01
TFB1M	1.0990e+00	7.4012e-01	1.3285e-06
TFB2M	1.1560e+00	2.2911e-01	8.1498e-10
TFCP2	5.6400e-01	3.4575e+00	5.7730e-01
TFCP2L1	2.7700e-01	2.0247e+00	1.0000e+00
TFDP1	2.4500e-01	3.4774e+00	1.0000e+00
TFDP2	4.4300e-01	2.3397e+00	9.9873e-01
TFEB	4.6700e-01	1.3729e+00	9.9540e-01
TFEC	9.0500e-01	2.8519e-01	3.0824e-04
TFF1	1.6890e+00	-2.0875e-01	1.1840e-03
TFF2	1.7420e+00	-7.4508e-02	3.1472e-08
TFF3	1.2010e+00	3.7542e-01	3.7395e-02
TFG	5.9100e-01	1.3142e+00	4.9485e-01
TFIP11	1.0190e+00	2.6390e+00	4.3201e-25
TFPI2	1.3360e+00	3.1550e-01	7.5726e-08
TFPI	5.5800e-01	1.4962e+00	9.0136e-01
TFPT	1.2670e+00	2.3701e-01	3.0757e-09
TFR2	9.0700e-01	1.2952e+00	2.6889e-16
TFRC	4.8900e-01	1.6437e+00	9.8392e-01
TG	8.9200e-01	2.6230e-01	2.3266e-70
TGDS	1.1840e+00	8.2080e-01	1.7318e-05
TGFA	9.9600e-01	5.6391e-01	3.2594e-03
TGFB1	6.8200e-01	7.7536e-01	2.6363e-02
TGFB1I1	8.7900e-01	6.6051e-01	9.8658e-08
TGFB2	4.6300e-01	2.3626e+00	9.9612e-01
TGFB3	2.4900e-01	2.8651e+00	1.0000e+00
TGFBI	8.5600e-01	5.9018e-01	1.2140e-11
TGFBR1	5.0900e-01	3.6549e+00	9.6403e-01
TGFBR2	5.3100e-01	2.9468e+00	9.0792e-01
TGFBR3	6.3600e-01	2.4534e+00	3.4901e-05
TGFBR3L	1.8600e+00	-1.7213e+00	1.2287e-09
TGFBRAP1	3.4600e-01	1.9843e+00	1.0000e+00
TGIF1	4.7700e-01	1.4869e+00	9.8151e-01
TGIF2	6.6700e-01	9.1255e-01	7.3560e-01
TGIF2-RAB5IF	8.6500e-01	8.7482e-01	8.7279e-03
TGM1	8.4700e-01	1.7630e+00	1.0536e-14
TGM2	9.0200e-01	1.2071e+00	1.5540e-13
TGM3	8.9500e-01	1.7360e-01	7.1097e-13
TGM4	9.6800e-01	1.1170e+00	1.6779e-17
TGM5	1.0340e+00	1.1937e+00	6.2413e-20
TGM6	1.1340e+00	7.0226e-02	6.4362e-24
TGM7	1.0750e+00	4.0887e-01	1.1741e-21
TGOLN2	9.1300e-01	5.5462e-01	1.5155e-04
TGS1	8.8700e-01	3.0701e-02	6.0219e-12
TH	1.2700e+00	-1.0314e+00	3.3283e-17
THADA	1.1780e+00	-4.3399e+00	1.1886e-66
THAP10	1.0070e+00	5.8830e-01	2.9128e-03
THAP11	6.8100e-01	2.3526e+00	5.1537e-01
THAP12	5.1400e-01	3.5846e+00	9.6105e-01
THAP1	5.7100e-01	2.0539e+00	9.0189e-01
THAP2	1.1370e+00	5.4667e-01	5.6607e-05
THAP3	1.2410e+00	4.6316e-01	2.0365e-04
THAP4	5.8500e-01	1.5952e+00	5.0119e-01
THAP5	1.0890e+00	1.0914e+00	2.3067e-08
THAP6	1.0280e+00	2.7390e-01	3.5261e-04
THAP7	1.1470e+00	-1.0995e+00	6.9513e-07
THAP8	1.6150e+00	-1.2168e+00	7.6622e-10
THAP9	7.9100e-01	2.5797e+00	4.4584e-06
THBD	1.9380e+00	-1.6287e+00	4.9610e-02
THBS1	3.0100e-01	3.7973e+00	1.0000e+00
THBS2	4.4600e-01	3.1877e+00	9.9984e-01
THBS3	7.4700e-01	2.5592e+00	7.7007e-15
THBS4	9.4600e-01	1.5817e+00	7.4057e-24
THEG	1.2230e+00	-1.0386e+00	9.7945e-13
THEG5	NA	5.7415e-01	NA
THEGL	1.2910e+00	5.1574e-01	4.3893e-14
THEM4	1.5690e+00	3.4124e-01	7.6629e-07
THEM5	1.4920e+00	9.9806e-01	2.6870e-11
THEM6	1.9480e+00	-3.2758e+00	1.9574e-05
THEMIS2	8.3700e-01	1.8215e+00	1.7947e-06
THEMIS	8.9400e-01	-5.0502e-03	1.9661e-08
THG1L	1.1140e+00	4.3876e-02	2.1821e-06
THNSL1	1.1660e+00	3.1138e-01	6.0131e-18
THNSL2	1.1220e+00	1.4055e+00	3.5286e-10
THOC1	5.4600e-01	2.4036e+00	8.6926e-01
THOC3	1.0020e+00	2.5575e+00	3.5748e-01
THOC5	6.2500e-01	2.8088e+00	3.9110e-04
THOC6	8.7200e-01	-2.9533e-01	3.8005e-09
THOC7	8.6800e-01	1.2914e+00	5.8249e-04
THOP1	8.7600e-01	1.4988e+00	5.1721e-12
THPO	1.1170e+00	1.4598e+00	5.5086e-04
THRA	4.3900e-01	4.6106e+00	9.9892e-01
THRAP3	2.4400e-01	2.6619e+00	1.0000e+00
THRB	4.3000e-01	3.7158e+00	9.9920e-01
THRSP	1.3960e+00	5.4718e-01	1.7717e-03
THSD1	8.6100e-01	9.0190e-01	9.5202e-08
THSD4	7.2700e-01	-5.5119e-02	1.8906e-12
THSD7A	5.0000e-01	-1.4005e+00	1.3145e-02
THSD7B	7.6300e-01	9.5834e-01	4.8176e-28
THTPA	1.3000e+00	3.2276e-01	1.3096e-05
THUMPD1	1.4100e+00	-5.2688e-01	1.3268e-11
THUMPD2	1.3960e+00	-1.8286e+00	3.0024e-14
THUMPD3	1.0030e+00	3.2325e-01	1.1352e-09
THY1	1.0810e+00	1.3216e+00	5.4408e-03
THYN1	1.3530e+00	5.9503e-01	1.3157e-11
TIA1	5.1700e-01	2.0506e+00	9.4880e-01
TIAF1	1.7140e+00	4.1912e-01	4.1215e-01
TIAL1	2.1300e-01	4.1814e+00	1.0000e+00
TIAM1	4.6900e-01	2.6663e+00	9.9063e-01
TIAM2	5.7200e-01	2.1074e+00	2.4305e-06
TICAM1	1.8020e+00	3.4765e-01	3.6621e-01
TICAM2	1.5650e+00	-3.2740e-01	3.6189e-04
TICRR	8.6600e-01	-1.2660e+00	3.8472e-32
TIE1	8.1800e-01	1.5357e+00	4.4818e-20
TIFAB	1.8700e+00	-3.1862e-01	3.1491e-01
TIFA	NA	9.4260e-01	NA
TIGAR	1.1940e+00	1.5936e+00	1.3166e-01
TIGD1	1.8950e+00	-3.4674e-02	1.3665e-02
TIGD2	7.3900e-01	8.4166e-01	1.5586e-03
TIGD3	1.2190e+00	6.8507e-01	5.4883e-05
TIGD4	1.1230e+00	8.3633e-01	1.9516e-06
TIGD5	1.5650e+00	-2.7123e+00	7.3736e-11
TIGD6	1.3660e+00	9.0486e-01	2.0314e-03
TIGD7	1.2880e+00	-5.7365e-01	8.6705e-11
TIGIT	9.2900e-01	3.6087e-01	2.0017e-02
TIMD4	1.0520e+00	1.5222e-01	8.8093e-08
TIMELESS	8.5700e-01	1.2576e+00	1.0936e-30
TIMM10	1.8850e+00	1.2554e+00	3.0101e-06
TIMM10B	1.8540e+00	-9.0506e-01	1.3341e-09
TIMM13	1.5210e+00	-3.8285e-01	2.3249e-03
TIMM17A	9.5100e-01	3.3407e-01	9.2003e-03
TIMM21	1.3880e+00	5.2589e-01	1.0612e-10
TIMM22	9.9800e-01	-2.1271e-01	3.2028e-03
TIMM23	7.9900e-01	1.5089e+00	1.4778e-02
TIMM23B	1.2590e+00	5.7798e-01	1.8411e-06
TIMM23B-AGAP6	NA	5.7798e-01	NA
TIMM29	1.9190e+00	-1.7350e+00	1.7960e-11
TIMM44	7.5800e-01	7.4251e-01	8.0556e-07
TIMM50	9.1300e-01	4.8707e-01	2.1053e-08
TIMM8B	1.5500e+00	-2.0723e-03	2.3498e-02
TIMM9	1.2130e+00	6.5345e-01	1.8125e-02
TIMMDC1	1.0230e+00	5.6925e-01	7.7468e-06
TIMP2	4.4800e-01	1.4878e+00	9.9246e-01
TIMP3	6.6000e-01	1.9483e+00	4.6415e-01
TIMP4	1.3970e+00	-3.3195e-01	5.4175e-10
TINAG	1.3620e+00	-1.5975e+00	1.6633e-23
TINAGL1	7.9400e-01	1.6939e+00	5.1992e-07
TINF2	6.8800e-01	1.3762e+00	1.0977e-03
TIPARP	3.4600e-01	2.7307e+00	1.0000e+00
TIPIN	1.0760e+00	1.0627e+00	4.6252e-07
TIPRL	6.1600e-01	1.3653e+00	8.4236e-01
TIRAP	1.4320e+00	4.1588e-01	1.6015e-07
TJAP1	1.2450e+00	6.2244e-01	3.1777e-01
TJP1	2.7500e-01	2.2213e+00	1.0000e+00
TJP2	8.2500e-01	6.3558e-01	4.4070e-19
TJP3	1.0610e+00	-7.6143e-01	7.9544e-26
TK1	1.0150e+00	1.1511e+00	4.9763e-03
TK2	1.1010e+00	5.6960e-01	6.1251e-11
TKFC	9.6800e-01	1.0007e+00	1.5490e-11
TKT	9.2300e-01	1.6623e+00	5.2193e-12
TKTL2	1.6130e+00	1.6015e-01	4.5391e-01
TLCD1	1.2950e+00	-1.1069e-01	2.6310e-07
TLCD2	1.3790e+00	-2.8818e-01	1.7937e-04
TLCD3A	9.3700e-01	-2.9341e-01	3.3622e-04
TLCD3B	6.4300e-01	1.2701e+00	5.5108e-01
TLCD4	5.2700e-01	1.0257e+00	9.5939e-01
TLCD4-RWDD3	7.9200e-01	5.5976e-01	2.5769e-02
TLCD5	1.0500e+00	6.2626e-01	2.7742e-04
TLDC2	1.1030e+00	2.7718e-02	6.2300e-07
TLE1	3.4300e-01	2.4987e+00	1.0000e+00
TLE2	1.0200e+00	-8.3722e-01	1.8431e-21
TLE3	2.7600e-01	3.1232e+00	1.0000e+00
TLE4	1.6600e-01	4.0796e+00	1.0000e+00
TLE5	6.3100e-01	2.2314e+00	7.8740e-01
TLE6	1.1210e+00	-1.1277e+00	1.2909e-22
TLK1	3.3800e-01	4.1052e+00	1.0000e+00
TLK2	1.0300e-01	6.5465e+00	1.0000e+00
TLL1	4.6700e-01	1.7387e+00	9.9721e-01
TLL2	9.9000e-01	5.0775e-01	9.6799e-30
TLN1	2.3600e-01	5.7600e+00	1.0000e+00
TLN2	4.5600e-01	1.9885e+00	9.9454e-01
TLNRD1	1.6640e+00	-2.7229e+00	6.2764e-06
TLR10	1.8330e+00	4.1952e-01	1.0117e-01
TLR1	1.3480e+00	3.5094e-01	7.9470e-11
TLR2	1.4320e+00	1.6524e+00	5.8343e-05
TLR3	7.9600e-01	1.3402e+00	1.2954e-08
TLR4	8.5800e-01	1.0096e+00	4.1066e-04
TLR5	1.8450e+00	1.2799e+00	3.3601e-01
TLR6	1.0050e+00	1.3031e+00	7.6173e-07
TLR9	1.1160e+00	3.1255e+00	1.0483e-06
TLX1	5.0400e-01	-6.7766e-01	9.7536e-01
TLX2	1.2780e+00	-5.0603e-02	3.3968e-05
TLX3	1.0040e+00	4.5814e-02	5.5397e-03
TM2D1	1.0980e+00	3.0379e-01	3.2715e-02
TM2D2	1.2970e+00	6.5845e-01	2.9177e-05
TM2D3	1.5700e+00	-6.4205e-01	2.0744e-13
TM4SF1	1.1910e+00	1.2585e-01	3.7272e-06
TM4SF18	1.4260e+00	-9.8962e-02	3.9852e-07
TM4SF19	1.1020e+00	1.1033e+00	4.1058e-05
TM4SF19-DYNLT2B	NA	1.1033e+00	NA
TM4SF20	1.2280e+00	3.2112e-02	5.1072e-05
TM4SF4	1.5450e+00	4.5404e-01	9.8160e-09
TM4SF5	1.1240e+00	7.0457e-01	1.6011e-05
TM6SF1	1.2690e+00	1.0307e+00	5.2380e-11
TM6SF2	9.6300e-01	1.9852e-01	1.3601e-07
TM7SF2	1.3020e+00	-2.3997e-01	2.3129e-18
TM7SF3	1.2260e+00	1.1186e+00	2.2140e-17
TM9SF1	6.3100e-01	2.7537e+00	2.3345e-02
TM9SF2	2.5600e-01	3.2829e+00	1.0000e+00
TM9SF3	2.6200e-01	2.6890e+00	1.0000e+00
TM9SF4	3.7700e-01	4.0394e+00	1.0000e+00
TMA16	1.5980e+00	-1.7774e-02	2.3549e-09
TMA7	9.0100e-01	2.3029e-01	2.5877e-01
TMBIM1	1.1140e+00	3.6954e-01	1.7335e-09
TMBIM4	1.7660e+00	-1.8933e-01	3.3826e-04
TMBIM6	6.2500e-01	6.2682e-01	4.6410e-01
TMC1	9.1400e-01	1.5789e+00	1.2771e-18
TMC2	1.1510e+00	9.4381e-01	1.8266e-27
TMC3	1.0330e+00	6.0686e-01	1.5926e-24
TMC4	1.0520e+00	1.1201e-01	1.4422e-20
TMC5	9.2700e-01	1.3209e+00	4.9238e-20
TMC6	1.0190e+00	-6.6329e-01	1.4928e-20
TMC7	7.9500e-01	1.3145e+00	3.4171e-10
TMC8	1.2010e+00	1.9496e-02	1.2654e-24
TMCC1	4.3600e-01	4.3014e+00	9.9937e-01
TMCC2	4.8400e-01	2.9305e+00	9.9129e-01
TMCC3	1.0380e+00	6.5764e-01	6.2278e-06
TMCO1	1.4040e+00	1.3760e+00	4.8145e-07
TMCO2	1.0410e+00	7.6591e-01	1.3755e-02
TMCO3	1.0560e+00	6.7847e-01	3.1226e-13
TMCO4	1.0530e+00	1.0365e+00	1.4631e-16
TMCO5A	1.1430e+00	-5.4116e-01	4.9075e-10
TMCO6	9.5300e-01	9.1899e-01	1.8968e-12
TMED10	5.7700e-01	2.7563e+00	8.9062e-01
TMED1	1.4350e+00	-2.3746e-01	1.5616e-07
TMED2	4.4700e-01	2.4893e+00	9.8634e-01
TMED3	9.7900e-01	3.9014e-01	2.1216e-03
TMED4	1.2940e+00	-1.2101e-01	6.2707e-06
TMED5	1.6620e+00	7.0189e-01	1.5541e-07
TMED6	9.1700e-01	5.5488e-02	4.5631e-04
TMED7	6.6800e-01	9.0644e-01	5.6720e-01
TMED7-TICAM2	7.4600e-01	5.4973e-01	2.2575e-01
TMED8	6.0800e-01	8.5202e-01	7.2507e-01
TMED9	1.0540e+00	1.2829e+00	2.5170e-06
TMEFF1	6.6100e-01	5.9229e-01	3.5537e-02
TMEFF2	6.8300e-01	1.9614e+00	1.2506e-02
TMEM100	4.5900e-01	1.0994e+00	9.2591e-01
TMEM101	9.4200e-01	7.7488e-01	1.8185e-03
TMEM102	1.5730e+00	-1.7855e-01	3.7185e-12
TMEM104	1.0590e+00	2.9155e-01	1.9265e-11
TMEM106A	1.1890e+00	1.2335e+00	9.1880e-08
TMEM106B	8.1300e-01	9.6835e-01	4.6186e-02
TMEM106C	1.1550e+00	7.9048e-01	3.3691e-08
TMEM107	1.4930e+00	9.5552e-01	5.4756e-07
TMEM108	5.8600e-01	1.3440e+00	7.5903e-01
TMEM109	1.0120e+00	1.1308e+00	3.3325e-05
TMEM11	2.6800e-01	2.0682e+00	9.9899e-01
TMEM114	1.6310e+00	-1.5350e+00	6.3702e-04
TMEM115	6.8300e-01	1.6117e+00	5.0692e-01
TMEM116	1.1010e+00	9.5075e-01	5.2576e-10
TMEM117	6.7000e-01	1.5119e+00	2.7093e-02
TMEM119	1.8230e+00	-5.2110e-01	3.5209e-01
TMEM120A	1.2510e+00	-3.4282e-01	1.6528e-15
TMEM120B	8.2700e-01	6.0906e-01	6.9768e-06
TMEM121	1.1570e+00	-4.7215e-01	1.2339e-02
TMEM121B	1.8390e+00	-3.9374e+00	1.8203e-06
TMEM123	1.3340e+00	-1.3569e+00	1.0006e-05
TMEM125	1.9460e+00	4.5731e-01	7.4681e-06
TMEM126A	8.3900e-01	-1.5938e-01	2.6159e-01
TMEM126B	1.8250e+00	-2.3084e-01	1.4490e-08
TMEM127	1.5870e+00	1.7202e-01	1.6977e-08
TMEM128	1.5520e+00	-1.1996e+00	5.0826e-06
TMEM129	1.8010e+00	-1.4273e+00	1.1121e-15
TMEM130	1.1870e+00	2.7642e-01	4.6765e-11
TMEM131	3.7400e-01	1.8291e+00	1.0000e+00
TMEM131L	4.0400e-01	1.0937e+00	1.0000e+00
TMEM132A	1.0260e+00	4.5548e-01	4.6824e-14
TMEM132B	2.8800e-01	2.7991e+00	1.0000e+00
TMEM132C	7.1900e-01	3.9858e-01	1.4626e-04
TMEM132D	5.0000e-01	1.1688e+00	9.7654e-01
TMEM132E	8.6700e-01	4.9349e-01	1.3716e-11
TMEM134	1.9530e+00	-2.8977e+00	9.9376e-18
TMEM135	7.4300e-01	1.0284e+00	1.3852e-03
TMEM138	9.2700e-01	3.3136e-01	2.2846e-01
TMEM139	9.8100e-01	2.1267e-01	2.2045e-02
TMEM140	1.9230e+00	4.0362e-02	1.3061e-01
TMEM141	1.7770e+00	-1.0454e+00	6.2632e-08
TMEM143	1.4790e+00	-2.9263e-01	5.5967e-17
TMEM144	1.3630e+00	3.6180e-01	3.5824e-10
TMEM145	8.4800e-01	1.1050e+00	1.6857e-10
TMEM147	1.2750e+00	9.3749e-01	5.4682e-10
TMEM14A	1.1830e+00	6.6016e-01	1.0659e-02
TMEM14B	9.8900e-01	5.8449e-01	3.6344e-02
TMEM14C	1.4270e+00	3.7205e-02	5.9970e-05
TMEM150A	8.4700e-01	2.2473e+00	8.5428e-04
TMEM150B	1.7550e+00	-3.0485e-01	6.2008e-15
TMEM150C	6.3000e-01	1.0710e+00	6.6761e-01
TMEM151A	1.3220e+00	-1.9843e+00	1.9881e-07
TMEM151B	9.8600e-01	3.5249e-01	1.3651e-05
TMEM154	1.5030e+00	-1.9873e-01	2.3537e-09
TMEM156	1.2420e+00	2.4516e-01	4.6658e-07
TMEM158	1.9660e+00	-3.5919e+00	2.1088e-04
TMEM160	1.9410e+00	-2.3625e+00	4.0023e-07
TMEM161A	1.0820e+00	-1.5775e-01	1.4883e-13
TMEM161B	7.9000e-01	1.8001e+00	9.0147e-05
TMEM163	1.0240e+00	1.0393e+00	3.6872e-04
TMEM165	1.0710e+00	6.9446e-01	1.1331e-04
TMEM167A	1.5920e+00	8.2438e-01	4.5143e-02
TMEM167B	7.1800e-01	8.8303e-01	7.6777e-01
TMEM168	9.5300e-01	1.2048e+00	1.6435e-10
TMEM169	9.2300e-01	1.2660e+00	2.3274e-04
TMEM170A	1.9090e+00	-1.0313e+00	1.2981e-08
TMEM170B	9.7600e-01	6.8628e-01	1.1354e-01
TMEM171	1.2290e+00	2.8943e-02	2.3851e-05
TMEM17	1.2950e+00	-2.5519e-01	6.0735e-03
TMEM174	1.2300e+00	-1.0344e-01	1.0554e-04
TMEM175	1.2950e+00	-3.4595e-01	5.0942e-13
TMEM176A	1.0880e+00	7.4292e-01	6.0970e-06
TMEM176B	1.2560e+00	-1.0630e-01	1.6313e-09
TMEM177	8.1100e-01	1.4284e+00	1.6159e-01
TMEM178A	8.5000e-01	-4.9806e-01	1.7706e-02
TMEM178B	4.3100e-01	2.0134e+00	9.9338e-01
TMEM179	1.4610e+00	2.9758e-01	1.6607e-06
TMEM179B	1.2250e+00	-1.3648e+00	5.2204e-05
TMEM18	1.1980e+00	-3.3723e-01	1.3602e-04
TMEM181	6.5900e-01	3.7125e-02	8.8240e-04
TMEM182	1.0920e+00	2.2899e-01	5.8484e-06
TMEM183A	6.7100e-01	2.1766e+00	3.6447e-02
TMEM184A	1.3460e+00	-7.4024e-01	1.3420e-14
TMEM184B	6.1200e-01	2.5555e+00	3.1658e-01
TMEM184C	5.9400e-01	3.1143e+00	3.0533e-01
TMEM185B	7.7400e-01	4.6368e-01	1.6442e-01
TMEM186	1.8110e+00	-6.3829e-01	2.2318e-02
TMEM190	1.4130e+00	-1.4195e-01	2.3843e-06
TMEM191B	1.9050e+00	1.2779e+00	2.9930e-02
TMEM191C	1.3030e+00	2.7664e-02	5.8261e-06
TMEM192	1.1680e+00	6.0490e-01	2.3110e-06
TMEM196	1.3580e+00	-7.9505e-01	3.6943e-06
TMEM198	1.1450e+00	-2.2160e-01	1.0615e-04
TMEM199	1.3740e+00	-7.5473e-02	9.3946e-09
TMEM19	9.2900e-01	2.8767e-01	6.4877e-05
TMEM200A	7.6400e-01	1.4532e+00	6.1660e-02
TMEM200B	1.3700e+00	-1.2437e+00	1.8856e-04
TMEM200C	1.7780e+00	-1.6957e+00	3.7980e-01
TMEM201	6.1700e-01	1.4459e+00	4.2998e-02
TMEM202	1.3160e+00	8.7693e-01	3.6021e-09
TMEM203	1.2150e+00	1.4819e+00	1.2360e-01
TMEM204	1.2360e+00	6.9240e-01	4.7558e-05
TMEM205	8.3600e-01	3.9197e-01	2.1287e-02
TMEM207	1.1700e+00	-5.9329e-01	2.9060e-03
TMEM208	1.0210e+00	9.6953e-01	2.9327e-05
TMEM209	1.1240e+00	1.1456e+00	5.4837e-17
TMEM210	1.3740e+00	-8.5733e-02	9.1118e-03
TMEM211	1.3920e+00	1.1587e+00	1.7995e-03
TMEM212	1.6430e+00	3.8676e-01	4.0334e-09
TMEM213	1.4540e+00	1.0472e-01	6.7101e-03
TMEM214	9.2700e-01	1.2718e+00	1.1915e-18
TMEM215	1.3010e+00	7.7569e-01	2.8773e-04
TMEM216	1.4530e+00	5.2943e-01	1.1783e-04
TMEM217	1.7550e+00	1.2805e+00	2.4360e-01
TMEM218	1.2140e+00	1.1152e+00	1.2399e-01
TMEM219	1.4250e+00	3.8608e-01	1.7071e-07
TMEM220	1.4310e+00	8.4206e-01	3.8046e-07
TMEM221	1.8820e+00	-6.8070e-01	9.8575e-04
TMEM222	1.1180e+00	-4.1113e-01	1.6996e-05
TMEM223	1.7810e+00	-2.6622e+00	2.9272e-06
TMEM225	9.4500e-01	8.0893e-01	1.7177e-02
TMEM225B	1.1010e+00	1.2945e+00	3.2178e-04
TMEM229A	1.1380e+00	-2.0823e-01	7.7917e-07
TMEM229B	8.4900e-01	1.6790e+00	2.4534e-01
TMEM230	1.2830e+00	4.7456e-01	6.4164e-03
TMEM231	1.4100e+00	-8.9711e-01	2.6458e-09
TMEM232	1.3000e+00	-1.4763e+00	9.2937e-24
TMEM233	1.0340e+00	6.7344e-01	1.3904e-01
TMEM234	1.6300e+00	1.0209e+00	6.6328e-10
TMEM235	1.7430e+00	-1.4163e+00	5.9319e-10
TMEM236	1.1330e+00	-2.2233e-01	9.5279e-04
TMEM237	1.3180e+00	-1.2129e-01	1.0116e-14
TMEM238	NA	-1.4284e-01	NA
TMEM239	1.4460e+00	-1.6681e-01	6.2880e-04
TMEM240	4.9600e-01	7.5954e-01	9.6857e-01
TMEM241	1.1730e+00	4.5767e-01	2.8865e-11
TMEM242	9.3300e-01	-1.3323e-01	3.2992e-02
TMEM243	1.9000e+00	-2.7086e-01	4.7081e-05
TMEM244	1.8690e+00	-3.4106e-01	4.3447e-04
TMEM245	9.1300e-01	-6.4915e-01	5.4112e-14
TMEM247	1.4780e+00	-1.2117e+00	1.0679e-07
TMEM248	5.0200e-01	1.4864e+00	9.7965e-01
TMEM249	1.1500e+00	-4.6953e-01	1.0182e-04
TMEM250	1.7150e+00	3.1554e-01	2.5380e-03
TMEM25	1.2900e+00	6.9350e-01	1.2976e-12
TMEM251	9.4800e-01	8.1008e-01	4.9507e-02
TMEM252	1.3570e+00	2.2188e-01	2.0461e-02
TMEM253	NA	1.2141e-01	NA
TMEM254	1.6910e+00	-2.3380e-01	9.7800e-10
TMEM255B	1.3530e+00	1.0278e-02	4.0159e-13
TMEM256	1.5290e+00	-2.6672e-01	1.4010e-05
TMEM256-PLSCR3	NA	-5.4423e-01	NA
TMEM258	1.6960e+00	8.2686e-01	8.0041e-05
TMEM259	9.7000e-01	-2.0836e+00	1.4641e-06
TMEM260	1.0490e+00	-5.4649e-01	1.3893e-15
TMEM26	1.6780e+00	-7.2160e-01	2.1053e-11
TMEM262	1.6810e+00	7.9307e-01	3.5143e-05
TMEM263	9.2900e-01	1.0532e+00	6.3298e-01
TMEM265	1.6360e+00	-1.5744e-01	1.4704e-03
TMEM266	9.2200e-01	5.2447e-01	8.9558e-09
TMEM267	1.4260e+00	6.5953e-01	9.2491e-07
TMEM268	8.5200e-01	2.3736e-01	6.2345e-03
TMEM269	1.2500e+00	1.0161e+00	9.2545e-06
TMEM270	1.3920e+00	-3.8080e-02	4.1762e-11
TMEM273	1.4330e+00	-8.3025e-01	1.5891e-07
TMEM30A	9.0600e-01	1.6748e+00	2.9093e-03
TMEM30B	1.6430e+00	-5.4114e-01	1.7907e-07
TMEM33	7.5200e-01	9.9834e-01	1.0839e-01
TMEM35B	1.5230e+00	1.5575e-01	5.2027e-03
TMEM37	1.6450e+00	1.3230e+00	4.2660e-05
TMEM38A	1.0270e+00	9.9638e-01	2.6823e-05
TMEM38B	1.3290e+00	-1.3505e-01	4.1644e-07
TMEM39A	5.8000e-01	2.7079e+00	4.9719e-01
TMEM39B	5.9500e-01	1.6879e+00	2.0990e-01
TMEM40	1.0610e+00	-1.2452e-01	5.9284e-10
TMEM41A	1.1830e+00	3.0361e-01	1.9309e-06
TMEM41B	8.3400e-01	2.9212e-01	2.6872e-01
TMEM42	1.0220e+00	-6.8358e-01	2.8715e-02
TMEM43	1.1300e+00	1.3944e-01	4.0338e-14
TMEM44	1.3110e+00	-8.3370e-01	2.8277e-14
TMEM45A	1.0690e+00	7.7913e-01	2.5964e-07
TMEM45B	1.4470e+00	-3.7171e-02	1.9191e-11
TMEM50A	7.5300e-01	4.5939e-01	2.7710e-01
TMEM50B	9.5500e-01	1.1536e+00	1.5638e-02
TMEM51	8.7100e-01	1.2873e+00	9.3948e-02
TMEM52	1.8480e+00	-1.1958e+00	1.6773e-06
TMEM52B	1.4890e+00	-4.1564e-01	5.9040e-03
TMEM53	9.7700e-01	1.4131e+00	1.1847e-03
TMEM54	1.5700e+00	7.2123e-01	1.2017e-09
TMEM59	1.3100e+00	3.1316e-01	3.2604e-10
TMEM59L	1.1650e+00	-4.2610e-01	1.5490e-10
TMEM60	8.1400e-01	9.6202e-01	4.9341e-01
TMEM61	1.6700e+00	7.3406e-01	1.5106e-05
TMEM62	7.3700e-01	8.6772e-01	1.1682e-04
TMEM63A	8.3900e-01	1.7941e+00	1.6245e-16
TMEM63B	3.1400e-01	5.4913e+00	1.0000e+00
TMEM63C	4.3800e-01	2.8477e+00	9.9988e-01
TMEM64	1.3530e+00	-2.8688e-01	7.5379e-07
TMEM65	1.8750e+00	-5.3646e-01	6.2337e-05
TMEM67	1.0790e+00	1.1345e+00	3.1439e-18
TMEM68	9.4200e-01	1.4333e+00	5.1618e-05
TMEM69	1.6300e+00	1.4196e+00	1.9713e-07
TMEM70	1.3750e+00	-4.4567e-01	6.1756e-07
TMEM71	1.5160e+00	-5.5947e-03	3.5570e-15
TMEM72	1.0810e+00	4.6370e-01	5.4463e-03
TMEM74	1.0720e+00	4.6007e-01	8.2313e-04
TMEM74B	1.6830e+00	-2.6727e-01	8.5445e-05
TMEM79	1.3020e+00	3.9340e-01	1.5907e-10
TMEM80	1.6960e+00	5.4823e-01	3.1161e-07
TMEM81	NA	6.7252e-01	NA
TMEM82	1.6200e+00	-5.8482e-01	7.6925e-13
TMEM86A	1.0260e+00	1.5269e+00	1.2977e-03
TMEM86B	1.8160e+00	-1.0639e+00	8.4127e-07
TMEM87A	6.9400e-01	1.4494e+00	1.5321e-05
TMEM87B	1.3310e+00	4.3036e-01	1.1266e-20
TMEM88	1.7500e+00	-1.4419e+00	8.9708e-04
TMEM88B	1.9790e+00	-4.1978e+00	4.0190e-07
TMEM89	1.1570e+00	1.3701e-01	2.3842e-02
TMEM8B	8.3500e-01	1.3088e+00	3.2319e-06
TMEM91	8.5600e-01	1.0685e+00	1.6149e-01
TMEM92	1.5170e+00	9.2512e-01	2.6563e-06
TMEM94	6.0100e-01	3.2743e+00	5.0575e-09
TMEM95	1.2030e+00	3.6424e-01	3.4308e-07
TMEM97	1.0830e+00	3.1200e-01	7.4799e-04
TMEM98	1.0720e+00	1.1763e+00	2.9227e-05
TMEM9	9.1700e-01	1.5063e+00	7.6176e-03
TMEM9B	7.2100e-01	1.0903e+00	4.5246e-01
TMF1	6.2000e-01	5.5011e-01	4.1579e-06
TMIE	1.4750e+00	-1.3974e-01	1.9426e-05
TMIGD1	1.3380e+00	-1.4178e-01	1.6993e-07
TMIGD2	1.7950e+00	-2.1556e-01	1.1521e-01
TMIGD3	9.3600e-01	6.6734e-01	6.0882e-04
TMOD1	5.9400e-01	1.2237e+00	5.2073e-01
TMOD2	7.9400e-01	8.4837e-01	9.4973e-04
TMOD3	7.6800e-01	8.1686e-01	1.0555e-02
TMOD4	1.0000e+00	1.0493e+00	2.3356e-09
TMPO	7.3600e-01	8.5831e-01	3.9603e-03
TMPPE	1.0500e+00	1.3076e+00	7.4218e-05
TMPRSS11A	1.1320e+00	4.3467e-01	1.7154e-13
TMPRSS11B	1.3440e+00	-1.7784e-01	2.3421e-15
TMPRSS11D	9.7400e-01	9.0637e-01	1.0646e-07
TMPRSS11E	1.0590e+00	6.2265e-02	2.3529e-12
TMPRSS11F	9.9400e-01	4.9444e-01	2.7070e-09
TMPRSS12	1.4940e+00	-2.1271e-01	1.0431e-09
TMPRSS13	9.6700e-01	1.6120e+00	3.1961e-13
TMPRSS15	1.1200e+00	-3.9771e-02	2.5099e-34
TMPRSS2	9.9100e-01	-2.4040e-02	2.5940e-15
TMPRSS3	1.1060e+00	2.3772e-01	2.1224e-16
TMPRSS4	9.4000e-01	5.6131e-01	6.8100e-11
TMPRSS5	1.3190e+00	-1.3911e+00	1.2340e-16
TMPRSS6	8.2100e-01	5.4545e-01	7.5568e-14
TMPRSS7	1.0560e+00	5.8351e-01	1.3196e-16
TMPRSS9	1.3500e+00	-3.6328e+00	3.1741e-43
TMSB10	1.9040e+00	6.1171e-01	1.2573e-02
TMTC1	8.0500e-01	3.3976e-01	5.5900e-13
TMTC2	6.3900e-01	1.4070e+00	1.6871e-03
TMTC3	7.2100e-01	2.0602e+00	1.0951e-06
TMTC4	8.4600e-01	1.4547e+00	1.0652e-13
TMUB1	1.4910e+00	-9.0178e-01	1.1582e-03
TMUB2	1.2680e+00	8.3406e-02	7.8890e-06
TMX1	1.0100e+00	1.2020e-01	1.8835e-07
TMX2	8.6600e-01	8.4085e-01	2.2454e-05
TMX3	6.8600e-01	4.8291e-01	1.6822e-01
TMX4	1.2460e+00	1.5880e-01	2.0903e-06
TNC	6.0800e-01	1.3748e+00	5.9321e-13
TNF	5.9200e-01	1.9262e+00	8.5770e-01
TNFAIP1	9.0000e-01	2.0082e+00	1.0708e-04
TNFAIP2	1.1140e+00	2.1884e-01	1.2029e-12
TNFAIP3	2.0900e-01	2.6717e+00	1.0000e+00
TNFAIP6	1.3550e+00	1.2632e+00	1.1757e-08
TNFAIP8	1.2640e+00	-4.0919e-01	1.4403e-02
TNFAIP8L1	1.9390e+00	-3.7956e-02	1.1145e-01
TNFAIP8L2	8.2900e-01	8.4402e-01	6.4396e-01
TNFAIP8L2-SCNM1	1.0550e+00	6.6722e-01	2.4938e-06
TNFAIP8L3	1.2370e+00	8.6193e-01	1.6263e-02
TNFRSF10A	1.2920e+00	-1.3747e+00	4.2138e-14
TNFRSF10B	1.0760e+00	-8.1284e-02	4.3337e-10
TNFRSF10C	1.4720e+00	2.2257e+00	2.4374e-04
TNFRSF10D	9.1700e-01	4.3234e-02	4.1838e-06
TNFRSF11A	8.7900e-01	2.8632e-01	5.4719e-08
TNFRSF11B	5.4300e-01	1.1201e+00	8.8327e-01
TNFRSF12A	1.5000e+00	-9.0137e-01	3.9133e-05
TNFRSF13B	1.7940e+00	-3.1749e-01	4.2736e-16
TNFRSF13C	1.5480e+00	-1.1960e+00	2.0915e-03
TNFRSF14	8.2700e-01	4.5694e-01	1.2540e-03
TNFRSF17	1.6590e+00	-1.5691e+00	2.3471e-04
TNFRSF18	1.6050e+00	-8.8357e-01	4.7513e-14
TNFRSF19	8.5900e-01	6.1677e-01	2.6752e-05
TNFRSF1A	3.8200e-01	1.5136e+00	9.9985e-01
TNFRSF1B	6.3700e-01	1.0397e+00	1.0187e-01
TNFRSF21	6.0400e-01	1.4629e+00	2.7172e-01
TNFRSF25	8.3600e-01	2.6360e-01	3.1532e-06
TNFRSF4	1.4890e+00	-1.6290e+00	4.0101e-08
TNFRSF6B	1.8570e+00	-2.7684e+00	5.6524e-11
TNFRSF8	5.3600e-01	1.0713e+00	7.0560e-01
TNFRSF9	8.9100e-01	3.6664e-01	1.7637e-02
TNFSF10	8.0700e-01	1.1071e-01	2.0416e-02
TNFSF11	6.0300e-01	8.5948e-01	6.6126e-01
TNFSF12	9.7100e-01	-6.6456e-01	3.8060e-04
TNFSF12-TNFSF13	8.7900e-01	-2.3785e-01	1.7586e-06
TNFSF13	8.5200e-01	6.6607e-01	7.8283e-04
TNFSF13B	4.5200e-01	1.9155e+00	9.9340e-01
TNFSF14	9.1800e-01	8.5016e-01	2.4671e-03
TNFSF15	9.8500e-01	3.1414e-01	5.8728e-04
TNFSF18	1.3240e+00	-4.7347e-02	4.6565e-02
TNFSF4	9.9000e-01	1.1459e+00	5.9353e-01
TNFSF8	5.1400e-01	1.0968e+00	9.6417e-01
TNFSF9	1.8440e+00	-9.6423e-01	3.1472e-05
TNIK	3.3800e-01	4.5944e+00	1.0000e+00
TNIP1	3.7300e-01	1.2722e+00	1.0000e+00
TNIP2	1.1740e+00	-1.1200e+00	1.2494e-09
TNIP3	1.0010e+00	6.9070e-01	3.1877e-08
TNK1	1.1390e+00	-2.4376e-01	7.1010e-17
TNK2	1.0210e+00	-2.3849e+00	3.0832e-24
TNKS1BP1	4.3800e-01	8.2671e-01	9.9995e-01
TNKS2	7.1300e-01	2.9841e+00	8.2242e-09
TNKS	6.3900e-01	-2.7589e-01	1.1512e-06
TNN	1.0890e+00	-1.4698e-01	2.4247e-36
TNNC1	8.4400e-01	2.6915e+00	4.9557e-02
TNNC2	1.0470e+00	1.5596e+00	5.5183e-04
TNNI1	8.6700e-01	2.2393e+00	5.0179e-03
TNNI2	8.2200e-01	1.1774e+00	1.0025e-02
TNNI3	1.0990e+00	8.0763e-01	6.5705e-07
TNNI3K	1.4040e+00	-8.5077e-01	1.2440e-51
TNNT1	1.4150e+00	4.9022e-01	1.1036e-19
TNNT2	6.8300e-01	2.1516e+00	2.8240e-04
TNNT3	8.6600e-01	1.0044e+00	2.5681e-08
TNP1	7.7300e-01	3.4047e-01	7.4742e-01
TNP2	1.7080e+00	-8.3862e-01	1.8439e-04
TNPO1	1.5200e-01	4.9416e+00	1.0000e+00
TNPO2	2.2900e-01	6.7861e+00	1.0000e+00
TNPO3	6.5400e-01	3.4263e+00	7.2667e-08
TNR	3.7300e-01	2.4079e+00	1.0000e+00
TNRC18	5.5600e-01	-7.5215e+00	5.9773e-05
TNRC6A	2.5700e-01	1.9670e+00	1.0000e+00
TNRC6B	3.3200e-01	2.9401e+00	1.0000e+00
TNRC6C	2.3200e-01	1.5261e+00	1.0000e+00
TNS1	4.4600e-01	9.7811e-01	9.9984e-01
TNS2	6.1200e-01	1.3370e+00	5.9314e-09
TNS3	4.2700e-01	1.2787e+00	9.9999e-01
TNS4	8.3900e-01	7.8940e-01	2.3784e-10
TNXB	6.7400e-01	3.0208e+00	7.7924e-31
TOB1	2.6600e-01	2.4945e+00	9.9983e-01
TOB2	4.2100e-01	1.0339e+00	9.9204e-01
TOE1	1.2250e+00	2.0223e+00	5.2565e-17
TOGARAM1	7.2400e-01	9.1768e-01	4.9374e-15
TOGARAM2	1.1900e+00	-3.0854e-02	2.0709e-28
TOLLIP	7.4700e-01	1.3236e+00	3.7468e-02
TOM1	8.6600e-01	1.0362e+00	2.5877e-09
TOM1L1	1.3100e+00	1.0114e+00	6.3292e-17
TOM1L2	6.1400e-01	1.0865e+00	8.9929e-03
TOMM20	9.5100e-01	1.1908e+00	1.3087e-01
TOMM20L	1.5780e+00	-1.4467e+00	1.0486e-05
TOMM22	4.5800e-01	7.5620e-01	9.8326e-01
TOMM34	8.8700e-01	1.3151e+00	1.4314e-05
TOMM40	4.5600e-01	1.8687e+00	9.9576e-01
TOMM40L	6.3400e-01	2.0804e+00	1.8348e-01
TOMM5	1.2830e+00	4.7235e-01	4.3863e-01
TOMM6	1.7240e+00	-6.4213e-02	5.7817e-03
TOMM70	2.9800e-01	1.7712e+00	1.0000e+00
TOMM7	1.5840e+00	-3.2952e-01	4.1728e-03
TOMT	1.5480e+00	9.6541e-02	3.7601e-09
TONSL	1.0240e+00	-1.1994e+00	2.6737e-33
TOP1	1.2200e-01	5.3640e+00	1.0000e+00
TOP1MT	1.2660e+00	-3.9567e-03	3.3327e-28
TOP2A	4.2200e-01	4.9956e+00	1.0000e+00
TOP2B	3.2800e-01	3.7013e+00	1.0000e+00
TOP3A	7.3700e-01	2.2407e+00	2.6987e-10
TOP3B	6.3200e-01	2.9945e+00	8.6922e-05
TOPAZ1	5.4700e-01	1.1365e+00	3.0716e-02
TOPBP1	2.2500e-01	2.6262e+00	1.0000e+00
TOPORS	4.1800e-01	2.3457e+00	9.9997e-01
TOR1A	8.4000e-01	9.6185e-01	9.8008e-04
TOR1AIP1	8.6900e-01	-8.5041e-02	4.9037e-03
TOR1AIP2	8.1800e-01	1.9211e+00	9.1299e-04
TOR1B	7.6800e-01	3.6600e-01	2.5250e-02
TOR2A	1.5240e+00	-3.7412e-01	1.8933e-09
TOR3A	1.3930e+00	-6.3351e-01	1.2688e-14
TOR4A	1.9640e+00	-2.5853e+00	4.6079e-07
TOX2	5.0500e-01	7.3733e-01	9.7646e-01
TOX	3.2600e-01	1.7773e+00	1.0000e+00
TOX3	4.7000e-01	6.1112e-01	9.9501e-01
TOX4	3.1100e-01	3.6853e+00	1.0000e+00
TP53	4.4900e-01	1.1539e+00	9.9798e-01
TP53AIP1	1.9720e+00	-4.7733e-01	4.1003e-10
TP53BP1	3.6400e-01	2.6793e+00	1.0000e+00
TP53BP2	5.8100e-01	2.4461e+00	7.2260e-05
TP53I11	6.5500e-01	1.8373e+00	6.7440e-01
TP53I13	1.1120e+00	-9.6280e-01	3.2025e-08
TP53I3	1.4020e+00	1.1136e+00	1.6645e-13
TP53INP1	9.0100e-01	6.9623e-01	1.5762e-02
TP53INP2	1.3900e+00	-1.3169e+00	1.6829e-04
TP53RK	1.7760e+00	-7.0958e-01	1.6819e-07
TP53TG3D	1.3010e+00	1.4951e+00	4.3081e-01
TP53TG5	8.4200e-01	6.3764e-01	4.3851e-03
TP63	2.9600e-01	3.5197e+00	1.0000e+00
TP73	5.7600e-01	1.6543e+00	2.8730e-01
TPBG	1.0640e+00	-1.5438e+00	8.8859e-04
TPBGL	NA	-6.3125e+00	NA
TPCN1	5.8000e-01	3.2986e+00	8.7598e-04
TPCN2	9.7700e-01	-6.9799e-02	1.5596e-25
TPD52	8.2900e-01	7.6225e-01	8.9221e-03
TPD52L1	9.7700e-01	1.3875e+00	1.1815e-03
TPD52L2	1.1380e+00	4.7481e-01	3.2858e-06
TPD52L3	1.8020e+00	-1.0845e+00	2.4999e-06
TPGS1	1.9860e+00	-4.6872e+00	4.5331e-12
TPGS2	1.0880e+00	6.2123e-01	4.6962e-08
TPH1	9.2100e-01	1.0777e+00	1.6919e-08
TPH2	5.4700e-01	1.4394e+00	7.2159e-01
TPI1	5.6300e-01	1.6800e+00	8.7484e-01
TPK1	1.3370e+00	1.3054e-01	1.9608e-06
TPM1	7.5700e-01	3.9463e+00	5.9633e-04
TPM2	8.7000e-01	3.3055e+00	6.6608e-06
TPM3	5.1100e-01	3.2542e+00	9.7188e-01
TPM4	8.0100e-01	8.9838e-01	5.5354e-03
TPMT	8.2300e-01	4.4999e-01	8.2605e-04
TPO	9.6800e-01	3.2831e-01	1.5268e-21
TPP1	7.8000e-01	1.0358e+00	1.5534e-08
TPP2	2.9000e-01	4.5833e+00	1.0000e+00
TPPP2	1.0440e+00	3.3945e-01	2.4610e-02
TPPP3	9.5100e-01	1.4193e+00	8.1041e-02
TPPP	7.5500e-01	7.5567e-01	4.3874e-01
TPR	2.0300e-01	3.9967e+00	1.0000e+00
TPRA1	9.3800e-01	8.2700e-01	4.3632e-07
TPRG1	1.2950e+00	4.0335e-01	4.0517e-10
TPRG1L	1.3020e+00	-3.8584e-01	2.1895e-08
TPRKB	9.4000e-01	-6.6330e-01	3.1010e-01
TPRN	1.0990e+00	-3.1928e+00	1.1294e-09
TPRX1	1.7290e+00	-3.1967e-01	9.9194e-04
TPSAB1	1.9000e+00	-3.7430e-01	2.4474e-06
TPSB2	1.8030e+00	-6.6698e-01	2.7340e-04
TPSD1	1.7470e+00	-2.4387e+00	4.4377e-13
TPSG1	1.9820e+00	-3.5376e+00	1.7948e-22
TPST1	8.3100e-01	1.9546e+00	4.1979e-04
TPST2	9.5700e-01	1.0055e+00	4.5626e-04
TPT1	5.2000e-01	2.1230e+00	9.6280e-01
TPTE	1.3880e+00	9.1685e-01	3.1287e-22
TPTE2	NA	1.1964e+00	NA
TPTEP2-CSNK1E	5.8800e-01	3.0602e+00	5.2360e-01
TPX2	2.9000e-01	1.4885e+00	1.0000e+00
TRA2A	9.7900e-01	1.6331e+00	1.2400e-06
TRA2B	5.2800e-01	4.2143e+00	9.5587e-01
TRABD2A	1.2660e+00	9.1961e-02	4.8347e-16
TRABD2B	7.1000e-01	1.0128e+00	1.0745e-01
TRABD	9.2900e-01	7.7758e-01	9.6574e-07
TRADD	8.8600e-01	3.5720e-01	3.7951e-03
TRAF1	7.4500e-01	1.0151e+00	3.1420e-03
TRAF2	2.1500e-01	1.9284e+00	1.0000e+00
TRAF3	3.2100e-01	4.4189e+00	1.0000e+00
TRAF3IP1	7.2300e-01	6.1972e-01	4.2270e-08
TRAF3IP2	7.7100e-01	2.1434e+00	2.2933e-05
TRAF3IP3	8.5800e-01	9.2088e-01	1.0390e-13
TRAF4	3.4300e-01	2.6361e+00	9.9999e-01
TRAF5	9.3800e-01	2.0192e+00	1.1206e-11
TRAF6	3.5600e-01	4.0264e+00	9.9997e-01
TRAF7	6.7500e-01	2.7873e+00	1.7117e-06
TRAFD1	7.4900e-01	1.5770e+00	1.1898e-06
TRAIP	7.3900e-01	1.8702e+00	1.7835e-06
TRAK1	4.6100e-01	1.8339e+00	9.9850e-01
TRAK2	8.9300e-01	1.3212e+00	8.2754e-17
TRAM1	5.3000e-01	1.5921e+00	9.3457e-01
TRAM1L1	1.6350e+00	2.5074e-01	4.4560e-01
TRAM2	3.4900e-01	2.0129e+00	9.9999e-01
TRANK1	7.9300e-01	2.7444e+00	1.7570e-41
TRAP1	1.3430e+00	-3.3842e+00	8.6985e-40
TRAPPC10	2.7300e-01	2.2794e+00	1.0000e+00
TRAPPC11	8.1600e-01	1.1700e+00	4.5163e-18
TRAPPC12	1.1920e+00	-1.1355e+00	6.4066e-17
TRAPPC13	1.1080e+00	1.2265e+00	1.3975e-07
TRAPPC14	6.5000e-01	1.0638e+00	1.9617e-02
TRAPPC1	9.2900e-01	8.6061e-01	2.0092e-02
TRAPPC2B	1.3020e+00	1.8122e-01	5.0113e-02
TRAPPC2L	1.9060e+00	-9.9248e-01	4.3413e-05
TRAPPC3	6.2500e-01	8.9286e-01	8.4512e-01
TRAPPC3L	1.4820e+00	2.1065e-01	2.4947e-07
TRAPPC4	1.6890e+00	8.2914e-01	1.8799e-11
TRAPPC5	1.5270e+00	4.4067e-01	2.5126e-02
TRAPPC6A	1.8770e+00	-3.7874e-01	1.4337e-11
TRAPPC6B	1.8420e+00	-3.1556e-01	8.0596e-03
TRAPPC8	4.2100e-01	1.8881e+00	1.0000e+00
TRAPPC9	7.8600e-01	2.2235e+00	1.2947e-16
TRARG1	1.8070e+00	2.3880e-03	3.4339e-07
TRAT1	1.7340e+00	-5.6839e-02	2.3352e-03
TRDMT1	1.4370e+00	-1.1039e+00	2.2261e-11
TRDN	1.3590e+00	-1.0725e+00	1.1258e-24
TREH	1.1900e+00	-6.6573e-01	1.1508e-23
TREM1	1.0250e+00	3.1697e-01	1.9279e-04
TREM2	1.2110e+00	7.6015e-01	6.6484e-07
TREML1	1.4510e+00	8.6246e-01	2.7698e-10
TREML2	1.3640e+00	8.0402e-01	1.9368e-09
TREML4	1.3230e+00	-5.3517e-01	7.4593e-09
TRERF1	3.0400e-01	2.8266e+00	1.0000e+00
TREX1	1.2650e+00	3.0555e-01	7.6781e-04
TRGC1	NA	2.4517e-01	NA
TRGC2	NA	-1.6605e-01	NA
TRGJP	NA	-1.8113e-01	NA
TRGV9	NA	6.8297e-01	NA
TRH	1.8370e+00	-3.5956e-02	1.3821e-03
TRHDE	7.9600e-01	1.4841e+00	1.6160e-09
TRHR	7.5100e-01	9.6315e-01	3.4831e-02
TRIAP1	1.6970e+00	5.0996e-01	2.7301e-03
TRIB1	8.4500e-01	-2.8706e-01	1.8821e-02
TRIB2	2.2300e-01	2.7818e+00	9.9998e-01
TRIB3	1.6650e+00	3.6842e-01	8.7344e-09
TRIL	1.0290e+00	-1.4925e+00	1.9071e-06
TRIM10	1.2860e+00	4.2489e-01	1.1265e-13
TRIM11	8.9000e-01	1.1137e+00	2.1048e-03
TRIM13	8.1700e-01	1.5649e+00	6.7000e-03
TRIM14	1.0620e+00	-1.1956e+00	9.4075e-09
TRIM15	1.3350e+00	-1.7381e-01	5.5885e-13
TRIM16	9.0600e-01	1.5097e+00	4.5848e-08
TRIM16L	7.5900e-01	2.1181e+00	8.3104e-03
TRIM17	1.0210e+00	7.2678e-01	1.5527e-07
TRIM21	1.2600e+00	-5.5749e-01	2.3222e-12
TRIM22	8.6900e-01	-1.3963e-01	1.2085e-05
TRIM23	5.2400e-01	3.0885e+00	8.6894e-01
TRIM2	3.9800e-01	3.9511e+00	9.9998e-01
TRIM24	2.9700e-01	3.1158e+00	1.0000e+00
TRIM25	9.2100e-01	1.1082e+00	1.9477e-11
TRIM26	5.3900e-01	3.3274e+00	8.9665e-01
TRIM27	3.3500e-01	3.7834e+00	1.0000e+00
TRIM28	1.7000e-01	1.5554e+00	1.0000e+00
TRIM29	1.1540e+00	4.7410e-01	9.4922e-17
TRIM31	9.5000e-01	1.0561e+00	1.8111e-07
TRIM32	7.3000e-01	1.7542e+00	7.0294e-03
TRIM3	3.1000e-01	3.6475e+00	1.0000e+00
TRIM33	2.3000e-01	2.7485e+00	1.0000e+00
TRIM34	1.3470e+00	6.5070e-01	2.2064e-15
TRIM35	9.7400e-01	8.2474e-01	6.2917e-10
TRIM36	7.4700e-01	-2.6848e-01	2.0834e-06
TRIM37	7.8900e-01	1.7581e+00	1.4743e-15
TRIM38	1.1970e+00	5.7396e-01	8.4989e-11
TRIM39	4.1100e-01	2.8031e+00	9.7883e-01
TRIM39-RPP21	5.0900e-01	3.2606e+00	9.5298e-01
TRIM40	1.3690e+00	6.8672e-01	3.2709e-10
TRIM4	1.3530e+00	2.9902e-01	4.1196e-10
TRIM41	4.8000e-01	6.4383e-01	9.9324e-01
TRIM42	1.0800e+00	1.1449e+00	6.1825e-18
TRIM43	7.1900e-01	2.0171e+00	1.2684e-01
TRIM43B	9.2000e-01	2.2019e+00	1.3579e-03
TRIM44	5.6100e-01	4.4227e-01	8.5228e-01
TRIM45	1.1460e+00	1.1126e+00	5.6909e-14
TRIM46	3.5400e-01	4.1874e+00	1.0000e+00
TRIM47	1.3510e+00	-1.0287e+00	5.5084e-17
TRIM48	1.5790e+00	-2.1096e+00	1.6300e-10
TRIM49	9.6900e-01	2.3900e+00	2.7969e-01
TRIM49B	9.4500e-01	5.5273e-01	1.6442e-04
TRIM49C	8.1900e-01	3.0778e+00	6.5387e-01
TRIM50	1.0700e+00	-8.2752e-02	4.9613e-10
TRIM5	1.0330e+00	7.3201e-02	1.7911e-06
TRIM51	1.1660e+00	-9.3287e-01	5.4428e-07
TRIM51GP	1.3250e+00	-1.2297e+00	1.1108e-02
TRIM52	1.1070e+00	4.8210e-01	6.9945e-08
TRIM54	1.2400e+00	9.0105e-02	1.3528e-13
TRIM55	1.0210e+00	2.5568e-01	5.5404e-14
TRIM56	9.7400e-01	6.5864e-01	7.3306e-03
TRIM58	1.8880e+00	-1.7804e+00	2.4563e-16
TRIM59	6.7500e-01	2.3047e-01	1.1664e-01
TRIM60	1.8700e+00	6.8618e-01	3.1491e-01
TRIM6	1.0210e+00	-1.8539e-01	9.8507e-11
TRIM61	8.7000e-01	2.8039e+00	7.1577e-01
TRIM62	1.3290e+00	1.3133e+00	4.5624e-14
TRIM63	1.3290e+00	-8.1170e-02	1.3752e-15
TRIM64B	1.1800e-01	5.4084e+00	9.9999e-01
TRIM64C	1.1230e+00	5.5500e-01	9.5859e-07
TRIM65	1.9490e+00	-1.9746e+00	5.4894e-23
TRIM66	7.3800e-01	8.6425e-01	6.7136e-18
TRIM67	8.4600e-01	-9.7623e-02	4.9459e-08
TRIM68	1.0500e+00	5.5628e-02	1.2094e-11
TRIM69	9.7900e-01	1.2820e-01	7.2514e-09
TRIM6-TRIM34	1.1250e+00	1.1128e-01	1.7937e-26
TRIM71	2.7500e-01	1.8668e+00	1.0000e+00
TRIM7	1.4880e+00	-2.3690e+00	2.8059e-11
TRIM72	1.6390e+00	-2.2494e+00	2.9864e-14
TRIM73	9.2700e-01	1.8748e+00	6.9156e-01
TRIM74	1.4590e+00	2.0503e+00	2.2661e-01
TRIM77	1.1380e+00	1.1724e+00	1.1322e-04
TRIM8	2.9100e-01	2.5107e+00	1.0000e+00
TRIM9	4.0700e-01	3.0420e+00	9.9997e-01
TRIML1	1.4320e+00	-6.8157e-02	2.4162e-15
TRIML2	1.1720e+00	2.0973e-01	5.4533e-08
TRIO	2.1700e-01	4.6931e+00	1.0000e+00
TRIOBP	8.6500e-01	1.2819e+00	5.7040e-43
TRIP10	8.1400e-01	1.0861e+00	2.7526e-11
TRIP11	7.3100e-01	2.0293e+00	1.8257e-27
TRIP12	1.4500e-01	6.3660e+00	1.0000e+00
TRIP13	5.9200e-01	2.6712e+00	1.9213e-01
TRIP4	8.0200e-01	4.5807e-01	4.2173e-10
TRIP6	9.0100e-01	-3.5412e-01	5.2913e-08
TRIQK	1.8150e+00	1.4308e-01	3.5773e-01
TRIR	8.7500e-01	7.0081e-02	2.9449e-01
TRIT1	1.0060e+00	1.1760e+00	2.7872e-10
TRMO	9.5600e-01	2.3392e-01	4.1072e-05
TRMT10A	1.1810e+00	5.9725e-01	2.4525e-11
TRMT10B	9.7200e-01	2.7729e-01	3.1480e-08
TRMT10C	7.6000e-01	7.7715e-01	1.9181e-02
TRMT11	1.0780e+00	2.8996e-01	6.8699e-09
TRMT112	1.1230e+00	-8.4521e-01	7.7807e-03
TRMT12	8.3600e-01	1.4246e+00	6.3621e-01
TRMT13	1.0470e+00	1.0726e+00	2.0624e-10
TRMT1	9.7200e-01	7.8450e-01	5.1707e-17
TRMT1L	5.6700e-01	1.9829e+00	3.0628e-01
TRMT2A	1.3590e+00	-4.2565e-01	4.6789e-23
TRMT44	1.1910e+00	-1.2336e+00	1.5673e-21
TRMT5	9.6900e-01	7.9761e-01	9.3056e-09
TRMT61A	1.1830e+00	9.6232e-01	7.5160e-05
TRMT61B	1.3360e+00	-5.6537e-01	5.5012e-13
TRMT6	7.8500e-01	7.7572e-01	8.8155e-06
TRMT9B	1.8600e+00	-5.4041e+00	1.2366e-09
TRMU	1.2760e+00	-3.6829e-01	2.8114e-17
TRNAU1AP	9.4200e-01	1.6150e+00	6.2455e-08
TRNP1	1.9790e+00	-3.9085e+00	4.9433e-09
TRNT1	1.2320e+00	-1.4211e+00	3.6366e-13
TROAP	9.0800e-01	1.6660e+00	4.7562e-16
TRPA1	1.0630e+00	1.0926e+00	2.7043e-24
TRPC1	6.3500e-01	3.1606e+00	2.7685e-04
TRPC3	7.5100e-01	3.1086e+00	3.4207e-09
TRPC4	6.1000e-01	3.1525e+00	6.2853e-05
TRPC4AP	5.6400e-01	1.6305e+00	1.8684e-02
TRPC6	7.0800e-01	1.9131e+00	6.5085e-08
TRPC7	5.9600e-01	2.0989e+00	1.1747e-03
TRPM1	8.3900e-01	1.3804e+00	7.0919e-27
TRPM2	1.0470e+00	-3.8157e-03	1.4278e-49
TRPM3	4.8000e-01	3.8396e+00	8.9699e-01
TRPM4	1.0840e+00	-9.7407e-02	1.4032e-39
TRPM5	1.3280e+00	-1.5241e+00	2.5912e-46
TRPM6	4.9400e-01	3.0997e+00	1.9828e-02
TRPM7	6.8100e-01	2.6185e+00	1.7833e-17
TRPM8	9.4500e-01	1.5081e+00	2.9255e-23
TRPS1	1.1400e-01	2.5970e+00	1.0000e+00
TRPT1	1.2280e+00	2.8173e-02	1.1786e-07
TRPV1	1.2570e+00	4.0116e-02	6.3449e-30
TRPV2	7.8500e-01	2.2190e+00	5.4135e-12
TRPV3	1.2350e+00	-7.1520e-03	2.6489e-28
TRPV4	8.2400e-01	3.5725e+00	6.1123e-13
TRPV5	1.0070e+00	5.4849e-01	1.2413e-17
TRPV6	6.3800e-01	2.6896e+00	8.4763e-05
TRRAP	1.1500e-01	1.0527e+01	1.0000e+00
TRUB1	1.0110e+00	4.4608e-01	2.7988e-03
TRUB2	1.2360e+00	6.5555e-02	4.1325e-11
TSACC	1.0100e+00	4.3491e-01	1.5497e-01
TSBP1	1.0660e+00	1.9509e+00	1.6148e-05
TSC1	2.2700e-01	3.7116e+00	1.0000e+00
TSC2	2.0300e-01	1.7171e-01	1.0000e+00
TSC22D1	1.9900e-01	-5.9418e-01	1.0000e+00
TSC22D2	2.2100e-01	-7.8080e-02	1.0000e+00
TSC22D4	5.4300e-01	5.4718e-01	9.4448e-01
TSEN15	1.1160e+00	5.0103e-01	2.9550e-02
TSEN2	1.2120e+00	-3.6979e-01	7.6736e-17
TSEN34	1.1590e+00	-1.1551e+00	6.5744e-08
TSEN54	1.2580e+00	-1.4479e+00	2.7307e-19
TSFM	1.1970e+00	8.8620e-02	1.8489e-09
TSG101	6.5100e-01	2.0628e+00	1.1868e-01
TSGA10	5.9800e-01	2.0498e+00	9.4321e-03
TSGA10IP	NA	-1.4528e-01	NA
TSGA13	1.3470e+00	4.5199e-02	1.8693e-13
TSHB	1.5320e+00	-9.4343e-02	9.7032e-04
TSHR	1.0120e+00	1.3233e+00	7.3450e-14
TSHZ1	2.8900e-01	1.5345e+00	1.0000e+00
TSHZ2	4.0600e-01	9.2101e-01	9.9998e-01
TSHZ3	2.6300e-01	2.1019e+00	1.0000e+00
TSKS	5.8700e-01	-1.4073e-01	1.5686e-01
TSKU	9.1200e-01	1.2313e+00	1.6562e-01
TSLP	1.4290e+00	-5.4897e-01	5.9067e-05
TSN	3.0900e-01	2.7809e+00	9.9971e-01
TSNARE1	1.0320e+00	-8.9721e-01	3.8665e-14
TSNAX	6.4800e-01	1.8471e+00	4.6063e-01
TSNAX-DISC1	NA	5.2611e-01	NA
TSNAXIP1	1.2260e+00	5.6578e-01	1.6137e-31
TSPAN10	NA	-9.4675e-01	NA
TSPAN11	1.1170e+00	1.0627e+00	5.9783e-08
TSPAN1	1.1420e+00	6.5449e-01	3.5992e-07
TSPAN12	6.5500e-01	1.2581e+00	1.4188e-01
TSPAN13	1.1400e+00	1.2815e+00	4.5223e-04
TSPAN14	7.1500e-01	2.1008e+00	9.7240e-02
TSPAN15	9.0600e-01	1.0938e+00	5.4073e-04
TSPAN16	1.1780e+00	8.1071e-01	9.8496e-07
TSPAN17	1.0990e+00	1.1279e+00	1.3042e-10
TSPAN18	7.8100e-01	1.3525e+00	1.9956e-02
TSPAN19	1.9070e+00	-3.5154e-01	2.9533e-07
TSPAN2	1.1950e+00	-1.9553e-01	8.4394e-08
TSPAN31	9.2400e-01	1.1730e+00	7.3197e-04
TSPAN32	1.6490e+00	-1.9347e+00	1.5907e-16
TSPAN33	8.9000e-01	1.5812e+00	4.2018e-05
TSPAN3	7.0900e-01	1.0203e+00	4.1229e-01
TSPAN4	1.6160e+00	-1.1712e-01	7.2541e-16
TSPAN5	4.2100e-01	2.8719e+00	9.9865e-01
TSPAN8	9.1200e-01	3.1009e-01	2.7656e-04
TSPAN9	8.3600e-01	7.9949e-01	2.9193e-03
TSPEAR	1.1610e+00	-7.3843e-01	9.8848e-23
TSPO	1.8710e+00	-9.4225e-01	1.7745e-07
TSPO2	1.6400e+00	1.1141e-01	2.7975e-08
TSPOAP1	5.7300e-01	1.7126e+00	4.8301e-08
TSPYL1	1.0560e+00	1.8164e-01	1.3518e-04
TSPYL4	1.6430e+00	-9.6967e-01	1.4348e-03
TSPYL5	NA	-1.5005e+00	NA
TSPYL6	1.7640e+00	-2.0726e+00	3.8796e-01
TSR1	1.0460e+00	4.4778e-01	3.3044e-24
TSR3	1.6490e+00	-1.9400e+00	1.9541e-13
TSSC4	1.9140e+00	-1.3190e+00	6.4321e-02
TSSK1B	1.4620e+00	5.2146e-01	3.0429e-02
TSSK2	8.0600e-01	1.2077e+00	7.7867e-02
TSSK3	1.2240e+00	2.2528e-01	2.4985e-05
TSSK4	1.0230e+00	1.8931e+00	1.0884e-06
TSSK6	1.9090e+00	1.0256e+00	1.1107e-04
TST	1.4780e+00	1.5623e-01	1.2371e-09
TSTD1	9.1800e-01	-5.3043e-02	1.0178e-01
TSTD2	1.0230e+00	6.8720e-01	2.0075e-08
TSTD3	1.8650e+00	-3.0477e-01	1.6881e-02
TTBK1	4.9200e-01	1.1886e+00	9.7199e-01
TTBK2	3.2600e-01	1.9401e+00	1.0000e+00
TTC1	1.1020e+00	5.1745e-02	2.5422e-06
TTC12	9.3400e-01	5.9965e-01	2.9007e-13
TTC13	6.7900e-01	2.0148e+00	3.2363e-05
TTC14	1.0000e+00	3.0862e-01	5.5572e-19
TTC16	1.0030e+00	6.7840e-01	9.8806e-19
TTC17	4.8100e-01	1.5421e+00	9.7223e-01
TTC19	1.0490e+00	-4.8028e-01	1.5422e-09
TTC21A	9.0500e-01	2.2797e+00	4.5319e-32
TTC21B	8.3100e-01	6.0140e-01	5.2851e-25
TTC22	1.3780e+00	-1.4600e+00	1.0322e-13
TTC23	1.2710e+00	6.8103e-01	1.2820e-20
TTC23L	1.1570e+00	7.5120e-01	9.0413e-13
TTC24	1.0890e+00	5.4338e-01	3.6452e-16
TTC26	7.9400e-01	1.7655e+00	5.2610e-07
TTC27	7.7300e-01	-4.7223e-01	3.8474e-12
TTC28	3.8600e-01	3.4708e+00	1.0000e+00
TTC29	8.8700e-01	-1.7572e-01	2.5178e-05
TTC30A	1.1330e+00	1.0013e+00	1.2369e-09
TTC30B	9.4600e-01	1.0238e+00	3.0487e-08
TTC31	1.2050e+00	-6.6524e-02	1.1004e-20
TTC32	1.6550e+00	-1.7951e-02	2.6664e-06
TTC33	1.1320e+00	5.9972e-01	2.9404e-05
TTC34	1.4450e+00	-8.7354e-01	7.9173e-14
TTC36	1.7960e+00	-1.9170e+00	3.7720e-07
TTC3	7.5500e-01	1.9433e+00	1.5650e-05
TTC37	7.7600e-01	1.7617e+00	9.3536e-33
TTC38	1.2390e+00	6.7533e-01	1.2882e-21
TTC39A	7.5000e-01	2.1883e+00	1.5553e-08
TTC39B	1.1530e+00	-1.5330e+00	2.1512e-16
TTC39C	5.4200e-01	1.5592e+00	7.7664e-01
TTC4	8.5100e-01	9.3535e-01	1.1908e-06
TTC5	1.0340e+00	4.8848e-01	1.7933e-11
TTC6	1.8700e+00	-4.1533e-01	1.7708e-01
TTC7A	1.1980e+00	-2.2052e+00	8.8944e-37
TTC7B	4.0300e-01	2.2958e+00	9.9999e-01
TTC8	8.0000e-01	6.0385e-01	5.2419e-08
TTC9	9.2500e-01	-3.9369e-01	3.9879e-03
TTC9B	1.0750e+00	-5.5074e-01	1.5461e-03
TTC9C	9.7400e-01	-4.3925e-01	1.2284e-03
TTF1	1.0180e+00	1.0988e+00	3.1760e-17
TTF2	8.6200e-01	1.1486e+00	6.4258e-26
TTI1	7.8000e-01	1.6011e+00	3.3389e-11
TTI2	7.5800e-01	9.5273e-01	1.4488e-04
TTK	6.6600e-01	7.4887e-01	2.9898e-07
TTL	4.2300e-01	1.7814e+00	9.9913e-01
TTLL10	1.2430e+00	-1.1388e+00	6.1802e-21
TTLL10-AS1	1.8280e+00	1.0042e-01	2.0466e-01
TTLL11	1.0440e+00	1.0347e+00	3.4133e-09
TTLL12	1.2850e+00	-1.6026e+00	3.5109e-28
TTLL13P	1.0890e+00	1.0387e+00	1.4501e-24
TTLL1	8.8900e-01	1.0382e+00	4.1262e-08
TTLL2	1.8350e+00	4.6372e-01	1.3020e-05
TTLL3	1.0530e+00	1.0010e+00	1.0144e-18
TTLL4	7.5400e-01	1.8831e+00	3.3807e-16
TTLL5	8.8800e-01	9.0487e-01	1.2848e-30
TTLL6	8.7700e-01	1.1794e+00	1.7905e-17
TTLL7	5.6400e-01	3.0319e+00	4.7091e-03
TTLL8	1.1200e+00	5.8855e-01	3.0381e-19
TTLL9	9.2400e-01	1.0053e+00	2.1028e-10
TTN	4.7900e-01	7.0514e+00	1.3925e-89
TTPA	1.2760e+00	-1.1080e-01	7.1096e-07
TTPAL	1.0060e+00	1.3530e+00	3.5940e-05
TTR	1.0490e+00	1.5504e+00	1.2960e-02
TTYH1	8.5400e-01	-4.3422e-02	2.0358e-07
TTYH2	8.9800e-01	1.2136e+00	3.9495e-12
TTYH3	6.8400e-01	-2.2583e+00	5.8612e-03
TUB	7.5400e-01	4.9778e-01	1.6347e-05
TUBA1A	3.7000e-01	8.7528e+00	9.9979e-01
TUBA1B	1.2900e-01	8.1963e+00	1.0000e+00
TUBA1C	6.8800e-01	3.9863e+00	6.2900e-02
TUBA3C	9.2400e-01	3.3478e+00	3.5927e-06
TUBA3D	9.7200e-01	3.5901e+00	2.6336e-06
TUBA3E	8.8000e-01	1.6701e+00	8.9739e-05
TUBA4A	9.4500e-01	5.0015e+00	7.9956e-06
TUBA4B	1.1090e+00	1.1334e+00	5.6556e-02
TUBA8	1.1170e+00	1.2844e+00	6.9178e-09
TUBAL3	1.4600e+00	-3.0316e-01	2.5945e-04
TUBB1	1.5860e+00	8.7840e-01	4.4225e-13
TUBB	1.7800e-01	8.3509e+00	1.0000e+00
TUBB2A	4.4900e-01	6.0308e+00	9.9392e-01
TUBB2B	3.3800e-01	6.9742e+00	9.9983e-01
TUBB3	6.9000e-01	5.6731e+00	4.2291e-02
TUBB4A	6.0400e-01	5.1310e+00	6.0434e-01
TUBB4B	3.7700e-01	6.5815e+00	9.9971e-01
TUBB6	8.2600e-01	2.5154e+00	5.7583e-03
TUBB8	1.2860e+00	3.4781e+00	1.3050e-07
TUBB8B	1.4540e+00	-3.4936e-01	1.7522e-06
TUBD1	9.5000e-01	1.2065e+00	7.9851e-09
TUBE1	8.6600e-01	2.4806e-01	1.3088e-05
TUBG1	5.8300e-01	5.8645e+00	3.1647e-01
TUBG2	9.0300e-01	3.6946e+00	1.3766e-09
TUBGCP2	7.6200e-01	1.1932e+00	5.6337e-11
TUBGCP3	5.1200e-01	2.6768e+00	6.7024e-01
TUBGCP4	7.1000e-01	2.9664e+00	5.6960e-08
TUBGCP5	8.4300e-01	1.3714e+00	6.7830e-20
TUBGCP6	1.0710e+00	-1.0132e+00	1.4869e-51
TUFM	7.0300e-01	2.1290e+00	3.1196e-03
TUFT1	9.9100e-01	3.8719e-01	1.4903e-11
TULP1	1.0190e+00	-3.9346e-01	2.9584e-14
TULP2	1.2930e+00	5.8564e-01	3.3044e-25
TULP3	1.0590e+00	5.5198e-01	1.2493e-09
TULP4	1.9500e-01	1.9436e+00	1.0000e+00
TUSC1	1.9730e+00	-5.1947e+00	7.1595e-07
TUSC2	1.3700e+00	-1.5348e-01	9.2486e-03
TUSC3	1.3100e+00	-1.1313e+00	5.0694e-15
TUT1	7.9600e-01	1.0187e+00	6.1347e-06
TUT4	2.4100e-01	4.1003e+00	1.0000e+00
TUT7	2.7300e-01	3.6687e+00	1.0000e+00
TVP23A	9.5400e-01	-5.3520e-01	4.2627e-05
TVP23B	5.6700e-01	1.8680e+00	9.0883e-01
TVP23C	1.0270e+00	1.1941e+00	2.7060e-05
TVP23C-CDRT4	NA	-5.7447e-02	NA
TWF1	6.0200e-01	1.6081e+00	8.5250e-01
TWF2	5.2500e-01	8.5241e-01	9.4641e-01
TWIST1	1.4510e+00	-2.2258e-01	6.7806e-03
TWIST2	7.1400e-01	2.2963e-01	7.9374e-01
TWNK	7.6000e-01	2.5901e+00	1.2032e-06
TWSG1	9.6300e-01	1.0499e+00	1.4096e-03
TXK	8.4100e-01	1.0284e+00	1.0129e-07
TXLNA	3.0000e-01	1.8111e+00	1.0000e+00
TXLNB	8.5300e-01	-3.1306e-02	6.4687e-07
TXN	1.4710e+00	1.3092e+00	6.1686e-02
TXN2	1.3580e+00	1.1509e+00	2.0232e-04
TXNDC11	1.2040e+00	-1.8503e+00	7.2024e-19
TXNDC12	1.9050e+00	2.5160e-01	1.2434e-02
TXNDC15	9.7500e-01	1.3739e+00	2.4837e-06
TXNDC16	1.2470e+00	3.8155e-03	2.7136e-17
TXNDC17	1.3800e+00	-4.2434e-02	3.9380e-04
TXNDC2	1.9030e+00	1.0658e+00	1.2745e-02
TXNDC5	1.0680e+00	-1.0796e+00	1.0992e-13
TXNDC8	1.7450e+00	-2.3517e-01	9.2008e-04
TXNDC9	5.1500e-01	1.2722e+00	9.6306e-01
TXNIP	7.0900e-01	-6.4546e-01	2.5091e-03
TXNL1	6.7700e-01	1.8161e+00	1.9825e-01
TXNL4A	1.8480e+00	2.8181e+00	2.3119e-07
TXNL4B	1.5350e+00	-8.9193e-01	7.6032e-05
TXNRD1	1.0060e+00	8.3248e-01	9.6983e-12
TXNRD2	1.1800e+00	7.4275e-01	2.0999e-22
TXNRD3	1.0520e+00	8.1066e-01	5.7369e-12
TYK2	6.2600e-01	2.0420e+00	1.5716e-07
TYMP	1.5180e+00	-3.4365e+00	7.1180e-20
TYMS	8.8200e-01	1.5712e+00	2.6008e-04
TYR	1.3460e+00	-8.4610e-01	1.1138e-21
TYRO3	5.6500e-01	2.9480e+00	5.2889e-02
TYROBP	1.2740e+00	-1.0981e-01	7.5496e-05
TYRP1	1.3980e+00	-2.0852e+00	3.9976e-21
TYSND1	1.4230e+00	-1.9860e+00	2.7094e-11
TYW1	6.1800e-01	2.7265e+00	6.5854e-05
TYW1B	1.0150e+00	2.2660e+00	2.3528e-18
TYW3	1.6470e+00	-3.0187e-02	1.0133e-08
TYW5	1.1650e+00	4.7242e-01	7.2380e-11
U2AF1L4	1.3050e+00	1.0090e-02	1.0668e-07
U2AF2	2.0900e-01	6.4170e+00	1.0000e+00
U2SURP	7.3000e-02	4.6624e+00	1.0000e+00
UACA	8.3300e-01	6.8696e-01	7.6720e-20
UAP1	6.4700e-01	1.0941e+00	3.0757e-02
UAP1L1	1.4950e+00	-2.7021e-01	4.4535e-20
UBA2	2.5800e-01	3.5233e+00	1.0000e+00
UBA3	4.6300e-01	8.3456e-01	9.9642e-01
UBA52	2.9300e-01	2.4402e+00	9.9791e-01
UBA5	8.3800e-01	1.2919e+00	3.5622e-04
UBA6	8.6800e-01	6.7194e-01	7.6829e-09
UBA7	8.8300e-01	2.1743e+00	3.9782e-22
UBAC1	8.6400e-01	1.9822e-01	7.7153e-06
UBAC2	8.5900e-01	1.7804e+00	1.3582e-04
UBALD1	1.0080e+00	-7.3999e-01	1.5636e-01
UBALD2	1.8520e+00	2.3089e-01	4.9591e-04
UBAP1	2.8500e-01	1.9839e+00	9.9999e-01
UBAP1L	1.5480e+00	-8.4363e-01	5.0745e-12
UBAP2	6.2500e-01	5.7496e-01	8.5143e-08
UBAP2L	1.5900e-01	4.1467e+00	1.0000e+00
UBASH3A	1.0380e+00	2.8864e-01	2.4483e-16
UBASH3B	5.8000e-01	2.2416e+00	1.8470e-02
UBB	1.5030e+00	4.6022e+00	2.0834e-04
UBC	4.9000e-01	4.8134e+00	9.8521e-01
UBD	1.4770e+00	8.7534e-01	3.5823e-01
UBE2B	9.3200e-01	2.3188e+00	5.6439e-02
UBE2C	1.0730e+00	8.5266e-01	1.1089e-04
UBE2D1	7.3700e-01	1.7746e+00	7.0052e-01
UBE2D2	2.3500e-01	3.6613e+00	9.9971e-01
UBE2D3	2.2000e-01	3.6975e+00	9.9770e-01
UBE2D4	1.0590e+00	1.3637e+00	2.5137e-04
UBE2E1	5.2400e-01	2.4693e+00	9.6212e-01
UBE2E2	4.9200e-01	1.7121e+00	9.8144e-01
UBE2E3	4.1500e-01	3.3307e+00	9.8817e-01
UBE2F	1.4800e-01	2.2137e+00	9.9991e-01
UBE2F-SCLY	NA	1.2707e+00	NA
UBE2G1	6.0100e-01	2.8232e+00	8.6891e-01
UBE2G2	8.2000e-01	1.4500e+00	6.5266e-02
UBE2H	2.4400e-01	3.9117e+00	9.9994e-01
UBE2I	2.8000e-01	3.6221e+00	9.9992e-01
UBE2J1	6.6200e-01	1.8080e+00	1.5653e-01
UBE2J2	3.0700e-01	2.4829e+00	9.9918e-01
UBE2K	7.2800e-01	2.6310e+00	7.1353e-01
UBE2L3	3.0300e-01	3.8070e+00	9.9725e-01
UBE2L5	8.4500e-01	1.6332e+00	5.3990e-01
UBE2L6	1.1000e+00	2.5299e-01	9.0735e-03
UBE2M	2.7200e-01	2.9901e+00	9.9977e-01
UBE2N	1.9200e-01	3.2477e+00	9.9915e-01
UBE2O	1.9300e-01	3.9111e+00	1.0000e+00
UBE2Q1	2.1100e-01	3.9538e+00	1.0000e+00
UBE2Q2	1.2610e+00	3.8706e-01	1.1737e-11
UBE2QL1	8.8700e-01	2.7848e+00	2.7811e-01
UBE2R2	1.9000e-01	4.1657e+00	9.9997e-01
UBE2S	7.5200e-01	2.1720e+00	6.7662e-01
UBE2T	8.3800e-01	1.2063e+00	8.2991e-02
UBE2U	1.3200e+00	6.9152e-01	2.5525e-04
UBE2V1	1.1280e+00	1.9791e+00	9.9157e-04
UBE2V2	1.1950e+00	5.0510e-01	3.8432e-02
UBE2W	1.3490e+00	2.0435e+00	1.0222e-03
UBE2Z	5.5800e-01	1.3357e+00	9.2187e-01
UBE3A	1.3900e-01	6.9548e+00	1.0000e+00
UBE3B	6.7500e-01	2.1522e+00	6.4844e-11
UBE3C	4.2700e-01	3.0512e+00	9.9999e-01
UBE3D	1.1540e+00	8.6682e-01	4.2545e-11
UBE4A	4.9500e-01	2.7851e+00	9.0115e-01
UBE4B	2.3700e-01	4.8756e+00	1.0000e+00
UBFD1	5.9300e-01	1.0010e+00	7.2140e-01
UBIAD1	9.2000e-01	1.9475e+00	7.3887e-03
UBL3	6.9200e-01	1.1057e+00	6.1565e-01
UBL4B	1.7210e+00	6.0115e-01	4.0905e-01
UBL5	1.6560e+00	1.4551e+00	1.6332e-05
UBL7	7.5100e-01	1.3746e+00	1.7422e-03
UBLCP1	9.9800e-01	1.5739e+00	7.5988e-05
UBN1	1.9300e-01	-1.2442e+00	1.0000e+00
UBN2	3.6200e-01	-5.3598e-01	1.0000e+00
UBOX5	9.4100e-01	1.7125e+00	4.0469e-07
UBP1	4.9200e-01	3.1195e+00	9.8610e-01
UBQLN1	3.5700e-01	2.3798e+00	9.9999e-01
UBQLN3	1.5270e+00	-7.4743e-01	3.3861e-01
UBQLN4	3.1400e-01	4.4017e+00	1.0000e+00
UBQLNL	NA	2.0818e-01	NA
UBR1	4.7000e-01	3.3086e+00	9.6721e-01
UBR2	4.7200e-01	4.1273e+00	9.6675e-01
UBR3	4.2700e-01	4.0921e+00	1.0000e+00
UBR4	2.4200e-01	8.4431e+00	1.0000e+00
UBR5	7.3000e-02	8.3809e+00	1.0000e+00
UBR7	6.0900e-01	1.3553e+00	2.9130e-01
UBTD1	1.2840e+00	7.2829e-01	1.4412e-06
UBTD2	8.1600e-01	1.0386e+00	1.0437e-01
UBTF	1.3300e-01	6.2670e+00	1.0000e+00
UBTFL1	9.8300e-01	2.0680e+00	2.1616e-02
UBXN10	1.4320e+00	9.3607e-01	7.2726e-03
UBXN11	9.4900e-01	1.7079e-01	3.4427e-10
UBXN1	7.2700e-01	4.2291e-01	3.3676e-03
UBXN2A	1.1210e+00	8.0740e-01	1.6435e-05
UBXN2B	9.8500e-01	-6.0136e-02	5.8579e-04
UBXN4	7.7600e-01	1.1843e+00	8.2167e-05
UBXN6	1.1680e+00	-1.4035e+00	6.8110e-15
UBXN7	2.7600e-01	4.3096e+00	1.0000e+00
UBXN8	1.4580e+00	2.0842e-01	1.0412e-12
UCHL1	3.4400e-01	8.0496e-01	9.9978e-01
UCHL3	9.4300e-01	9.6298e-01	1.0021e-03
UCHL5	8.0300e-01	1.7730e+00	1.2507e-03
UCK1	9.2600e-01	5.8122e-01	1.2264e-04
UCK2	4.2100e-01	2.3798e+00	9.9748e-01
UCKL1	1.4050e+00	6.3490e-01	2.5137e-25
UCMA	1.3050e+00	-1.4543e-01	2.3864e-07
UCN	1.7960e+00	-6.9451e-01	1.0144e-02
UCN2	1.9320e+00	4.2612e-01	2.2384e-02
UCN3	1.7400e+00	2.5688e-01	6.4654e-02
UCP1	1.2400e+00	8.8500e-02	9.3115e-10
UCP2	1.1270e+00	9.4620e-01	1.2061e-08
UCP3	1.2000e+00	7.1832e-01	7.9603e-08
UEVLD	9.8700e-01	1.0167e+00	6.0888e-09
UFC1	1.0460e+00	7.6800e-01	2.8549e-06
UFD1	4.3800e-01	3.4340e+00	9.9902e-01
UFL1	9.0000e-01	1.7112e-01	6.5162e-12
UFM1	8.5000e-01	4.0604e-01	6.2139e-01
UFSP1	1.9280e+00	-1.9756e+00	5.6239e-02
UFSP2	9.3500e-01	1.2300e+00	2.8216e-10
UGCG	3.6000e-01	2.8695e+00	9.9987e-01
UGDH	9.0200e-01	2.2005e+00	1.6807e-07
UGGT1	6.1700e-01	2.2695e+00	7.4921e-11
UGGT2	1.1090e+00	-7.4856e-01	2.5434e-34
UGP2	9.9100e-01	2.3248e+00	2.8756e-09
UGT1A10	1.2940e+00	-7.0331e-01	1.6842e-17
UGT1A1	1.0400e+00	1.8630e-01	1.8823e-09
UGT1A3	9.7100e-01	-5.4103e-01	3.2158e-08
UGT1A4	1.0280e+00	-5.8604e-01	4.7955e-09
UGT1A5	9.3600e-01	3.5516e-01	2.4823e-07
UGT1A6	9.2400e-01	1.5416e-01	5.2620e-08
UGT1A7	9.5100e-01	1.4186e-01	1.4261e-08
UGT1A8	1.0820e+00	-3.5707e-01	1.0939e-11
UGT1A9	9.9900e-01	1.0591e-01	1.2406e-09
UGT2A1	1.6120e+00	-7.1639e-01	3.7639e-25
UGT2A2	1.4250e+00	-1.4669e+00	1.6212e-23
UGT2A3	1.5190e+00	-1.3764e+00	1.3261e-21
UGT2B10	1.4730e+00	-1.0510e+00	7.3202e-20
UGT2B11	1.2190e+00	-2.9670e+00	9.6336e-14
UGT2B15	1.1020e+00	-4.2532e-01	6.0378e-11
UGT2B17	1.0470e+00	1.7323e+00	1.0514e-03
UGT2B28	1.4580e+00	-8.1972e-01	3.2403e-17
UGT2B4	1.1910e+00	-1.0623e+00	3.8573e-14
UGT2B7	1.2030e+00	-1.1785e+00	5.1475e-16
UGT3A1	1.2520e+00	3.1168e-01	1.5602e-10
UGT3A2	1.0800e+00	8.2556e-01	1.6319e-09
UGT8	4.4000e-01	2.4068e+00	9.9869e-01
UHMK1	6.2100e-01	1.1392e+00	2.5893e-01
UHRF1	1.7100e-01	5.1832e+00	1.0000e+00
UHRF1BP1	6.7900e-01	2.5595e+00	7.9991e-14
UHRF1BP1L	5.7800e-01	1.7257e+00	3.2520e-05
UHRF2	3.2100e-01	3.7567e+00	1.0000e+00
UIMC1	5.6600e-01	7.0243e-01	7.6965e-02
ULBP1	1.4290e+00	-1.0082e+00	1.4998e-10
ULBP2	1.4140e+00	4.0100e-02	8.0356e-08
ULBP3	1.3120e+00	3.4810e-01	4.3629e-08
ULK1	6.1000e-01	8.9357e-03	6.7362e-05
ULK2	7.6600e-01	1.6014e+00	4.7394e-13
ULK3	1.1610e+00	-3.3036e-01	1.5824e-17
ULK4	9.4300e-01	-1.8097e-01	4.7633e-28
UMOD	1.2410e+00	4.9359e-01	9.1231e-23
UMODL1	1.0770e+00	2.6798e-01	6.5486e-37
UMPS	7.3500e-01	1.3517e+00	2.6796e-03
UNC119	1.1390e+00	-2.3250e-01	1.1263e-04
UNC119B	1.1720e+00	-8.2770e-01	1.7027e-04
UNC13A	3.8900e-01	5.2074e+00	1.0000e+00
UNC13B	7.3400e-01	2.5985e+00	9.2468e-27
UNC13C	8.5700e-01	-1.3608e+00	2.4291e-34
UNC13D	9.2300e-01	4.4179e-01	4.4142e-31
UNC45A	8.8500e-01	7.5097e-01	1.6182e-19
UNC45B	9.6900e-01	-2.4564e-01	5.6816e-21
UNC50	1.0110e+00	1.5179e+00	1.3259e-06
UNC5A	3.4600e-01	3.2229e+00	1.0000e+00
UNC5B	6.9200e-01	9.2217e-01	5.7372e-09
UNC5C	6.4600e-01	1.6698e+00	1.7708e-05
UNC5CL	9.8300e-01	1.0636e+00	1.9055e-11
UNC5D	4.7300e-01	2.5107e+00	9.9484e-01
UNC79	1.7300e-01	6.5123e+00	1.0000e+00
UNC80	4.8000e-01	5.0069e+00	4.1479e-03
UNC93A	1.1340e+00	-8.8581e-02	3.6002e-14
UNC93B1	1.0590e+00	-4.2779e-01	1.2598e-09
UNCX	1.1050e+00	-3.1703e+00	1.7398e-01
UNG	1.2200e+00	3.1457e-01	2.5181e-11
UNK	4.8000e-01	3.2349e+00	9.9183e-01
UNKL	1.3130e+00	-3.1938e+00	3.2611e-21
UPB1	9.8200e-01	5.4908e-01	7.0966e-11
UPF1	1.2500e-01	6.8453e+00	1.0000e+00
UPF2	1.5900e-01	3.7645e+00	1.0000e+00
UPF3A	1.1980e+00	-3.8457e-01	1.7690e-11
UPK1A	1.2310e+00	5.9905e-01	2.2143e-10
UPK1B	1.0310e+00	2.2354e-01	1.8431e-06
UPK2	1.7510e+00	3.1980e-01	2.9339e-08
UPK3A	1.5740e+00	5.6867e-02	5.2534e-13
UPK3B	1.2400e+00	3.3568e-01	1.0306e-06
UPK3BL1	1.2360e+00	1.5420e+00	5.7903e-01
UPK3BL2	1.3530e+00	2.0042e+00	5.4110e-01
UPP1	1.1040e+00	1.0354e+00	5.0284e-06
UPP2	1.0980e+00	4.1468e-01	2.1521e-05
UQCC1	1.1400e+00	1.8720e-01	4.6718e-09
UQCC2	1.3980e+00	9.0890e-01	2.1776e-07
UQCC3	1.8100e+00	-6.4806e-01	1.6160e-03
UQCR10	1.7230e+00	-4.7544e-01	5.8133e-03
UQCR11	1.8970e+00	-5.7496e-01	4.9043e-05
UQCRB	9.5200e-01	-1.1622e-01	5.1472e-03
UQCRC1	7.6300e-01	6.9681e-01	2.8097e-06
UQCRC2	1.1180e+00	1.0826e+00	6.0679e-15
UQCRFS1	7.9600e-01	2.1575e+00	3.4234e-01
UQCRH	1.2850e+00	8.8932e-01	6.9522e-05
UQCRHL	1.2230e+00	-4.7822e-02	2.0861e-01
UQCRQ	1.7280e+00	2.4133e-01	4.0915e-04
URAD	1.9170e+00	-1.3650e+00	2.6919e-02
URB1	9.1300e-01	1.4524e+00	3.7366e-49
URB2	7.8600e-01	1.3097e+00	1.7775e-18
URGCP	6.5400e-01	3.5705e+00	1.4440e-01
URGCP-MRPS24	9.2800e-01	7.1278e-01	1.1772e-02
URI1	8.4100e-01	-2.1647e-01	1.7904e-07
URM1	9.8600e-01	1.6382e-01	1.1817e-02
UROC1	1.0590e+00	5.9702e-01	3.7795e-25
UROD	9.1400e-01	1.9357e+00	2.0406e-08
UROS	7.5800e-01	7.3448e-01	3.5232e-03
USB1	1.0160e+00	5.8230e-01	3.1388e-05
USE1	1.1880e+00	3.7695e-01	2.1697e-10
USF1	6.5800e-01	2.2508e+00	2.0881e-02
USF2	7.1000e-01	1.1466e-01	3.7239e-02
USF3	2.5800e-01	2.7954e+00	1.0000e+00
USH1C	8.7600e-01	5.7774e-02	1.9135e-22
USH1G	1.2050e+00	-4.5511e-01	7.5614e-09
USH2A	8.5500e-01	1.1215e-01	2.7327e-115
USHBP1	1.0590e+00	2.4964e-02	4.3688e-20
USO1	6.4900e-01	1.3540e+00	2.5227e-07
USP10	4.0400e-01	-1.8796e-01	9.9997e-01
USP12	6.0000e-01	3.4935e+00	4.6931e-01
USP1	3.6600e-01	1.8833e+00	1.0000e+00
USP13	7.6700e-01	1.9209e+00	1.5357e-13
USP14	6.2700e-01	1.9102e+00	8.3260e-02
USP15	1.9600e-01	4.0277e+00	1.0000e+00
USP16	1.0060e+00	4.3005e-01	1.3198e-17
USP17L1	1.9540e+00	-2.6286e+00	4.1639e-10
USP17L17	NA	2.9972e-01	NA
USP17L2	1.7890e+00	-2.6304e+00	7.4771e-13
USP17L4	1.9370e+00	-6.9870e-01	3.3190e-03
USP17L7	1.9690e+00	-5.6456e+00	3.7777e-21
USP18	4.5900e-01	1.9593e+00	9.9638e-01
USP19	2.9700e-01	3.3132e+00	1.0000e+00
USP20	7.8400e-01	2.1796e+00	5.0421e-17
USP21	6.7100e-01	2.5380e+00	4.9894e-05
USP22	4.9400e-01	3.3805e+00	9.8340e-01
USP24	3.6100e-01	4.1357e+00	1.0000e+00
USP25	6.3500e-01	1.3384e+00	3.1757e-08
USP2	6.2300e-01	1.4887e+00	2.8423e-03
USP28	NA	6.5829e-01	NA
USP29	1.9290e+00	2.8850e-01	1.2362e-01
USP30	7.5700e-01	1.8904e+00	2.2078e-06
USP31	4.8600e-01	2.8637e-01	9.7030e-01
USP32	3.7400e-01	6.2645e+00	1.0000e+00
USP33	4.8000e-01	2.5347e+00	9.8903e-01
USP34	1.5200e-01	1.9038e+00	1.0000e+00
USP3	4.5600e-01	2.3331e+00	9.9865e-01
USP35	1.0820e+00	-2.1889e+00	3.6602e-21
USP36	6.4500e-01	1.8608e-01	1.0850e-07
USP37	2.8100e-01	3.0618e+00	1.0000e+00
USP38	6.4100e-01	1.4786e+00	3.3257e-05
USP39	7.4400e-01	1.5646e+00	9.2464e-07
USP40	1.0850e+00	2.2888e-01	1.3534e-38
USP41	7.8300e-01	1.3425e+00	1.2167e-03
USP42	3.5700e-01	-4.1265e+00	1.0000e+00
USP43	6.0200e-01	5.8119e-01	1.3274e-02
USP44	1.0340e+00	1.6962e+00	1.4394e-16
USP45	1.0900e+00	7.0067e-01	3.5556e-16
USP46	4.8200e-01	3.2505e+00	9.8994e-01
USP4	7.2300e-01	2.1405e+00	4.1083e-12
USP47	3.1800e-01	2.7799e+00	1.0000e+00
USP48	3.7300e-01	4.4600e+00	1.0000e+00
USP49	5.7600e-01	2.1336e+00	3.4172e-01
USP50	1.2680e+00	6.7304e-01	1.6508e-13
USP5	3.2900e-01	4.3427e+00	1.0000e+00
USP53	9.0700e-01	1.5966e+00	4.8836e-16
USP54	5.8500e-01	2.9022e+00	6.9719e-09
USP6	8.5300e-01	2.3097e+00	5.8220e-29
USP6NL	7.0700e-01	-9.3482e-01	4.0365e-03
USP7	8.5000e-02	6.8707e+00	1.0000e+00
USP8	2.8000e-01	2.9342e+00	1.0000e+00
USPL1	7.5100e-01	9.9864e-01	4.4560e-04
UST	7.1900e-01	5.7432e-01	1.3997e-02
UTF1	1.9750e+00	-4.8660e+00	6.3810e-07
UTP11	1.0710e+00	7.1409e-01	6.3009e-08
UTP14C	1.0990e+00	1.3388e+00	4.7356e-03
UTP15	1.9400e-01	2.1151e+00	1.0000e+00
UTP18	8.3800e-01	-5.8191e-01	1.0128e-06
UTP20	5.4500e-01	2.2004e+00	2.9455e-11
UTP23	8.8400e-01	3.5896e-01	1.1332e-02
UTP25	7.6000e-01	1.3389e+00	2.1405e-09
UTP3	6.9400e-01	1.5051e+00	1.8669e-02
UTP4	7.6600e-01	9.9697e-01	8.2021e-08
UTP6	6.7200e-01	1.4496e+00	9.4274e-07
UTRN	6.6500e-01	1.6190e+00	2.1629e-47
UTS2	1.2990e+00	1.7841e-01	2.8348e-03
UTS2B	1.5910e+00	-2.8674e-01	9.4239e-02
UTS2R	NA	-2.2589e+00	NA
UVRAG	4.6800e-01	1.5198e+00	9.9676e-01
UVSSA	1.2140e+00	-1.8844e+00	2.9612e-25
UXS1	8.0500e-01	1.4533e+00	3.6276e-05
VAC14	6.8100e-01	2.0166e+00	1.7656e-06
VAMP1	1.2820e+00	1.0875e+00	1.5246e-04
VAMP2	1.7600e-01	1.7472e+00	9.9957e-01
VAMP3	9.7400e-01	3.6102e-01	7.3335e-03
VAMP4	1.5840e+00	4.4505e-01	4.1817e-03
VAMP5	1.6680e+00	7.3359e-01	2.2399e-04
VAMP8	1.5190e+00	7.1890e-01	1.0280e-03
VANGL1	5.3100e-01	5.9999e-01	9.0849e-01
VANGL2	4.2600e-01	2.5470e+00	9.9957e-01
VAPA	4.0300e-01	5.4194e-01	9.9468e-01
VAPB	6.9900e-01	6.9832e-01	5.2375e-01
VARS1	6.6300e-01	3.4951e+00	2.7777e-14
VARS2	8.0600e-01	1.9060e+00	2.8434e-23
VASH1	8.5600e-01	-6.5337e-01	2.0979e-03
VASH2	1.0130e+00	5.6506e-01	9.2281e-08
VASN	1.9040e+00	-9.3642e-01	2.3087e-06
VASP	7.4600e-01	9.6124e-02	1.3286e-04
VAT1	1.0200e+00	1.5325e+00	1.1399e-06
VAT1L	1.0610e+00	-1.2735e+00	6.0321e-10
VAV1	3.5300e-01	4.1043e+00	1.0000e+00
VAV2	6.2300e-01	2.4757e+00	7.3084e-08
VAV3	8.4200e-01	1.0975e+00	4.1733e-15
VAX1	6.7800e-01	2.0949e-01	6.5801e-01
VAX2	1.5080e+00	-2.0296e+00	4.6861e-04
VCAM1	8.3700e-01	1.4491e+00	4.1798e-09
VCAN	2.2300e-01	2.6822e+00	1.0000e+00
VCL	4.6100e-01	4.2503e+00	9.9858e-01
VCP	1.3400e-01	8.1717e+00	1.0000e+00
VCPIP1	1.5800e-01	4.5362e+00	1.0000e+00
VCPKMT	1.6650e+00	-1.3973e+00	1.2538e-09
VDAC1	5.3700e-01	2.2601e+00	9.4588e-01
VDAC2	2.7400e-01	2.0592e+00	9.9998e-01
VDAC3	4.2200e-01	1.7561e+00	9.9812e-01
VDR	7.1400e-01	2.1968e+00	1.0860e-02
VEGFA	6.1000e-01	2.0402e-01	1.9093e-01
VEGFB	1.5460e+00	-1.2498e+00	1.5179e-09
VEGFC	3.7900e-01	7.2619e-01	9.9987e-01
VENTX	1.8980e+00	-1.1104e+00	1.8370e-05
VEPH1	1.0680e+00	8.4360e-01	9.2591e-24
VEZF1	1.7300e-01	4.5488e+00	1.0000e+00
VEZT	6.7700e-01	5.4753e-01	2.5215e-05
VGF	8.6400e-01	-2.4917e+00	8.7665e-03
VGLL2	1.2190e+00	-2.6411e+00	5.8253e-06
VGLL3	9.3400e-01	-5.6028e-01	6.3244e-04
VGLL4	8.1800e-01	1.0415e-01	4.8617e-01
VHL	9.8700e-01	-1.1373e+00	1.9543e-03
VHLL	1.7090e+00	7.9142e-01	2.5936e-03
VIL1	9.4600e-01	1.7689e+00	5.2570e-23
VILL	1.1070e+00	8.2258e-01	7.3624e-33
VIM	5.4200e-01	8.5570e-01	8.6008e-01
VIP	1.4680e+00	2.6004e-01	8.7112e-06
VIPAS39	8.7000e-01	1.9934e+00	3.0665e-15
VIPR1	1.3360e+00	-6.3565e-01	1.6167e-23
VIPR2	1.0450e+00	4.4403e-01	8.4268e-13
VIRMA	4.3900e-01	3.6977e+00	9.9994e-01
VIT	1.4540e+00	-2.5571e+00	4.9585e-40
VKORC1	1.1720e+00	-1.0044e-01	7.0204e-04
VKORC1L1	5.6500e-01	1.2311e+00	9.1663e-01
VLDLR	8.2800e-01	-9.9818e-01	6.0790e-18
VMAC	1.9770e+00	-1.6982e+00	3.4094e-05
VMO1	1.7270e+00	-3.1445e-01	1.0738e-05
VMP1	1.9200e-01	3.2569e+00	1.0000e+00
VN1R1	NA	7.0523e-01	NA
VN1R2	1.8920e+00	1.0395e+00	2.9297e-01
VN1R4	1.8260e+00	1.3163e+00	3.5003e-01
VN1R5	NA	1.3445e+00	NA
VNN1	8.9300e-01	2.3321e-01	6.8163e-07
VNN2	1.2050e+00	-1.6885e-01	2.9929e-13
VNN3	NA	-6.0570e-01	NA
VOPP1	1.0110e+00	4.8713e-01	3.0996e-02
VPREB1	1.8550e+00	-2.8454e-02	7.8273e-08
VPREB3	1.5920e+00	-4.2633e-02	9.6187e-06
VPS11	5.9700e-01	3.0225e+00	8.2648e-05
VPS13A	6.9600e-01	2.6109e+00	4.2316e-35
VPS13B	7.0800e-01	2.4646e+00	2.3165e-55
VPS13C	8.5700e-01	-1.3143e+00	2.0137e-66
VPS13D	4.2600e-01	4.5204e+00	1.0000e+00
VPS16	8.1300e-01	2.3277e+00	1.8091e-18
VPS18	4.3400e-01	1.6860e+00	9.9984e-01
VPS25	1.0230e+00	1.6535e+00	2.8411e-05
VPS26A	8.7500e-01	1.8261e+00	2.9718e-04
VPS26B	4.8700e-01	2.6349e+00	9.8826e-01
VPS26C	8.4900e-01	1.5211e+00	8.2691e-04
VPS28	1.4760e+00	8.1172e-01	1.8583e-08
VPS29	3.5500e-01	2.4897e+00	9.9668e-01
VPS33A	5.8300e-01	2.0526e+00	8.2375e-02
VPS33B	9.7100e-01	1.0991e+00	3.5870e-22
VPS35	3.2000e-01	4.9031e+00	1.0000e+00
VPS35L	7.5700e-01	1.5345e+00	7.7023e-11
VPS36	6.3500e-01	2.0871e+00	1.9737e-02
VPS37A	8.5300e-01	-2.3095e+00	1.0159e-05
VPS37B	8.4900e-01	-5.0313e-01	2.9273e-02
VPS37C	9.6300e-01	-1.4749e+00	2.5541e-02
VPS37D	9.8600e-01	-2.5678e+00	2.6283e-01
VPS39	6.9100e-01	3.0184e+00	2.4423e-11
VPS41	9.0400e-01	1.4655e+00	4.3391e-14
VPS45	6.2900e-01	1.9567e+00	7.5434e-03
VPS4A	5.8500e-01	2.2323e+00	3.9680e-01
VPS4B	5.4800e-01	2.6970e+00	8.1961e-01
VPS50	7.8100e-01	1.2116e+00	1.0610e-01
VPS51	1.2840e+00	7.4310e-01	1.1946e-19
VPS52	6.8100e-01	2.5175e+00	1.9630e-08
VPS53	7.7300e-01	1.8529e+00	1.0426e-13
VPS54	4.6500e-01	7.3671e-01	9.9787e-01
VPS72	9.1300e-01	2.3379e+00	1.3801e-06
VPS8	6.8800e-01	1.2427e+00	4.9293e-15
VPS9D1	1.4000e+00	-3.8551e+00	1.2201e-30
VRK1	7.4700e-01	1.4104e+00	2.0755e-05
VRK2	1.1380e+00	-1.3952e+00	1.3326e-11
VRK3	1.0030e+00	9.3051e-01	4.9346e-14
VRTN	5.3600e-01	2.6611e+00	9.5055e-01
VSIG10	1.0200e+00	7.9704e-01	5.6151e-14
VSIG10L	1.2690e+00	-1.3362e-01	1.7290e-22
VSIG10L2	1.1760e+00	-8.3977e-02	1.0390e-16
VSIG2	1.2780e+00	-2.1428e-01	1.1710e-09
VSIG8	1.0470e+00	-7.2385e-02	1.5960e-09
VSIR	5.8900e-01	9.5214e-01	8.0265e-01
VSNL1	5.6500e-01	3.4211e+00	9.1747e-01
VSTM1	1.0430e+00	-1.6316e-02	5.2419e-08
VSTM2A	7.4700e-01	7.2653e-01	5.5140e-02
VSTM2B	1.6120e+00	-5.9767e-01	1.1447e-10
VSTM2L	8.5200e-01	-5.4433e-01	7.2084e-02
VSTM4	7.1900e-01	2.7731e-01	6.4127e-02
VSTM5	1.4310e+00	9.0466e-01	6.8264e-08
VSX1	1.6860e+00	-1.3389e+00	3.8245e-10
VSX2	1.3500e+00	-1.2474e+00	4.2463e-10
VTA1	8.9800e-01	-1.1189e-01	1.1177e-04
VTCN1	1.3190e+00	1.0310e+00	3.4293e-09
VTI1A	8.6400e-01	4.4375e-01	7.1106e-05
VTI1B	8.8800e-01	3.0189e-01	2.1559e-03
VTN	1.0380e+00	8.8423e-01	6.4557e-14
VWA1	1.5120e+00	-3.9309e+00	8.5474e-05
VWA2	1.2380e+00	1.7904e-01	5.7048e-25
VWA3A	1.0120e+00	1.5053e+00	1.9201e-38
VWA3B	9.9200e-01	5.1952e-01	7.7438e-39
VWA5A	1.0630e+00	3.2288e-01	9.8288e-22
VWA5B1	1.1800e+00	-4.3980e-03	3.5206e-39
VWA5B2	1.0270e+00	2.6957e-01	1.8866e-27
VWA7	9.7800e-01	8.3993e-01	7.3811e-19
VWA8	9.9300e-01	5.2735e-01	1.6848e-51
VWC2	1.1010e+00	-1.6592e+00	3.2140e-04
VWC2L	7.4100e-01	1.7488e+00	1.7672e-01
VWCE	8.1100e-01	6.6413e-01	1.5347e-14
VWDE	1.2840e+00	-2.5260e+00	5.6902e-61
VWF	6.3900e-01	3.5269e+00	5.1954e-27
VXN	6.0000e-01	4.2534e-01	8.5726e-01
WAC	2.4800e-01	8.9239e-01	1.0000e+00
WAPL	8.3000e-02	4.2856e+00	1.0000e+00
WARS1	4.5600e-01	2.7923e+00	9.9752e-01
WARS2	1.0980e+00	6.6232e-01	1.9685e-08
WASF1	3.0100e-01	2.9974e+00	1.0000e+00
WASF2	4.6400e-01	2.7560e+00	9.9632e-01
WASF3	3.6000e-01	1.5312e+00	9.9996e-01
WASHC1	NA	NA	NA
WASHC2A	8.1000e-01	3.2399e+00	3.4624e-16
WASHC2C	7.5900e-01	3.5356e+00	6.0236e-14
WASHC3	1.6210e+00	-2.0623e-01	8.8042e-02
WASHC4	6.4100e-01	6.8300e-01	1.0950e-03
WASHC5	7.9200e-01	2.5246e+00	5.0212e-14
WASL	5.5700e-01	1.4881e+00	8.3047e-01
WBP1	1.1950e+00	3.4292e-01	1.8050e-07
WBP11	3.2100e-01	3.4211e+00	1.0000e+00
WBP1L	7.8200e-01	1.3815e+00	5.0320e-03
WBP2	1.0780e+00	-8.0367e-02	8.9376e-07
WBP2NL	1.4730e+00	6.9504e-01	2.1280e-10
WBP4	9.7100e-01	5.1855e-01	2.4544e-09
WDCP	7.0600e-01	1.1583e+00	1.3362e-02
WDFY1	6.9700e-01	1.1642e+00	5.2602e-04
WDFY2	7.7700e-01	1.5022e+00	3.0549e-05
WDFY3	2.0000e-01	7.7015e+00	1.0000e+00
WDFY4	5.2800e-01	1.5402e+00	9.1057e-11
WDHD1	9.2300e-01	2.6792e-01	5.4730e-23
WDPCP	9.3900e-01	8.1657e-01	2.1762e-16
WDR11	6.1700e-01	2.3248e+00	5.0570e-08
WDR12	9.0200e-01	5.4319e-01	5.1653e-08
WDR1	4.4900e-01	1.3005e+00	9.9917e-01
WDR17	9.9500e-01	1.0503e+00	2.0872e-34
WDR18	1.2220e+00	-2.1178e+00	5.4107e-11
WDR19	8.3300e-01	1.2659e+00	2.3650e-23
WDR20	1.9800e-01	2.7784e+00	1.0000e+00
WDR24	7.1900e-01	1.5390e+00	4.0342e-05
WDR25	9.4300e-01	1.1757e+00	3.2678e-08
WDR26	1.4400e-01	3.3494e+00	1.0000e+00
WDR27	1.1320e+00	-7.5444e-01	4.3978e-29
WDR31	8.3000e-01	9.9524e-01	2.1466e-06
WDR33	3.6600e-01	5.6132e+00	1.0000e+00
WDR35	7.7600e-01	2.0052e+00	1.4176e-21
WDR36	7.0600e-01	-8.8519e-01	8.0576e-09
WDR37	4.2300e-01	3.0231e+00	9.9981e-01
WDR3	7.7900e-01	1.5713e+00	3.6522e-16
WDR38	1.3190e+00	1.3784e-01	3.1594e-13
WDR41	1.0450e+00	7.9544e-02	4.2622e-13
WDR4	1.3510e+00	-1.1162e+00	9.0544e-18
WDR43	2.4000e-01	1.6715e-02	1.0000e+00
WDR45B	6.3400e-01	2.1176e+00	8.7684e-02
WDR46	9.3900e-01	1.5170e+00	1.4779e-15
WDR47	4.4000e-01	3.9650e+00	9.9984e-01
WDR48	3.3500e-01	3.7400e+00	1.0000e+00
WDR49	1.0900e+00	-4.6986e-01	2.9970e-29
WDR53	1.1090e+00	1.2196e+00	4.6860e-06
WDR54	1.2220e+00	7.5202e-01	7.8110e-15
WDR55	1.2730e+00	1.2658e+00	9.5204e-12
WDR5	5.3000e-02	4.3552e+00	1.0000e+00
WDR59	9.0500e-01	8.8048e-01	3.3383e-25
WDR5B	1.0100e+00	6.7003e-01	1.2230e-04
WDR61	6.6800e-01	2.6544e+00	3.9618e-02
WDR62	8.0600e-01	1.7670e+00	1.0718e-25
WDR64	9.1500e-01	1.2001e+00	1.1003e-24
WDR6	8.1500e-01	2.1826e+00	9.5259e-13
WDR70	7.3000e-01	2.9510e+00	1.0994e-07
WDR72	1.0890e+00	-3.1313e-01	1.2025e-34
WDR7	3.5600e-01	3.2531e+00	1.0000e+00
WDR73	9.7400e-01	-4.6347e-01	1.9878e-04
WDR74	8.8900e-01	8.0383e-01	2.3917e-07
WDR75	5.5600e-01	1.1783e+00	3.6897e-02
WDR76	9.4200e-01	8.7161e-01	5.1504e-12
WDR77	1.0540e+00	1.1868e-01	2.7871e-09
WDR81	8.1700e-01	7.3653e-01	5.0643e-21
WDR82	4.3900e-01	3.9317e+00	9.9658e-01
WDR83	1.2800e+00	-5.6077e-01	1.2943e-13
WDR83OS	1.5980e+00	1.4281e-01	3.7997e-06
WDR86	1.4350e+00	-1.1093e+00	4.7932e-09
WDR87	7.7100e-01	3.7286e+00	4.1745e-10
WDR88	1.1080e+00	9.4426e-01	2.8866e-12
WDR89	9.0600e-01	1.3330e+00	5.3478e-04
WDR90	1.4810e+00	-3.4119e+00	1.2354e-101
WDR91	7.1600e-01	1.9096e+00	2.5365e-08
WDR93	1.0550e+00	1.5927e+00	1.0872e-19
WDSUB1	1.1350e+00	1.0209e+00	7.8905e-15
WDTC1	2.4600e-01	5.1658e+00	1.0000e+00
WEE1	4.0500e-01	1.8732e+00	9.9985e-01
WEE2	1.0310e+00	1.2451e+00	7.9709e-14
WFDC10A	1.8780e+00	3.4356e-01	3.6678e-02
WFDC10B	1.4900e+00	7.8519e-01	3.5308e-01
WFDC11	1.4380e+00	5.2853e-02	1.4630e-03
WFDC1	1.7050e+00	-2.5690e+00	6.8907e-17
WFDC12	1.1080e+00	-4.4817e-01	1.7255e-01
WFDC13	1.0270e+00	3.7680e-01	8.5587e-02
WFDC2	1.4820e+00	-5.5637e-01	2.7142e-03
WFDC3	9.2700e-01	6.5883e-01	2.2061e-03
WFDC5	1.4300e+00	4.6008e-01	1.1249e-05
WFDC6	1.7450e+00	2.1124e-01	1.5287e-04
WFDC8	1.2020e+00	6.1173e-01	1.6440e-07
WFDC9	1.6010e+00	8.5668e-01	7.2330e-04
WFIKKN1	1.9400e+00	-3.2952e+00	1.7527e-04
WFIKKN2	8.4000e-01	9.5599e-01	2.4154e-05
WFS1	1.6400e+00	-5.7089e+00	1.7214e-39
WHAMM	1.2200e+00	-7.6399e-01	3.6699e-15
WHRN	8.0800e-01	-1.3130e-02	1.3057e-08
WIF1	9.2400e-01	2.1178e-01	9.7248e-08
WIPF1	5.6500e-01	1.3937e+00	8.3225e-01
WIPF2	7.7800e-01	5.1936e-01	2.1136e-02
WIPF3	1.1690e+00	-1.8025e+00	6.5015e-10
WIPI1	1.0570e+00	1.9015e+00	2.4675e-12
WIPI2	7.7000e-01	1.2729e+00	3.8026e-05
WIZ	2.9000e-01	2.1256e+00	1.0000e+00
WLS	4.7500e-01	1.7298e+00	9.9500e-01
WNK1	2.2700e-01	4.6700e+00	1.0000e+00
WNK2	5.0800e-01	8.0221e-01	1.2190e-01
WNK4	9.2900e-01	1.3811e+00	4.1738e-25
WNT10A	1.4840e+00	-8.0357e-01	1.5865e-14
WNT10B	1.0970e+00	1.0486e+00	8.2304e-08
WNT11	9.9300e-01	2.1876e-01	2.3140e-05
WNT16	8.0400e-01	2.5549e-01	7.5285e-04
WNT1	9.5700e-01	3.3644e-01	2.7318e-03
WNT2	5.1100e-01	1.9654e+00	9.7241e-01
WNT2B	6.7600e-01	1.4399e+00	3.1780e-02
WNT3	3.6700e-01	3.9295e+00	9.9982e-01
WNT3A	7.6000e-01	1.4187e+00	8.0708e-03
WNT4	6.9400e-01	2.0238e+00	5.4707e-02
WNT5A	4.3700e-01	1.2445e+00	9.9800e-01
WNT5B	7.3900e-01	1.5042e+00	8.4755e-03
WNT6	1.6950e+00	-1.0228e+00	1.7597e-11
WNT7A	8.0700e-01	1.6623e+00	3.0533e-03
WNT7B	7.6100e-01	1.4421e+00	3.2654e-03
WNT8A	1.0520e+00	1.5214e+00	5.2057e-04
WNT8B	9.5700e-01	7.1481e-01	3.4968e-06
WNT9A	5.4400e-01	7.2420e-01	9.3937e-01
WNT9B	6.8300e-01	6.7002e-01	2.2808e-01
WRAP53	6.4500e-01	1.1249e+00	3.4137e-03
WRAP73	1.1040e+00	5.0921e-01	4.6614e-16
WRN	9.0000e-01	9.9458e-01	8.3015e-34
WRNIP1	1.0850e+00	-3.8774e+00	5.0577e-12
WSB1	6.4600e-01	8.6754e-01	3.1689e-02
WSB2	3.6300e-01	3.4035e+00	9.9998e-01
WSCD1	8.8100e-01	1.3919e-01	5.1041e-09
WSCD2	6.5300e-01	2.3297e+00	1.2676e-02
WT1	2.5300e-01	1.4207e+00	1.0000e+00
WTAP	3.4300e-01	2.9385e+00	9.9997e-01
WTIP	9.4700e-01	-2.0894e+00	7.7674e-06
WWC1	5.1100e-01	2.2113e+00	2.7695e-01
WWC2	9.4400e-01	-4.9436e-01	8.2137e-24
WWOX	1.8200e+00	-5.6664e+00	3.1152e-33
WWP1	4.6800e-01	3.3077e+00	9.9673e-01
WWP2	5.7200e-01	2.5087e+00	2.4311e-04
WWTR1	5.4100e-01	1.3439e+00	9.2452e-01
XAB2	6.2800e-01	2.1026e+00	7.1218e-07
XAF1	1.2810e+00	7.9801e-02	1.5419e-12
XBP1	5.1200e-01	1.1266e+00	9.7242e-01
XCL1	1.4850e+00	1.4565e-01	1.3197e-02
XCL2	1.6570e+00	-3.1972e-02	1.6966e-02
XCR1	1.7280e+00	1.5540e+00	4.0592e-01
XDH	9.9000e-01	-7.9461e-01	5.9291e-40
XIRP1	NA	3.8316e-01	NA
XIRP2	9.0500e-01	-1.4705e+00	2.9058e-63
XKR3	8.8000e-01	1.5330e+00	5.3115e-06
XKR4	3.7200e-01	5.4666e-01	9.9998e-01
XKR5	1.6880e+00	-4.5705e+00	6.0955e-20
XKR6	6.3900e-01	-1.5042e-01	4.1676e-02
XKR7	5.7900e-01	1.6896e-01	8.2016e-01
XKR8	1.4340e+00	1.0341e+00	6.6683e-04
XKR9	1.3120e+00	-1.6553e+00	2.5731e-11
XPA	1.0680e+00	-5.5916e-01	2.0576e-06
XPC	1.0230e+00	4.6534e-01	1.2517e-20
XPNPEP1	5.4500e-01	2.8174e+00	2.4399e-01
XPNPEP3	8.3100e-01	1.0848e+00	1.6033e-08
XPO1	8.3000e-02	7.9498e+00	1.0000e+00
XPO4	3.6300e-01	4.5071e+00	1.0000e+00
XPO5	3.9000e-01	3.8290e+00	1.0000e+00
XPO6	4.0000e-02	4.4058e+00	1.0000e+00
XPO7	1.8700e-01	5.4789e+00	1.0000e+00
XPOT	3.2900e-01	3.2869e+00	1.0000e+00
XPR1	4.3000e-01	4.1397e+00	9.9989e-01
XRCC1	7.7300e-01	5.7231e-01	2.2722e-10
XRCC2	1.2090e+00	4.6881e-01	1.5001e-07
XRCC3	1.7970e+00	-8.2052e-01	1.1847e-15
XRCC4	1.0320e+00	7.6448e-01	1.2492e-07
XRCC5	1.9300e-01	3.7351e+00	1.0000e+00
XRCC6	1.7200e-01	4.1859e+00	1.0000e+00
XRN1	3.7300e-01	2.7024e+00	1.0000e+00
XRN2	4.1300e-01	2.9244e+00	1.0000e+00
XRRA1	1.0400e+00	1.8246e-01	8.1753e-19
XXYLT1	1.1320e+00	-1.1913e+00	3.5300e-06
XYLB	1.0550e+00	5.6983e-02	4.4977e-19
XYLT1	4.7800e-01	7.6248e-01	9.9280e-01
XYLT2	6.8900e-01	2.0684e+00	2.0234e-05
YAE1	1.2660e+00	3.7453e-01	3.3840e-08
YAF2	9.5500e-01	1.2701e+00	7.8893e-02
YAP1	2.1200e-01	1.3479e+00	1.0000e+00
YARS1	7.3400e-01	2.1192e+00	5.7097e-06
YARS2	1.0350e+00	5.7218e-01	6.8516e-11
YBEY	1.6600e+00	-7.8074e-01	1.5980e-05
YBX1	1.9900e-01	2.5429e+00	1.0000e+00
YBX2	2.6600e-01	1.0134e+00	1.0000e+00
YBX3	1.0120e+00	-5.9526e-01	1.8169e-07
YDJC	1.9260e+00	-1.3960e+00	1.4783e-11
YEATS2	5.5200e-01	2.0378e+00	2.8733e-04
YEATS4	8.7800e-01	2.8353e+00	1.4590e-03
YES1	7.5100e-01	1.9699e+00	1.8126e-05
YIF1A	1.1860e+00	5.8150e-01	4.6908e-09
YIF1B	1.0060e+00	9.3704e-01	1.4449e-06
YIPF1	8.5100e-01	5.5016e-01	9.3169e-05
YIPF2	1.0360e+00	2.7795e-01	1.5490e-08
YIPF3	6.2600e-01	1.0664e+00	1.8043e-01
YIPF4	1.3740e+00	-1.0472e+00	8.3219e-05
YIPF5	4.6400e-01	7.2561e-01	9.9332e-01
YIPF7	1.7130e+00	-1.3247e+00	5.2151e-12
YJEFN3	1.4470e+00	-1.0975e+00	4.8062e-11
YJU2	1.0520e+00	1.8798e+00	4.4644e-08
YJU2B	6.8300e-01	2.5380e-01	3.6371e-02
YKT6	6.3600e-01	1.5456e+00	4.6222e-01
YLPM1	5.5500e-01	8.8473e-01	1.5179e-07
YME1L1	5.8200e-01	3.2107e+00	1.3362e-01
YOD1	1.0100e+00	8.2417e-01	1.2242e-04
YPEL1	7.7300e-01	1.9407e+00	3.0722e-01
YPEL2	3.7200e-01	2.3725e+00	9.9508e-01
YPEL3	5.6500e-01	1.6019e+00	9.2139e-01
YPEL4	6.1200e-01	1.1204e+00	8.5030e-01
YPEL5	4.3100e-01	2.8126e+00	9.7253e-01
YRDC	1.2590e+00	-1.2190e+00	1.8417e-06
YTHDC1	1.8400e-01	3.4432e+00	1.0000e+00
YTHDC2	3.2700e-01	9.4123e-01	1.0000e+00
YTHDF1	5.1500e-01	1.9405e+00	9.5990e-01
YTHDF2	1.3200e-01	3.3959e+00	1.0000e+00
YTHDF3	2.7200e-01	2.8108e+00	1.0000e+00
YWHAB	2.4600e-01	3.2572e+00	9.9993e-01
YWHAE	1.7500e-01	4.0589e+00	9.9999e-01
YWHAG	2.0400e-01	3.8194e+00	9.9994e-01
YWHAH	5.9900e-01	2.5625e+00	8.5983e-01
YWHAQ	4.5500e-01	2.3782e+00	9.9278e-01
YWHAZ	9.7000e-02	4.4151e+00	1.0000e+00
YY1	2.0000e-01	3.5960e+00	1.0000e+00
YY1AP1	1.3190e+00	1.3098e+00	4.1712e-15
ZACN	1.6420e+00	-3.3573e-01	2.7505e-22
ZADH2	1.1660e+00	-4.5794e-01	4.2542e-05
ZAN	1.0530e+00	9.9524e-01	4.9215e-81
ZAP70	6.2400e-01	1.8386e+00	9.5039e-03
ZAR1	1.6460e+00	-3.3989e+00	1.6609e-16
ZAR1L	9.0600e-01	4.1152e-01	1.6702e-03
ZBBX	1.1470e+00	-6.4815e-01	2.5710e-15
ZBED2	1.9330e+00	1.5165e-01	1.1826e-01
ZBED3	1.9490e+00	-4.6021e+00	4.1671e-02
ZBED4	7.2900e-01	1.3069e+00	3.4739e-01
ZBED5	7.7400e-01	9.5907e-01	2.0781e-05
ZBED6	8.1800e-01	4.1230e-01	4.2342e-05
ZBED6CL	1.3530e+00	-4.4891e-02	8.3851e-02
ZBED8	1.0370e+00	8.1340e-01	3.9220e-09
ZBED9	5.9200e-01	3.6118e+00	9.1557e-05
ZBP1	1.2940e+00	-3.0975e-03	3.1077e-15
ZBTB10	6.2600e-01	-1.3009e-01	3.3708e-03
ZBTB11	7.4600e-01	2.1183e+00	1.1535e-12
ZBTB12	7.3500e-01	4.1136e+00	7.0231e-01
ZBTB1	3.8100e-01	4.0735e+00	9.9997e-01
ZBTB14	9.3200e-01	2.4174e+00	2.2301e-01
ZBTB16	2.4500e-01	3.8507e+00	1.0000e+00
ZBTB17	4.4100e-01	3.6195e+00	9.9969e-01
ZBTB18	1.2800e-01	4.2554e+00	1.0000e+00
ZBTB20	3.0000e-01	3.9575e+00	1.0000e+00
ZBTB21	4.7600e-01	1.1064e+00	9.9308e-01
ZBTB2	1.7900e-01	3.9021e+00	1.0000e+00
ZBTB22	1.5770e+00	2.6000e+00	4.6716e-01
ZBTB24	7.6300e-01	2.0188e+00	6.4022e-07
ZBTB25	8.1200e-01	1.7249e+00	6.3019e-04
ZBTB26	5.8600e-01	3.7462e+00	7.5992e-01
ZBTB32	8.3200e-01	8.0879e-01	5.9333e-06
ZBTB34	1.3900e-01	3.9608e+00	1.0000e+00
ZBTB3	7.2200e-01	1.2590e+00	4.1520e-02
ZBTB37	5.8300e-01	2.2440e+00	6.6167e-01
ZBTB38	3.8900e-01	4.4313e+00	1.0000e+00
ZBTB39	8.4500e-01	8.0024e-01	2.1267e-05
ZBTB40	6.0300e-01	2.7088e+00	3.0721e-06
ZBTB41	5.7700e-01	3.3398e+00	8.9305e-02
ZBTB42	1.6310e+00	3.2755e-01	8.1194e-03
ZBTB43	7.9900e-01	2.6562e+00	7.2759e-01
ZBTB4	3.8500e-01	1.6834e+00	9.9997e-01
ZBTB44	4.4900e-01	3.1582e+00	9.9845e-01
ZBTB45	9.3900e-01	9.2497e-01	1.8787e-03
ZBTB46	3.7900e-01	2.2602e+00	9.9987e-01
ZBTB47	6.7600e-01	1.7406e+00	1.1159e-02
ZBTB48	7.3900e-01	1.0550e+00	1.1541e-06
ZBTB49	8.2700e-01	7.4318e-01	3.3696e-05
ZBTB5	6.6100e-01	1.2516e+00	7.0536e-01
ZBTB6	5.6700e-01	2.1691e+00	8.6398e-01
ZBTB7A	8.7800e-01	1.8718e+00	8.8077e-02
ZBTB7B	4.9000e-01	2.7131e+00	9.8408e-01
ZBTB7C	6.2900e-01	-1.5921e-01	7.1933e-01
ZBTB8A	7.1900e-01	2.6206e+00	9.4885e-03
ZBTB8B	8.4100e-01	2.1424e+00	3.3577e-04
ZBTB8OS	1.1600e+00	5.8908e-01	2.3550e-02
ZBTB9	9.2800e-01	1.6808e+00	3.8620e-04
ZC2HC1A	1.0950e+00	-6.4223e-01	2.2279e-05
ZC2HC1B	1.4640e+00	3.4050e-01	5.7152e-14
ZC2HC1C	8.4200e-01	8.9943e-01	2.2936e-05
ZC3H10	7.7800e-01	3.5049e+00	4.9498e-02
ZC3H11A	2.8700e-01	3.2512e+00	1.0000e+00
ZC3H11B	7.4700e-01	2.0605e+00	7.6794e-01
ZC3H12A	4.3900e-01	2.7103e+00	9.9776e-01
ZC3H12C	3.8900e-01	2.7717e+00	9.9999e-01
ZC3H12D	8.5700e-01	-1.2675e+00	2.6465e-02
ZC3H13	3.7600e-01	2.6074e+00	1.0000e+00
ZC3H14	4.4600e-01	1.8995e+00	9.9966e-01
ZC3H15	3.7900e-01	1.7683e+00	9.9987e-01
ZC3H18	1.2600e-01	1.2458e-01	1.0000e+00
ZC3H3	6.5800e-01	-6.3551e-01	1.4958e-04
ZC3H4	1.8000e-01	4.0075e-01	1.0000e+00
ZC3H6	5.1100e-01	1.2928e+00	8.8451e-01
ZC3H7A	4.6300e-01	2.1586e+00	9.9834e-01
ZC3H7B	4.0100e-01	3.4149e+00	1.0000e+00
ZC3H8	1.0270e+00	8.1945e-01	1.2772e-03
ZC3HAV1	5.9500e-01	2.3123e+00	2.9223e-03
ZC3HAV1L	1.4110e+00	-1.0349e+00	1.4782e-08
ZC3HC1	8.1000e-01	1.4423e+00	1.7250e-07
ZCCHC10	1.0300e+00	5.9543e-01	2.3419e-03
ZCCHC14	3.1300e-01	9.8179e-01	1.0000e+00
ZCCHC17	8.5000e-01	6.7494e-01	2.3237e-03
ZCCHC24	8.0400e-01	8.2166e-01	7.9422e-02
ZCCHC2	5.5700e-01	-3.3417e-01	3.3702e-01
ZCCHC3	1.9640e+00	-3.2780e+00	3.8678e-06
ZCCHC4	9.9600e-01	2.3447e-01	2.5780e-09
ZCCHC7	1.0280e+00	1.1591e+00	2.1157e-11
ZCCHC8	7.0900e-01	1.0614e+00	7.4625e-04
ZCCHC9	8.0800e-01	1.2314e+00	1.2530e-02
ZCRB1	1.0570e+00	1.4269e+00	6.8985e-05
ZCWPW1	8.1400e-01	2.0445e+00	1.5990e-11
ZCWPW2	1.3270e+00	-7.2842e-02	2.7117e-13
ZDBF2	1.3960e+00	1.3679e+00	3.7114e-02
ZDHHC11	1.4550e+00	-7.8542e-02	3.9930e-15
ZDHHC1	1.2900e+00	-6.6931e-01	6.1575e-16
ZDHHC11B	1.0130e+00	2.5062e-01	4.2241e-04
ZDHHC12	1.3000e+00	-4.6552e-01	4.4102e-09
ZDHHC13	1.3140e+00	1.0958e-01	1.0394e-30
ZDHHC14	5.1400e-01	1.9242e+00	9.6616e-01
ZDHHC16	7.9500e-01	1.4559e+00	1.3974e-06
ZDHHC17	6.4800e-01	9.9244e-01	7.9839e-03
ZDHHC18	9.1000e-01	1.3470e+00	1.5635e-05
ZDHHC19	1.2050e+00	4.4461e-01	7.4962e-10
ZDHHC20	1.0130e+00	4.9331e-01	2.4630e-06
ZDHHC2	1.3950e+00	-1.2793e+00	1.9860e-15
ZDHHC21	8.5700e-01	9.7733e-02	4.2843e-02
ZDHHC22	1.3120e+00	5.7915e-02	1.2426e-04
ZDHHC23	1.2770e+00	1.4916e+00	2.5445e-14
ZDHHC24	1.5040e+00	-6.3859e-01	2.0825e-07
ZDHHC3	4.9800e-01	2.8783e+00	9.8291e-01
ZDHHC4	1.5030e+00	-4.0479e-01	6.4677e-16
ZDHHC5	4.4300e-01	2.6008e+00	9.9954e-01
ZDHHC6	7.5400e-01	1.3422e+00	6.5859e-05
ZDHHC7	5.2800e-01	6.6647e-01	9.5018e-01
ZDHHC8	6.0400e-01	1.1733e+00	9.6098e-02
ZEB1	3.3900e-01	2.8421e+00	1.0000e+00
ZEB2	1.1400e-01	5.6355e+00	1.0000e+00
ZER1	2.4100e-01	4.7496e+00	1.0000e+00
ZFAND1	1.4070e+00	-7.3853e-01	1.3927e-11
ZFAND2A	1.9400e+00	-1.0172e+00	6.1725e-09
ZFAND2B	9.1800e-01	8.9251e-01	1.2510e-06
ZFAND3	7.4200e-01	5.5912e-01	1.7398e-01
ZFAND4	8.4300e-01	-3.6829e-01	1.0371e-08
ZFAND5	4.1400e-01	2.2419e+00	9.9570e-01
ZFAND6	1.0010e+00	9.5086e-01	1.0330e-02
ZFAT	6.7900e-01	1.5974e+00	1.9135e-09
ZFC3H1	3.6700e-01	3.1476e+00	1.0000e+00
ZFHX2	6.0400e-01	1.5566e+00	2.9545e-07
ZFHX3	1.8900e-01	-1.7206e-01	1.0000e+00
ZFHX4	2.4400e-01	1.3762e+00	1.0000e+00
ZFP1	1.0610e+00	-1.8013e+00	2.3954e-09
ZFP14	5.2400e-01	2.8376e+00	9.1861e-01
ZFP2	1.1880e+00	8.9520e-01	9.9494e-12
ZFP28	1.0560e+00	1.5655e+00	5.3258e-09
ZFP30	1.3110e+00	1.1654e+00	1.1043e-06
ZFP36	1.0360e+00	1.4665e+00	1.1720e-03
ZFP3	6.7800e-01	2.0007e+00	4.2332e-02
ZFP36L1	5.3600e-01	2.5976e+00	9.4848e-01
ZFP36L2	1.5120e+00	-5.3805e+00	2.7454e-06
ZFP37	9.2600e-01	1.1066e+00	6.7822e-10
ZFP41	1.4150e+00	-6.2482e-01	7.2956e-04
ZFP42	1.9400e+00	-7.0980e-01	1.0960e-01
ZFP57	1.1340e+00	2.1305e+00	9.4789e-04
ZFP62	1.0540e+00	3.6026e-01	3.2632e-13
ZFP64	4.3600e-01	1.9838e+00	9.9935e-01
ZFP69	8.8400e-01	1.6583e+00	2.7063e-07
ZFP69B	1.3650e+00	9.2998e-01	7.8626e-06
ZFP82	7.1900e-01	2.3913e+00	2.2081e-04
ZFP90	7.8900e-01	1.1187e+00	1.3560e-07
ZFP91	2.3700e-01	1.0971e+00	1.0000e+00
ZFP91-CNTF	NA	3.0092e+00	NA
ZFPL1	1.1520e+00	8.7044e-01	8.0016e-09
ZFPM1	1.1140e+00	-8.2316e+00	7.3927e-09
ZFPM2	2.7400e-01	1.3508e+00	1.0000e+00
ZFR2	1.5150e+00	-3.1313e+00	3.2944e-44
ZFR	2.1900e-01	4.8118e+00	1.0000e+00
ZFTA	1.6020e+00	-2.2433e+00	1.3448e-13
ZFYVE1	5.3800e-01	3.9280e+00	5.6359e-01
ZFYVE16	7.4400e-01	6.9711e-01	9.6772e-15
ZFYVE19	1.0290e+00	-6.0345e-01	2.1171e-14
ZFYVE21	1.0780e+00	-4.2346e-01	3.5318e-06
ZFYVE26	7.0400e-01	2.8433e+00	1.8546e-34
ZFYVE27	8.7200e-01	1.5352e+00	2.1276e-08
ZFYVE28	6.7700e-01	-8.1506e-01	1.1342e-05
ZFYVE9	4.0800e-01	2.5394e+00	1.0000e+00
ZG16	1.0420e+00	1.1482e+00	7.3648e-03
ZG16B	1.8020e+00	-3.3228e-01	6.8481e-04
ZGLP1	8.9800e-01	4.4944e-01	9.5775e-03
ZGPAT	1.1010e+00	-6.1565e-01	7.0175e-12
ZGRF1	1.1050e+00	1.0870e+00	3.9049e-48
ZHX1	4.4700e-01	3.2322e+00	9.9927e-01
ZHX1-C8orf76	1.3320e+00	2.9823e-01	1.0122e-05
ZHX2	5.1700e-01	2.5944e+00	9.6721e-01
ZHX3	4.3000e-01	2.2405e+00	9.9979e-01
ZIC1	3.0600e-01	2.8961e+00	9.9991e-01
ZIC2	5.2000e-01	4.6995e-01	9.6497e-01
ZIC4	8.2700e-01	-5.2831e-01	5.6611e-03
ZIC5	1.3480e+00	-3.3955e+00	3.4716e-07
ZIK1	1.8740e+00	1.5292e+00	9.1065e-06
ZIM2	5.1800e-01	5.3603e-01	9.6553e-01
ZIM3	1.3540e+00	-2.6073e-01	9.9584e-04
ZKSCAN1	4.1300e-01	2.8724e+00	9.9982e-01
ZKSCAN2	5.1600e-01	1.0121e+00	6.9929e-01
ZKSCAN3	9.2700e-01	2.3938e+00	3.4094e-06
ZKSCAN4	1.0380e+00	1.8002e+00	5.7412e-08
ZKSCAN5	5.9800e-01	2.3122e+00	2.1971e-02
ZKSCAN7	8.0400e-01	1.3155e+00	4.3835e-08
ZKSCAN8	6.2600e-01	1.8676e+00	1.5390e-02
ZMAT2	3.7200e-01	3.0313e+00	9.9930e-01
ZMAT3	7.5900e-01	9.0610e-01	8.3084e-03
ZMAT4	9.3500e-01	7.4235e-01	1.1188e-03
ZMAT5	1.3330e+00	6.6631e-01	3.4565e-08
ZMIZ1	2.2000e-01	4.1470e+00	1.0000e+00
ZMIZ2	3.9800e-01	2.2493e+00	1.0000e+00
ZMPSTE24	1.0790e+00	1.0864e+00	3.3473e-13
ZMYM1	6.7500e-01	1.7908e+00	4.0596e-05
ZMYM2	4.8200e-01	2.8745e+00	9.6384e-01
ZMYM4	2.2500e-01	5.1923e+00	1.0000e+00
ZMYM5	8.5800e-01	9.2876e-01	1.9258e-09
ZMYM6	7.7300e-01	2.3072e+00	5.3543e-18
ZMYND10	1.0080e+00	1.9365e+00	1.0961e-14
ZMYND11	1.6600e-01	4.7337e+00	1.0000e+00
ZMYND12	1.0360e+00	5.3930e-01	1.5647e-08
ZMYND15	8.4700e-01	6.1037e-01	5.6437e-13
ZMYND19	8.2600e-01	9.2482e-01	2.1323e-03
ZMYND8	3.3600e-01	5.0259e+00	1.0000e+00
ZNF100	1.3210e+00	-3.8158e-01	2.4381e-05
ZNF101	1.0200e+00	1.2691e+00	1.4887e-09
ZNF10	1.2040e+00	1.5038e+00	9.5116e-03
ZNF106	4.0300e-01	2.2539e+00	1.0000e+00
ZNF107	1.9320e+00	3.6894e-01	1.4008e-06
ZNF112	5.8800e-01	1.9532e+00	1.3813e-02
ZNF114	1.7740e+00	1.1898e+00	7.9629e-04
ZNF117	1.1810e+00	1.8266e-01	5.2454e-12
ZNF121	1.8690e+00	1.9902e+00	8.6520e-02
ZNF124	1.1500e+00	-4.4696e-02	7.4952e-08
ZNF12	6.5300e-01	2.1175e+00	3.9367e-04
ZNF131	1.9000e-01	3.6456e+00	1.0000e+00
ZNF132	1.4330e+00	-1.8254e-01	1.5668e-02
ZNF133	6.1300e-01	2.6933e+00	6.4614e-02
ZNF134	1.9590e+00	3.8663e-02	1.9620e-03
ZNF135	1.5240e+00	1.5525e+00	1.8829e-04
ZNF136	1.4680e+00	1.3626e+00	5.6685e-04
ZNF138	1.3130e+00	5.1063e-01	1.0795e-11
ZNF140	1.6170e+00	7.1394e-01	4.9542e-05
ZNF141	1.1230e+00	5.2104e-01	5.2931e-02
ZNF14	1.3000e+00	1.1663e+00	2.8133e-03
ZNF142	8.3200e-01	2.1437e+00	8.1466e-22
ZNF143	8.0500e-01	2.4574e+00	8.7958e-09
ZNF146	7.0500e-01	3.2629e+00	3.4954e-01
ZNF148	2.0800e-01	4.5888e+00	1.0000e+00
ZNF154	1.6190e+00	7.4955e-01	8.4401e-03
ZNF155	1.7560e+00	9.0544e-01	3.4975e-06
ZNF160	1.1000e+00	2.2285e+00	1.7263e-02
ZNF16	1.1520e+00	6.9458e-01	2.0140e-04
ZNF165	9.8400e-01	1.3684e+00	5.9656e-04
ZNF169	1.5020e+00	7.9689e-01	2.0925e-04
ZNF17	1.2100e+00	1.1400e+00	1.2558e-01
ZNF174	9.5900e-01	5.2437e-01	1.8072e-06
ZNF175	9.6500e-01	1.5889e+00	4.3405e-02
ZNF177	1.3330e+00	-6.6640e-01	9.0695e-07
ZNF180	1.8460e+00	4.5965e-01	3.2340e-03
ZNF181	1.3310e+00	1.9662e+00	2.4085e-03
ZNF184	4.2100e-01	3.0720e+00	9.9986e-01
ZNF18	9.3000e-01	1.8149e+00	1.7683e-10
ZNF189	7.8800e-01	1.2133e+00	2.9924e-06
ZNF19	1.3960e+00	4.1846e-01	1.7647e-03
ZNF195	8.7000e-01	2.2013e+00	9.4636e-02
ZNF197	8.2000e-01	1.9816e+00	2.3886e-03
ZNF200	1.2790e+00	-1.5624e+00	3.7491e-12
ZNF20	1.3470e+00	2.0514e+00	2.2251e-03
ZNF202	6.1600e-01	2.4000e+00	3.3258e-02
ZNF205	7.8600e-01	-4.7549e-01	8.5310e-06
ZNF207	5.9700e-01	2.7015e+00	1.2506e-01
ZNF208	1.2890e+00	-2.1054e+00	1.4157e-03
ZNF211	1.9180e+00	6.0318e-01	1.0641e-08
ZNF212	9.0600e-01	1.3414e+00	8.4065e-08
ZNF213	9.4900e-01	1.7039e-01	6.3752e-07
ZNF214	1.0150e+00	4.3911e-01	9.9837e-13
ZNF215	1.1680e+00	-4.1896e-01	2.5386e-07
ZNF217	2.3700e-01	1.7698e+00	1.0000e+00
ZNF219	7.6500e-01	-1.6670e+00	7.2665e-03
ZNF221	1.2720e+00	1.3038e+00	3.2496e-03
ZNF22	1.2160e+00	3.9612e-01	5.6165e-05
ZNF222	1.2080e+00	1.7827e+00	9.3136e-03
ZNF223	1.2540e+00	1.4717e+00	3.5897e-03
ZNF224	1.3970e+00	1.6408e+00	3.8514e-03
ZNF225	9.8300e-01	1.5622e+00	6.5238e-02
ZNF226	1.1340e+00	-6.6982e-01	1.4056e-02
ZNF227	1.1580e+00	1.4873e+00	1.2233e-02
ZNF229	1.3190e+00	2.6781e-01	2.5522e-03
ZNF230	1.7290e+00	9.0096e-01	1.0652e-05
ZNF232	1.3420e+00	4.9458e-01	2.5639e-09
ZNF233	1.2020e+00	1.4912e+00	3.7234e-02
ZNF234	1.2670e+00	1.9125e+00	5.6272e-02
ZNF235	1.0530e+00	1.7538e+00	1.4232e-09
ZNF236	3.2700e-01	4.9431e+00	1.0000e+00
ZNF239	8.0600e-01	7.4763e-01	5.0796e-03
ZNF23	9.9100e-01	6.2982e-01	5.6897e-11
ZNF24	4.4000e-01	2.6937e+00	9.9842e-01
ZNF248	6.3100e-01	8.1765e-01	9.6419e-02
ZNF250	5.3100e-01	3.4172e+00	9.3256e-01
ZNF251	1.7980e+00	8.5817e-01	1.0084e-02
ZNF253	1.0730e+00	1.7964e+00	1.1740e-01
ZNF254	1.3790e+00	-3.0839e+00	1.9137e-03
ZNF256	1.3290e+00	1.5349e+00	2.7854e-01
ZNF257	1.6340e+00	1.2621e+00	1.8503e-05
ZNF25	8.6300e-01	7.8083e-01	4.2382e-05
ZNF260	9.6600e-01	8.2002e-01	1.8884e-05
ZNF263	9.8600e-01	2.7007e-01	1.7040e-13
ZNF264	1.7730e+00	5.5560e-01	2.0429e-05
ZNF266	1.4650e+00	-1.3610e-01	1.1034e-04
ZNF267	1.0060e+00	7.1611e-01	2.6415e-17
ZNF26	7.8000e-01	1.9542e+00	3.8480e-06
ZNF268	1.4110e+00	-2.4461e+00	2.6183e-09
ZNF273	1.2900e+00	1.4167e+00	1.4224e-05
ZNF274	9.0000e-01	1.7441e+00	5.7885e-07
ZNF276	1.1570e+00	-3.0463e+00	7.2113e-20
ZNF277	1.1490e+00	5.4665e-01	5.1405e-13
ZNF280A	9.8000e-01	4.0815e-01	6.4538e-07
ZNF280B	6.1300e-01	1.2312e+00	3.6835e-01
ZNF280D	4.9900e-01	1.0641e+00	9.7656e-01
ZNF281	1.0300e-01	1.7158e+00	1.0000e+00
ZNF28	1.7120e+00	-2.0708e-02	2.6298e-01
ZNF282	6.4000e-01	1.0735e+00	1.1422e-02
ZNF283	1.4870e+00	2.0108e+00	5.9304e-02
ZNF284	1.4000e+00	9.9488e-01	1.5882e-04
ZNF285	1.3890e+00	4.6979e-01	3.7931e-02
ZNF286A	9.5000e-01	2.0545e+00	5.1955e-08
ZNF286A-TBC1D26	NA	2.0545e+00	NA
ZNF287	5.2700e-01	3.7629e+00	8.4643e-01
ZNF292	1.6100e-01	2.0272e+00	1.0000e+00
ZNF2	9.3300e-01	1.6966e+00	1.1382e-03
ZNF296	6.7300e-01	1.3324e+00	8.1651e-01
ZNF300	9.3700e-01	1.1808e+00	1.8539e-02
ZNF30	1.5190e+00	8.2584e-01	6.2725e-06
ZNF302	1.7630e+00	3.4529e-01	2.1812e-05
ZNF304	1.5230e+00	2.2034e+00	5.2036e-03
ZNF311	9.5500e-01	1.3024e+00	2.7825e-03
ZNF316	1.1750e+00	-2.2652e+00	9.2042e-06
ZNF317	9.8300e-01	1.9716e+00	2.0395e-03
ZNF318	5.4500e-01	3.5232e-01	1.0891e-02
ZNF319	6.0300e-01	2.0956e+00	5.0749e-01
ZNF320	1.3110e+00	2.0910e+00	4.2624e-01
ZNF322	4.2500e-01	4.1620e+00	9.7426e-01
ZNF324	8.4900e-01	4.1754e-02	5.3365e-01
ZNF324B	1.1890e+00	1.8080e+00	3.9471e-02
ZNF326	6.5100e-01	1.4345e+00	1.9482e-02
ZNF32	8.0400e-01	2.0587e+00	2.1293e-02
ZNF329	8.7200e-01	4.5810e-01	1.0528e-04
ZNF330	9.6300e-01	6.8613e-01	4.7977e-07
ZNF331	1.0730e+00	2.7504e+00	4.2197e-01
ZNF333	9.6100e-01	1.8375e+00	6.0370e-16
ZNF334	1.5580e+00	6.1886e-01	3.7310e-04
ZNF335	7.1800e-01	-5.4217e-01	2.0988e-15
ZNF337	1.0850e+00	7.4995e-01	1.8877e-02
ZNF33A	8.7800e-01	1.4215e+00	5.5437e-02
ZNF33B	8.5400e-01	1.1949e+00	1.9245e-06
ZNF34	1.1350e+00	2.0448e+00	1.3988e-02
ZNF341	7.5600e-01	1.7805e+00	5.9594e-10
ZNF343	1.2020e+00	1.0733e+00	1.1600e-03
ZNF345	1.9700e+00	1.3617e+00	3.3111e-03
ZNF346	1.2090e+00	3.0014e-01	3.1976e-07
ZNF347	1.8680e+00	2.4131e-01	3.1303e-09
ZNF350	7.3800e-01	1.9914e+00	5.6514e-01
ZNF354A	6.7100e-01	1.9597e+00	2.2142e-03
ZNF354B	1.1800e+00	1.5664e+00	9.5595e-07
ZNF354C	9.2200e-01	1.1662e+00	9.8988e-02
ZNF358	1.6940e+00	1.2725e+00	2.7091e-01
ZNF35	8.7500e-01	1.9098e+00	3.4338e-07
ZNF362	4.4500e-01	3.0288e+00	9.9805e-01
ZNF3	6.5600e-01	1.6509e+00	1.0396e-01
ZNF365	8.5300e-01	1.2594e+00	9.0678e-05
ZNF366	6.0100e-01	4.9718e-01	2.0451e-01
ZNF367	5.6400e-01	1.6075e+00	8.9755e-01
ZNF37A	1.2530e+00	1.3032e+00	1.7339e-03
ZNF382	7.2700e-01	1.9435e+00	5.0359e-03
ZNF383	8.9000e-01	1.6022e+00	1.2836e-07
ZNF384	3.1200e-01	3.0869e+00	1.0000e+00
ZNF385A	7.3700e-01	3.3211e-01	4.5342e-02
ZNF385B	7.5100e-01	1.0099e+00	2.6569e-03
ZNF385C	1.0090e+00	2.8539e-01	2.6439e-06
ZNF385D	6.1100e-01	5.6758e-01	6.6232e-01
ZNF391	1.6850e+00	1.2803e+00	2.7488e-01
ZNF394	1.2410e+00	7.6562e-01	4.7292e-07
ZNF395	5.4000e-01	7.5733e-01	8.3865e-01
ZNF396	9.9700e-01	1.1500e+00	9.4707e-04
ZNF397	9.7000e-01	5.7587e-02	3.6498e-10
ZNF398	7.7600e-01	2.3414e+00	2.1519e-04
ZNF404	1.6790e+00	1.8066e+00	2.9306e-03
ZNF407	2.2600e-01	1.6037e+00	1.0000e+00
ZNF408	1.1460e+00	8.7539e-01	1.6457e-07
ZNF410	4.7200e-01	2.9166e+00	9.9574e-01
ZNF414	1.7930e+00	-3.7480e+00	1.0504e-14
ZNF415	1.2920e+00	9.5422e-01	5.1758e-02
ZNF416	1.0250e+00	9.8126e-01	1.4476e-01
ZNF417	1.4680e+00	2.9854e+00	1.3952e-02
ZNF418	1.2670e+00	5.4146e-01	5.4314e-11
ZNF419	9.2600e-01	2.6429e-01	5.9173e-02
ZNF420	8.9300e-01	2.3379e+00	2.0158e-08
ZNF423	1.9600e-01	4.2914e+00	1.0000e+00
ZNF425	1.5870e+00	1.4980e+00	6.7483e-07
ZNF426	1.2240e+00	6.1575e-01	2.5051e-05
ZNF428	6.7800e-01	3.8129e-01	7.1091e-01
ZNF429	1.1480e+00	-5.3673e-01	1.1711e-14
ZNF430	8.2300e-01	1.3863e+00	9.3120e-07
ZNF431	8.3300e-01	9.9055e-01	3.9811e-07
ZNF432	1.1630e+00	5.1825e-01	1.5139e-03
ZNF433	1.6780e+00	1.2017e+00	1.2374e-03
ZNF436	7.7500e-01	9.9952e-01	9.2559e-03
ZNF43	8.3700e-01	5.3570e-01	7.8833e-10
ZNF438	NA	2.1210e-01	NA
ZNF439	1.0610e+00	9.6732e-01	9.0054e-12
ZNF440	1.1640e+00	4.3999e-01	3.4283e-15
ZNF44	1.4360e+00	1.0250e+00	1.5529e-02
ZNF441	4.7600e-01	2.2063e+00	9.9463e-01
ZNF442	9.6300e-01	1.2575e+00	4.9799e-12
ZNF443	1.2350e+00	2.7625e-01	2.0304e-01
ZNF444	1.8990e+00	-3.4659e+00	3.2590e-04
ZNF445	3.0000e-01	2.5407e+00	1.0000e+00
ZNF446	1.4780e+00	-8.1182e-01	8.1727e-18
ZNF451	9.0500e-01	1.9645e+00	2.4420e-17
ZNF454	7.8700e-01	2.0672e+00	2.2396e-05
ZNF45	6.3300e-01	1.8618e+00	8.1029e-01
ZNF460	5.4800e-01	3.6921e+00	9.1492e-01
ZNF461	1.1560e+00	1.4783e+00	1.2420e-02
ZNF462	8.2000e-02	5.1124e+00	1.0000e+00
ZNF467	1.7890e+00	-3.6999e+00	4.9458e-23
ZNF468	1.8080e+00	5.5353e-01	6.6454e-04
ZNF469	1.7110e+00	-4.0028e+00	2.6375e-01
ZNF470	1.3690e+00	-5.1213e-01	8.5359e-05
ZNF471	1.1340e+00	1.4987e+00	1.4091e-02
ZNF473	8.1100e-01	3.0993e+00	4.9897e-01
ZNF474	1.8770e+00	-9.1519e-01	3.0868e-01
ZNF479	1.3170e+00	1.1866e+00	1.1372e-05
ZNF480	1.7360e+00	8.2116e-01	1.5572e-06
ZNF483	5.1500e-01	3.0077e+00	9.6974e-01
ZNF484	1.4880e+00	2.8499e+00	9.7375e-05
ZNF485	1.2650e+00	9.7720e-01	1.4324e-02
ZNF486	1.7360e+00	-2.7453e+00	6.4492e-05
ZNF48	7.6400e-01	1.7568e+00	1.9272e-03
ZNF488	1.8890e+00	8.9588e-02	7.7506e-02
ZNF490	9.2400e-01	1.8702e+00	3.5976e-02
ZNF491	8.7800e-01	-1.5484e-02	5.3388e-05
ZNF492	1.2550e+00	2.2989e+00	1.9418e-01
ZNF493	1.4720e+00	-4.1632e-01	2.4379e-04
ZNF496	3.0000e-01	1.9417e+00	1.0000e+00
ZNF497	1.8460e+00	-4.6855e+00	3.3506e-01
ZNF500	1.3280e+00	-2.5172e+00	4.5810e-11
ZNF501	1.3950e+00	-2.7934e-01	6.2814e-06
ZNF502	8.4900e-01	1.2892e+00	2.2056e-06
ZNF503	1.0290e+00	-1.8928e+00	6.6551e-04
ZNF506	1.2220e+00	1.7345e+00	8.6920e-03
ZNF507	4.6200e-01	1.0208e+00	9.9811e-01
ZNF510	1.1880e+00	1.3305e+00	7.1729e-05
ZNF511	1.3800e+00	-4.1834e-01	2.8430e-10
ZNF511-PRAP1	1.2760e+00	1.0051e+00	3.9470e-12
ZNF512	4.8900e-01	2.9851e+00	9.8647e-01
ZNF512B	4.1300e-01	1.4329e+00	9.9998e-01
ZNF513	6.1500e-01	9.3392e-01	4.1332e-01
ZNF514	1.8320e+00	2.2503e-01	1.3428e-05
ZNF516	4.1000e-01	-5.2159e-01	9.9995e-01
ZNF517	1.4730e+00	-2.0485e+00	1.0553e-04
ZNF518A	5.5900e-01	-2.7034e-02	8.0343e-03
ZNF518B	5.5100e-01	-1.1656e+00	6.4010e-01
ZNF519	1.7240e+00	7.1145e-01	1.0140e-03
ZNF521	2.0600e-01	4.0944e+00	1.0000e+00
ZNF524	1.9250e+00	-6.8321e-01	1.2762e-01
ZNF525	1.2870e+00	1.5094e+00	1.4505e-05
ZNF526	6.4500e-01	1.3723e+00	1.0730e-01
ZNF527	7.6500e-01	1.8076e+00	4.1354e-01
ZNF528	1.0930e+00	-1.0158e+00	9.5110e-03
ZNF529	1.9360e+00	8.1276e-01	2.6366e-05
ZNF530	1.9160e+00	1.1903e+00	2.7102e-02
ZNF532	3.0700e-01	5.0566e+00	1.0000e+00
ZNF534	1.8750e+00	2.1621e-01	2.2087e-08
ZNF536	2.4500e-01	2.0591e+00	1.0000e+00
ZNF540	7.5400e-01	1.4998e+00	6.7446e-01
ZNF541	2.7800e-01	1.2702e+00	1.0000e+00
ZNF543	1.3130e+00	-7.5033e-02	1.2363e-03
ZNF544	1.1790e+00	-1.5353e-01	2.7432e-03
ZNF546	9.2300e-01	1.6265e+00	1.2402e-13
ZNF547	1.1250e+00	1.0063e+00	1.6315e-01
ZNF548	1.6530e+00	1.2270e+00	2.4138e-04
ZNF549	1.5620e+00	8.0283e-01	1.5618e-04
ZNF550	1.4090e+00	4.2507e-01	3.6584e-03
ZNF551	1.2880e+00	8.4625e-01	5.2432e-02
ZNF552	9.9300e-01	1.4009e+00	3.6597e-01
ZNF554	1.0730e+00	-3.7046e-02	4.1992e-04
ZNF555	1.2950e+00	6.6101e-01	1.3655e-03
ZNF556	1.4260e+00	-5.8624e-01	1.3649e-04
ZNF557	1.2410e+00	8.2203e-01	4.2757e-04
ZNF558	8.1600e-01	1.1470e+00	2.5677e-03
ZNF559	1.6690e+00	-1.0957e+00	3.7680e-07
ZNF559-ZNF177	1.3330e+00	-6.6640e-01	9.0695e-07
ZNF560	8.3400e-01	4.0307e-01	1.7803e-11
ZNF561	1.3250e+00	2.1686e-01	1.0725e-05
ZNF562	1.1200e+00	3.5663e-01	5.3429e-04
ZNF563	1.0020e+00	1.3723e+00	2.2425e-09
ZNF564	9.4700e-01	1.3919e+00	2.0715e-01
ZNF565	9.5300e-01	1.8589e+00	1.3732e-08
ZNF566	9.7700e-01	1.8571e+00	2.7984e-08
ZNF567	8.7700e-01	2.4097e+00	1.8420e-08
ZNF568	1.0340e+00	2.1464e+00	1.1896e-03
ZNF569	8.6500e-01	2.3267e+00	8.5778e-09
ZNF570	9.6400e-01	1.4145e+00	2.5037e-03
ZNF571	1.1570e+00	7.9859e-01	8.3596e-02
ZNF57	1.2430e+00	-1.2141e-01	3.7953e-03
ZNF572	1.5160e+00	1.1824e+00	2.0682e-01
ZNF573	9.2000e-01	1.1844e+00	8.2388e-10
ZNF574	5.9900e-01	2.1615e+00	9.1692e-02
ZNF575	1.6160e+00	-4.5322e-01	5.4910e-07
ZNF576	1.2930e+00	1.2122e+00	1.2695e-02
ZNF577	1.4840e+00	8.2855e-01	1.8445e-05
ZNF578	1.6340e+00	1.9063e-02	1.4880e-03
ZNF579	1.9060e+00	-2.0005e+00	2.9749e-02
ZNF580	1.9150e+00	-2.9742e+00	1.3868e-01
ZNF581	1.7530e+00	-5.0125e-02	1.2969e-01
ZNF582	NA	5.3492e-01	NA
ZNF583	6.9800e-01	2.8564e+00	5.1056e-04
ZNF584	1.4350e+00	9.9411e-01	1.2983e-04
ZNF585A	8.9200e-01	2.6412e+00	3.5245e-03
ZNF585B	8.6400e-01	2.3602e+00	1.5267e-01
ZNF586	1.8080e+00	1.0494e+00	6.6195e-04
ZNF587	1.6590e+00	2.4111e+00	1.3391e-03
ZNF587B	1.6870e+00	3.4654e-02	6.6604e-03
ZNF589	1.6620e+00	7.9416e-01	3.9868e-07
ZNF592	2.1200e-01	2.5546e+00	1.0000e+00
ZNF593	1.9050e+00	-1.0729e+00	1.3822e-08
ZNF593OS	NA	NA	NA
ZNF594	1.8520e+00	-4.1563e-01	3.3065e-01
ZNF595	1.0530e+00	-1.0898e-01	8.6575e-08
ZNF596	1.1590e+00	-3.2028e+00	8.7118e-14
ZNF597	1.5290e+00	-4.6496e-01	5.3214e-02
ZNF598	NA	-5.8908e-01	NA
ZNF599	1.6290e+00	7.9211e-01	4.6386e-05
ZNF600	1.0380e+00	5.0428e-01	2.1817e-01
ZNF605	1.7750e+00	1.6268e+00	3.2164e-04
ZNF606	6.2100e-01	1.7640e+00	9.4629e-04
ZNF607	9.6600e-01	5.8484e-01	1.8983e-01
ZNF608	1.6100e-01	2.2465e+00	1.0000e+00
ZNF609	1.6600e-01	2.5292e+00	1.0000e+00
ZNF610	1.4510e+00	8.1870e-01	2.2500e-05
ZNF611	1.3150e+00	-1.1025e-01	2.3833e-02
ZNF613	1.1090e+00	1.5370e+00	4.4200e-03
ZNF614	1.3490e+00	1.0028e+00	4.6991e-04
ZNF615	1.3680e+00	1.2186e+00	4.2227e-04
ZNF616	1.2940e+00	9.3748e-01	5.1443e-02
ZNF618	4.5900e-01	2.5697e+00	9.9886e-01
ZNF619	1.1940e+00	9.1691e-01	5.0314e-03
ZNF620	1.1660e+00	1.0725e+00	5.9470e-03
ZNF621	8.4800e-01	1.2338e+00	3.3704e-01
ZNF622	9.0700e-01	8.4005e-01	1.4684e-07
ZNF623	9.5900e-01	1.0476e+00	4.4482e-04
ZNF624	7.1300e-01	2.9322e+00	1.0511e-06
ZNF625	1.4560e+00	1.8433e+00	3.0184e-03
ZNF625-ZNF20	NA	1.0705e+00	NA
ZNF626	7.5600e-01	-3.5858e-01	6.0139e-01
ZNF627	1.7780e+00	1.3452e+00	7.7193e-06
ZNF628	1.9580e+00	-3.4366e+00	5.3647e-03
ZNF629	2.8100e-01	2.9267e+00	1.0000e+00
ZNF638	2.4900e-01	-1.7164e-01	1.0000e+00
ZNF639	7.3400e-01	1.5498e+00	1.4457e-02
ZNF641	7.3400e-01	8.8589e-01	1.1660e-03
ZNF644	2.2400e-01	2.7213e+00	1.0000e+00
ZNF646	5.6100e-01	2.1025e+00	1.0569e-02
ZNF648	1.8490e+00	-1.2349e+00	4.3016e-02
ZNF649	8.1300e-01	1.4090e+00	3.9933e-01
ZNF652	4.7300e-01	2.3916e+00	9.9472e-01
ZNF653	9.4800e-01	3.2661e-01	1.2591e-09
ZNF654	3.0500e-01	2.4206e+00	1.0000e+00
ZNF655	6.8200e-01	1.1208e+00	7.8237e-01
ZNF658	9.4800e-01	2.2713e+00	2.8429e-11
ZNF660	1.3040e+00	8.2304e-01	2.1343e-08
ZNF660-ZNF197	8.5000e-01	1.4918e+00	2.2896e-03
ZNF66	1.1150e+00	4.1032e-02	5.5196e-02
ZNF662	1.4790e+00	-1.0333e-01	6.1116e-03
ZNF664	9.0400e-01	2.8571e+00	2.5854e-02
ZNF664-RFLNA	1.6980e+00	6.1079e-01	2.6944e-01
ZNF665	1.6170e+00	2.8023e-01	3.7078e-03
ZNF667	7.3600e-01	1.6111e+00	3.9845e-03
ZNF668	4.5800e-01	1.6316e+00	9.9608e-01
ZNF669	1.0490e+00	-6.3961e-03	4.3183e-02
ZNF670	1.1470e+00	6.1725e-01	2.5141e-02
ZNF670-ZNF695	NA	6.4544e-01	NA
ZNF671	1.6850e+00	7.9285e-01	7.3313e-09
ZNF672	NA	-2.1068e+00	NA
ZNF675	8.5200e-01	8.3581e-02	7.0742e-08
ZNF676	1.7700e+00	-7.4399e-02	1.1335e-02
ZNF677	1.2010e+00	4.6840e-01	7.0982e-02
ZNF678	1.9190e+00	3.3523e-01	4.2931e-03
ZNF679	1.3770e+00	-6.7685e-01	8.8193e-04
ZNF680	9.8700e-01	1.1238e+00	1.7178e-01
ZNF681	8.6900e-01	-6.6464e-03	4.1168e-08
ZNF682	1.0980e+00	6.7692e-01	1.1487e-09
ZNF683	9.2900e-01	2.8556e-01	6.4884e-05
ZNF684	1.5070e+00	1.4303e+00	4.7144e-04
ZNF687	2.9300e-01	2.3962e+00	1.0000e+00
ZNF688	1.3620e+00	-2.3253e-01	8.9737e-05
ZNF689	6.3200e-01	1.7483e+00	2.9599e-01
ZNF69	1.1370e+00	-2.1906e-01	7.4022e-15
ZNF691	7.2800e-01	1.2704e+00	1.5309e-01
ZNF692	1.1090e+00	1.7748e-01	3.1549e-13
ZNF695	1.7820e+00	8.2893e-01	1.2367e-04
ZNF696	1.8790e+00	-3.3254e+00	9.3257e-10
ZNF697	1.7120e+00	-3.7674e+00	8.0646e-10
ZNF699	1.4140e+00	1.6698e+00	8.0179e-08
ZNF700	7.3100e-01	7.3840e-01	1.6888e-06
ZNF701	1.8920e+00	3.0505e-01	5.7121e-03
ZNF703	1.5760e+00	-2.6940e+00	2.9331e-07
ZNF704	3.8400e-01	2.5154e+00	9.9983e-01
ZNF705A	1.3480e+00	1.7728e+00	4.7630e-03
ZNF705D	1.8090e+00	1.2577e+00	3.6170e-01
ZNF705E	1.1890e+00	5.5344e-01	1.2696e-03
ZNF705G	1.8710e+00	-3.4604e+00	6.4669e-13
ZNF706	1.0090e+00	2.4038e+00	2.4214e-01
ZNF70	6.7000e-01	1.3750e+00	5.3053e-02
ZNF707	1.1510e+00	-5.3637e-01	2.4677e-02
ZNF708	1.3040e+00	1.1614e+00	2.4274e-15
ZNF709	1.8820e+00	2.5172e+00	4.2594e-07
ZNF710	3.9500e-01	2.7889e+00	9.9993e-01
ZNF71	1.8500e+00	6.2027e-01	9.4411e-02
ZNF713	1.0160e+00	1.6257e+00	8.7564e-08
ZNF7	1.4010e+00	3.7231e-01	7.8315e-04
ZNF714	9.2500e-01	2.4216e-01	5.7929e-07
ZNF716	1.3490e+00	-9.9634e-02	4.7000e-04
ZNF717	1.4500e+00	-2.3545e+00	1.4822e-02
ZNF718	1.9180e+00	NA	6.2122e-02
ZNF720	1.0520e+00	3.9651e-01	3.6052e-03
ZNF721	1.8500e+00	-9.6338e-01	4.2887e-02
ZNF722P	1.4460e+00	2.6200e-01	3.7035e-01
ZNF723	NA	4.4163e-01	NA
ZNF724	8.6100e-01	2.4089e-01	5.1811e-01
ZNF726	1.8410e+00	-2.4687e+00	1.2447e-05
ZNF727	1.7820e+00	4.0799e-01	3.0865e-04
ZNF728	1.5460e+00	1.6608e-01	1.2701e-05
ZNF729	1.7390e+00	-1.4284e+00	5.8939e-07
ZNF730	1.6370e+00	-1.2048e+00	6.1925e-04
ZNF732	1.6250e+00	-4.0431e-01	7.9139e-06
ZNF735	1.5560e+00	-3.9750e-01	3.7749e-04
ZNF736	1.2180e+00	6.4295e-01	1.7717e-02
ZNF737	1.7030e+00	-9.3527e-02	3.1131e-05
ZNF740	9.8000e-01	9.3386e-01	1.1540e-03
ZNF74	1.1840e+00	1.1801e+00	1.3126e-03
ZNF746	5.5000e-01	1.1353e+00	8.6526e-01
ZNF747	1.7990e+00	-1.9302e+00	2.5435e-06
ZNF749	1.8140e+00	9.7058e-01	6.4122e-04
ZNF750	5.5400e-01	8.4204e-01	8.9161e-01
ZNF75A	9.5400e-01	-6.6217e-02	5.6869e-07
ZNF76	1.1970e+00	9.2353e-01	5.4027e-22
ZNF761	8.9600e-01	9.7085e-01	5.2146e-10
ZNF763	1.1170e+00	1.1297e+00	3.8478e-10
ZNF764	1.3380e+00	-1.7337e+00	1.0812e-03
ZNF765	1.0740e+00	6.6944e-01	5.4490e-11
ZNF765-ZNF761	8.9600e-01	9.7085e-01	5.2146e-10
ZNF766	1.7920e+00	1.0280e+00	1.8065e-05
ZNF768	4.9900e-01	1.6835e+00	9.8224e-01
ZNF770	4.2200e-01	1.8799e+00	9.9973e-01
ZNF771	1.4600e+00	-2.3400e+00	5.8948e-04
ZNF77	1.6460e+00	-1.9336e-01	2.8173e-06
ZNF772	1.1210e+00	1.2849e+00	1.5218e-02
ZNF773	1.3670e+00	2.3830e-01	4.2350e-04
ZNF774	1.6450e+00	2.9163e-01	2.4975e-04
ZNF775	1.8700e+00	-2.3247e+00	8.6331e-02
ZNF776	1.2310e+00	1.3483e+00	2.0476e-01
ZNF777	1.9900e-01	2.9692e+00	1.0000e+00
ZNF778	1.8900e+00	-3.7592e+00	1.3436e-12
ZNF780A	8.6300e-01	1.7270e+00	5.1525e-09
ZNF780B	8.6800e-01	8.5492e-01	2.2852e-11
ZNF781	NA	1.5936e+00	NA
ZNF782	1.4160e+00	1.2215e+00	7.7394e-03
ZNF783	1.1450e+00	-1.5955e+00	8.0312e-08
ZNF784	1.9300e+00	-1.8892e+00	3.6906e-03
ZNF785	1.9150e+00	-2.0109e-01	2.5433e-07
ZNF786	1.1660e+00	-1.6812e+00	2.7403e-18
ZNF787	1.2140e+00	-1.8941e+00	2.1959e-03
ZNF789	1.0720e+00	1.2584e+00	3.0514e-03
ZNF790	1.1340e+00	1.0734e+00	1.4018e-02
ZNF79	1.1490e+00	2.5507e-01	4.1966e-04
ZNF791	9.3700e-01	2.2699e+00	4.2437e-01
ZNF792	1.5700e+00	1.2990e+00	1.0976e-05
ZNF793	8.0900e-01	1.0423e+00	3.1543e-01
ZNF799	1.0520e+00	4.8537e-01	8.7456e-08
ZNF800	3.5800e-01	2.2295e+00	9.9999e-01
ZNF80	1.8780e+00	-8.1570e-01	3.0704e-01
ZNF804A	3.7000e-01	-1.2664e-01	9.9528e-01
ZNF804B	9.0000e-01	-2.6351e-01	6.3087e-20
ZNF805	1.2560e+00	1.9185e+00	8.1696e-04
ZNF806	1.6010e+00	-1.0460e-01	2.0189e-02
ZNF808	1.1940e+00	2.1007e-01	7.2780e-02
ZNF813	1.1930e+00	7.6427e-01	2.2358e-01
ZNF8	1.3170e+00	1.1976e+00	2.5862e-03
ZNF814	1.6520e+00	4.4802e-01	1.3807e-03
ZNF816	1.8300e+00	1.2322e+00	1.3560e-05
ZNF816-ZNF321P	1.5970e+00	1.5498e-01	1.7242e-03
ZNF821	5.2500e-01	2.0546e+00	9.4227e-01
ZNF823	8.7300e-01	2.4797e+00	3.9841e-01
ZNF827	1.9700e-01	2.9640e+00	1.0000e+00
ZNF829	9.1100e-01	1.9321e+00	2.4444e-07
ZNF830	7.7000e-01	7.4942e-01	1.5839e-02
ZNF831	8.2200e-01	-5.3550e-01	3.9368e-13
ZNF83	1.8230e+00	1.0166e+00	4.8458e-02
ZNF835	1.8540e+00	-7.5579e-02	3.2907e-01
ZNF836	1.8770e+00	1.8793e+00	1.0335e-03
ZNF837	NA	-5.0948e+00	NA
ZNF839	9.3400e-01	5.3277e-01	1.8777e-09
ZNF84	1.1320e+00	7.8781e-01	9.5850e-04
ZNF841	1.5810e+00	1.1528e+00	3.3621e-04
ZNF843	1.8990e+00	-5.8296e-01	1.5339e-01
ZNF844	1.7160e+00	1.9756e-01	1.0527e-03
ZNF845	9.4200e-01	1.6242e+00	1.2713e-15
ZNF846	1.6650e+00	-3.3762e-01	5.8872e-08
ZNF850	1.3430e+00	1.2065e+00	1.6008e-01
ZNF85	1.0830e+00	-6.7934e-01	1.2631e-12
ZNF852	9.7900e-01	5.0170e-01	1.8424e-04
ZNF853	8.6100e-01	-9.2554e-01	1.6359e-13
ZNF860	1.8920e+00	1.7792e+00	2.9275e-01
ZNF862	9.3400e-01	3.7439e-01	2.3430e-11
ZNF865	1.0760e+00	-2.7508e-01	6.3395e-01
ZNF875	1.8850e+00	6.2998e-01	5.5870e-05
ZNF878	1.5850e+00	1.4215e+00	7.7677e-04
ZNF879	1.0200e+00	3.5762e-01	5.6323e-09
ZNF880	1.5230e+00	9.0071e-01	8.0867e-05
ZNF883	1.9260e+00	1.1828e-01	1.2729e-01
ZNF888	1.6650e+00	1.9721e+00	1.6500e-02
ZNF891	1.8720e+00	4.3337e-01	3.1325e-01
ZNF90	1.2880e+00	-7.7533e-01	6.2592e-03
ZNF91	1.1400e+00	1.5049e+00	8.9313e-02
ZNF92	1.5830e+00	9.6013e-01	5.8959e-05
ZNF93	9.1000e-01	1.9302e+00	1.3851e-07
ZNF98	1.4770e+00	2.8425e+00	1.2282e-03
ZNF99	1.1680e+00	-2.8322e-01	1.1567e-02
ZNFX1	4.8900e-01	4.0932e+00	6.3497e-01
ZNHIT1	1.2980e+00	1.2932e+00	5.7016e-07
ZNHIT2	1.7740e+00	-2.5918e+00	2.0059e-11
ZNHIT3	1.8690e+00	-6.9304e-01	4.6604e-11
ZNHIT6	8.2400e-01	1.1318e+00	2.9065e-04
ZNRD2	1.0270e+00	6.2621e-02	1.8749e-04
ZNRF1	4.9800e-01	-8.8563e-01	9.6730e-01
ZNRF2	1.9450e+00	-3.8968e+00	4.1914e-04
ZNRF3	5.0300e-01	4.1822e-01	9.7032e-01
ZNRF4	1.8640e+00	2.3502e-01	3.2007e-01
ZP1	1.0260e+00	9.6554e-01	2.3351e-17
ZP2	7.3600e-01	5.7259e-01	3.0097e-09
ZP3	9.9500e-01	3.1310e-01	1.1845e-05
ZP4	1.1740e+00	-1.1944e+00	7.3307e-21
ZPBP2	1.2280e+00	4.6030e-01	2.4693e-09
ZPBP	8.4000e-01	6.6980e-01	1.2063e-04
ZPLD1	1.0370e+00	2.5918e-01	5.8538e-08
ZPR1	8.1500e-01	7.3285e-01	7.0253e-07
ZRANB1	2.8900e-01	4.0454e+00	1.0000e+00
ZRANB2	5.2100e-01	1.2181e+00	9.5847e-01
ZRANB3	1.0950e+00	6.8082e-01	4.1328e-32
ZSCAN10	1.3120e+00	-2.4772e+00	7.2387e-19
ZSCAN1	1.3540e+00	-3.2942e-01	6.2606e-08
ZSCAN12	1.1170e+00	1.2144e+00	8.5490e-06
ZSCAN16	1.3500e+00	1.6856e+00	3.9404e-06
ZSCAN18	8.1700e-01	-1.0297e+00	2.5063e-03
ZSCAN20	5.0700e-01	2.3448e+00	8.3423e-01
ZSCAN21	1.0640e+00	2.4209e-01	1.3754e-10
ZSCAN22	9.8500e-01	1.2558e+00	6.4302e-02
ZSCAN23	1.3510e+00	1.5752e+00	3.3796e-07
ZSCAN25	9.6300e-01	1.0468e+00	2.9800e-09
ZSCAN26	1.5660e+00	9.9454e-01	1.0644e-11
ZSCAN2	7.3900e-01	1.2155e+00	1.1025e-04
ZSCAN29	9.2200e-01	6.0913e-01	1.0790e-14
ZSCAN30	1.0480e+00	9.5391e-01	1.0034e-10
ZSCAN31	9.3700e-01	1.3207e+00	1.9281e-03
ZSCAN32	1.3910e+00	-1.1491e+00	3.1413e-20
ZSCAN4	1.4900e+00	5.5564e-01	5.6267e-07
ZSCAN5A	8.3800e-01	3.3582e-01	2.0739e-02
ZSCAN5B	1.6160e+00	-6.3633e-01	1.1974e-04
ZSCAN5C	9.9500e-01	-3.2865e-01	3.6396e-01
ZSCAN9	1.1370e+00	4.7975e-01	6.8076e-06
ZSWIM1	1.0510e+00	1.7307e+00	1.3452e-06
ZSWIM2	1.0560e+00	-3.4361e-01	8.1779e-08
ZSWIM3	7.0800e-01	2.6720e+00	3.4391e-04
ZSWIM4	8.3000e-01	2.1400e+00	8.3186e-14
ZSWIM5	5.7700e-01	3.2321e+00	4.0742e-04
ZSWIM6	1.4600e-01	3.2892e+00	1.0000e+00
ZSWIM7	1.6030e+00	-7.0557e-01	5.3157e-05
ZSWIM8	2.2800e-01	5.9586e+00	1.0000e+00
ZSWIM9	8.5600e-01	-4.5354e-01	2.6841e-02
ZUP1	1.1190e+00	1.9152e-01	5.0857e-13
ZW10	7.3000e-01	1.5403e+00	1.7299e-08
ZWILCH	1.0610e+00	1.6491e-01	1.8150e-11
ZWINT	1.2480e+00	-5.9387e-01	4.9812e-14
ZXDC	1.1890e+00	-8.9383e-01	2.3522e-19
ZYG11A	1.0120e+00	9.9917e-01	7.3675e-14
ZYG11B	5.3600e-01	4.3380e+00	6.6224e-01
ZYX	8.6300e-01	6.4576e-02	1.5909e-08
ZZEF1	5.1700e-01	1.9932e+00	3.2959e-09
ZZZ3	2.8900e-01	2.4554e+00	1.0000e+00
