Gene	Inheritance	Validity	Disease
17952091, 19508970, 31423530, 35934917, 38058750	.	.	4ee94dfc-b68e-4a26-ab68-7af456b9d826
23523133, 31130284, 38449868, 41591840	.	.	LO0011
26633546, 33640901	.	.	LO0010
33974130, 38098057	.	.	LO0090
616026); (2) MODY, type I (MIM: 125850); (3) Susceptibility to Diabetes mellitus, noninsulin-dependent (MIM: 125853).	.	.	.
7845467, 26385063, 28385374, 28552761, 33791233, 36402602, 39231201	.	.	eb3415ab-4fa5-4f53-8ae4-7b4c620a3391
9090381, 10083738, 12325024, 12915479, 20060764, 25538232, 25800479, 26450166, 26587300, 28742517	.	.	d0796d69-b304-4670-b4a2-8785ff6fd161
9837814, 11890679, 12096124, 20647552, 20681997, 21031596, 21826223, 24091540, 25002403, 26644994, 30094183	.	.	7506d938-efb4-416c-aafd-221251d00e6e
A2ML1	AD	Limited	Noonan syndrome
A2M	.	No Known Disease Relationship	Alzheimer disease type 1
A4GALT	AR	Definitive	A4GALT-congenital disorder of glycosylation
AAAS	AR	Definitive	triple-A syndrome
AADAC	.	No Known Disease Relationship	Tourette syndrome
AAGAB	AD	Definitive	palmoplantar keratoderma, punctate type 1A
AANAT	AD	Limited	delayed sleep phase syndrome, susceptibility to
AAR2	AR	Limited	multiple congenital anomalies/dysmorphic syndrome
AARS1	AR/AD	Definitive	Charcot-Marie-Tooth disease axonal type 2N
AARS2	AR/AD	Definitive	mitochondrial disease
AASS	AR	Definitive	hyperlysinemia
ABAT	AR	Definitive	GABA aminotransaminase deficiency
ABCA12	AR	Definitive	autosomal recessive congenital ichthyosis 4B
ABCA13	.	Limited	schizophrenia
ABCA1	AD/AR	Definitive	hypoalphalipoproteinemia, primary, 1
ABCA2	AR	Strong	intellectual developmental disorder with poor growth and with or without seizures or ataxia
ABCA3	AR	Definitive	interstitial lung disease due to ABCA3 deficiency
ABCA4	AR/AD	Definitive	severe early-childhood-onset retinal dystrophy
ABCA5	AR/AD	Supportive	gingival fibromatosis-hypertrichosis syndrome
ABCA7	.	Limited	Alzheimer disease 9
ABCB11	AR	Definitive	progressive familial intrahepatic cholestasis type 2
ABCB1	AD	Limited	inflammatory bowel disease 13
ABCB4	SD/AD/AR	Definitive	gallbladder disease 1
ABCB5	AR	Limited	complex neurodevelopmental disorder
ABCB6	AD	Strong	dyschromatosis universalis hereditaria 3
ABCB7	XL/XLR	Definitive	X-linked sideroblastic anemia with ataxia
ABCC1	AD	Moderate	hearing loss, autosomal dominant 77
ABCC2	AR	Strong	Dubin-Johnson syndrome
ABCC4	AR	Moderate	qualitative platelet defect
ABCC6	SD/AR/AD	Definitive	inherited pseudoxanthoma elasticum
ABCC8	SD/AD/AR	Definitive	diabetes mellitus, permanent neonatal 3
ABCC9	AD/AR	Definitive	hypertrichotic osteochondrodysplasia Cantu type
ABCD1	XL/AD/XLR	Definitive	adrenoleukodystrophy
ABCD3	AR	Moderate	congenital bile acid synthesis defect 5
ABCD4	AR	Strong	methylmalonic acidemia with homocystinuria, type cblJ
ABCG5	AR	Definitive	sitosterolemia
ABCG8	AR	Definitive	sitosterolemia
ABHD12	AR	Definitive	PHARC syndrome
ABHD16A	AR	Strong	spastic paraplegia 86, autosomal recessive
ABHD5	AR	Definitive	Dorfman-Chanarin disease
ABL1	AR/AD	Strong	congenital heart defects and skeletal malformations syndrome
ACACA	AR	Moderate	acetyl-coa carboxylase deficiency
ACACB	.	Limited	isolated cleft palate
ACAD8	AR	Definitive	isobutyryl-CoA dehydrogenase deficiency
ACAD9	AR	Definitive	acyl-CoA dehydrogenase 9 deficiency
ACADL	AR	Limited	hereditary pulmonary alveolar proteinosis
ACADM	AR	Definitive	medium chain acyl-CoA dehydrogenase deficiency
ACADS	AR	Definitive	short chain acyl-CoA dehydrogenase deficiency
ACADSB	AR	Definitive	2-methylbutyryl-CoA dehydrogenase deficiency
ACADVL	AR	Definitive	very long chain acyl-CoA dehydrogenase deficiency
ACAN	AD/AR	Definitive	short stature and advanced bone age, with or without early-onset osteoarthritis and/or osteochondritis dissecans
ACAT1	AR	Definitive	beta-ketothiolase deficiency
ACAT2	AR	Limited	acetyl-CoA acetyltransferase-2 deficiency
ACBD5	AR	Definitive	acyl-CoA binding domain containing protein 5 deficiency
ACBD6	AR	Strong	neurodevelopmental disorder with progressive movement abnormalities
ACD	SD/AR/AD	Definitive	ACD-related short telomere syndrome
ACE	AR	Definitive	renal tubular dysgenesis - ACE
ACER3	AR	Strong	alkaline ceramidase 3 deficiency
ACKR3	AR	Moderate	oculomotor-abducens synkinesis
ACMSD	AD	Limited	epilepsy
ACO2	AD/SD/AR	Definitive	optic atrophy 9
ACOX1	AR/AD	Definitive	Mitchell syndrome
ACOX2	AR	Definitive	congenital bile acid synthesis defect 6
ACP2	AR	Limited	lysosomal acid phosphatase deficiency
ACP4	AD/AR	Strong	amelogenesis imperfecta, type 1J
ACP5	AR	Definitive	Spondyloenchondrodysplasia with immune dysregulation
ACSF3	AR/AD	Definitive	combined malonic and methylmalonic acidemia
ACSL4	XL	Definitive	non-syndromic X-linked intellectual disability
ACSL5	AR	Moderate	diarrhea 13
ACTA1	SD/AD/AR	Definitive	congenital myopathy 2a, typical, autosomal dominant
ACTA2	AD	Definitive	multisystemic smooth muscle dysfunction syndrome
ACTB	AD	Definitive	Baraitser-Winter cerebrofrontofacial syndrome
ACTC1	AD	Definitive	hypertrophic cardiomyopathy
ACTG1	AD	Definitive	Baraitser-winter syndrome 2
ACTG2	AR/AD	Strong	visceral myopathy 1
ACTL6A	AD	Strong	neurodevelopmental disorder
ACTL6B	AR/AD	Definitive	developmental and epileptic encephalopathy, 76
ACTL7A	AR	Limited	male infertility
ACTL9	AR	Strong	spermatogenic failure 53
ACTN1	AD	Definitive	platelet-type bleeding disorder 15
ACTN2	AD	Definitive	ACTN2-related cardiac and skeletal myopathy
ACTN4	AD	Strong	focal segmental glomerulosclerosis 1
ACVR1	AD	Definitive	fibrodysplasia ossificans progressiva
ACVR1B	.	No Known Disease Relationship	malignant pancreatic neoplasm
ACVR2B	AD	Strong	heterotaxy, visceral, 4, autosomal
ACVRL1	AR/AD	Definitive	telangiectasia, hereditary hemorrhagic, type 2
ACY1	AR	Definitive	aminoacylase 1 deficiency
ADA2	AR/AD	Definitive	deficiency of adenosine deaminase 2
ADA	AR	Definitive	severe combined immunodeficiency, autosomal recessive, T cell-negative, B cell-negative, NK cell-negative, due to adenosine deaminase deficiency
ADAM10	AD	Strong	reticulate acropigmentation of Kitamura
ADAM17	AR/AD	Definitive	inflammatory skin and bowel disease, neonatal, 1
ADAM20	AD	Limited	male infertility
ADAM22	AR	Definitive	developmental and epileptic encephalopathy
ADAM9	AR/AD	Definitive	ADAM9-related retinopathy
ADAMTS10	AR/AD	Definitive	Weill-Marchesani syndrome 1
ADAMTS13	AR	Definitive	congenital thrombotic thrombocytopenic purpura
ADAMTS15	AR	Strong	arthrogryposis, distal, type 12
ADAMTS17	AR	Definitive	Weill-Marchesani 4 syndrome, recessive
ADAMTS18	AR	Definitive	microcornea-myopic chorioretinal atrophy
ADAMTS19	AR	Strong	cardiac valvular dysplasia 2
ADAMTS1	AD/AR	Limited	autosomal dominant prognathism
ADAMTS2	AR	Definitive	Ehlers-Danlos syndrome, dermatosparaxis type
ADAMTS3	AR	Strong	hennekam lymphangiectasia-lymphedema syndrome 3
ADAMTS6	.	Limited	Tourette syndrome
ADAMTS9	AR	Strong	nephronophthisis
ADAMTSL2	AR/AD	Definitive	geleophysic dysplasia 1
ADAMTSL4	AR/AD	Definitive	ectopia lentis 2, isolated, autosomal recessive
ADAR	AR/AD	Definitive	Aicardi-Goutieres syndrome 6
ADARB1	AR	Strong	neurodevelopmental disorder with hypotonia, microcephaly, and seizures
ADAT3	AR	Strong	intellectual disability-strabismus syndrome
ADCY10	AD	Strong	hypercalciuria, absorptive, 2
ADCY1	AR	Supportive	hearing loss, autosomal recessive
ADCY3	AR	Strong	body mass index quantitative trait locus 19
ADCY5	AD/SD/AR	Definitive	dyskinesia with orofacial involvement
ADCY6	AR	Strong	lethal congenital contracture syndrome 8
ADD1	SD	Strong	neurodevelopmental disorder
ADD3	AR	Strong	cerebral palsy, spastic quadriplegic, 3
ADGRA3	AR	Limited	retinitis pigmentosa
ADGRE2	AD	Supportive	autosomal dominant vibratory urticaria
ADGRG1	AR	Definitive	bilateral frontoparietal polymicrogyria
ADGRG2	AR	Supportive	congenital bilateral absence of vas deferens
ADGRG4	AD	Limited	autism spectrum disorder
ADGRG6	AR	Definitive	lethal congenital contracture syndrome 9
ADGRL1	AD	Definitive	complex neurodevelopmental disorder
ADGRV1	AD/AR	Definitive	Usher syndrome type 2
ADH1B	AD	Limited	alcohol dependence
ADH5	AR	Strong	AMED syndrome, digenic
ADIPOQ	.	Limited	STAT3-related early-onset multisystem autoimmune disease
ADIPOR1	AD/SD	Moderate	retinitis pigmentosa
ADK	AR	Definitive	adenosine kinase deficiency
ADNP	AD	Definitive	ADNP-related multiple congenital anomalies - intellectual disability - autism spectrum disorder
ADPRS	AR	Strong	neurodegeneration, childhood-onset, stress-induced, with variable ataxia and seizures
ADRA2A	AD	Limited	lipodystrophy
ADRA2B	AD/AR	Supportive	benign adult familial myoclonic epilepsy
ADRB1	AD	Limited	short sleep, familial natural, 2
ADRB2	AD	Limited	inherited susceptibility to asthma
ADSL	AR	Definitive	adenylosuccinate lyase deficiency
ADSS1	AR	Strong	myopathy, distal, 5
AEBP1	AR	Strong	Ehlers-Danlos syndrome, classic-like, 2
AFDN	AD	Limited	cleft lip/palate
AFF2	XL	Definitive	non-syndromic X-linked intellectual disability
AFF3	AD	Strong	KINSSHIP syndrome
AFF4	AD	Definitive	cognitive impairment - coarse facies - heart defects - obesity - pulmonary involvement - short stature - skeletal dysplasia syndrome
AFG2A	AR	Definitive	syndromic complex neurodevelopmental disorder
AFG2B	AR	Strong	hearing loss, autosomal recessive 119
AFG3L2	AD/SD/AR	Definitive	AFG3L2-related optic atrophy and/or spastic ataxia spectrum
AFP	AD/AR	Moderate	congenital deficiency in alpha-fetoprotein
AGA	AR	Definitive	aspartylglucosaminuria
AGAP1	AD	Moderate	cerebral palsy
AGBL1	AD	Supportive	Fuchs' endothelial dystrophy
AGBL2	AR	Limited	epilepsy
AGBL5	AR/AD	Definitive	inherited retinal dystrophy
AGK	AR/AD	Definitive	mitochondrial disease
AGL	AR	Definitive	glycogen storage disease III
AGMO	AD/AR	Strong	neurodevelopmental disorder
AGO1	AD	Definitive	complex neurodevelopmental disorder
AGO2	AD	Definitive	Lessel-Kreienkamp syndrome
AGO3	AD	Limited	neurodevelopmental disorder
AGPAT2	AR	Definitive	lipodystrophy
AGPAT3	AR	Moderate	neurodevelopmental disorder
AGPAT5	.	Limited	Tourette syndrome
AGPS	AR	Definitive	alkylglycerone-phosphate synthase deficiency
AGR2	AR	Strong	respiratory infections, recurrent, and failure to thrive with or without diarrhea
AGRN	AR	Definitive	congenital myasthenic syndrome 8
AGT	AR	Strong	renal tubular dysgenesis of genetic origin
AGTPBP1	AR	Definitive	neurodegeneration, childhood-onset, with cerebellar atrophy
AGTR1	AR	Strong	renal tubular dysgenesis of genetic origin
AGTR2	XL	Supportive	non-syndromic X-linked intellectual disability
AGXT	AR	Definitive	primary hyperoxaluria type 1
AHCY	AR	Definitive	hypermethioninemia with deficiency of S-adenosylhomocysteine hydrolase
AHDC1	AD	Definitive	AHDC1-related intellectual disability - obstructive sleep apnea - mild dysmorphism syndrome
AHI1	AR/AD	Definitive	Joubert syndrome 3
AHNAK2	AR	Limited	Charcot-Marie-Tooth disease
AHR	AR/AD	Strong	retinitis pigmentosa 85
AHSG	AR	Limited	alopecia-intellectual disability syndrome 1
AICDA	AR/AD	Definitive	hyper-IgM syndrome type 2
AIFM1	XL	Definitive	X-linked hereditary sensory and autonomic neuropathy with hearing loss
AIMP1	AR	Definitive	leukodystrophy, hypomyelinating, 3
AIMP2	AR	Definitive	leukodystrophy, hypomyelinating, 17
AIP	AD	Definitive	growth hormone secreting pituitary adenoma 1
AIPL1	AR/AD/SD	Definitive	AIPL1-related retinopathy
AIRE	AD/AR/SD	Definitive	autoimmune polyendocrine syndrome type 1
AJAP1	AD	Strong	neurodevelopmental disorder
AK1	AR	Strong	hemolytic anemia due to adenylate kinase deficiency
AK2	AR	Definitive	reticular dysgenesis
AK7	AR	Supportive	non-syndromic male infertility due to sperm motility disorder
AKAP3	.	Limited	spermatogenic failure 82
AKAP6	AD	Moderate	neurodevelopmental disorder
AKAP9	AD/AR	Moderate	male infertility with azoospermia or oligozoospermia due to single gene mutation
AKNA	AR	Limited	primary ciliary dyskinesia
AKR1C2	AR	Supportive	46,XY disorder of sex development due to testicular 17,20-desmolase deficiency
AKR1C4	AR	Limited	46,XY disorder of sex development due to testicular 17,20-desmolase deficiency
AKR1D1	AR	Definitive	congenital bile acid synthesis defect 2
AKR1E2	AR	Limited	cataract
AKT1	AD	Definitive	Proteus syndrome
AKT2	AD	Definitive	hypoinsulinemic hypoglycemia and body hemihypertrophy
AKT3	AD	Definitive	overgrowth syndrome and/or cerebral malformations due to abnormalities in MTOR pathway genes
ALAD	AR	Strong	porphyria due to ALA dehydratase deficiency
ALAS2	XL	Definitive	X-linked erythropoietic protoporphyria
ALB	AD/AR/SD	Definitive	congenital analbuminemia
ALDH18A1	AR/AD/SD	Definitive	P5CS deficiency
ALDH1A2	AR	Strong	diaphragmatic hernia 4, with cardiovascular defects
ALDH1A3	AR	Definitive	isolated anophthalmia-microphthalmia syndrome
ALDH1B1	AD	Limited	complex neurodevelopmental disorder
ALDH1L2	AR	Limited	complex neurodevelopmental disorder
ALDH3A2	AR	Definitive	Sjogren-Larsson syndrome
ALDH4A1	AR	Definitive	hyperprolinemia type 2
ALDH5A1	AR	Definitive	succinic semialdehyde dehydrogenase deficiency
ALDH6A1	AR	Strong	methylmalonate semialdehyde dehydrogenase deficiency
ALDH7A1	AD/AR	Definitive	pyridoxine-dependent epilepsy caused by ALDH7A1 mutant
ALDOA	AR	Definitive	glycogen storage disease due to aldolase A deficiency
ALDOB	AR	Definitive	hereditary fructose intolerance
ALG10	AR	Limited	congenital disorder of glycosylation
ALG10B	AD	Limited	long QT syndrome 2
ALG11	AR	Strong	ALG11-congenital disorder of glycosylation
ALG12	AR	Definitive	ALG12-congenital disorder of glycosylation
ALG13	XL	Definitive	genetic developmental and epileptic encephalopathy
ALG14	AR	Strong	congenital myasthenic syndrome 15
ALG1	AR	Definitive	ALG1-congenital disorder of glycosylation
ALG2	AR	Strong	ALG2-congenital disorder of glycosylation
ALG3	AR	Definitive	ALG3-congenital disorder of glycosylation
ALG5	AD	Strong	polycystic kidney disease 7
ALG6	AD/AR	Definitive	ALG6-congenital disorder of glycosylation 1C
ALG8	AR/AD	Definitive	autosomal dominant polycystic kidney disease
ALG9	AR/AD	Definitive	ALG9-associated autosomal dominant polycystic kidney disease
ALK	AD	Definitive	neuroblastoma, susceptibility to, 3
ALKBH8	AR	Definitive	intellectual developmental disorder, autosomal recessive 71
ALMS1	AR	Definitive	Alstrom syndrome
ALOX12B	AR	Definitive	autosomal recessive congenital ichthyosis 2
ALOX15	AR	Limited	pregnancy loss, recurrent, susceptibility
ALOXE3	AR	Definitive	autosomal recessive congenital ichthyosis 3
ALPI	AR	Moderate	inflammatory bowel disease
ALPK1	AD	Definitive	retinal dystrophy, optic nerve edema, splenomegaly, anhidrosis, and migraine headache syndrome
ALPK3	SD/AR/AD	Definitive	hypertrophic cardiomyopathy
ALPL	AR/AD/SD	Definitive	ALPL-related autosomal recessive hypophosphatasia
ALS2	AR	Definitive	ALS2-related motor neuron disease
ALX1	AR	Definitive	frontonasal dysplasia - severe microphthalmia - severe facial clefting syndrome
ALX3	AR	Definitive	frontorhiny
ALX4	AD/AR	Definitive	frontonasal dysplasia with alopecia and genital anomaly
AMACR	AR	Definitive	alpha-methylacyl-CoA racemase deficiency
AMBN	SD/AR/AD	Strong	amelogenesis imperfecta type 1F
AMBRA1	AD	Strong	neural tube defects, susceptibility to
AMELX	XL/AR	Strong	amelogenesis imperfecta type 1E
AMER1	XL	Definitive	osteopathia striata with cranial sclerosis
AMFR	AR	Strong	spastic paraplegia 89, autosomal recessive
AMH	AR	Strong	persistent Mullerian duct syndrome
AMHR2	AR	Definitive	persistent Mullerian duct syndrome
AMIGO2	AD	Limited	craniofacial microsomia
AMMECR1	XL	Strong	midface hypoplasia, hearing impairment, elliptocytosis, and nephrocalcinosis
AMN	AR	Definitive	Imerslund-Grasbeck syndrome type 2
AMOTL1	AD	Strong	Mendelian syndromes with cleft lip/palate
AMPD1	AR	Strong	myopathy due to myoadenylate deaminase deficiency
AMPD2	AR	Definitive	pontocerebellar hypoplasia type 9
AMPD3	AR	Supportive	adenosine monophosphate deaminase deficiency
AMT	AR	Definitive	glycine encephalopathy
AMTN	AD	Supportive	amelogenesis imperfecta, type 3A
ANAPC1	AR	Definitive	Rothmund-Thomson syndrome type 1
ANAPC5	.	No Known Disease Relationship	schizophrenia
ANAPC7	AR	Strong	Ferguson-Bonni neurodevelopmental syndrome
ANG	AD	Definitive	amyotrophic lateral sclerosis type 9
ANGPT1	AD	Moderate	glaucoma
ANGPT2	SD	Strong	lymphatic malformation 10
ANGPTL3	AR	Definitive	familial hypobetalipoproteinemia 2
ANGPTL6	AD	Strong	brain aneurysm
ANGPTL8	AD	Limited	coronary artery disorder
ANK1	AR/AD/SD	Definitive	hereditary spherocytosis
ANK2	AD	Definitive	complex neurodevelopmental disorder
ANK3	AR/AD/SD	Strong	intellectual disability-hypotonia-spasticity-sleep disorder syndrome
ANKDD1B	AD	Limited	ankylosing spondylitis
ANKFY1	AR/AD	Supportive	familial idiopathic steroid-resistant nephrotic syndrome
ANKH	AD	Definitive	craniometaphyseal dysplasia, autosomal dominant
ANKLE2	AR	Strong	microcephaly 16, primary, autosomal recessive
ANKRD11	AD	Definitive	KBG syndrome
ANKRD17	AD	Definitive	syndromic complex neurodevelopmental disorder
ANKRD1	AD	Supportive	familial isolated dilated cardiomyopathy
ANKRD24	AR	Moderate	sensorineural hearing loss disorder
ANKRD26	AD	Definitive	thrombocytopenia 2
ANKRD31	AD	Strong	inherited primary ovarian failure
ANKRD50	.	No Known Disease Relationship	schizophrenia
ANKS1B	AD	Moderate	complex neurodevelopmental disorder
ANKS3	AR/AD	Supportive	situs inversus
ANKS6	AR	Definitive	nephronophthisis 16
ANKZF1	AR	Moderate	inflammatory bowel disease
ANLN	AD	Strong	focal segmental glomerulosclerosis 8
ANO10	AR	Definitive	autosomal recessive spinocerebellar ataxia 10
ANO1	AD/AR	Moderate	intestinal dysmotility syndrome
ANO3	AD	Strong	dystonia 24
ANO4	AD	Strong	neurodevelopmental disorder
ANO5	AR/AD	Definitive	autosomal recessive limb-girdle muscular dystrophy
ANO6	AR	Strong	Scott syndrome
ANOS1	XL/AD	Definitive	hypogonadotropic hypogonadism 1 with or without anosmia
ANTXR1	AR/AD	Definitive	GAPO syndrome
ANTXR2	AR	Definitive	hyaline fibromatosis syndrome
ANXA11	AD	Definitive	amyotrophic lateral sclerosis type 23
ANXA5	AD	Moderate	pregnancy loss, recurrent, susceptibility to, 3
AP1B1	AR	Definitive	ichthyosiform erythroderma, corneal involvement, and hearing loss
AP1G1	AR/AD/SD	Strong	complex neurodevelopmental disorder
AP1S1	AR	Definitive	MEDNIK syndrome
AP1S2	XL	Definitive	X-linked syndromic complex neurodevelopmental disorder
AP1S3	AD/AR	Strong	psoriasis 15, pustular, susceptibility to
AP2A2	.	Limited	schizophrenia
AP2M1	AD	Definitive	complex neurodevelopmental disorder
AP2S1	AD	Strong	familial hypocalciuric hypercalcemia 3
AP3B1	AR	Definitive	Hermansky-Pudlak syndrome 2
AP3B2	AR/AD	Definitive	genetic developmental and epileptic encephalopathy
AP3D1	AR	Strong	Hermansky-Pudlak syndrome 10
AP4B1	AR	Definitive	AP-4 deficiency syndrome
AP4E1	AR	Definitive	AP-4 deficiency syndrome
AP4M1	AR	Definitive	hereditary spastic paraplegia 50
AP4S1	AR	Definitive	AP-4 deficiency syndrome
AP5Z1	AR	Definitive	hereditary spastic paraplegia
APAF1	AD	Limited	depressive disorder
APBA2	AD	Limited	epilepsy
APC2	AR/AD	Strong	lissencephaly spectrum disorders
APC	AD/AR	Definitive	familial adenomatous polyposis 1
APCDD1	AD	Strong	hypotrichosis 1
APEX1	AD	Limited	amyotrophic lateral sclerosis
APOA1	AD/AR/SD	Strong	familial visceral amyloidosis
APOA2	AD/AR	Supportive	apolipoprotein A-II amyloidosis
APOA4	AD	Strong	hereditary amyloidosis
APOA5	SD/AD	Definitive	hypertriglyceridemia 1
APOB	AD/SD/AR	Definitive	hypercholesterolemia, autosomal dominant, type B
APOC2	SD/AR	Definitive	familial apolipoprotein C-II deficiency
APOC3	AD	Limited	apolipoprotein c-III deficiency
APOE	AD/AR	Definitive	Alzheimer disease 2
APOL1	AR/AD	Definitive	focal segmental glomerulosclerosis 4, susceptibility to
APOL2	.	No Known Disease Relationship	schizophrenia
APOLD1	AD	Moderate	bleeding disorder, vascular-type
APOO	XL	Moderate	mitochondrial disease
APP	AD	Definitive	cerebral amyloid angiopathy, APP-related
APPL1	AD	Strong	maturity-onset diabetes of the young type 14
APRT	AR	Definitive	adenine phosphoribosyltransferase deficiency
APTX	AR	Definitive	ataxia, early-onset, with oculomotor apraxia and hypoalbuminemia
AQP11	.	No Known Disease Relationship	polycystic kidney disease
AQP1	AD	Moderate	pulmonary arterial hypertension
AQP2	AR/AD/SD	Definitive	nephrogenic diabetes insipidus
AQP4	AD/AR	Moderate	megalencephalic leukoencephalopathy with subcortical cysts 4, remitting
AQP5	AD	Strong	palmoplantar keratoderma, Bothnian type
ARAF	AD	Limited	diffuse lymphatic malformation
ARAP3	AD	Moderate	lymphedema
ARCN1	AD	Strong	short stature, rhizomelic, with microcephaly, micrognathia, and developmental delay
ARF1	AD	Definitive	periventricular nodular heterotopia
ARF3	AD	Strong	complex neurodevelopmental disorder
ARFGEF1	AD	Definitive	developmental delay, impaired speech, and behavioral abnormalities, with or without seizures
ARFGEF2	AR/AD	Definitive	periventricular heterotopia with microcephaly, autosomal recessive
ARFGEF3	AD	Strong	inherited dystonia
ARG1	AR	Definitive	arginase deficiency
ARHGAP24	AD	Supportive	familial idiopathic steroid-resistant nephrotic syndrome
ARHGAP26	.	No Known Disease Relationship	juvenile myelomonocytic leukemia
ARHGAP29	AD	Definitive	ARHGAP29-related non-syndromic orofacial cleft
ARHGAP31	AD	Strong	Adams-Oliver syndrome 1
ARHGAP33	AR	Limited	complex neurodevelopmental disorder
ARHGAP35	AD	Definitive	neurodevelopmental disorder
ARHGAP39	AR	Limited	central nervous system malformation
ARHGAP42	AR	Limited	interstitial lung disease
ARHGAP4	XL	Limited	intellectual disability
ARHGDIA	AR/AD	Strong	nephrotic syndrome, type 8
ARHGEF10	AD	Moderate	autosomal dominant slowed nerve conduction velocity
ARHGEF15	AD	Limited	genetic developmental and epileptic encephalopathy
ARHGEF18	AR/AD	Strong	retinitis pigmentosa 78
ARHGEF1	AR	Moderate	immunodeficiency 62
ARHGEF28	SD/AD/AR	Moderate	amyotrophic lateral sclerosis
ARHGEF2	AR	Limited	neurodevelopmental disorder with midbrain and hindbrain malformations
ARHGEF38	AD	Moderate	cleft lip/palate
ARHGEF40	AD	Limited	neurodevelopmental disorder
ARHGEF6	AD/XL	Supportive	non-syndromic X-linked intellectual disability
ARHGEF9	XL	Definitive	developmental and epileptic encephalopathy, 8
ARID1A	AD	Definitive	Coffin-Siris syndrome
ARID1B	AD	Definitive	Coffin-Siris syndrome
ARID2	AD	Definitive	Coffin-Siris syndrome
ARID5B	.	No Known Disease Relationship	isolated cleft palate
ARIH1	AD	Strong	thoracic aortic aneurysm
ARL11	AD	Limited	hereditary neoplastic syndrome
ARL13B	AR	Definitive	Joubert syndrome
ARL14EP	AR	Limited	neurodevelopmental disorder
ARL2	AD	Strong	microcornea, rod-cone dystrophy, cataract, and posterior staphyloma 1
ARL2BP	AR/AD	Definitive	ciliopathy
ARL3	AD/AR	Strong	retinitis pigmentosa 83
ARL6	AR/AD	Definitive	ciliopathy
ARL6IP1	AR	Definitive	hereditary spastic paraplegia
ARL6IP6	AR	Limited	cutis marmorata telangiectatica congenita
ARL8A	.	No Known Disease Relationship	Tourette syndrome
ARMC2	AR	Definitive	spermatogenic failure 38
ARMC5	AD	Definitive	ACTH-independent macronodular adrenal hyperplasia 2
ARMC9	AR	Definitive	Joubert syndrome 30
ARNT2	AR/AD	Strong	Webb-Dattani syndrome
ARPC1B	AR	Definitive	platelet abnormalities with eosinophilia and immune-mediated inflammatory disease
ARPC3	AD	Moderate	Charcot-Marie-Tooth disease
ARPC4	AD	Strong	developmental delay, language impairment, and ocular abnormalities
ARPC5	AR	Strong	immunodeficiency 113 with autoimmunity and autoinflammation
ARPP21	AD	Limited	amyotrophic lateral sclerosis
ARR3	XL	Strong	myopia 26, X-linked, female-limited
ARSA	AR	Definitive	metachromatic leukodystrophy, juvenile form
ARSB	AR	Definitive	mucopolysaccharidosis type 6
ARSG	AR	Strong	Usher syndrome, type 4
ARSI	AR	Supportive	autosomal recessive spastic paraplegia type 66
ARSK	AR	Strong	mucopolysaccharidosis, type 10
ARSL	XL	Definitive	X-linked chondrodysplasia punctata 1
ART4	AR	Moderate	age related macular degeneration 8
ARV1	AR	Strong	developmental and epileptic encephalopathy, 38
AR	XL	Definitive	androgen insensitivity syndrome
ARX	XL/AD	Definitive	genetic developmental and epileptic encephalopathy
ASAH1	AR	Definitive	ASAH1-related sphingolipidosis
ASB10	AD	Limited	glaucoma 1, open angle, F
ASB17	AD	Limited	congenital heart defects, multiple types
ASCC1	AR	Definitive	spinal muscular atrophy with congenital bone fractures 2
ASCC3	AR	Strong	intellectual developmental disorder, autosomal recessive 81
ASCL1	AD/AR	Moderate	central hypoventilation syndrome, congenital, 1, with or without Hirschsprung disease
ASH1L	AD	Definitive	syndromic complex neurodevelopmental disorder
ASL	AR	Definitive	argininosuccinic aciduria
ASNS	AR	Definitive	congenital microcephaly - severe encephalopathy - progressive cerebral atrophy syndrome
ASPA	AR	Definitive	Canavan disease
ASPH	AR/AD	Strong	facial dysmorphism-lens dislocation-anterior segment abnormalities-spontaneous filtering blebs syndrome
ASPM	AR	Definitive	autosomal recessive primary microcephaly
ASPN	AD	Limited	osteoarthritis susceptibility 3
ASPNAT	AR	Limited	N-acetylaspartate deficiency
ASPRV1	AD	Strong	ichthyosis, lamellar, autosomal dominant
ASRGL1	AR	Limited	inherited retinal dystrophy
ASS1	AR	Definitive	citrullinemia type I
ASTE1	AD	Limited	palmar fibromatosis
ASTL	AR	Limited	oocyte maturation defect 11
ASTN1	AR	Strong	cerebral malformation
ASTN2	AD/SD	Moderate	neurodevelopmental disorder
ASXL1	AD	Definitive	Bohring-Opitz syndrome
ASXL2	AD	Definitive	syndromic intellectual disability
ASXL3	AD	Definitive	syndromic intellectual disability
ASZ1	AR	Moderate	male infertility with azoospermia or oligozoospermia due to single gene mutation
ATAD1	AR/AD	Strong	hyperekplexia 4
ATAD2B	AR	Moderate	neurodevelopmental disorder
ATAD3A	AD/AR/SD	Definitive	Harel-Yoon syndrome
ATAD3C	.	Limited	pontocerebellar hypoplasia, hypotonia, and respiratory insufficiency syndrome, neonatal lethal
ATCAY	AR	Strong	Cayman type cerebellar ataxia
ATE1	.	Disputed Evidence	congenital heart disease
ATF6	AR/AD	Definitive	ATF6-related retinopathy
ATG12	AD/AR	Moderate	neurodevelopmental disorder
ATG4A	XL	Limited	infectious meningitis
ATG4D	AR	Strong	neurodevelopmental disorder
ATG5	AR	Moderate	spinocerebellar ataxia, autosomal recessive 25
ATG7	AR	Strong	spinocerebellar ataxia, autosomal recessive 31
ATG9A	AR	Limited	immunodeficiency disease
ATIC	AR	Definitive	AICA-ribosiduria
ATL1	SD/AD/AR	Definitive	hereditary spastic paraplegia 3A
ATL2	.	No Known Disease Relationship	Tourette syndrome
ATL3	AD	Strong	neuropathy, hereditary sensory, type 1F
ATM	AR/AD	Definitive	ataxia telangiectasia
ATN1	AD	Definitive	dentatorubral-pallidoluysian atrophy
ATOH1	AD/AR	Moderate	pontocerebellar hypoplasia
ATOH7	AR/AD	Strong	persistent hyperplastic primary vitreous, autosomal recessive
ATP11A	AD	Strong	auditory neuropathy, autosomal dominant 2
ATP11C	XL	Limited	X-linked congenital hemolytic anemia
ATP13A1	AR	Limited	complex neurodevelopmental disorder
ATP13A2	AR	Definitive	Kufor-Rakeb syndrome
ATP13A3	SD/AD	Definitive	pulmonary arterial hypertension
ATP1A1	AD	Definitive	Charcot-Marie-tooth disease, axonal, type 2DD
ATP1A2	AD/AR	Definitive	migraine, familial hemiplegic, 2
ATP1A3	AD/AR	Definitive	alternating hemiplegia of childhood 2
ATP1A4	AD	Limited	familial hemiplegic migraine
ATP2A1	AR/AD	Strong	Brody myopathy
ATP2A2	AD	Definitive	Darier disease
ATP2B1	AD/AR	Strong	intellectual developmental disorder, autosomal dominant 66
ATP2B2	AD	Definitive	hearing loss, autosomal dominant 82
ATP2B3	XL	Strong	X-linked progressive cerebellar ataxia
ATP2B4	AD	Moderate	hereditary spastic paraplegia
ATP2C1	AD	Definitive	Hailey-Hailey disease
ATP2C2	AD	Limited	speech disorder
ATP4A	AR	Supportive	familial gastric type 1 neuroendocrine tumor
ATP5F1A	AR/AD	Strong	mitochondrial complex V (ATP synthase) deficiency, nuclear type 4A
ATP5F1B	AD	Moderate	inherited dystonia
ATP5F1D	AR	Strong	mitochondrial complex V (ATP synthase) deficiency, nuclear type 5
ATP5F1E	AR	Strong	mitochondrial complex V (ATP synthase) deficiency, nuclear type 3
ATP5MC3	AD	Strong	dystonia, early-onset, and/or spastic paraplegia
ATP5MK	AR	Moderate	Leigh syndrome
ATP5PB	AD	Limited	hypermetabolism due to uncoupled mitochondrial oxidative phosphorylation 2
ATP5PO	AR	Strong	mitochondrial complex V (ATP synthase) deficiency, nuclear type 7
ATP6AP1	XL	Definitive	congenital disorder of glycosylation type II
ATP6AP2	XL	Definitive	ATP6AP2-related disorder
ATP6V0A1	AD/AR/SD	Definitive	developmental and epileptic encephalopathy 104
ATP6V0A2	AR	Definitive	autosomal recessive cutis laxa type 2A
ATP6V0A4	AR	Definitive	renal tubular acidosis, distal, 3, with or without sensorineural hearing loss
ATP6V0C	AD	Strong	epilepsy, early-onset, 3, with or without developmental delay
ATP6V0D2	AR	Limited	Ehlers-Danlos syndrome
ATP6V1A	AR/AD	Definitive	developmental and epileptic encephalopathy 93
ATP6V1B1	AR/AD	Definitive	renal tubular acidosis, distal, 2, with progressive sensorineural hearing loss
ATP6V1B2	AD/AR	Strong	neurodevelopmental disorder
ATP6V1C1	AD	Limited	neurodevelopmental disorder
ATP6V1C2	AR	Limited	distal renal tubular acidosis
ATP6V1E1	AR	Strong	autosomal recessive cutis laxa type 2C
ATP7A	XL/AD/XLR	Definitive	Menkes disease
ATP7B	AR	Definitive	Wilson disease
ATP8A2	AR	Definitive	cerebellar ataxia, intellectual disability, and dysequilibrium
ATP8B1	AR/AD	Definitive	progressive familial intrahepatic cholestasis type 1
ATP9A	AR	Strong	neurodevelopmental disorder with poor growth and behavioral abnormalities
ATPAF2	AR	Supportive	mitochondrial proton-transporting ATP synthase complex deficiency
ATR	AR/AD	Definitive	Seckel syndrome 1
ATRIP	AD/AR	Moderate	breast cancer
ATRX	XL/XLR	Definitive	alpha thalassemia-X-linked intellectual disability syndrome
ATXN10	AD	Strong	spinocerebellar ataxia type 10
ATXN1	AD	Strong	spinocerebellar ataxia type 1
ATXN2	AD	Definitive	spinocerebellar ataxia type 2
ATXN2L	AD	Moderate	neurodevelopmental disorder
ATXN3	AD	Definitive	Machado-Joseph disease
ATXN7	AD	Definitive	spinocerebellar ataxia 7
ATXN7L3	AD	Strong	complex neurodevelopmental disorder
ATXN8	AD	Moderate	spinocerebellar ataxia type 8
ATXN8OS	AD	Moderate	spinocerebellar ataxia type 8
AUH	AR	Definitive	3-methylglutaconic aciduria type 1
AURKA	AD	Limited	breast cancer
AURKC	AR	Definitive	spermatogenic failure 5
Autosomal recessive inheritance	.	.	Illumina
AUTS2	AD	Definitive	syndromic intellectual disability
AVIL	AR	Limited	nephrotic syndrome, type 21
AVP	AD	Strong	neurohypophyseal diabetes insipidus
AVPR1A	AD	Limited	autism spectrum disorder
AVPR2	XL/AD/XLR	Definitive	diabetes insipidus, nephrogenic, X-linked
AXIN1	AD/AR	Strong	craniometadiaphyseal osteosclerosis with hip dysplasia
AXIN2	AD	Definitive	oligodontia-cancer predisposition syndrome
AXL	AD	Limited	Kallmann syndrome
B2M	AR/AD	Strong	hypoproteinemia, hypercatabolic
B3GALNT2	AR	Definitive	muscular dystrophy-dystroglycanopathy (congenital with brain and eye anomalies), type a, 11
B3GALT6	AR	Definitive	B3GALT6-congenital disorder of glycosylation
B3GAT3	AR/AD	Strong	Larsen-like syndrome, B3GAT3 type
B3GLCT	AR	Definitive	Peters plus syndrome
B3GNT2	AR	Moderate	muscular dystrophy-dystroglycanopathy (congenital with brain and eye anomalies), type A13
B4GALNT1	AR	Definitive	complex hereditary spastic paraplegia
B4GALT1	AR	Definitive	B4GALT1-congenital disorder of glycosylation
B4GALT7	AR	Definitive	Ehlers-Danlos syndrome, spondylodysplastic type, 1
B4GAT1	AR	Strong	muscular dystrophy-dystroglycanopathy (congenital with brain and eye anomalies), type A13
B9D1	AR	Definitive	ciliopathy
B9D2	AR	Strong	Meckel syndrome, type 10
BAAT	AR	Strong	hypercholanemia, familial 1
BACH2	AD	Strong	immunodeficiency 60
BAG3	AD	Definitive	dilated cardiomyopathy 1HH
BAG5	AR	Strong	cardiomyopathy, dilated, 2F
BANF1	AR/AD	Moderate	Nestor-Guillermo progeria syndrome
BANK1	.	Supportive	systemic lupus erythematosus
BAP1	AD	Definitive	BAP1-related tumor predisposition syndrome
BARD1	AD	Definitive	BARD1-related cancer predisposition
BAX	.	Limited	leukemia, acute lymphocytic, susceptibility to, 1
BAZ1A	AD	Limited	multiple congenital anomalies/dysmorphic syndrome
BAZ1B	AD	Limited	autism spectrum disorder
BAZ2B	AD	Strong	neurodevelopmental disorder
BBIP1	AR	Definitive	ciliopathy
BBS10	AR	Definitive	BBS10-related ciliopathy
BBS12	AR	Definitive	Bardet-Biedl syndrome 12
BBS1	AR	Definitive	Bardet-Biedl syndrome 1
BBS2	AR/AD	Definitive	Bardet-Biedl syndrome 2
BBS4	AR	Definitive	BBS4-related ciliopathy
BBS5	AR	Definitive	BBS5-related ciliopathy
BBS7	AR	Definitive	BBS7-related ciliopathy
BBS9	AR	Definitive	BBS9-related ciliopathy
BCAP31	XL/AR	Definitive	severe motor and intellectual disabilities-sensorineural deafness-dystonia syndrome
BCAS3	AR	Strong	Hengel-Maroofian-Schols syndrome
BCAT2	AR	Definitive	hypervalinemia and hyperleucine-isoleucinemia
BCHE	AR	Definitive	butyrylcholinesterase deficiency
BCKDHA	AR	Definitive	maple syrup urine disease
BCKDHB	AR	Definitive	maple syrup urine disease type 1B
BCKDK	AR	Definitive	branched-chain keto acid dehydrogenase kinase deficiency
BCL10	AR	Definitive	immunodeficiency 37
BCL11A	AD	Definitive	Dias-Logan syndrome
BCL11B	AD	Definitive	intellectual developmental disorder with speech delay, dysmorphic facies, and t-cell abnormalities
BCL9	AD	Limited	congenital heart disease
BCL9L	AR	Moderate	visceral heterotaxy
BCO1	AD	Supportive	hereditary hypercarotenemia and vitamin A deficiency
BCORL1	XL/AD	Strong	Shukla-Vernon syndrome
BCOR	XL	Definitive	microphthalmia, syndromic 2
BCS1L	AR/AD	Definitive	Bjornstad syndrome
BDH1	AR	Limited	neurodevelopmental disorder
BDP1	AR	Moderate	nonsyndromic genetic hearing loss
BEAN1	AD	Strong	spinocerebellar ataxia type 31
BEST1	AD/AR	Definitive	vitelliform macular dystrophy 2
BET1	AR	Moderate	muscular dystrophy, congenital, with rapid progression
BFSP1	SD/AR/AD	Strong	cataract 33
BFSP2	AR/AD	Definitive	cataract 12 multiple types
BGN	XL	Strong	Meester-Loeys syndrome
BHLHA9	AR/AD	Definitive	mesoaxial synostotic syndactyly with phalangeal reduction
BHLHE22	AD	Strong	neurodevelopmental disorder
BHLHE41	AD	Limited	short sleep, familial natural, 1
BICC1	AD	Moderate	renal dysplasia, cystic, susceptibility to
BICD2	AD/AR	Definitive	autosomal dominant childhood-onset proximal spinal muscular atrophy with contractures
BICRA	AD	Definitive	Coffin-Siris syndrome
BIK	AD	Limited	prostate cancer
BIN1	AR/AD/SD	Definitive	centronuclear myopathy
BLK	AD	Moderate	common variable immunodeficiency
BLM	AR/AD	Definitive	Bloom syndrome
BLNK	AR/AD	Definitive	agammaglobulinemia 4, autosomal recessive
BLOC1S1	AR	Strong	neurodevelopmental disorder
BLOC1S3	AR	Strong	Hermansky-Pudlak syndrome 8
BLOC1S5	AR	Definitive	Hermansky-Pudlak syndrome 11
BLOC1S6	AR	Definitive	Hermansky-Pudlak syndrome 9
BLTP1	AR	Definitive	Alkuraya-Kucinskas syndrome
BLVRA	AD/AR	Moderate	hyperbiliverdinemia
BMP10	AD	Moderate	pulmonary arterial hypertension
BMP15	AD/XL	Strong	ovarian dysgenesis 2
BMP1	AR/AD	Strong	osteogenesis imperfecta type 13
BMP2	AD	Strong	short stature, facial dysmorphism, and skeletal anomalies with or without cardiac anomalies 1
BMP3	AD	Moderate	coloboma
BMP4	AD/AR	Definitive	BMP4-related ocular growth disorder
BMP5	AR	Limited	dysostosis
BMP6	AD	Moderate	iron overload, susceptibility to
BMP7	AD	Moderate	multiple congenital anomalies/dysmorphic syndrome
BMPER	AR	Definitive	diaphanospondylodysostosis
BMPR1A	AD	Definitive	generalized juvenile polyposis/juvenile polyposis coli
BMPR1B	AD/AR	Definitive	brachydactyly type A2
BMPR2	AD	Definitive	pulmonary arterial hypertension
BMS1	AD	Strong	aplasia cutis congenita
BNC1	AD	Strong	premature ovarian failure 16
BNC2	AD/AR	Definitive	lower urinary tract obstruction, congenital
BNIP1	AR	Moderate	spondyloepimetaphyseal dysplasia
BOD1	AR	Limited	intellectual disability
BOLA3	AR	Definitive	mitochondrial disease
BORCS5	AR	Limited	complex neurodevelopmental disorder
BORCS8	AR	Strong	neurodegeneration, infantile-onset, with optic atrophy and brain abnormalities
BPGM	AR/AD	Strong	hemolytic anemia due to diphosphoglycerate mutase deficiency
BPIFC	AD	Limited	trichilemmal cyst
BPNT2	AR	Definitive	chondrodysplasia with joint dislocations, gPAPP type
BPTF	AD	Definitive	syndromic intellectual disability
BRAF	AD	Definitive	cardiofaciocutaneous syndrome 1
BRAP	AD/AR	Limited	pulmonary arterial hypertension
BRAT1	AR	Definitive	neonatal-onset encephalopathy with rigidity and seizures
BRCA1	AD/AR	Definitive	breast-ovarian cancer, familial, susceptibility to, 1
BRCA2	AD/AR	Definitive	breast-ovarian cancer, familial, susceptibility to, 2
BRCC3	AD/XL	Limited	Moyamoya disease
BRD4	AD	Definitive	syndromic intellectual disability
BRDT	.	Limited	spermatogenic failure 21
BRF1	AR/AD	Definitive	cerebellar-facial-dental syndrome
BRIP1	AR/AD	Definitive	familial ovarian cancer
BRPF1	AD	Definitive	intellectual developmental disorder with dysmorphic facies and ptosis
BRSK2	AD	Definitive	complex neurodevelopmental disorder
BRWD1	AR/AD	Limited	ciliary dyskinesia, primary, 51
BRWD3	AD/XL	Definitive	X-linked syndromic intellectual disability
BSCL2	AD/AR	Definitive	distal hereditary motor neuropathy
BSN	AD/AR	Strong	epilepsy
BSND	AR	Definitive	Bartter disease type 4A
BTD	AR	Definitive	biotinidase deficiency
BTG4	AR	Strong	oocyte maturation defect 8
BTK	XL	Definitive	Bruton-type agammaglobulinemia
BTNL2	AD	Limited	sarcoidosis, susceptibility to, 2
BUB1	AR/AD	Moderate	microcephaly 30, primary, autosomal recessive
BUB1B	AR/AD	Definitive	mosaic variegated aneuploidy syndrome 1
BUB3	AD	Supportive	mosaic variegated aneuploidy syndrome
BUD13	AR	Moderate	achalasia-progeroid syndrome
C10orf71	AD	Limited	dilated cardiomyopathy
C12orf57	AR	Definitive	temtamy syndrome
C14orf39	.	Limited	spermatogenic failure 52
C16orf90	AR	Limited	multiple congenital anomalies/dysmorphic syndrome
C18orf32	AR	Limited	glycosylphosphatidylinositol biosynthesis defect 25
C19orf12	AR/AD/SD	Definitive	neurodegeneration with brain iron accumulation 4
C19orf44	AR	Limited	inherited retinal dystrophy
C1GALT1C1	XL	Limited	hemolytic uremic syndrome, atypical, 8, with rhizomelic short stature
C1QA	AR	Definitive	systemic lupus erythematosus related to C1QA
C1QB	AR	Definitive	C1Q deficiency
C1QBP	AR	Definitive	mitochondrial disease
C1QC	AR	Strong	C1Q deficiency
C1QTNF5	AD	Definitive	inherited retinal dystrophy
C1R	AD	Definitive	Ehlers-Danlos syndrome, periodontal type 1
C1S	AR/AD	Strong	complement component C1s deficiency
C2	AR	Strong	complement component 2 deficiency
C2CD3	AR	Definitive	orofaciodigital syndrome type 14
C2orf69	AR	Strong	combined oxidative phosphorylation deficiency 53
C3	AD/AR	Definitive	atypical hemolytic-uremic syndrome with C3 anomaly
C3orf52	AR	Strong	hypotrichosis 15
C4A	AR	Strong	complement component 4a deficiency
C4B	AR	Strong	complement component 4b deficiency
C5	AR	Strong	complement component 5 deficiency
C5orf47	AD	Limited	neuromyelitis optica
C6	AR	Strong	complement component 6 deficiency
C6orf132	.	No Known Disease Relationship	schizophrenia
C7	AR	Strong	complement component 7 deficiency
C8A	AR	Strong	type I complement component 8 deficiency
C8B	AR	Strong	type II complement component 8 deficiency
C9	AR	Strong	complement component 9 deficiency
C9orf72	AD	Definitive	frontotemporal dementia and/or amyotrophic lateral sclerosis 1
CA12	AR	Strong	isolated hyperchlorhidrosis
CA2	AR	Definitive	autosomal recessive osteopetrosis 3
CA4	AD	Strong	retinitis pigmentosa 17
CA5A	AR	Definitive	hyperammonemic encephalopathy due to carbonic anhydrase VA deficiency
CA8	AR	Definitive	cerebellar ataxia, intellectual disability, and dysequilibrium syndrome 3
CABIN1	AD	Limited	neurofibromatosis
CABP2	AR	Definitive	nonsyndromic genetic hearing loss
CABP4	AR/AD	Definitive	cone-rod synaptic disorder, congenital nonprogressive
CACNA1A	AD	Definitive	episodic ataxia type 2
CACNA1B	AR/AD	Strong	neurodevelopmental disorder with seizures and nonepileptic hyperkinetic movements
CACNA1C	AD	Definitive	Timothy syndrome
CACNA1D	AD/AR	Definitive	complex neurodevelopmental disorder
CACNA1E	AD	Definitive	developmental and epileptic encephalopathy, 69
CACNA1F	XL/AD	Definitive	CACNA1F-related retinopathy
CACNA1G	AD/AR	Definitive	spinocerebellar ataxia 42, early-onset, severe, with neurodevelopmental deficits
CACNA1H	AD	Strong	hyperaldosteronism, familial, type IV
CACNA1I	AD	Strong	neurodevelopmental disorder with speech impairment and with or without seizures
CACNA1S	AD/AR/SD	Strong	hypokalemic periodic paralysis, type 1
CACNA2D1	AD/AR	Supportive	short QT syndrome
CACNA2D2	AR	Strong	cerebellar atrophy with seizures and variable developmental delay
CACNA2D4	AR/AD	Definitive	CACNA2D4-related retinopathy
CACNB2	AD	Limited	Brugada syndrome 4
CACNB4	AD	Supportive	juvenile myoclonic epilepsy
CACNG2	AD	Supportive	autosomal dominant non-syndromic intellectual disability
CAD	AR	Definitive	developmental and epileptic encephalopathy, 50
CADM1	AD	Limited	autism spectrum disorder
CADM3	AD	Strong	Charcot-Marie-Tooth disease, axonal, type 2FF
CALCRL	.	Limited	lymphatic malformation 8
CALCR	.	No Known Disease Relationship	osteoporosis
CALM1	AD	Definitive	long QT syndrome
CALM2	AD	Definitive	long QT syndrome
CALM3	AD	Definitive	long QT syndrome
CALR3	.	Disputed Evidence	hypertrophic cardiomyopathy
CAMK2A	AR/AD	Definitive	complex neurodevelopmental disorder
CAMK2B	AD	Definitive	intellectual disability, autosomal dominant 40
CAMK2D	AD	Strong	CAMK2D-related neurodevelopmental disorder and dilated cardiomyopathy
CAMK2G	AD	Strong	intellectual developmental disorder 59
CAMK4	AD	Limited	complex neurodevelopmental disorder
CAMLG	AR	Limited	congenital disorder of glycosylation, type IIz
CAMSAP1	AR	Strong	cortical dysplasia, complex, with other brain malformations 12
CAMTA1	AD	Definitive	cerebellar dysfunction with variable cognitive and behavioral abnormalities
CANT1	AR	Definitive	Desbuquois dysplasia 1
CAP2	AR/AD	Moderate	cardiomyopathy, dilated, 2I
CAPN10	AR	Limited	neurodevelopmental disorder
CAPN12	.	Disputed Evidence	intellectual disability
CAPN15	AR	Strong	oculogastrointestinal-neurodevelopmental syndrome
CAPN1	AR	Strong	autosomal recessive spastic paraplegia type 76
CAPN3	AD/AR	Definitive	muscular dystrophy, limb-girdle, autosomal dominant
CAPN5	AD	Definitive	CAPN5-related vitreoretinopathy
CAPRIN1	AD	Definitive	neurodevelopmental disorder with language impairment, autism, and attention deficit-hyperactivity disorder
CAPS2	AR	Moderate	complex neurodevelopmental disorder
CAPZA2	AD	Moderate	complex neurodevelopmental disorder
CARD10	.	Limited	immunodeficiency 89 and autoimmunity
CARD11	AR/AD	Definitive	immunodeficiency 11b with atopic dermatitis
CARD14	AD	Definitive	psoriasis 2
CARD8	.	Limited	inflammatory bowel disease 30
CARD9	AR	Strong	predisposition to invasive fungal disease due to CARD9 deficiency
CARMIL2	AR	Definitive	severe combined immunodeficiency due to CARMIL2 deficiency
CARS1	AR	Strong	microcephaly, developmental delay, and brittle hair syndrome
CARS2	AR	Strong	combined oxidative phosphorylation defect type 27
CARTPT	AD	Limited	inherited obesity
CASK	XL/AD	Definitive	syndromic X-linked intellectual disability Najm type
CASP10	AD	Strong	autoimmune lymphoproliferative syndrome type 2A
CASP2	AR	Moderate	intellectual developmental disorder, autosomal recessive 80, with variant lissencephaly
CASP8	AR	Definitive	autoimmune lymphoproliferative syndrome type 2B
CASQ1	AD	Strong	myopathy due to calsequestrin and SERCA1 protein overload
CASQ2	AR/AD	Definitive	catecholaminergic polymorphic ventricular tachycardia
CASR	AR/AD/SD	Definitive	neonatal severe primary hyperparathyroidism
CAST	AR	Strong	peeling skin-leukonuchia-acral punctate keratoses-cheilitis-knuckle pads syndrome
CASZ1	AD	Limited	congenital heart disease
CAT	AR	Strong	acatalasia
CATSPER1	AR	Supportive	non-syndromic male infertility due to sperm motility disorder
CAV1	AD/AR	Definitive	pulmonary arterial hypertension
CAV2	AD	Limited	amyotrophic lateral sclerosis
CAV3	AD/AR	Definitive	caveolinopathy
CAVIN1	AR	Definitive	lipodystrophy
CBFB	AD	Definitive	cleidocranial dysplasia 2
CBL	AD	Definitive	CBL-related disorder
CBLB	AR	Strong	autoimmune disease, multisystem, infantile-onset, 3
CBLIF	AR	Strong	hereditary intrinsic factor deficiency
CBS	AR	Definitive	classic homocystinuria
CBX1	AD	Moderate	neurodevelopmental disorder
CBX2	SD/AR/AD	Supportive	46,XY complete gonadal dysgenesis
CBX8	.	No Known Disease Relationship	schizophrenia
CBY1	AR	Moderate	ciliopathy
CC2D1A	AR	Definitive	complex neurodevelopmental disorder
CC2D2A	AR	Definitive	ciliopathy
CCBE1	AR	Definitive	Hennekam lymphangiectasia-lymphedema syndrome 1
CCDC120	XL	Limited	osteopetrosis
CCDC134	AR	Limited	osteogenesis imperfecta
CCDC141	AD	Supportive	Kallmann syndrome
CCDC146	AR	Moderate	male infertility with azoospermia or oligozoospermia due to single gene mutation
CCDC158	AR	Limited	renal tubule disorder
CCDC174	AR	Supportive	severe hypotonia-psychomotor developmental delay-strabismus-cardiac septal defect syndrome
CCDC22	XL/AR	Strong	Ritscher-Schinzel syndrome 2
CCDC28B	.	No Known Disease Relationship	Bardet-Biedl syndrome 1
CCDC32	AR/AD	Strong	cardiofacioneurodevelopmental syndrome
CCDC34	.	Limited	spermatogenic failure 76
CCDC39	AR/AD	Definitive	primary ciliary dyskinesia 14
CCDC40	AR/AD	Definitive	primary ciliary dyskinesia 15
CCDC47	AR	Definitive	trichohepatoneurodevelopmental syndrome
CCDC50	AD	Supportive	autosomal dominant nonsyndromic hearing loss
CCDC78	AD	Supportive	congenital myopathy with internal nuclei and atypical cores
CCDC7	.	No Known Disease Relationship	Tourette syndrome
CCDC82	AR	Moderate	complex neurodevelopmental disorder
CCDC88A	AR	Strong	PEHO-like syndrome
CCDC88C	AR/AD	Strong	hydrocephalus, nonsyndromic, autosomal recessive 1
CCDC8	AD/AR	Strong	3M syndrome 3
CCDC91	AD	Limited	autism spectrum disorder
CCL2	.	No Known Disease Relationship	neural tube defects, susceptibility to
CCM2	AD	Definitive	cerebral cavernous malformation 2
CCN2	AR/AD	Limited	kyphomelic dysplasia
CCN6	AR	Definitive	progressive pseudorheumatoid arthropathy of childhood
CCNA2	AR	Limited	neurodevelopmental disorder
CCND1	AD	Supportive	von Hippel-Lindau disease
CCND2	AD	Definitive	megalencephaly-polymicrogyria-polydactyly-hydrocephalus syndrome 3
CCNF	AD	Strong	frontotemporal dementia and/or amyotrophic lateral sclerosis 5
CCNK	AD	Limited	intellectual developmental disorder with hypertelorism and distinctive facies
CCNO	AR/AD	Definitive	primary ciliary dyskinesia 29
CCNQ	XL	Definitive	syndactyly-telecanthus-anogenital and renal malformations syndrome
CCP110	AR	Limited	ciliopathy
CCS	.	No Known Disease Relationship	disorder of copper metabolism
CCT2	AR	Strong	Leber congenital amaurosis
CCT3	AD	Moderate	neurodevelopmental disorder
CCT4	AD	Limited	neurodevelopmental disorder
CCT5	AR/AD	Supportive	hereditary sensory and autonomic neuropathy with spastic paraplegia
CCT6A	AD	Moderate	complex neurodevelopmental disorder
CCT7	AD	Limited	neurodevelopmental disorder
CCT8	AD	Limited	neurodevelopmental disorder
CD151	AR	Strong	epidermolysis bullosa simplex 7, with nephropathy and deafness
CD163L1	.	No Known Disease Relationship	schizophrenia
CD164	AD	Moderate	autosomal dominant nonsyndromic hearing loss
CD19	AR	Definitive	immunodeficiency, common variable, 3
CD207	.	No Known Disease Relationship	Birbeck granule deficiency
CD247	AR	Definitive	immunodeficiency 25
CD274	AR	Limited	neonatal diabetes mellitus
CD27	AR	Definitive	lymphoproliferative syndrome 2
CD28	AR	Moderate	immunodeficiency 123 with HPV-related verrucosis
CD2AP	AR/AD	Definitive	focal segmental glomerulosclerosis 3, susceptibility to
CD320	AR	Definitive	methylmalonic acidemia due to transcobalamin receptor defect
CD36	AR	Strong	platelet-type bleeding disorder 10
CD3D	AR	Definitive	immunodeficiency 19
CD3E	AR	Definitive	immunodeficiency 18
CD3G	AR	Definitive	combined immunodeficiency due to CD3gamma deficiency
CD40	AR	Definitive	hyper-IgM syndrome type 3
CD40LG	XL	Definitive	hyper-IgM syndrome type 1
CD46	SD/AD/AR	Definitive	atypical hemolytic-uremic syndrome with MCP/CD46 anomaly
CD4	AR	Moderate	immunodeficiency 79
CD55	AR	Strong	protein-losing enteropathy
CD59	AR	Strong	primary CD59 deficiency
CD70	AR	Definitive	severe combined immunodeficiency due to CD70 deficiency
CD79A	AR/AD	Definitive	agammaglobulinemia 3, autosomal recessive
CD79B	AR/AD	Definitive	agammaglobulinemia 6, autosomal recessive
CD81	AR	Limited	immunodeficiency, common variable, 6
CD8A	AR	Strong	susceptibility to respiratory infections associated with CD8alpha chain mutation
CD96	AR/AD	Limited	C syndrome
CDAN1	AR	Definitive	anemia, congenital dyserythropoietic, type 1a
CDC14A	AR	Definitive	nonsyndromic genetic hearing loss
CDC20	AR	Strong	oocyte maturation defect 14
CDC40	AR	Limited	pontocerebellar hypoplasia, type 15
CDC42	AD	Definitive	macrothrombocytopenia-lymphedema-developmental delay-facial dysmorphism-camptodactyly syndrome
CDC42BPB	AD	Strong	Chilton-Okur-Chung neurodevelopmental syndrome
CDC45	AR/AD	Definitive	Meier-Gorlin syndrome 7
CDC6	AR/AD	Definitive	Meier-Gorlin syndrome 5
CDC73	AD	Definitive	hyperparathyroidism 2 with jaw tumors
CDCA7	AR	Strong	immunodeficiency-centromeric instability-facial anomalies syndrome 3
CDH11	AR/AD	Definitive	Elsahy-Waters syndrome
CDH15	AD	Supportive	autosomal dominant non-syndromic intellectual disability
CDH1	AD	Definitive	hereditary diffuse gastric adenocarcinoma
CDH23	AR	Definitive	nonsyndromic genetic hearing loss
CDH2	AD	Definitive	agenesis of corpus callosum, cardiac, ocular, and genital syndrome
CDH3	AR	Definitive	EEM syndrome
CDH4	AR	Limited	multiple congenital anomalies/dysmorphic syndrome
CDHR1	AR/AD	Definitive	cone-rod dystrophy 15
CDIN1	AR	Strong	congenital dyserythropoietic anemia type type 1B
CDK10	AR	Strong	Al Kaissi syndrome
CDK12	.	No Known Disease Relationship	Tourette syndrome
CDK13	AD	Definitive	syndromic intellectual disability
CDK16	XL	Limited	X-linked complex neurodevelopmental disorder
CDK19	AD	Strong	developmental and epileptic encephalopathy, 87
CDK20	AR	Limited	complex neurodevelopmental disorder
CDK4	AD	Definitive	melanoma, cutaneous malignant, susceptibility to, 3
CDK5	AR	Strong	lissencephaly 7 with cerebellar hypoplasia
CDK5RAP2	AR	Definitive	autosomal recessive primary microcephaly
CDK6	AR	Supportive	autosomal recessive primary microcephaly
CDK8	AD	Definitive	intellectual developmental disorder with hypotonia and behavioral abnormalities
CDK9	AD/AR	Limited	hereditary breast carcinoma
CDKL5	XL/AD	Definitive	developmental and epileptic encephalopathy, 2
CDKN1B	AD	Definitive	multiple endocrine neoplasia type 4
CDKN1C	AD	Definitive	Beckwith-Wiedemann syndrome
CDKN2A	AD	Definitive	melanoma-pancreatic cancer syndrome
CDKN2B	AD	Moderate	renal cell carcinoma
CDO1	AD	Limited	neurodevelopmental disorder
CDON	AD	Definitive	holoprosencephaly 11
CDSN	AR/AD	Strong	peeling skin syndrome 1
CDT1	AR/AD	Definitive	Meier-Gorlin syndrome 4
CEACAM16	AR/AD	Strong	nonsyndromic genetic hearing loss
CEACAM3	AR	Supportive	cystic fibrosis
CEACAM6	AR	Supportive	cystic fibrosis
CEBPA	AD	Definitive	acute myeloid leukemia
CEBPE	AR	Strong	specific granule deficiency 1
CELA2A	AD	Limited	abdominal obesity-metabolic syndrome 4
CEL	AD	Strong	maturity-onset diabetes of the young type 8
CELF2	AD	Strong	developmental and epileptic encephalopathy 97
CELF4	AD	Definitive	neurodevelopmental disorder
CELSR1	AR/AD	Strong	lymphatic malformation 9
CELSR3	AR	Moderate	complex neurodevelopmental disorder
CEMIP	.	Disputed Evidence	nonsyndromic genetic hearing loss
CENATAC	AR	Limited	mosaic variegated aneuploidy syndrome 4
CENPE	AR	Supportive	Seckel syndrome
CENPF	AR	Strong	Stromme syndrome
CENPI	XL	Limited	idiopathic steroid-sensitive nephrotic syndrome
CENPT	AR	Limited	short stature and microcephaly with genital anomalies
CEP104	AR	Definitive	ciliopathy
CEP112	.	Limited	spermatogenic failure 44
CEP120	AR	Definitive	ciliopathy
CEP131	AR	Moderate	male infertility with azoospermia or oligozoospermia due to single gene mutation
CEP135	AR	Strong	microcephaly 8, primary, autosomal recessive
CEP152	AR	Definitive	microcephaly with or without short stature
CEP164	AR	Definitive	CEP164-related ciliopathy
CEP19	AR	Strong	obesity due to CEP19 deficiency
CEP250	AR	Definitive	cone-rod dystrophy and hearing loss 2
CEP290	AR/AD	Definitive	CEP290-related ciliopathy
CEP41	AR	Definitive	Joubert syndrome 15
CEP55	AR	Strong	multinucleated neurons-anhydramnios-renal dysplasia-cerebellar hypoplasia-hydranencephaly syndrome
CEP57	AR/AD	Definitive	mosaic variegated aneuploidy syndrome 2
CEP63	AR	Strong	Seckel syndrome 6
CEP78	AR	Definitive	cone-rod dystrophy and hearing loss
CEP83	AR	Definitive	nephronophthisis 18
CEP85L	AD	Definitive	lissencephaly 10
CEP89	AD	Limited	intellectual disability
CERKL	AR/AD	Definitive	CERKL-related retinopathy
CERS1	AR	Strong	progressive myoclonic epilepsy type 8
CERS3	AR	Strong	autosomal recessive congenital ichthyosis 9
CERT1	AD	Definitive	intellectual disability, autosomal dominant 34
CETP	AD	Strong	cholesterol-ester transfer protein deficiency
CFAP221	AR/AD	Definitive	primary ciliary dyskinesia
CFAP251	AR	Strong	spermatogenic failure 33
CFAP276	AD	Limited	Charcot-Marie-Tooth disease
CFAP298	AR/AD	Strong	primary ciliary dyskinesia 26
CFAP300	AR/AD	Definitive	ciliary dyskinesia, primary, 38
CFAP410	SD/AD/AR	Definitive	axial spondylometaphyseal dysplasia
CFAP418	AR	Definitive	ciliopathy
CFAP43	AR/AD	Definitive	spermatogenic failure 19
CFAP44	AR	Moderate	spermatogenic failure 20
CFAP45	AR	Moderate	heterotaxy, visceral, 11, autosomal, with male infertility
CFAP46	AR	Limited	primary ciliary dyskinesia
CFAP47	XL	Limited	spermatogenic failure, X-linked, 3
CFAP52	AR/AD	Supportive	situs inversus
CFAP53	AR/AD	Strong	heterotaxy, visceral, 6, autosomal
CFAP54	AR	Strong	ciliary dyskinesia, primary, 54
CFAP57	AR	Limited	primary ciliary dyskinesia
CFAP65	AR	Supportive	non-syndromic male infertility due to sperm motility disorder
CFAP69	AR	Supportive	non-syndromic male infertility due to sperm motility disorder
CFAP70	AR	Supportive	non-syndromic male infertility due to sperm motility disorder
CFAP74	AR	Moderate	ciliary dyskinesia, primary, 49, without situs inversus
CFB	AR/AD	Strong	atypical hemolytic-uremic syndrome with B factor anomaly
CFC1	AD	Strong	heterotaxy, visceral, 2, autosomal
CFD	AR	Strong	recurrent Neisseria infections due to factor D deficiency
CFH	AD/AR/SD	Definitive	C3 glomerulonephritis
CFHR1	AD/AR	Supportive	dense deposit disease
CFHR3	.	Limited	hemolytic uremic syndrome, atypical, susceptibility to, 1
CFHR5	AD	Strong	C3 glomerulonephritis
CFI	AD/AR	Definitive	atypical hemolytic-uremic syndrome
CFL2	AR/AD	Definitive	nemaline myopathy 7
CFP	XL	Strong	properdin deficiency, X-linked
CFTR	AD/AR	Definitive	cystic fibrosis
CHAF1A	AR	Limited	complex neurodevelopmental disorder
CHAF1B	AR	Limited	intellectual disability
CHAMP1	AD	Definitive	intellectual disability, autosomal dominant 40
CHASERR	AD	Strong	neurodevelopmental disorder with dysmorphic facies, absent speech and ambulation, and brain abnormalities
CHAT	AR	Definitive	congenital myasthenic syndrome 6
CHCHD10	AD	Definitive	mitochondrial disease
CHCHD2	AD	Strong	Parkinson disease 22, autosomal dominant
CHD1	AD/AR	Strong	Pilarowski-Bjornsson syndrome
CHD1L	.	Limited	congenital anomaly of kidney and urinary tract
CHD2	AD	Definitive	complex neurodevelopmental disorder
CHD3	AD/AR	Definitive	Snijders Blok-Campeau syndrome
CHD4	AD	Definitive	syndromic intellectual disability
CHD5	AD	Strong	parenti-mignot neurodevelopmental syndrome
CHD7	AD/AR	Definitive	CHARGE syndrome
CHD8	AD	Definitive	complex neurodevelopmental disorder
CHEK1	.	No Known Disease Relationship	familial ovarian cancer
CHEK2	AD	Definitive	CHEK2-related cancer predisposition
CHI3L1	.	No Known Disease Relationship	schizophrenia
CHIC2	.	No Known Disease Relationship	acute myeloid leukemia
CHKA	AR	Strong	neurodevelopmental disorder with microcephaly, movement abnormalities, and seizures
CHKB	AR	Strong	megaconial type congenital muscular dystrophy
CHL1	AD	Limited	partial deletion of the short arm of chromosome 3
CHMP1A	AR	Strong	pontocerebellar hypoplasia type 8
CHMP2B	AD	Definitive	frontotemporal dementia and/or amyotrophic lateral sclerosis 7
CHMP4B	AD	Strong	cataract 31 multiple types
CHM	XL	Definitive	choroideremia
CHN1	AD	Definitive	Duane retraction syndrome 2
CHP1	.	Limited	spastic ataxia 9, autosomal recessive
CHRD	AR	Limited	congenital heart disease
CHRDL1	XL	Definitive	isolated congenital megalocornea
CHRM1	AD	Limited	intellectual disability
CHRM3	AR/AD	Strong	prune belly syndrome
CHRNA1	AD/AR	Definitive	myasthenic syndrome, congenital, 1B, fast-channel
CHRNA2	AD	Strong	autosomal dominant nocturnal frontal lobe epilepsy 4
CHRNA3	AR	Strong	urinary bladder, atony of
CHRNA4	AD	Definitive	familial sleep-related hypermotor epilepsy
CHRNA7	AD	Limited	complex neurodevelopmental disorder
CHRNB1	AD/AR	Definitive	congenital myasthenic syndrome 2C
CHRNB2	AD	Definitive	familial sleep-related hypermotor epilepsy
CHRNB4	AD	Limited	lung cancer
CHRND	AD/AR	Strong	congenital myasthenic syndrome 3A
CHRNE	AD/AR	Definitive	congenital myasthenic syndrome
CHRNG	AR	Definitive	CHRNG-associated hypo-akinesia disorder of prenatal onset
CHST11	AR	Strong	osteochondrodysplasia, brachydactyly, and overlapping malformed digits
CHST14	AR	Definitive	Ehlers-Danlos syndrome, musculocontractural type 1
CHST3	AR	Definitive	spondyloepiphyseal dysplasia with congenital joint dislocations
CHST6	AR	Definitive	macular corneal dystrophy
CHST8	AR	Supportive	peeling skin syndrome type A
CHSY1	AR	Definitive	temtamy preaxial brachydactyly syndrome
CHUK	AR	Definitive	cocoon syndrome
CIAO1	AR	Limited	multiple mitochondrial dysfunctions syndrome 10
CIAO3	AR	Limited	pulmonary arteriovenous malformation
CIB1	AR	Definitive	epidermodysplasia verruciformis, susceptibility to, 3
CIB2	AR	Definitive	nonsyndromic genetic hearing loss
CIBAR1	AR	Moderate	polydactyly, postaxial, type A9
CIC	AD	Definitive	complex neurodevelopmental disorder
CIDEC	AR	Moderate	CIDEC-related familial partial lipodystrophy
CIITA	AR	Definitive	MHC class II deficiency
CILK1	AR/AD	Strong	endocrine-cerebro-osteodysplasia syndrome
CIROP	AR	Strong	visceral heterotaxy
CIROZ	AR	Limited	visceral heterotaxy
CISD2	AR	Definitive	Wolfram syndrome
CIT	AR	Strong	microcephaly 17, primary, autosomal recessive
CITED2	AD	Moderate	congenital heart defects, multiple types
CIZ1	AD	Moderate	dystonia 23
CKAP2L	AD/AR	Definitive	Filippi syndrome
CLASP1	AD	Limited	focal epilepsy
CLCA2	AD	Moderate	heart conduction disease
CLCA4	AR	Supportive	cystic fibrosis
CLCC1	AR	Limited	retinitis pigmentosa
CLCF1	AR	Strong	cold-induced sweating syndrome 2
CLCN1	AD/AR	Strong	myotonia congenita, autosomal dominant
CLCN2	AR/AD	Definitive	leukoencephalopathy with mild cerebellar ataxia and white matter edema
CLCN3	AD/AR	Strong	complex neurodevelopmental disorder
CLCN4	XL	Definitive	X-linked complex neurodevelopmental disorder
CLCN5	XL/XLR	Definitive	Dent disease type 1
CLCN6	AD	Strong	neurodegeneration, childhood-onset, with hypotonia, respiratory insufficiency, and brain imaging abnormalities
CLCN7	AD/SD/AR	Definitive	autosomal recessive osteopetrosis 4
CLCNKA	AR	Moderate	Bartter disease type 4B
CLCNKB	AR	Definitive	Bartter disease type 4B
CLDN10	AR	Strong	HELIX syndrome
CLDN11	AD	Strong	leukodystrophy, hypomyelinating, 22
CLDN14	AR	Definitive	nonsyndromic genetic hearing loss
CLDN16	AR	Definitive	renal hypomagnesemia 3
CLDN19	AR	Definitive	renal hypomagnesemia 5 with ocular involvement
CLDN1	AR	Definitive	neonatal ichthyosis-sclerosing cholangitis syndrome
CLDN2	AD	Limited	hereditary chronic pancreatitis
CLDN5	AD	Limited	neurodevelopmental disorder
CLDN9	AR	Moderate	hearing loss, autosomal recessive 116
CLEC16A	.	No Known Disease Relationship	schizophrenia
CLEC3B	AD	Strong	macular dystrophy, retinal, 4
CLEC4C	AD	Limited	amyotrophic lateral sclerosis
CLEC7A	AD	Supportive	chronic mucocutaneous candidiasis
CLIC2	XL	Moderate	X-linked intellectual disability-cardiomegaly-congestive heart failure syndrome
CLIC5	AR	Supportive	hearing loss, autosomal recessive
CLIP1	AR	Supportive	autosomal recessive non-syndromic intellectual disability
CLMP	AR	Strong	congenital short bowel syndrome, autosomal recessive
CLN3	AR	Definitive	neuronal ceroid lipofuscinosis 3
CLN5	AR	Definitive	neuronal ceroid lipofuscinosis 5
CLN6	AR	Definitive	neuronal ceroid lipofuscinosis
CLN8	AR	Definitive	neuronal ceroid lipofuscinosis 8
CLP1	AR	Strong	pontocerebellar hypoplasia type 10
CLPB	AR/AD	Definitive	3-methylglutaconic aciduria, type VIIB
CLPP	AR	Definitive	Perrault syndrome 3
CLPX	AD	Strong	protoporphyria, erythropoietic, 2
CLRN1	AR/AD	Definitive	Usher syndrome type 3
CLRN2	AR	Moderate	nonsyndromic genetic hearing loss
CLTC	AD	Strong	intellectual disability, autosomal dominant 56
CLTCL1	AD/AR	Supportive	congenital insensitivity to pain with severe intellectual disability
CLTRN	AR	Supportive	Hartnup disease
CLXN	AR	Strong	ciliary dyskinesia, primary, 53
CMAS	AR	Limited	intellectual disability
CMPK2	AR	Limited	basal ganglia calcification, idiopathic, 10, autosomal recessive
CMTR2	AD	Limited	lung cancer
CNBP	AD	Definitive	myotonic dystrophy type 2
CNGA1	AR/AD	Definitive	CNGA1-related retinopathy
CNGA2	XL/AD	Supportive	isolated congenital anosmia
CNGA3	AR/AD	Definitive	CNGA3-related retinopathy
CNGB1	AR/AD	Definitive	CNGB1-related retinopathy
CNGB3	AR/AD	Definitive	CNGB3-related retinopathy
CNKSR1	AR	Limited	intellectual disability
CNKSR2	XL/AD	Definitive	X-linked complex neurodevelopmental disorder
CNNM2	SD/AD/AR	Definitive	hypomagnesemia, seizures, and intellectual disability 1
CNNM4	AR	Definitive	Jalili syndrome
CNOT1	AD	Definitive	complex neurodevelopmental disorder
CNOT2	AD	Strong	intellectual developmental disorder with nasal speech, dysmorphic facies, and variable skeletal anomalies
CNOT3	AD	Definitive	complex neurodevelopmental disorder
CNOT9	AD	Limited	complex neurodevelopmental disorder
CNP	AR	Limited	leukodystrophy, hypomyelinating, 20
CNPY3	AR	Strong	developmental and epileptic encephalopathy, 60
CNTN1	AR	Strong	Compton-North congenital myopathy
CNTN2	AR/AD	Definitive	complex neurodevelopmental disorder
CNTN4	.	Disputed Evidence	complex neurodevelopmental disorder
CNTN6	.	Limited	Tourette syndrome
CNTNAP1	AR	Strong	lethal congenital contracture syndrome 7
CNTNAP2	AR	Definitive	complex neurodevelopmental disorder
CNTNAP5	.	Disputed Evidence	complex neurodevelopmental disorder
COA3	AR	Supportive	cytochrome-c oxidase deficiency disease
COA5	AR	Limited	cardioencephalomyopathy, fatal infantile, due to cytochrome c oxidase deficiency 3
COA6	AR	Definitive	mitochondrial disease
COA7	AR	Definitive	mitochondrial disease
COA8	AR	Definitive	mitochondrial disease
COASY	AR	Definitive	neurodegeneration with brain iron accumulation 6
COCH	AD/AR	Definitive	nonsyndromic genetic hearing loss
COG1	AR	Definitive	COG1-congenital disorder of glycosylation
COG2	AR	Strong	congenital disorder of glycosylation, type IIq
COG3	AR	Limited	congenital disorder of glycosylation, type IIbb
COG4	AR/AD	Definitive	COG4-congenital disorder of glycosylation
COG5	AR	Definitive	COG5-congenital disorder of glycosylation
COG6	AR	Definitive	COG6-congenital disorder of glycosylation
COG7	AR	Definitive	COG7-congenital disorder of glycosylation
COG8	AR	Definitive	COG8-congenital disorder of glycosylation
COL10A1	AD	Definitive	Schmid metaphyseal chondrodysplasia
COL11A1	AD/AR	Definitive	fibrochondrogenesis 1
COL11A2	AR/AD	Definitive	otospondylomegaepiphyseal dysplasia
COL12A1	AD/AR	Definitive	Ullrich congenital muscular dystrophy 2
COL13A1	AR	Strong	congenital myasthenic syndrome 19
COL14A1	AD	Supportive	punctate palmoplantar keratoderma type 1
COL17A1	AR/AD	Definitive	junctional epidermolysis bullosa, non-Herlitz type
COL18A1	AD/AR	Definitive	Knobloch syndrome 1
COL1A1	AD	Definitive	Caffey disease
COL1A2	AD/AR	Definitive	Ehlers-Danlos syndrome, cardiac valvular type
COL20A1	AD	Limited	hereditary palmoplantar keratoderma
COL24A1	.	No Known Disease Relationship	Tourette syndrome
COL25A1	AR/AD	Strong	fibrosis of extraocular muscles, congenital, 5
COL27A1	AR	Definitive	Steel syndrome
COL2A1	AD/AR	Definitive	spondyloepiphyseal dysplasia with metatarsal shortening
COL3A1	AD/AR	Definitive	Ehlers-Danlos syndrome, vascular type
COL4A1	AD/AR	Definitive	COL4A1-related disorder
COL4A2	AD	Strong	brain small vessel disease 2A, autosomal dominant
COL4A3	SD/AD/AR	Definitive	Alport syndrome
COL4A4	AR/AD/SD	Definitive	autosomal recessive Alport syndrome
COL4A5	XL	Definitive	Alport syndrome
COL4A6	XL	Strong	hearing loss, X-linked 6
COL5A1	AD	Definitive	Ehlers-Danlos syndrome, classic type
COL5A2	AD	Definitive	Ehlers-Danlos syndrome, classic type
COL6A1	AR/AD	Definitive	collagen 6-related myopathy
COL6A2	AR/AD	Definitive	collagen 6-related myopathy
COL6A3	SD/AR/AD	Definitive	Bethlem myopathy 1A
COL6A6	AR	Limited	myopathy
COL7A1	AR/AD	Definitive	recessive dystrophic epidermolysis bullosa
COL8A2	AD	Strong	posterior polymorphous corneal dystrophy 2
COL9A1	AR/AD	Definitive	Stickler syndrome, type 4
COL9A2	AR/AD	Definitive	Stickler syndrome, type 5
COL9A3	AD/AR	Definitive	Stickler syndrome, type 6
COLEC10	AR	Strong	3MC syndrome 3
COLEC11	AR	Definitive	3MC syndrome 2
COLGALT1	AR	Strong	brain small vessel disease 3
COLGALT2	.	No Known Disease Relationship	Tourette syndrome
COLQ	AR	Strong	congenital myasthenic syndrome 5
COMP	AD	Definitive	COMP-related skeletal dysplasia
COMT	AD	Moderate	paroxysmal dyskinesia
COPA	AD	Strong	autoimmune interstitial lung disease-arthritis syndrome
COPB1	AR	Limited	Baralle-Macken syndrome
COPB2	AD/AR	Strong	osteoporosis, childhood- or juvenile-onset, with developmental delay
COPG1	AR	Limited	non-severe combined immunodeficiency due to COPG1 deficiency
COQ2	AR	Definitive	mitochondrial disease
COQ4	AR	Definitive	mitochondrial disease
COQ5	AR	Moderate	mitochondrial disease
COQ6	AR/AD	Definitive	primary coenzyme Q10 deficiency 8
COQ7	AR	Strong	primary coenzyme Q10 deficiency 8
COQ8A	AR	Definitive	coenzyme Q10 deficiency
COQ8B	AR/AD	Definitive	nephrotic syndrome, type 9
COQ9	AR	Definitive	mitochondrial disease
CORIN	.	Limited	preeclampsia/eclampsia 5
CORO1A	AR/AD	Definitive	severe combined immunodeficiency due to CORO1A deficiency
COX10	AR	Definitive	mitochondrial disease
COX11	AR	Limited	mitochondrial complex IV deficiency, nuclear type 23
COX14	AR	Supportive	cytochrome-c oxidase deficiency disease
COX15	AR	Definitive	mitochondrial disease
COX16	AR	Strong	mitochondrial complex IV deficiency, nuclear type 22
COX20	AR	Definitive	mitochondrial disease
COX4I1	AR	Supportive	cytochrome-c oxidase deficiency disease
COX4I2	AR	Supportive	pancreatic insufficiency-anemia-hyperostosis syndrome
COX5A	AR	Moderate	mitochondrial disease
COX6A1	AR	Strong	mitochondrial disease
COX6A2	AR	Moderate	mitochondrial disease
COX6B1	AR	Definitive	mitochondrial disease
COX7B	XL	Definitive	linear skin defects with multiple congenital anomalies 2
COX8A	AR	Supportive	cytochrome-c oxidase deficiency disease
COXFA4	AR	Definitive	mitochondrial disease
CPA1	AD	Strong	hereditary chronic pancreatitis
CPA6	AR/AD	Supportive	benign familial mesial temporal lobe epilepsy
CPAMD8	AR	Definitive	anterior segment dysgenesis 8
CPAP	AR	Definitive	microcephaly 6 with or without short stature
CP	AR/AD	Definitive	aceruloplasminemia
CPE	AR	Strong	BDV syndrome
CPEB3	.	No Known Disease Relationship	Tourette syndrome
CPLANE1	AR	Definitive	Joubert syndrome 17
CPLX1	AR	Strong	developmental and epileptic encephalopathy, 63
CPN1	AR	Limited	carboxypeptidase N deficiency
CPNE6	AR	Limited	complex neurodevelopmental disorder
CPOX	AR/SD/AD	Definitive	CPOX-related hereditary coproporphyria
CPS1	AR	Definitive	carbamoyl phosphate synthetase I deficiency disease
CPSF1	AD	Strong	myopia 27
CPSF3	AR	Moderate	neurodevelopmental disorder with microcephaly, hypotonia, nystagmus, and seizures
CPSF6	AD	Limited	neurodevelopmental disorder
CPT1A	AR	Definitive	carnitine palmitoyl transferase 1A deficiency
CPT1B	.	No Known Disease Relationship	inherited fatty acid metabolism disorder
CPT1C	AD/AR	Strong	hereditary spastic paraplegia 73
CPT2	AR	Definitive	carnitine palmitoyltransferase II deficiency
CR2	AR	Definitive	immunodeficiency, common variable, 7
CRACR2A	AR	Limited	combined immunodeficiency
CRADD	AR	Definitive	syndromic intellectual disability
CRAT	AR	Limited	neurodegeneration with brain iron accumulation 8
CRB1	AR/AD	Definitive	Leber congenital amaurosis 8
CRB2	AR/AD	Definitive	focal segmental glomerulosclerosis 9
CRBN	AR	Moderate	intellectual disability
CREB3L1	AR/AD	Strong	osteogenesis imperfecta type 16
CREB3L3	AD	Strong	hypertriglyceridemia
CREBBP	AD	Definitive	Rubinstein-Taybi syndrome due to CREBBP mutations
CREBRF	AD	Limited	inherited obesity
CRELD1	AR/AD	Strong	complex neurodevelopmental disorder
CRH	AD	Supportive	autosomal dominant nocturnal frontal lobe epilepsy
CRIM1	AD	Supportive	colobomatous macrophthalmia-microcornea syndrome
CRIPT	AR	Strong	Rothmund-Thomson syndrome type 3
CRIPTO	AD	Limited	congenital heart disease
CRKL	.	No Known Disease Relationship	congenital heart disease
CRLF1	AR	Definitive	Cold-induced sweating syndrome 1
CRLS1	AR	Strong	combined oxidative phosphorylation deficiency 57
CRPPA	AR	Definitive	myopathy caused by variation in CRPPA
CRTAP	AR/AD	Strong	osteogenesis imperfecta type 7
CRX	SD/AD/AR	Definitive	Leber congenital amaurosis 7
CRYAA	AD/AR	Definitive	cataract 9 multiple types
CRYAB	AR/AD	Definitive	myofibrillar myopathy 2
CRYBA1	AD	Definitive	cataract 10 multiple types
CRYBA2	SD/AD	Strong	cataract 42
CRYBA4	AD/AR	Definitive	cataract 23
CRYBB1	SD/AD/AR	Definitive	cataract 17 multiple types
CRYBB2	AD	Definitive	cataract 3 multiple types
CRYBB3	SD/AR/AD	Definitive	cataract 22 multiple types
CRYGB	AD	Supportive	early-onset anterior polar cataract
CRYGC	AD	Definitive	cataract 2, multiple types
CRYGD	AD	Definitive	cataract 4 multiple types
CRYGS	AD	Definitive	cataract 20 multiple types
CRYM	AD	Supportive	autosomal dominant nonsyndromic hearing loss
CSDE1	AD	Definitive	complex neurodevelopmental disorder
CSF1R	AD/AR	Definitive	hereditary diffuse leukoencephalopathy with axonal spheroids and pigmented glia
CSF2RA	AR	Definitive	surfactant metabolism dysfunction, pulmonary, 4
CSF2RB	AR	Definitive	surfactant metabolism dysfunction, pulmonary, 5
CSF3	AR	Moderate	autosomal recessive severe congenital neutropenia due to CSF3R deficiency
CSF3R	AR/AD	Strong	autosomal recessive severe congenital neutropenia due to CSF3R deficiency
CSGALNACT1	AR	Strong	skeletal dysplasia, mild, with joint laxity and advanced bone age
CSMD1	AD/AR	Limited	autism spectrum disorder
CSMD3	AD	Limited	complex neurodevelopmental disorder
CSNK1D	AD	Supportive	advanced sleep phase syndrome
CSNK1E	AD	Limited	genetic developmental and epileptic encephalopathy
CSNK1G1	AD	Limited	complex neurodevelopmental disorder
CSNK1G3	.	Limited	Tourette syndrome
CSNK2A1	AD	Definitive	syndromic intellectual disability
CSNK2B	AD	Definitive	Poirier-Bienvenu neurodevelopmental syndrome
CSPG4	AD	Limited	schizophrenia
CSPP1	AR	Definitive	Joubert syndrome 21
CSRP1	.	Disputed Evidence	congenital heart disease
CSRP3	AD/SD/AR	Definitive	hypertrophic cardiomyopathy
CST1	AR	Limited	male infertility with azoospermia or oligozoospermia due to single gene mutation
CST3	AD	Strong	ACys amyloidosis
CST6	AR	Strong	ectodermal dysplasia 15, hypohidrotic/hair type
CSTA	AR	Strong	peeling skin syndrome 4
CSTB	AR	Definitive	Unverricht-Lundborg syndrome
CSTF2	XL	Limited	intellectual developmental disorder, X-linked 113
CT55	.	Limited	spermatogenic failure, X-linked, 7
CTBP1	AD	Strong	hypotonia, ataxia, developmental delay, and tooth enamel defect syndrome
CTC1	AR/AD	Definitive	cerebroretinal microangiopathy with calcifications and cysts 1
CTCF	AD	Definitive	CTCF-related neurodevelopmental disorder
CTDP1	AR	Definitive	congenital cataracts-facial dysmorphism-neuropathy syndrome
CTF1	AD	Limited	dilated cardiomyopathy
CTH	AR	Definitive	cystathioninuria
CTHRC1	AD	Limited	Barrett esophagus
CTLA4	AD	Definitive	autoimmune lymphoproliferative syndrome due to CTLA4 haploinsufficiency
CTNNA1	AD	Definitive	CTNNA1-related diffuse gastric and lobular breast cancer syndrome
CTNNA2	AR	Strong	cortical dysplasia, complex, with other brain malformations 9
CTNNA3	AD	Limited	arrhythmogenic right ventricular dysplasia 13
CTNNB1	AD	Definitive	CTNNB1-related neurodevelopmental disorder and/or vitreoretinopathy
CTNNBL1	AR	Limited	common variable immunodeficiency
CTNND1	AD	Definitive	blepharocheilodontic syndrome 2
CTNND2	AD	Strong	complex neurodevelopmental disorder
CTNS	AR	Definitive	nephropathic cystinosis
CTPS1	AR	Definitive	combined immunodeficiency due to CTPS1 deficiency
CTR9	AD	Moderate	CTR9-related neurodevelopmental disorder
CTRC	AD	Definitive	hereditary chronic pancreatitis
CTSA	AR	Definitive	galactosialidosis
CTSB	AD	Strong	keratolytic winter erythema
CTSC	AR	Definitive	Papillon-Lefevre disease
CTSD	AR	Definitive	neuronal ceroid lipofuscinosis
CTSF	AR	Definitive	neuronal ceroid lipofuscinosis 13
CTSK	AR	Definitive	pycnodysostosis
CTTNBP2	AD	Limited	autism spectrum disorder
CTU2	AR	Strong	microcephaly, facial dysmorphism, renal agenesis, and ambiguous genitalia syndrome
CUBN	AR	Definitive	Imerslund-Grasbeck syndrome type 1
CUL3	AD	Definitive	pseudohypoaldosteronism type 2E
CUL4B	XL	Definitive	X-linked intellectual disability, Cabezas type
CUL7	AR	Definitive	3M syndrome 1
CUX1	AD	Definitive	global developmental delay with or without impaired intellectual development
CUX2	AD	Strong	developmental and epileptic encephalopathy, 67
CUZD1	.	No Known Disease Relationship	schizophrenia
CWC27	AR	Definitive	metaphyseal chondrodysplasia-retinitis pigmentosa syndrome
CWF19L1	AR	Definitive	autosomal recessive cerebellar ataxia
CXCR2	AR	Strong	WHIM syndrome 2
CXCR4	AD	Definitive	WHIM syndrome
CYB561	AR	Limited	orthostatic hypotension 2
CYB5A	AR	Definitive	methemoglobinemia type 4
CYB5R3	AR	Definitive	methemoglobinemia due to deficiency of methemoglobin reductase
CYBA	AR	Definitive	granulomatous disease, chronic, autosomal recessive, cytochrome b-negative
CYBB	XL/AR/XLR	Definitive	granulomatous disease, chronic, X-linked
CYBC1	AR	Strong	granulomatous disease, chronic, autosomal recessive, 5
CYBRD1	AR	Strong	hereditary hemochromatosis
CYC1	AR	Definitive	mitochondrial complex III deficiency nuclear type 6
CYCS	AD	Strong	thrombocytopenia 4
CYFIP2	AD	Definitive	complex neurodevelopmental disorder
CYLC2	AD	Limited	autism spectrum disorder
CYLD	AD	Definitive	Brooke-Spiegler syndrome
CYP11A1	AR/AD	Definitive	Congenital adrenal insufficiency with 46, XY sex reversal OR 46,XY disorder of sex development-adrenal insufficiency due to CYP11A1 deficiency
CYP11B1	AR/AD	Definitive	congenital adrenal hyperplasia due to 11-beta-hydroxylase deficiency
CYP11B2	AR	Definitive	familial hyperreninemic hypoaldosteronism type 2
CYP17A1	AR	Definitive	congenital adrenal hyperplasia due to 17-alpha-hydroxylase deficiency
CYP19A1	AD/AR	Definitive	aromatase deficiency
CYP1B1	AR/AD	Definitive	CYP1B1-related glaucoma with or without anterior segment dysgenesis
CYP21A2	AR	Definitive	classic congenital adrenal hyperplasia due to 21-hydroxylase deficiency
CYP24A1	AR	Definitive	hypercalcemia, infantile, 1
CYP26B1	AR	Strong	lethal occipital encephalocele-skeletal dysplasia syndrome
CYP26C1	AR	Strong	focal facial dermal dysplasia type IV
CYP27A1	AR	Definitive	cerebrotendinous xanthomatosis
CYP27B1	AR	Definitive	vitamin D-dependent rickets, type 1A
CYP2A6	.	No Known Disease Relationship	coumarin resistance
CYP2R1	AR	Strong	vitamin D hydroxylation-deficient rickets, type 1B
CYP2U1	AR	Definitive	hereditary spastic paraplegia
CYP3A4	AD	Limited	vitamin D-dependent rickets, type 3
CYP4F22	AR	Strong	autosomal recessive congenital ichthyosis 5
CYP4V2	AR	Definitive	Bietti crystalline corneoretinal dystrophy
CYP51A1	AR	Definitive	cataract
CYP7A1	SD	Supportive	hypercholesterolemia due to cholesterol 7alpha-hydroxylase deficiency
CYP7B1	AR	Definitive	CYP7B1-related disorder of oxysterol accumulation
CYS1	AR	Limited	polycystic kidney disease
D2HGDH	AR/AD	Definitive	mitochondrial disease
DAAM2	AR/AD	Strong	nephrotic syndrome, type 24
DAB1	AD/AR	Strong	spinocerebellar ataxia type 37
DACH2	AD	Limited	primary ovarian failure
DACT1	AD	Moderate	Townes-Brocks syndrome 2
DAG1	AD/AR	Definitive	neuromuscular disease caused by qualitative or quantitative defects of alpha-dystroglycan
DAGLA	AD	Strong	benign paroxysmal tonic upgaze of childhood with ataxia
DALRD3	AR/AD	Moderate	developmental and epileptic encephalopathy, 86
DAND5	.	Disputed Evidence	congenital heart disease
DAO	AD	Moderate	amyotrophic lateral sclerosis
DAP3	AR	Strong	mitochondrial disease
DAPK1	AD	Limited	autism spectrum disorder
DARS1	AR	Definitive	hypomyelination with brain stem and spinal cord involvement and leg spasticity
DARS2	AD/AR	Definitive	leukoencephalopathy with brain stem and spinal cord involvement-high lactate syndrome
DAW1	AR	Strong	ciliary dyskinesia, primary, 52
DAZL	AR/AD	Moderate	male infertility with azoospermia or oligozoospermia due to single gene mutation
DBH	AR	Strong	orthostatic hypotension 1
DBR1	AR	Strong	encephalitis, acute, infection (viral)-induced, susceptibility to, 11
DBT	AR	Definitive	maple syrup urine disease
DBX1	.	No Known Disease Relationship	Tourette syndrome
DCAF13	AR	Limited	neuromuscular disease
DCAF15	AR	Moderate	Cornelia de Lange syndrome
DCAF17	AR	Definitive	Woodhouse-Sakati syndrome
DCAF8	AD	Moderate	giant axonal neuropathy 2
DCC	AR/AD	Definitive	mirror movements 1 and/or agenesis of the corpus callosum
DCDC2	AR	Definitive	ciliopathy
DCHS1	AR/AD	Definitive	van Maldergem syndrome 1
DCLRE1B	AR	Strong	dyskeratosis congenita, autosomal recessive 8
DCLRE1C	AR	Definitive	severe combined immunodeficiency due to DCLRE1C deficiency
DCN	AD	Definitive	congenital stromal corneal dystrophy
DCPS	AR	Strong	Al-Raqad syndrome
DCST1	.	No Known Disease Relationship	schizophrenia
DCT	AR	Strong	oculocutaneous albinism type 8
DCTN1	AD	Strong	neuronopathy, distal hereditary motor, type 7B
DCTN4	AR	Supportive	cystic fibrosis
DCXR	AR	Moderate	pentosuria
DCX	XL/AR	Definitive	lissencephaly spectrum disorders
DDB1	AD	Strong	White-Kernohan syndrome
DDB2	AR	Definitive	xeroderma pigmentosum group E
DDC	AR	Definitive	aromatic L-amino acid decarboxylase deficiency
DDHD1	AR	Definitive	hereditary spastic paraplegia
DDHD2	AR	Definitive	hereditary spastic paraplegia 54
DDOST	AR	Definitive	DDOST-congenital disorder of glycosylation
DDR1	AR	Limited	chondrodysplasia
DDR2	AR/AD	Definitive	spondyloepimetaphyseal dysplasia-short limb-abnormal calcification syndrome
DDRGK1	AR	Strong	spondyloepimetaphyseal dysplasia, Shohat type
DDX11	AR/AD	Definitive	Warsaw breakage syndrome
DDX17	AD	Strong	neurodevelopmental disorder
DDX23	AD	Strong	neurodevelopmental disorder
DDX25	AR	Moderate	male infertility with azoospermia or oligozoospermia due to single gene mutation
DDX39B	AD	Limited	neurodevelopmental disorder
DDX3X	XL/AR	Definitive	intellectual disability, X-linked 102
DDX41	AD/AR	Definitive	DDX41-related hematologic malignancy predisposition syndrome
DDX53	XL	Strong	autism spectrum disorder
DDX54	AD/AR	Limited	neurodevelopmental disorder
DDX59	AR	Strong	orofaciodigital syndrome V
DDX6	AD	Strong	intellectual developmental disorder with impaired language and dysmorphic facies
DEAF1	AD/AR/SD	Definitive	intellectual disability, autosomal dominant 24
DECR1	AR	Limited	liver disorder
DEF6	AR	Strong	immunodeficiency 87 and autoimmunity
DEGS1	AR	Definitive	leukodystrophy, hypomyelinating, 18
DENND4B	AD	Limited	isolated cleft palate
DENND5A	AR	Strong	developmental and epileptic encephalopathy, 49
DENND5B	AD	Strong	neurodevelopmental disorder
DEPDC5	AD/AR	Definitive	epilepsy, familial focal, with variable foci 1
DES	SD/AD/AR	Definitive	myofibrillar myopathy 1
DGAT1	AR	Definitive	congenital diarrhea 7 with exudative enteropathy
DGAT2	AD	Moderate	Charcot-Marie-Tooth disease
DGCR2	AD	Limited	schizophrenia
DGCR8	AD	Limited	schwannoma
DGKE	AR	Definitive	membranoproliferative glomerulonephritis
DGUOK	AR	Definitive	mitochondrial DNA depletion syndrome 3 (hepatocerebral type)
DHCR24	AR	Definitive	desmosterolosis
DHCR7	AR	Definitive	Smith-Lemli-Opitz syndrome
DHDDS	AR/AD	Definitive	DHDDS-CDG
DHFR	AR	Definitive	constitutional megaloblastic anemia with severe neurologic disease
DHH	AR/AD	Strong	46,XY gonadal dysgenesis-motor and sensory neuropathy syndrome
DHODH	AR	Definitive	postaxial acrofacial dysostosis
DHPS	AR	Strong	neurodevelopmental disorder with seizures and speech and walking impairment
DHRS3	AR	Limited	craniosynostosis
DHRSX	AR	Strong	congenital disorder of glycosylation, type 1DD
DHTKD1	AR/AD	Definitive	2-aminoadipic 2-oxoadipic aciduria
DHX16	AD	Strong	neuromuscular disease and ocular or auditory anomalies with or without seizures
DHX30	AD	Definitive	neurodevelopmental disorder with severe motor impairment and absent language
DHX32	AR/AD	Moderate	neurodevelopmental disorder
DHX34	AR/AD	Limited	intellectual disability
DHX37	AR/AD	Strong	46,XY sex reversal 11
DHX38	AR/AD	Strong	retinitis pigmentosa 84
DHX9	AD	Strong	Charcot-Marie-Tooth disease
DIABLO	AD	Supportive	autosomal dominant nonsyndromic hearing loss
DIAPH1	AD/AR	Definitive	DIAPH1-related sensorineural hearing loss-thrombocytopenia syndrome
DIAPH2	.	Limited	premature ovarian failure 2A
DIAPH3	AD	Supportive	autosomal dominant nonsyndromic hearing loss
DICER1	AD	Definitive	DICER1-related tumor predisposition
DIO1	AD	Moderate	thyroid hormone metabolism, abnormal, 2
DIP2A	AD	Limited	autism spectrum disorder
DIP2B	AD	Limited	intellectual disability, FRA12A type
DIP2C	AD	Definitive	complex neurodevelopmental disorder
DIS3L2	AR	Definitive	Perlman syndrome
DISP1	AD/SD/AR	Strong	holoprosencephaly
DKC1	XL/AD/XLR	Definitive	dyskeratosis congenita, X-linked
DLAT	AR	Definitive	pyruvate dehydrogenase E2 deficiency
DLC1	AD/AR	Strong	nephrotic syndrome
DLD	AR	Definitive	pyruvate dehydrogenase E3 deficiency
DLG1	AD	Limited	Brugada syndrome
DLG2	AD/AR	Moderate	intellectual disability
DLG3	XL	Definitive	non-syndromic X-linked intellectual disability
DLG4	AD	Definitive	complex neurodevelopmental disorder
DLG5	AR/AD	Strong	Yuksel-Vogel-Bauer syndrome
DLGAP2	AD	Limited	complex neurodevelopmental disorder
DLK1	AD	Strong	central precocious puberty
DLL1	AD	Definitive	neurodevelopmental disorder with nonspecific brain abnormalities and with or without seizures
DLL3	AR	Definitive	spondylocostal dysostosis 1, autosomal recessive
DLL4	AD	Definitive	Adams-Oliver syndrome 6
DLST	AD	Supportive	hereditary pheochromocytoma-paraganglioma
DLX3	AD	Strong	tricho-dento-osseous syndrome
DLX4	AD	Limited	orofacial cleft 15
DLX5	AD/AR	Strong	split hand-foot malformation 1 with sensorineural hearing loss
DLX6	AD	Supportive	split hand-foot malformation
DMAP1	AR	Strong	neurodevelopmental disorder
DMBX1	AR	Moderate	complex neurodevelopmental disorder
DMC1	AR	Strong	primary ovarian failure
DMD	XL/AD/XLR	Definitive	Becker muscular dystrophy
DMGDH	AR	Supportive	dimethylglycine dehydrogenase deficiency
DMP1	AR	Definitive	hypophosphatemic rickets, autosomal recessive, 1
DMPK	AD	Definitive	myotonic dystrophy type 1
DMRT1	AD	Definitive	spermatogenic failure
DMRT2	AR	Limited	spondylocostal dysostosis
DMRTA2	AR	Limited	male infertility with azoospermia or oligozoospermia due to single gene mutation
DMXL2	AR/AD	Strong	developmental and epileptic encephalopathy, 81
DNA2	AR/AD	Strong	mitochondrial DNA deletion syndrome with progressive myopathy
DNAAF11	AR	Definitive	primary ciliary dyskinesia 19
DNAAF19	AR/AD	Definitive	primary ciliary dyskinesia 17
DNAAF1	AR/AD	Definitive	primary ciliary dyskinesia 13
DNAAF2	AR/AD	Definitive	primary ciliary dyskinesia 10
DNAAF3	AR/AD	Definitive	primary ciliary dyskinesia 2
DNAAF4	AR/AD	Definitive	primary ciliary dyskinesia 25
DNAAF5	AR/AD	Definitive	primary ciliary dyskinesia 18
DNAAF6	XL/AD	Definitive	ciliary dyskinesia, primary, 36, X-linked
DNAH10	AR	Strong	spermatogenic failure 56
DNAH11	AR/AD	Definitive	primary ciliary dyskinesia 7
DNAH12	AR	Definitive	spermatogenic failure
DNAH14	AR	Limited	neurodevelopmental disorder
DNAH17	AR	Definitive	spermatogenic failure 39
DNAH1	AR/AD	Definitive	spermatogenic failure 18
DNAH2	AR	Strong	spermatogenic failure 45
DNAH3	AR	Limited	male infertility
DNAH5	AR/AD	Definitive	primary ciliary dyskinesia 3
DNAH6	AR	Strong	spermatogenic failure
DNAH7	AR	Strong	primary ciliary dyskinesia
DNAH8	AR	Strong	spermatogenic failure 46
DNAH9	AR/AD	Definitive	ciliary dyskinesia, primary, 40
DNAI1	AR/AD	Definitive	primary ciliary dyskinesia 1
DNAI2	AR/AD	Definitive	primary ciliary dyskinesia 9
DNAJA1	AR	Limited	complex neurodevelopmental disorder
DNAJA3	AR	Limited	complex neurodevelopmental disorder
DNAJB11	AD/AR	Definitive	autosomal dominant polycystic kidney disease
DNAJB13	AR/AD	Strong	primary ciliary dyskinesia 34
DNAJB2	AR	Definitive	neuronopathy, distal hereditary motor, autosomal recessive 5
DNAJB4	AR/AD	Strong	congenital myopathy 21 with early respiratory failure
DNAJB6	AD	Definitive	muscular dystrophy, limb-girdle, autosomal dominant
DNAJC12	AR	Definitive	hyperphenylalaninemia due to DNAJC12 deficiency
DNAJC13	AD	Supportive	hereditary late onset Parkinson disease
DNAJC16	AR	Limited	ciliopathy
DNAJC19	AR	Definitive	3-methylglutaconic aciduria type 5
DNAJC21	AR	Definitive	bone marrow failure syndrome 3
DNAJC30	AR/MT	Definitive	Leber-like hereditary optic neuropathy, autosomal recessive 1
DNAJC3	AR/AD	Strong	juvenile-onset diabetes mellitus-central and peripheral neurodegeneration syndrome
DNAJC5	AD	Strong	ceroid lipofuscinosis, neuronal, 4 (Kufs type)
DNAJC6	AR	Strong	juvenile onset Parkinson disease 19A
DNAJC7	AD	Limited	amyotrophic lateral sclerosis
DNAL1	AR/AD	Definitive	primary ciliary dyskinesia 16
DNAL4	AD	Supportive	familial congenital mirror movements
DNALI1	.	Limited	spermatogenic failure 83
DNASE1	AD	Supportive	autosomal systemic lupus erythematosus type 16
DNASE1L3	AR/AD	Definitive	autosomal systemic lupus erythematosus type 16
DNASE2	AR	Strong	autoinflammatory-pancytopenia syndrome due to DNASE2 deficiency
DNHD1	AR	Strong	spermatogenic failure 65
DNM1	AD/AR	Definitive	genetic developmental and epileptic encephalopathy
DNM1L	AR/AD	Definitive	encephalopathy due to mitochondrial and peroxisomal fission defect
DNM2	AD/AR	Definitive	Charcot-Marie-Tooth disease
DNMBP	AR/AD	Strong	cataract 48
DNMT1	AD	Definitive	autosomal dominant cerebellar ataxia, deafness and narcolepsy
DNMT3A	AD	Definitive	Tatton-Brown-Rahman overgrowth syndrome
DNMT3B	AR/AD	Definitive	immunodeficiency-centromeric instability-facial anomalies syndrome 1
DOCK11	XL	Strong	autoinflammatory disease, multisystem, with immune dysregulation, X-linked
DOCK2	AR	Definitive	DOCK2 deficiency
DOCK3	AR/AD	Strong	neurodevelopmental disorder with impaired intellectual development, hypotonia, and ataxia
DOCK4	AD	Strong	neurodevelopmental disorder with microcephaly, hypotonia, and variable brain anomalies
DOCK6	AR/AD	Definitive	Adams-Oliver syndrome
DOCK7	AR	Definitive	genetic developmental and epileptic encephalopathy
DOCK8	AR/AD	Definitive	combined immunodeficiency due to DOCK8 deficiency
DOCK9	AD	Limited	keratoconus
DOHH	AR	Strong	neurodevelopmental disorder with microcephaly, cerebral atrophy, and visual impairment
DOK7	AR	Definitive	congenital myasthenic syndrome 10
DOLK	AR/AD	Definitive	DK1-congenital disorder of glycosylation
DONSON	AR	Strong	microcephaly, short stature, and limb abnormalities
DOP1A	AR	Limited	complex neurodevelopmental disorder
DOT1L	AD	Strong	neurodevelopmental disorder
DPAGT1	AR	Definitive	DPAGT1-congenital disorder of glycosylation
DPF2	AD	Definitive	Coffin-Siris syndrome
DPH1	AR	Definitive	developmental delay with short stature, dysmorphic facial features, and sparse hair
DPH2	AR	Moderate	developmental delay with short stature, dysmorphic facial features, and sparse hair 2
DPH5	AR	Strong	neurodevelopmental disorder with short stature, prominent forehead, and feeding difficulties
DPM1	AR	Definitive	congenital disorder of glycosylation type 1E
DPM2	AR	Strong	congenital muscular dystrophy with intellectual disability and severe epilepsy
DPM3	AR	Strong	DPM3-congenital disorder of glycosylation
DPP6	AD	Supportive	autosomal dominant primary microcephaly
DPP9	AR/AD	Strong	hatipoglu immunodeficiency syndrome
DPY19L2	AR	Definitive	male infertility due to globozoospermia
DPYD	AR	Definitive	dihydropyrimidine dehydrogenase deficiency
DPYS	AR	Strong	dihydropyrimidinuria
DPYSL2	AD	Moderate	intellectual disability
DPYSL5	AD	Strong	Ritscher-Schinzel syndrome 4
DRAM2	AR/AD	Strong	cone-rod dystrophy 21
DRC1	AR/AD	Definitive	primary ciliary dyskinesia 21
DRC2	AR/AD	Definitive	primary ciliary dyskinesia 27
DRC4	AR/AD	Definitive	primary ciliary dyskinesia 33
DRD2	AD	Moderate	combined dystonia
DRD3	AD	Limited	tremor, hereditary essential, 1
DRD5	.	No Known Disease Relationship	attention deficit-hyperactivity disorder
DRG1	AR	Strong	Tan-Almurshedi syndrome
DROSHA	AD	Moderate	neurodevelopmental disorder
DRP2	XL	Strong	Charcot-Marie-Tooth disease
DSC2	SD/AD/AR	Definitive	arrhythmogenic right ventricular dysplasia 11
DSC3	AR	Strong	hereditary hypotrichosis with recurrent skin vesicles
DSCAM	AD	Strong	autism
DSCAML1	AR/AD	Limited	motor neuron disorder
DSE	AR	Definitive	Ehlers-Danlos syndrome, musculocontractural type 2
DSG1	AD/AR/SD	Definitive	severe dermatitis-multiple allergies-metabolic wasting syndrome
DSG2	AD/AR	Definitive	arrhythmogenic right ventricular dysplasia 10
DSG3	AR	Moderate	blistering, acantholytic, of oral and laryngeal mucosa
DSG4	AR/AD	Definitive	hypotrichosis 6
DSP	AR/AD	Definitive	arrhythmogenic cardiomyopathy with wooly hair and keratoderma
DSPP	AD	Definitive	dentinogenesis imperfecta
DST	AR	Definitive	hereditary sensory and autonomic neuropathy type 6
DSTYK	AR/AD	Definitive	congenital anomalies of kidney and urinary tract 1
DTHD1	AR	Limited	LCAT deficiency
DTNA	AD	Strong	muscular dystrophy
DTNBP1	AR	Definitive	Hermansky-Pudlak syndrome 7
DTYMK	AR	Strong	neurodegeneration, childhood-onset, with progressive microcephaly
DUOX1	.	Limited	congenital hypothyroidism
DUOX2	AR/SD	Definitive	thyroid dyshormonogenesis 6
DUOXA1	SD	Moderate	congenital hypothyroidism
DUOXA2	AR/SD	Strong	thyroid dyshormonogenesis 5
DUSP6	AD	Supportive	Kallmann syndrome
DUSP8	AD	Limited	hereditary gingival fibromatosis
DUT	AR	Strong	bone marrow failure and diabetes mellitus syndrome
DUX4	AD	Limited	facioscapulohumeral muscular dystrophy 1
DVL1	AD	Definitive	autosomal dominant Robinow syndrome 2
DVL2	AD	Moderate	Robinow syndrome
DVL3	AD	Definitive	autosomal dominant Robinow syndrome 3
DYM	AR	Definitive	Dyggve-Melchior-Clausen disease
DYNC1H1	AD	Definitive	distal hereditary motor neuropathy
DYNC1I1	AD	Strong	split hand-foot malformation
DYNC1I2	AR	Strong	neurodevelopmental disorder with microcephaly and structural brain anomalies
DYNC2H1	AR	Definitive	asphyxiating thoracic dystrophy 3
DYNC2I1	AR	Definitive	short-rib thoracic dysplasia 8 with or without polydactyly
DYNC2I2	AR	Definitive	short-rib thoracic dysplasia 11 with or without polydactyly
DYNC2LI1	AR	Definitive	short-rib thoracic dysplasia 15 with polydactyly
DYNLT2B	AR	Strong	short-rib thoracic dysplasia 17 with or without polydactyly
DYRK1A	AD	Definitive	complex neurodevelopmental disorder
DYRK1B	AD	Strong	abdominal obesity-metabolic syndrome 3
DYSF	AR	Definitive	autosomal recessive limb-girdle muscular dystrophy
DZIP1	AR/AD	Moderate	mitral valve prolapse
DZIP1L	AR	Definitive	autosomal recessive polycystic kidney disease
EARS2	AR	Definitive	Leigh syndrome
EBF2	AD/AR	Limited	endocrine system disorder
EBF3	AD	Definitive	hypotonia, ataxia, and delayed development syndrome
EBP	XL	Definitive	MEND syndrome
ECE1	AD	Limited	Hirschsprung disease, cardiac defects, and autonomic dysfunction
ECE2	AD	Limited	Alzheimer disease
ECEL1	AR	Definitive	distal arthrogryposis type 5D
ECHS1	AR	Definitive	mitochondrial short-chain Enoyl-Coa hydratase 1 deficiency
ECM1	AR	Definitive	lipoid proteinosis
EDA2R	XL	Supportive	X-linked hypohidrotic ectodermal dysplasia
EDARADD	SD/AR/AD	Strong	ectodermal dysplasia 11A, hypohidrotic/hair/tooth type, autosomal dominant
EDAR	AR/AD/SD	Definitive	ectodermal dysplasia 10B, hypohidrotic/hair/tooth type, autosomal recessive
EDA	XL/AD/XLR	Definitive	X-linked hypohidrotic ectodermal dysplasia
EDC3	AR	Supportive	autosomal recessive non-syndromic intellectual disability
EDEM3	AR	Strong	congenital disorder of glycosylation, type 2v
EDN1	AR/AD	Strong	auriculocondylar syndrome 3
EDN3	SD/AD/AR	Definitive	Waardenburg syndrome type 4B
EDNRA	AD/AR	Definitive	mandibulofacial dysostosis with alopecia
EDNRB	SD/AD/AR	Definitive	Waardenburg syndrome type 4A
EED	AD	Strong	Cohen-Gibson syndrome
EEF1A2	AD	Definitive	complex neurodevelopmental disorder
EEF1B2	AR	Strong	neurodevelopmental disorder
EEF1D	AR	Strong	neurodevelopmental disorder
EEF2	AD	Strong	spinocerebellar ataxia type 26
EEFSEC	AR	Strong	neurodevelopmental disorder
EFCAB7	AR	Moderate	polydactyly
EFEMP1	AD/AR	Definitive	Doyne honeycomb retinal dystrophy
EFEMP2	AR/AD	Definitive	cutis laxa, autosomal recessive, type 1B
EFHC1	AD	Limited	juvenile myoclonic epilepsy
EFL1	AR	Definitive	Shwachman-Diamond syndrome 2
EFNA4	AD	Limited	craniosynostosis
EFNB1	XL	Definitive	craniofrontonasal syndrome
EFNB2	AD	Limited	congenital heart disease
EFTUD2	AD	Definitive	mandibulofacial dysostosis-microcephaly syndrome
EGF	AD/AR	Limited	renal hypomagnesemia 4
EGFR	AR/AD	Definitive	lung cancer
EGLN1	AD	Definitive	erythrocytosis, familial, 3
EGR2	AD/SD/AR	Definitive	Charcot-Marie-Tooth disease
EHBP1L1	AR	Strong	non-immune hydrops fetalis
EHD1	AR	Moderate	inherited renal tubular disease
EHHADH	AD	Strong	Fanconi renotubular syndrome 3
EHMT1	AD	Definitive	Kleefstra syndrome 1
EHMT2	AR	Limited	neurodevelopmental disorder
EIF2A	AR	Moderate	neurodevelopmental disorder
EIF2AK1	AD	Limited	leukoencephalopathy, motor delay, spasticity, and dysarthria syndrome
EIF2AK2	AD	Strong	leukoencephalopathy, developmental delay, and episodic neurologic regression syndrome
EIF2AK3	AR	Definitive	Wolcott-Rallison syndrome
EIF2AK4	AR/AD	Definitive	pulmonary veno-occlusive disease and/or pulmonary capillary haemangiomatosis
EIF2B1	AR/AD	Definitive	leukoencephalopathy with vanishing white matter 1
EIF2B2	AR	Definitive	leukoencephalopathy with vanishing white matter 2
EIF2B3	AR	Definitive	leukoencephalopathy with vanishing white matter 3
EIF2B4	AR	Definitive	leukoencephalopathy with vanishing white matter 4
EIF2B5	AR	Definitive	leukoencephalopathy with vanishing white matter 5
EIF2S3	XL	Definitive	MEHMO syndrome
EIF3A	AD	Moderate	complex neurodevelopmental disorder
EIF3B	AD	Moderate	complex neurodevelopmental disorder
EIF3F	AR	Definitive	syndromic intellectual disability
EIF3I	AD	Moderate	complex neurodevelopmental disorder
EIF3K	AR	Moderate	complex neurodevelopmental disorder
EIF4A2	AR/AD/SD	Strong	neurodevelopmental disorder with hypotonia and speech delay, with or without seizures
EIF4A3	AR	Definitive	Richieri Costa-Pereira syndrome
EIF4E	.	Limited	autism, susceptibility to, 19
EIF4ENIF1	AD	Moderate	primary ovarian failure
EIF4G1	AD	Moderate	Parkinson disease 18, autosomal dominant, susceptibility to
EIF5A	AD	Strong	Faundes-Banka syndrome
EIF6	AD	Limited	Shwachman-Diamond syndrome
ELAC2	AR	Definitive	mitochondrial disease
ELANE	AD	Definitive	neutropenia
ELF4	XL	Definitive	autoinflammatory syndrome, familial, X-linked, Behcet-like 2
ELMO1	AR	Moderate	male infertility with azoospermia or oligozoospermia due to single gene mutation
ELMO2	AR	Strong	primary intraosseous venous malformation
ELMOD1	AR	Limited	neurodevelopmental disorder
ELMOD2	.	No Known Disease Relationship	idiopathic pulmonary fibrosis
ELMOD3	AR/AD	Supportive	hearing loss, autosomal recessive
ELN	AD	Definitive	supravalvular aortic stenosis
ELOVL1	AD/AR	Strong	ichthyotic keratoderma, spasticity, hypomyelination, and dysmorphic facial features
ELOVL4	AD/AR	Definitive	ELOVL4-related maculopathy
ELOVL5	AD	Strong	spinocerebellar ataxia type 38
ELP1	AD/AR	Definitive	primary dysautonomia
ELP2	AR	Definitive	complex neurodevelopmental disorder with motor features
ELP4	AD	Strong	aniridia 2
EMC10	AR	Definitive	neurodevelopmental disorder with dysmorphic facies and variable seizures
EMC1	AR/AD	Strong	cerebellar atrophy, visual impairment, and psychomotor retardation;
EMD	XL/XLR	Definitive	X-linked Emery-Dreifuss muscular dystrophy
EMG1	AR	Strong	Bowen-Conradi syndrome
EMILIN1	AR/AD	Definitive	arterial tortuosity-bone fragility syndrome
EML1	AR	Definitive	band heterotopia of brain
EMP2	AR/AD	Strong	nephrotic syndrome, type 10
EMX2	AD	Moderate	schizencephaly
EN1	AR	Strong	EN1-related dorsoventral syndrome
EN2	.	Disputed Evidence	complex neurodevelopmental disorder
ENAM	SD/AD/AR	Definitive	amelogenesis imperfecta type 1B
ENG	AD	Definitive	telangiectasia, hereditary hemorrhagic, type 1
ENO1	AD	Limited	polymicrogyria
ENO3	AR	Strong	glycogen storage disease due to muscle beta-enolase deficiency
ENPP1	AD/AR/SD	Definitive	arterial calcification, generalized, of infancy, 1
ENTPD1	AR	Definitive	complex hereditary spastic paraplegia
ENTREP1	.	No Known Disease Relationship	schizophrenia
EOGT	AR/AD	Definitive	Adams-Oliver syndrome 4
EOMES	AR	Supportive	microcephaly-polymicrogyria-corpus callosum agenesis syndrome
EP300	AD	Definitive	Rubinstein-Taybi syndrome due to EP300 haploinsufficiency
EP400	AD/AR	Strong	neurodevelopmental disorder with or without early-onset generalized epilepsy
EPAS1	AD	Strong	erythrocytosis, familial, 4
EPB41L1	AD	Supportive	autosomal dominant non-syndromic intellectual disability
EPB41L3	AR	Strong	neurodevelopmental disorder with seizures, hypotonia, and brain imaging abnormalities
EPB41	SD/AR/AD	Definitive	elliptocytosis 1
EPB42	AR/AD	Strong	hereditary spherocytosis type 5
EPCAM	AD/AR	Definitive	Lynch syndrome 8
EPG5	AR	Definitive	Vici syndrome
EPHA10	AD	Limited	hearing loss, autosomal dominant 88
EPHA2	AD/AR	Definitive	cataract 6 multiple types
EPHA4	AD	Limited	complex neurodevelopmental disorder
EPHA7	AD	Moderate	neurodevelopmental disorder
EPHB2	AR	Moderate	bleeding disorder, platelet-type, 22
EPHB4	AD	Definitive	capillary malformation-arteriovenous malformation 2
EPHX1	AR/AD	Strong	hereditary lipodystrophy
EPHX2	.	No Known Disease Relationship	hypercholesterolemia, familial, 1
EPM2A	AR	Definitive	Lafora disease
EPO	AD/AR	Strong	erythrocytosis, familial, 5
EPOR	AD	Strong	primary familial polycythemia due to EPO receptor mutation
EPRS1	AR	Strong	leukodystrophy, hypomyelinating, 15
EPS15L1	AD	Supportive	split hand-foot malformation
EPS8	AR	Definitive	autosomal recessive nonsyndromic hearing loss 102
EPS8L2	AR	Strong	hearing loss, autosomal recessive 106
EPS8L3	AD	Supportive	Marie Unna hereditary hypotrichosis
EPX	AR	Limited	eosinophil peroxidase deficiency
EPYC	.	No Known Disease Relationship	schizophrenia
ERAL1	AR	Moderate	Perrault syndrome 6
ERBB2	AD	Supportive	Hirschsprung disease
ERBB3	AR/AD	Strong	lethal congenital contracture syndrome 2
ERBB4	AD	Strong	amyotrophic lateral sclerosis type 19
ERBIN	AD	Moderate	combined immunodeficiency
ERCC1	AR	Definitive	cerebrooculofacioskeletal syndrome 4
ERCC2	AR	Definitive	xeroderma pigmentosum group D
ERCC3	AR	Definitive	xeroderma pigmentosum group B
ERCC4	AR	Definitive	xeroderma pigmentosum group F
ERCC5	AR	Definitive	xeroderma pigmentosum group G
ERCC6	AR	Definitive	Cockayne spectrum with or without cerebrooculofacioskeletal syndrome
ERCC6L2	AR	Definitive	pancytopenia-developmental delay syndrome
ERCC8	AR	Definitive	Cockayne syndrome type 1
ERF	AD	Definitive	craniosynostosis 4
ERG	AD	Strong	myelodysplastic syndrome
ERGIC1	AR	Strong	arthrogryposis multiplex congenita 2, neurogenic type
ERGIC3	AR	Moderate	neurodevelopmental disorder
ERI1	AR	Strong	Hoxha-Aliu syndrome
ERLEC1	AD	Strong	autosomal dominant prognathism
ERLIN1	AR	Definitive	hereditary spastic paraplegia 62
ERLIN2	AR/AD	Definitive	hereditary spastic paraplegia 18
ERMARD	AD	Supportive	periventricular nodular heterotopia
ESAM	AR	Definitive	neurodevelopmental disorder with intracranial hemorrhage, seizures, and spasticity
ESCO2	AR	Definitive	Roberts-SC phocomelia syndrome
ESPN	AR/AD	Definitive	nonsyndromic genetic hearing loss
ESR1	AR	Strong	estrogen resistance syndrome
ESR2	AD/AR	Moderate	male infertility with azoospermia or oligozoospermia due to single gene mutation
ESRP1	AR	Moderate	hearing loss, autosomal recessive 109
ESRP2	AD	Moderate	orofacial cleft
ESRRB	AR	Definitive	nonsyndromic genetic hearing loss
ETFA	AR	Definitive	multiple acyl-CoA dehydrogenase deficiency
ETFB	AR	Definitive	multiple acyl-CoA dehydrogenase deficiency
ETFDH	AR	Definitive	multiple acyl-CoA dehydrogenase deficiency
ETHE1	AR	Definitive	Leigh syndrome
ETS1	AD	Moderate	congenital heart disease
ETV2	AR	Limited	congenital heart disease
ETV6	AD	Definitive	thrombocytopenia 5
EVC2	AR/AD	Definitive	Ellis-van Creveld syndrome
EVC	AR/AD	Definitive	Ellis-van Creveld syndrome
EVPL	.	No Known Disease Relationship	Tourette syndrome
EWSR1	AD	Moderate	amyotrophic lateral sclerosis
EXO1	.	Refuted Evidence	Lynch syndrome
EXOC2	AR	Moderate	neurodevelopmental disorder with dysmorphic facies and cerebellar hypoplasia
EXOC3L2	AR	Strong	brain malformation renal syndrome
EXOC6B	AR	Definitive	spondyloepimetaphyseal dysplasia with joint laxity, type 3
EXOC7	AR	Strong	neurodevelopmental disorder with seizures and brain atrophy
EXOC8	AR	Strong	neurodevelopmental disorder with microcephaly, seizures, and brain atrophy
EXOSC1	AR	Limited	pontocerebellar hypoplasia, type 1F
EXOSC2	AR	Strong	retinitis pigmentosa-hearing loss-premature aging-short stature-facial dysmorphism syndrome
EXOSC3	AR	Definitive	pontocerebellar hypoplasia type 1B
EXOSC4	AR	Limited	complex neurodevelopmental disorder
EXOSC5	AR	Strong	cerebellar ataxia, brain abnormalities, and cardiac conduction defects
EXOSC8	AR	Strong	pontocerebellar hypoplasia, type 1C
EXOSC9	AR	Strong	pontocerebellar hypoplasia, type 1D
EXPH5	AR	Strong	epidermolysis bullosa simplex 4, localized or generalized intermediate, autosomal recessive
EXT1	AD	Definitive	exostoses, multiple, type 1
EXT2	AD/AR	Definitive	exostoses, multiple, type 2
EXTL3	AR	Strong	immunoskeletal dysplasia with neurodevelopmental abnormalities
EYA1	AD	Definitive	branchio-oto-renal syndrome
EYA3	AD	Limited	craniofacial microsomia
EYA4	AD	Definitive	nonsyndromic genetic hearing loss
EYS	AR/AD	Definitive	retinitis pigmentosa 25
EZH1	AD/AR	Definitive	complex neurodevelopmental disorder
EZH2	AD	Definitive	Weaver syndrome
EZR	AR	Supportive	autosomal recessive non-syndromic intellectual disability
F10	AR	Definitive	congenital factor X deficiency
F11	SD/AD/AR	Definitive	congenital factor XI deficiency
F12	AR/AD	Definitive	congenital factor XII deficiency
F13A1	AR	Definitive	factor XIII, A subunit, deficiency of
F13B	AR	Definitive	factor XIII, b subunit, deficiency of
F2	AD/AR	Definitive	thrombophilia due to thrombin defect
F5	AD/AR	Definitive	thrombophilia due to activated protein C resistance
F7	AR	Definitive	congenital factor VII deficiency
F8	XL	Definitive	hemophilia A
F9	XL/XLR	Definitive	hemophilia B
FA2H	AR	Definitive	hereditary spastic paraplegia 35
FAAH2	XL	Limited	autism spectrum disorder
FAAP24	AR	Limited	immunodeficiency-associated lymphoproliferative disease
FABP4	.	No Known Disease Relationship	schizophrenia
FADD	AR	Strong	FADD-related immunodeficiency
FAH	AR	Definitive	tyrosinemia type I
FAM111A	AD	Definitive	autosomal dominant Kenny-Caffey syndrome
FAM111B	AD	Strong	hereditary sclerosing poikiloderma with tendon and pulmonary involvement
FAM120A	.	Limited	Tourette syndrome
FAM149B1	AR	Strong	Joubert syndrome 36
FAM161A	AR/AD	Definitive	retinitis pigmentosa 28
FAM177A1	AR	Strong	Mendelian neurodevelopmental disorder
FAM194C	AD	Limited	neuromyelitis optica
FAM20A	AR	Definitive	amelogenesis imperfecta type 1G
FAM20B	AR	Moderate	Desbuquois dysplasia
FAM20C	AR	Definitive	lethal osteosclerotic bone dysplasia
FAM47C	XL	Moderate	male infertility with azoospermia or oligozoospermia due to single gene mutation
FAM50A	XL	Strong	Armfield syndrome
FAN1	AR	Definitive	karyomegalic interstitial nephritis
FANCA	AR	Definitive	Fanconi anemia complementation group A
FANCB	XL/AR/XLR	Definitive	Fanconi anemia complementation group B
FANCC	AD/AR	Definitive	Fanconi anemia complementation group C
FANCD2	AR	Definitive	Fanconi anemia complementation group D2
FANCE	AR	Definitive	Fanconi anemia complementation group E
FANCF	AR	Definitive	Fanconi anemia complementation group F
FANCG	AR	Definitive	Fanconi anemia complementation group G
FANCI	AR	Definitive	Fanconi anemia complementation group I
FANCL	AR	Definitive	Fanconi anemia complementation group L
FANCM	AR/AD	Definitive	FANCM Fanconi-like genomic instability disorder
FAR1	AR/AD	Definitive	fatty acyl-CoA reductase 1 deficiency
FARS2	AR	Definitive	metabolic disease
FARSA	AR	Strong	Rajab interstitial lung disease with brain calcifications 2
FARSB	AR	Strong	Rajab interstitial lung disease with brain calcifications 1
FAS	AD/AR/SD	Definitive	autoimmune lymphoproliferative syndrome type 1
FASLG	AR/AD	Definitive	autoimmune lymphoproliferative syndrome type 1
FASN	AR	Limited	neurodevelopmental disorder
FASTKD2	AR	Definitive	mitochondrial disease
FASTKD5	AR	Moderate	Leigh syndrome
FAT1	AR	Definitive	syndromic microphthalmia
FAT2	AD	Strong	spinocerebellar ataxia 45
FAT4	AR	Definitive	FAT4-related neurodevelopmental disorder
FAXDC2	.	No Known Disease Relationship	schizophrenia
FBLN1	AR/AD	Supportive	FBLN1-related developmental delay-central nervous system anomaly-syndactyly syndrome
FBLN2	AD	Limited	pulmonary arterial hypertension
FBLN5	SD/AD/AR	Definitive	cutis laxa, autosomal dominant 2
FBN1	AD/AR	Definitive	Marfan syndrome
FBN2	AD/AR	Definitive	congenital contractural arachnodactyly
FBP1	AR	Definitive	fructose-1,6-bisphosphatase deficiency
FBP2	AD	Moderate	leukodystrophy, childhood-onset, remitting
FBRSL1	AD	Strong	syndromic disease
FBXL3	AR	Strong	intellectual disability, short stature, facial anomalies, and joint dislocations
FBXL4	AR	Definitive	Leigh syndrome
FBXL7	AR	Limited	Hennekam syndrome
FBXO11	AD	Definitive	intellectual developmental disorder with dysmorphic facies and behavioral abnormalities
FBXO15	.	No Known Disease Relationship	Tourette syndrome
FBXO28	AD	Definitive	developmental and epileptic encephalopathy 100
FBXO31	AR/AD	Strong	cerebral palsy
FBXO32	AR	Limited	dilated cardiomyopathy
FBXO38	AD/AR	Strong	neuronopathy, distal hereditary motor, type 2D
FBXO43	.	Limited	spermatogenic failure 64
FBXO7	AR	Strong	parkinsonian-pyramidal syndrome
FBXW11	AD	Strong	neurodevelopmental, jaw, eye, and digital syndrome
FBXW4	AD	Limited	split hand-foot malformation 3
FBXW7	AD	Strong	developmental delay, hypotonia, and impaired language
FCGR2B	AR	Supportive	systemic lupus erythematosus
FCGR3A	AR	Moderate	autosomal recessive primary immunodeficiency with defective spontaneous natural killer cell cytotoxicity
FCGR3B	.	Supportive	systemic lupus erythematosus
FCHO1	AR	Definitive	immunodeficiency 76
FCN3	AR	Moderate	immunodeficiency due to ficolin3 deficiency
FCSK	AR	Strong	congenital disorder of glycosylation with defective fucosylation 2
FDFT1	AR	Strong	squalene synthase deficiency
FDPS	AD	Strong	porokeratosis 9, multiple types
FDX2	AR	Strong	mitochondrial myopathy, episodic, with optic atrophy and reversible leukoencephalopathy
FDXR	AR	Definitive	FDXR-related optic atrophy mitochondrial dysfunction syndrome
FECH	AR/AD	Definitive	protoporphyria, erythropoietic, 1
FEM1B	AD	Strong	syndromic disease
FEM1C	AD	Strong	neurodevelopmental disorder
FERMT1	AR	Definitive	Kindler syndrome
FERMT3	AR	Definitive	leukocyte adhesion deficiency 3
FERRY3	AR	Strong	intellectual disability, autosomal recessive 66
FEZF1	AR/AD	Strong	hypogonadotropic hypogonadism 22 with or without anosmia
FEZF2	AD	Strong	neurodevelopmental disorder
FGA	AD/AR/SD	Definitive	familial dysfibrinogenemia
FGB	SD/AD/AR	Definitive	congenital fibrinogen deficiency
FGD1	XL/AD	Definitive	Aarskog-Scott syndrome, X-linked
FGD4	AR	Definitive	Charcot-Marie-Tooth disease
FGF10	AD	Definitive	lacrimoauriculodentodigital syndrome 3
FGF12	AD	Definitive	genetic developmental and epileptic encephalopathy
FGF13	XL	Strong	developmental and epileptic encephalopathy, 90
FGF14	AD/AR	Strong	spinocerebellar ataxia 27A
FGF16	XL/AD	Strong	syndactyly type 8
FGF17	AD	Strong	hypogonadotropic hypogonadism 20 with or without anosmia
FGF20	AR	Moderate	renal hypodysplasia/aplasia 2
FGF23	AR/AD	Strong	tumoral calcinosis, hyperphosphatemic, familial, 2
FGF3	AR	Definitive	deafness with labyrinthine aplasia, microtia, and microdontia
FGF4	AR	Limited	thoracic malformation
FGF5	AR	Strong	hypertrichosis
FGF8	AD	Strong	hypogonadotropic hypogonadism 6 with or without anosmia
FGF9	AD	Definitive	multiple synostoses syndrome
FGFR1	AD/AR	Definitive	hypogonadotropic hypogonadism 2 with or without anosmia
FGFR2	AD/AR	Definitive	Pfeiffer syndrome
FGFR3	AD/AR/SD	Definitive	achondroplasia
FGG	SD/AD/AR	Definitive	congenital fibrinogen deficiency
FGL2	AR	Moderate	autoinflammatory syndrome
FH	AD/AR	Definitive	hereditary leiomyomatosis and renal cell cancer
FHL1	XL	Definitive	X-linked myopathy with postural muscle atrophy
FHL2	AD	Moderate	cardiomyopathy
FHOD3	AD	Definitive	hypertrophic cardiomyopathy
FIBCD1	AR	Moderate	complex neurodevelopmental disorder
FIBP	AR	Strong	tall stature-intellectual disability-renal anomalies syndrome
FICD	AR	Strong	spastic paraplegia 92, autosomal recessive
FIG4	AR/AD	Definitive	Charcot-Marie-Tooth disease type 4J
FIGLA	AD/AR	Strong	premature ovarian failure 6
FILIP1	AR	Strong	neuromuscular disorder, congenital, with dysmorphic facies
FITM2	AR	Definitive	Siddiqi syndrome
FKBP10	AR/AD	Definitive	osteogenesis imperfecta type 11
FKBP14	AR	Definitive	Ehlers-Danlos syndrome, kyphoscoliotic type, 2
FKBP4	AR	Moderate	complex neurodevelopmental disorder
FKBP6	AR	Strong	spermatogenic failure 77
FKBP8	AD	Moderate	spina bifida
FKRP	AR	Definitive	myopathy caused by variation in FKRP
FKTN	AR/AD	Definitive	myopathy caused by variation in FKTN
FLAD1	AR	Definitive	myopathy with abnormal lipid metabolism
FLCN	AD	Definitive	Birt-Hogg-Dube syndrome 1
FLG2	AR	Strong	peeling skin syndrome 6
FLG	AD/SD/XL/AR	Definitive	autosomal dominant ichthyosis vulgaris
FLI1	AD/AR	Strong	bleeding disorder, platelet-type, 21
FLII	AR	Strong	cardiomyopathy, dilated, 2j
FLNA	XL/AR/AD	Definitive	heterotopia, periventricular, X-linked dominant
FLNB	AD/AR	Definitive	spondylocarpotarsal synostosis syndrome
FLNC	AD	Definitive	dilated cardiomyopathy
FLRT1	AR	Supportive	spastic paraplegia, optic atropy, and neuropathy
FLRT3	AD	Supportive	Kallmann syndrome
FLT3	AD	Limited	leukemia, acute myeloid, susceptibility to
FLT3LG	AR	Moderate	immunodeficiency 125
FLT4	AD	Definitive	lymphatic malformation 1
FLVCR1	AR	Definitive	FLVCR1-related retinopathy with or without ataxia
FLVCR2	AR	Definitive	Fowler syndrome
FMN1	AR	Moderate	hearing loss disorder
FMN2	AR	Strong	intellectual disability, autosomal recessive 47
FMNL2	AD	Limited	inflammatory bowel disease
FMO3	AR	Definitive	trimethylaminuria
FMO5	.	Disputed Evidence	congenital heart disease
FMR1	XL	Definitive	fragile X syndrome
FN1	AD	Definitive	spondylometaphyseal dysplasia, 'corner fracture' type
FNIP1	AR	Definitive	FNIP1-associated syndrome
FOCAD	AR	Strong	liver disease, severe congenital
FOLR1	AR	Definitive	neurodegenerative syndrome due to cerebral folate transport deficiency
FOSL2	AD	Strong	aplasia cutis-enamel dysplasia syndrome
FOXA2	AD	Strong	hyperinsulinism
FOXC1	AD	Definitive	FOXC1-related anterior segment dysgenesis
FOXC2	AD	Definitive	lymphedema-distichiasis syndrome
FOXD3	AD	Limited	anterior segment dysgenesis
FOXE1	AR	Definitive	Bamforth-Lazarus syndrome
FOXE3	AR/AD/SD	Definitive	congenital primary aphakia
FOXF1	AD	Definitive	alveolar capillary dysplasia with misalignment of pulmonary veins
FOXF2	AR	Moderate	sensorineural hearing loss disorder
FOXG1	AD	Definitive	Rett syndrome, congenital variant
FOXH1	AD	Moderate	congenital heart disease
FOXI1	AR	Strong	autosomal recessive distal renal tubular acidosis
FOXI3	AD	Strong	craniofacial microsomia 2
FOXJ1	AD	Definitive	ciliary dyskinesia, primary, 43
FOXL1	AD	Limited	otosclerosis 11
FOXL2	AD	Definitive	blepharophimosis, ptosis, and epicanthus inversus syndrome
FOXN1	AD/SD/AR	Definitive	T-cell immunodeficiency, congenital alopecia, and nail dystrophy
FOXP1	AD	Definitive	intellectual disability-severe speech delay-mild dysmorphism syndrome
FOXP2	AD	Definitive	specific language disorder
FOXP3	XL/XLR	Definitive	immune dysregulation-polyendocrinopathy-enteropathy-X-linked syndrome
FOXP4	AD	Strong	complex neurodevelopmental disorder
FOXR1	AD	Moderate	neurodevelopmental disorder
FOXRED1	AR	Definitive	mitochondrial disease
FPR1	AR	Supportive	susceptibility to localized juvenile periodontitis
FRA10AC1	AR	Strong	neurodevelopmental disorder with growth retardation, dysmorphic facies, and corpus callosum abnormalities
FRAS1	AR/AD	Definitive	Fraser syndrome
FREM1	AD/AR	Definitive	oculotrichoanal syndrome
FREM2	AR/AD	Definitive	Fraser syndrome 2
FRMD4A	AR	Strong	severe intellectual disability-corpus callosum agenesis-facial dysmorphism-cerebellar ataxia syndrome
FRMD5	AD	Strong	neurodevelopmental disorder with eye movement abnormalities and ataxia
FRMD7	XL	Definitive	nystagmus 1, congenital, X-linked
FRMPD4	XL	Definitive	X-linked complex neurodevelopmental disorder
FRRS1L	AR	Definitive	genetic developmental and epileptic encephalopathy
FRY	AR	Moderate	neurodevelopmental disorder
FRYL	AD	Definitive	complex neurodevelopmental disorder
FSCB	.	Limited	Tourette syndrome
FSCN2	AD	Supportive	retinitis pigmentosa
FSD1L	AR	Strong	neurodevelopmental disorder
FSHB	AR	Strong	hypogonadotropic hypogonadism 24 without anosmia
FSHR	AR/AD	Strong	ovarian dysgenesis 1
FSIP2	AR	Strong	spermatogenic failure 34
FST	AD	Limited	cleft lip/palate
FTCD	AR	Definitive	formiminoglutamic aciduria
FTH1	AD	Strong	neurodegeneration with brain iron accumulation 9
FTL	AD	Definitive	hereditary hyperferritinemia with congenital cataracts
FTO	AR	Strong	lethal polymalformative syndrome, Boissel type
FTSJ1	XL	Definitive	X-linked complex neurodevelopmental disorder
FUCA1	AR	Definitive	fucosidosis
FUS	AD/AR	Definitive	amyotrophic lateral sclerosis type 6
FUT1	AR	Limited	Bombay phenotype
FUT6	.	No Known Disease Relationship	fucosyltransferase 6 deficiency
FUT8	AR	Definitive	congenital disorder of glycosylation with defective fucosylation 1
FUZ	AR	Strong	ciliopathy
FXN	AR	Definitive	Friedreich ataxia
FXR1	AR	Strong	myopathy, congenital, with respiratory insufficiency and bone fractures
FXYD2	AD	Strong	renal hypomagnesemia 2
FYB1	AR	Strong	thrombocytopenia 3
FYCO1	AR/AD	Definitive	cataract 18
FZD2	AD	Strong	autosomal dominant omodysplasia
FZD4	SD/AD	Definitive	exudative vitreoretinopathy 1
FZD5	AD	Strong	microphthalmia/coloboma 11
FZD6	AR	Definitive	nonsyndromic congenital nail disorder 1
FZR1	AD	Strong	developmental and epileptic encephalopathy 109
G6PC1	AR	Definitive	glycogen storage disease I
G6PC3	AR	Definitive	autosomal recessive severe congenital neutropenia due to G6PC3 deficiency
G6PD	XL	Definitive	anemia, nonspherocytic hemolytic, due to G6PD deficiency
GAA	AR	Definitive	glycogen storage disease II
GAB1	.	Limited	autosomal recessive nonsyndromic hearing loss 26
GABBR1	AD	Strong	neurodevelopmental disorder with language delay and variable cognitive abnormalities
GABBR2	AD	Strong	developmental and epileptic encephalopathy, 59
GABRA1	AD	Definitive	developmental and epileptic encephalopathy, 19
GABRA2	AD	Strong	developmental and epileptic encephalopathy, 78
GABRA3	XL	Definitive	epilepsy, X-linked 2, with or without impaired intellectual development and dysmorphic features
GABRA4	AD	Strong	neurodevelopmental disorder
GABRA5	AD	Strong	developmental and epileptic encephalopathy, 79
GABRA6	AD	Limited	epilepsy
GABRB1	AD	Strong	developmental and epileptic encephalopathy, 45
GABRB2	AD	Definitive	complex neurodevelopmental disorder
GABRB3	AD	Definitive	developmental and epileptic encephalopathy, 43
GABRD	AD	Strong	epilepsy, idiopathic generalized, susceptibility to, 10
GABRG1	AD	Limited	genetic developmental and epileptic encephalopathy
GABRG2	AD	Definitive	epilepsy
GAD1	AR	Definitive	early infantile epileptic encephalopathy
GAL	AD	Limited	familial temporal lobe epilepsy 8
GALC	AR	Definitive	Krabbe disease
GALE	AR	Definitive	galactose epimerase deficiency
GALK1	AR	Definitive	galactokinase deficiency
GALM	AR	Strong	galactosemia 4
GALNS	AR	Definitive	mucopolysaccharidosis type 4A
GALNT12	AD	Limited	colorectal cancer, susceptibility to, 1
GALNT2	AR	Strong	congenital disorder of glycosylation, type iit
GALNT3	AR	Definitive	tumoral calcinosis, hyperphosphatemic, familial, 1
GALT	AR	Definitive	galactosemia
GAMT	AR	Definitive	guanidinoacetate methyltransferase deficiency
GANAB	AD	Definitive	polycystic kidney disease 3 with or without polycystic liver disease
GAN	AR	Definitive	giant axonal neuropathy 1
GAPVD1	AD	Supportive	familial idiopathic steroid-resistant nephrotic syndrome
GARIN4	.	No Known Disease Relationship	Tourette syndrome
GARS1	AD/AR	Definitive	Charcot-Marie-Tooth disease type 2D
GAS1	AD	Limited	holoprosencephaly
GAS2	AR/AD	Moderate	hearing loss, autosomal recessive 125
GAS2L2	AR/AD	Strong	ciliary dyskinesia, primary, 41
GATA1	XL/AD/AR	Definitive	GATA1-Related X-Linked Cytopenia
GATA2	AD	Definitive	monocytopenia with susceptibility to infections
GATA3	AD	Definitive	hypoparathyroidism-deafness-renal disease syndrome
GATA4	AD	Definitive	testicular anomalies with or without congenital heart disease
GATA5	AD/AR	Moderate	congenital heart defects, multiple types, 5
GATA6	AD/AR	Definitive	GATA6-related congenital heart disease with or without pancreatic hypoplasia or diabetes
GATAD1	AR/AD	Supportive	familial isolated dilated cardiomyopathy
GATAD2A	AD	Strong	neurodevelopmental disorder
GATAD2B	AD	Definitive	severe intellectual disability-poor language-strabismus-grimacing face-long fingers syndrome
GATB	AR	Moderate	inborn mitochondrial metabolism disorder
GATC	AR	Limited	combined oxidative phosphorylation deficiency 42
GATM	AR/AD	Definitive	AGAT deficiency
GBA1	AD/AR	Definitive	Gaucher disease
GBA2	AR	Definitive	complex hereditary spastic paraplegia
GBE1	AR	Definitive	glycogen storage disease due to glycogen branching enzyme deficiency
GBF1	AD	Strong	axonal neuropathy
GCDH	AR	Definitive	glutaryl-CoA dehydrogenase deficiency
GCGR	AR	Strong	GCGR-related hyperglucagonemia
GCH1	AD/SD/AR	Definitive	dystonia 5
GCK	AD/AR/SD	Definitive	maturity-onset diabetes of the young type 2
GCLC	AR	Strong	gamma-glutamylcysteine synthetase deficiency
GCM2	AR/AD	Strong	hypoparathyroidism, familial isolated, 2
GCNA	XL	Strong	spermatogenic failure, X-linked, 4
GCNT2	AR/AD	Definitive	cataract 13 with adult I phenotype
GCOM1	AR	Moderate	dilated cardiomyopathy
GCSH	AR	Definitive	multiple mitochondrial dysfunctions syndrome 7
GDAP1	SD/AR/AD	Definitive	Charcot-Marie-Tooth disease
GDAP2	AR	Strong	spinocerebellar ataxia, autosomal recessive 27
GDF11	AD	Strong	vertebral hypersegmentation and orofacial anomalies
GDF1	AD/AR	Definitive	congenital heart defects, multiple types, 6
GDF2	AD/AR/SD	Definitive	pulmonary arterial hypertension
GDF3	AD	Supportive	isolated Klippel-Feil syndrome
GDF5	SD/AR/AD	Definitive	brachydactyly type C
GDF6	AD	Definitive	Klippel-Feil syndrome 1, autosomal dominant
GDF9	AD/AR	Strong	premature ovarian failure 14
GDI1	XL	Strong	intellectual disability, X-linked 41
GDNF	AD	Limited	Hirschsprung disease, susceptibility to, 3
GDPD1	AD	Limited	retinitis pigmentosa
GEMIN4	AR	Strong	neurodevelopmental disorder with microcephaly, cataracts, and renal abnormalities
GEMIN5	AR	Definitive	neurodevelopmental disorder with cerebellar atrophy and motor dysfunction
GEN1	.	Refuted Evidence	hereditary breast carcinoma
GET3	AR	Limited	cardiomyopathy, dilated, 2H
GET4	AR	Limited	congenital disorder of glycosylation, type IIy
GFAP	AD	Definitive	Alexander disease
GFER	AR	Definitive	mitochondrial disease
GFI1	AD	Strong	neutropenia, severe congenital, 2, autosomal dominant
GFI1B	AD/AR	Definitive	platelet-type bleeding disorder 17
GFM1	AR	Definitive	hepatoencephalopathy due to combined oxidative phosphorylation defect type 1
GFM2	AR	Strong	combined oxidative phosphorylation deficiency 39
GFPT1	AR	Definitive	congenital myasthenic syndrome 12
GFRA1	AR	Strong	renal hypodysplasia/aplasia 4
GFUS	AR	Limited	congenital disorder of glycosylation
GGCX	AR/AD	Definitive	vitamin K-dependent clotting factors, combined deficiency of, type 1
GGN	AR	Moderate	spermatogenic failure 69
GGPS1	AR	Strong	muscular dystrophy, congenital hearing loss, and ovarian insufficiency syndrome
GGT1	AR/AD	Moderate	gamma-glutamyl transpeptidase deficiency
GH1	AR/AD	Definitive	isolated growth hormone deficiency type IA
GHR	AD/AR	Definitive	Laron syndrome
GHRHR	AR	Definitive	isolated growth hormone deficiency type IB
GHSR	SD/AR/AD	Strong	short stature due to GHSR deficiency
GIGYF1	AD	Definitive	complex neurodevelopmental disorder
GIGYF2	AD	Moderate	Parkinson disease 11, autosomal dominant, susceptibility to
GIMAP5	AR	Strong	portal hypertension, noncirrhotic, 2
GIMAP6	AR	Strong	autoinflammatory syndrome
GINS1	AR	Strong	combined immunodeficiency due to GINS1 deficiency
GINS2	AR	Limited	Meier-Gorlin syndrome
GINS3	AR	Strong	Meier-Gorlin syndrome
GIPC1	AD	Strong	oculopharyngodistal myopathy 2
GIPC3	AR	Definitive	nonsyndromic genetic hearing loss
GJA1	SD/AD/AR	Definitive	oculodentodigital dysplasia
GJA3	AD	Definitive	cataract 14 multiple types
GJA5	AD	Strong	atrial fibrillation, familial, 11
GJA8	AR/AD	Definitive	cataract 1 multiple types
GJB1	XL	Definitive	Charcot-Marie-Tooth disease X-linked dominant 1
GJB2	AD/AR	Definitive	nonsyndromic genetic hearing loss
GJB3	AR/AD	Definitive	erythrokeratodermia variabilis
GJB4	AR/AD	Strong	erythrokeratodermia variabilis et progressiva 2
GJB6	AD/AR	Definitive	Clouston syndrome
GJC2	AR/AD	Definitive	leukodystrophy, hypomyelinating, 2
GK2	.	No Known Disease Relationship	Tourette syndrome
GK	AR/XL	Definitive	inborn glycerol kinase deficiency
GLA	XL	Definitive	Fabry disease
GLB1	AR	Definitive	GM1 gangliosidosis
GLCCI1	AD	Limited	glucocorticoid therapy, response to
GLDC	AR	Definitive	glycine encephalopathy
GLDN	AR	Definitive	lethal congenital contracture syndrome 11
GLE1	AD/AR	Definitive	lethal arthrogryposis-anterior horn cell disease syndrome
GLI1	AR/AD	Strong	postaxial polydactyly
GLI2	AD	Definitive	postaxial polydactyly-anterior pituitary anomalies-facial dysmorphism syndrome
GLI3	AD/AR	Definitive	Pallister-Hall syndrome
GLIS1	AR	Limited	glaucoma
GLIS2	AR	Strong	nephronophthisis 7
GLIS3	AR	Definitive	neonatal diabetes mellitus with congenital hypothyroidism
GLMN	AD	Definitive	glomuvenous malformation
GLRA1	AR/AD	Definitive	hyperekplexia 1
GLRA2	XL	Strong	intellectual developmental disorder, X-linked, syndromic, Pilorge type
GLRB	AR/AD	Definitive	hyperekplexia 2
GLRX5	AR	Strong	spasticity-ataxia-gait anomalies syndrome
GLS	AR/AD	Definitive	glutaminase deficiency
GLT8D1	AD	Limited	amyotrophic lateral sclerosis
GLUD1	AD	Definitive	hyperinsulinism-hyperammonemia syndrome
GLUL	AR/AD	Definitive	congenital brain dysgenesis due to glutamine synthetase deficiency
GLYCTK	AR	Strong	D-glyceric aciduria
GM2A	AR	Definitive	Tay-Sachs disease AB variant
GMNN	AD	Strong	Meier-Gorlin syndrome 6
GMPPA	AR	Definitive	alacrima, achalasia, and intellectual disability syndrome
GMPPB	AR	Definitive	myopathy caused by variation in GMPPB
GNA11	AD	Strong	autosomal dominant hypocalcemia 2
GNA14	AD	Strong	vascular neoplasm
GNAI1	AD	Definitive	complex neurodevelopmental disorder
GNAI2	AD	Moderate	ventricular tachycardia, familial
GNAI3	AD	Definitive	auriculocondylar syndrome 1
GNAL	AD	Definitive	dystonia 25
GNAO1	AD	Definitive	movement disorder
GNAQ	AD	Strong	Sturge-Weber syndrome
GNAS	AD	Definitive	pseudohypoparathyroidism type 1A
GNAS-AS1	AD	Limited	pseudohypoparathyroidism type 1B
GNAT1	AD/AR	Definitive	inherited retinal dystrophy
GNAT2	AR/AD	Definitive	GNAT2-related retinopathy
GNB1	AD	Definitive	intellectual disability, autosomal dominant 42
GNB2	AD	Definitive	neurodevelopmental disorder with hypotonia and dysmorphic facies
GNB3	AR	Strong	congenital stationary night blindness 1H
GNB4	AD	Strong	Charcot-Marie-Tooth disease dominant intermediate F
GNB5	AR	Strong	language delay and attention deficit-hyperactivity disorder/cognitive impairment with or without cardiac arrhythmia
GNE	AR/AD	Definitive	macrothrombocytopenia, isolated
GNMT	AR	Strong	glycine N-methyltransferase deficiency
GNPAT	AR	Definitive	glyceronephosphate O-acyltransferase deficiency
GNPNAT1	AR	Moderate	rhizomelic dysplasia, Ain-Naz type
GNPTAB	AR	Definitive	mucolipidosis type III, alpha/beta
GNPTG	AR	Definitive	GNPTG-mucolipidosis
GNRH1	AD/AR	Strong	hypogonadotropic hypogonadism 12 with or without anosmia
GNRHR	AD/AR	Strong	hypogonadotropic hypogonadism 7 with or without anosmia
GNS	AR	Definitive	mucopolysaccharidosis type 3D
GOLGA2	AR	Strong	developmental delay with hypotonia, myopathy, and brain abnormalities
GOLGA3	AR	Limited	primary ciliary dyskinesia
GON4L	AR	Strong	complex neurodevelopmental disorder
GON7	AR	Strong	Galloway-Mowat syndrome 9
GOPC	.	No Known Disease Relationship	Tourette syndrome
GORAB	AR	Definitive	geroderma osteodysplastica
GOSR2	AR	Definitive	progressive myoclonus epilepsy
GOT2	AR	Strong	developmental and epileptic encephalopathy, 82
GP1BA	SD/AR/AD	Definitive	Bernard-Soulier syndrome
GP1BB	AR/AD	Definitive	Bernard-Soulier syndrome
GP6	AR	Definitive	platelet-type bleeding disorder 11
GP9	AR/AD	Definitive	Bernard-Soulier syndrome
GPAA1	AR	Definitive	glycosylphosphatidylinositol biosynthesis defect 15
GPATCH11	AR	Strong	neurodevelopmental disorder
GPATCH3	AR	Limited	congenital glaucoma
GPC3	XL	Definitive	Simpson-Golabi-Behmel syndrome type 1
GPC4	XLR/XL	Definitive	Keipert syndrome
GPC6	AR	Strong	autosomal recessive omodysplasia
GPD1	AR	Strong	transient infantile hypertriglyceridemia and hepatosteatosis
GPD1L	AD	Limited	Brugada syndrome 2
GPD2	.	No Known Disease Relationship	diabetes mellitus, noninsulin-dependent
GPHN	AR/AD	Strong	sulfite oxidase deficiency due to molybdenum cofactor deficiency type C
GPI	AR	Strong	hemolytic anemia due to glucophosphate isomerase deficiency
GPIHBP1	AR	Strong	hyperlipoproteinemia, type 1D
GPKOW	XL	Strong	syndromic disease
GPN2	AR	Moderate	complex neurodevelopmental disorder
GPNMB	AR	Definitive	amyloidosis, primary localized cutaneous, 3
GPR101	XL	Strong	pituitary adenoma, growth hormone-secreting, 2
GPR143	XL	Definitive	GPR143-related foveal hypoplasia
GPR156	AR	Strong	hearing loss, autosomal recessive 121
GPR161	AD/AR	Strong	medulloblastoma
GPR179	AR	Definitive	GPR179-related retinopathy
GPR45	AR	Limited	cone-rod dystrophy
GPR68	AR	Strong	amelogenesis imperfecta, hypomaturation type, IIa6
GPR88	AR	Limited	chorea, childhood-onset, with psychomotor retardation
GPRASP1	XL	Moderate	arteriovenous hemangioma/malformation
GPRASP2	XL	Supportive	X-linked external auditory canal atresia-dilated internal auditory canal-facial dysmorphism syndrome
GPRC5B	AD	Strong	megalencephalic leukoencephalopathy with subcortical cysts 1
GPSM2	AR	Definitive	Chudley-McCullough syndrome
GPT2	AR	Definitive	glutamate pyruvate transaminase 2 deficiency
GPX1	AR	Limited	gluthathione peroxidase deficiency
GPX4	AR	Strong	spondylometaphyseal dysplasia, Sedaghatian type
GRAMD1B	AR	Limited	complex neurodevelopmental disorder
GRAP	AR	Supportive	hearing loss, autosomal recessive
GREB1L	AD/AR	Definitive	renal hypodysplasia/aplasia 3
GREM1	AD	Definitive	hereditary mixed polyposis syndrome
GREM2	AD	Limited	tooth agenesis, selective, 9
GRHL2	AD/AR	Definitive	nonsyndromic genetic hearing loss
GRHL3	AD	Definitive	van der Woude syndrome 2
GRHPR	AR	Definitive	primary hyperoxaluria type 2
GRIA1	AR/AD	Strong	intellectual developmental disorder, autosomal dominant 67
GRIA2	AD	Definitive	neurodevelopmental disorder with language impairment and behavioral abnormalities
GRIA3	XL	Definitive	X-linked complex neurodevelopmental disorder
GRIA4	AD	Strong	neurodevelopmental disorder with or without seizures and gait abnormalities
GRID2	AR/AD	Strong	autosomal recessive spinocerebellar ataxia 18
GRIK2	AR/AD	Definitive	complex neurodevelopmental disorder
GRIN1	AD/AR	Definitive	complex neurodevelopmental disorder
GRIN2A	AD/AR	Definitive	complex neurodevelopmental disorder
GRIN2B	AD	Definitive	complex neurodevelopmental disorder
GRIN2C	AD	Limited	Alzheimer disease
GRIN2D	AD	Definitive	complex neurodevelopmental disorder
GRIP1	AR	Definitive	Fraser syndrome 3
GRK1	AR	Definitive	Oguchi disease
GRK2	AR	Moderate	Jeune syndrome
GRM1	AR/AD	Strong	autosomal recessive spinocerebellar ataxia 13
GRM6	AR	Definitive	congenital stationary night blindness 1B
GRM7	AR	Strong	neurodevelopmental disorder with seizures, hypotonia, and brain imaging abnormalities
GRN	AR/AD	Definitive	frontotemporal dementia and/or amyotrophic lateral sclerosis
GRWD1	AR	Limited	congenital diarrhea
GRXCR1	AR	Definitive	nonsyndromic genetic hearing loss
GRXCR2	AR	Strong	autosomal recessive nonsyndromic hearing loss 101
GSC	AR	Strong	short stature-auditory canal atresia-mandibular hypoplasia-skeletal anomalies syndrome
GSDME	AD	Definitive	nonsyndromic genetic hearing loss
GSK3B	AD	Definitive	neurodevelopmental disorder
GSN	AD/AR/SD	Definitive	Finnish type amyloidosis
GSPT2	XL	Limited	intellectual disability
GSR	AR	Strong	hemolytic anemia due to glutathione reductase deficiency
GSS	AR	Definitive	inherited glutathione synthetase deficiency
GSTM3	AR	Supportive	cystic fibrosis
GSTZ1	AR	Moderate	maleylacetoacetate isomerase deficiency
GSX2	AR	Moderate	diencephalic-mesencephalic junction dysplasia syndrome 2
GTF2E2	AR	Strong	trichothiodystrophy 6, nonphotosensitive
GTF2H5	AR	Definitive	trichothiodystrophy 3, photosensitive
GTF2IRD1	AR	Limited	neurodevelopmental disorder
GTF3A	AR	Limited	herpes simplex encephalitis
GTF3C3	AR	Strong	neurodevelopmental disorder
GTF3C5	AR	Strong	neurodevelopmental disorder
GTPBP1	AR	Strong	neurodevelopmental disorder with characteristic facial and ectodermal features and tetraparesis 1
GTPBP2	AR	Definitive	Jaberi-Elahi syndrome
GTPBP3	AR	Definitive	mitochondrial disease
GUCA1A	AD	Definitive	cone dystrophy 3
GUCA1B	AD	Strong	retinitis pigmentosa 48
GUCY1A1	AR	Strong	Moyamoya disease with early-onset achalasia
GUCY2C	AD/AR	Definitive	intestinal obstruction in the newborn due to guanylate cyclase 2C deficiency
GUCY2D	AR/AD	Definitive	Leber congenital amaurosis 1
GUF1	AR	Limited	developmental and epileptic encephalopathy, 40
GUK1	AR	Strong	mitochondrial DNA depletion syndrome
GUSB	AR	Definitive	mucopolysaccharidosis type 7
GYG1	AR	Definitive	polyglucosan body myopathy type 2
GYPA	AD	Limited	blood group, mn
GYPB	AD	Limited	blood group, ss
GYPC	AD	Supportive	hereditary elliptocytosis
GYS1	AR	Definitive	glycogen storage disease due to muscle and heart glycogen synthase deficiency
GYS2	AR	Definitive	glycogen storage disorder due to hepatic glycogen synthase deficiency
GZF1	AR	Strong	Larsen syndrome
H1-4	AD	Definitive	syndromic intellectual disability
H19	AD	Strong	Beckwith-Wiedemann syndrome
H2AC6	AD	Limited	neurodevelopmental disorder
H3-3A	AD	Definitive	Bryant-Li-Bhoj neurodevelopmental syndrome 1
H3-3B	AD	Strong	Bryant-Li-Bhoj neurodevelopmental syndrome 2
H3-4	AR	Limited	neurodevelopmental disorder
H4C11	AD	Moderate	Tessadori-van Haaften neurodevelopmental syndrome 2
H4C2	AR	Limited	neurodevelopmental disorder
H4C3	AD	Strong	Tessadori-van Haaften neurodevelopmental syndrome 1
H4C4	AD	Moderate	neurodevelopmental disorder
H4C5	AD	Strong	Tessadori-Van Haaften neurodevelopmental syndrome 3
H4C6	AD	Moderate	neurodevelopmental disorder
H4C9	AD	Strong	neurodevelopmental disorder
H6PD	AR/AD	Strong	cortisone reductase deficiency 1
HAAO	AR	Definitive	vertebral, cardiac, renal, and limb defects syndrome 1
HACD1	AR/AD	Definitive	congenital myopathy
HACE1	AR	Definitive	spastic paraplegia-severe developmental delay-epilepsy syndrome
HADHA	AR	Definitive	long chain 3-hydroxyacyl-CoA dehydrogenase deficiency
HADH	AR	Definitive	hyperinsulinism due to short chain 3-hydroxylacyl-CoA dehydrogenase deficiency
HADHB	AR	Definitive	mitochondrial trifunctional protein deficiency
HAL	AR/AD	Moderate	histidinemia
HAMP	AR	Definitive	hemochromatosis type 2B
HAND1	AD	Moderate	congenital heart disease
HAND2	AD	Moderate	HAND2 related congenital heart defect
HARS1	AD/AR	Strong	autosomal dominant Charcot-Marie-Tooth disease type 2W
HARS2	AR	Strong	Perrault syndrome 2
HAS2	AD	Limited	congenital heart disease
HAVCR2	AR	Definitive	subcutaneous panniculitis-like T-cell lymphoma
HAX1	AR	Definitive	Kostmann syndrome
HBA1	SD/AD/AR	Definitive	alpha thalassemia spectrum
HBA2	AD/AR	Definitive	HBA2-related alpha thalassemia spectrum
HBB	AD/SD/AR	Definitive	beta-thalassemia HBB/LCRB
HBD	AR	Supportive	delta-beta-thalassemia
HBG1	AD/AR	Strong	hereditary persistence of fetal hemoglobin-beta-thalassemia syndrome
HBG2	AD/AR	Strong	hereditary persistence of fetal hemoglobin-beta-thalassemia syndrome
HBS1L	AR	Moderate	retinal disorder
HCCS	XL	Strong	linear skin defects with multiple congenital anomalies 1
HCFC1	XL	Definitive	X-linked intellectual disability
HCK	AD	Moderate	autoinflammation with pulmonary and cutaneous vasculitis
HCN1	AD	Definitive	developmental and epileptic encephalopathy, 24
HCN2	AD/AR	Definitive	complex neurodevelopmental disorder
HCN4	AD	Definitive	sick sinus syndrome 2, autosomal dominant
HCRT	AD	Limited	narcolepsy 1
HDAC1	.	Disputed Evidence	congenital heart disease
HDAC2	AD	Limited	complex neurodevelopmental disorder
HDAC3	AD	Strong	complex neurodevelopmental disorder
HDAC4	AD	Strong	neurodevelopmental disorder with central hypotonia and dysmorphic facies
HDAC5	.	No Known Disease Relationship	Tourette syndrome
HDAC6	XL	Moderate	X-linked dominant chondrodysplasia, Chassaing-Lacombe type
HDAC8	XL/AD	Definitive	Cornelia de Lange syndrome
HDAC9	AD	Limited	auriculocondylar syndrome 4
HDC	AD	Limited	Tourette syndrome
HEATR3	AR	Strong	Diamond-Blackfan anemia 21
HEATR5B	AR	Moderate	pontocerebellar hypoplasia
HECTD1	AD	Moderate	neurodevelopmental disorder
HECTD4	AR	Strong	neurodevelopmental disorder with seizures, spasticity, and complete or partial agenesis of the corpus callosum
HECW2	AR/AD	Definitive	complex neurodevelopmental disorder
HELB	AD	Limited	familial ovarian carcinoma
HELLS	AR	Strong	immunodeficiency-centromeric instability-facial anomalies syndrome 4
HELQ	AD	Moderate	primary ovarian failure
HEPACAM2	.	No Known Disease Relationship	Tourette syndrome
HEPACAM	AR/AD	Definitive	megalencephalic leukoencephalopathy with subcortical cysts 2A
HEPHL1	AR	Limited	pili torti-developmental delay-neurological abnormalities syndrome
HEPH	XL	Moderate	hereditary hemochromatosis
HERC1	AR	Definitive	macrocephaly, dysmorphic facies, and psychomotor retardation
HERC2	AR	Strong	developmental delay with autism spectrum disorder and gait instability
HES7	AR	Strong	spondylocostal dysostosis 4, autosomal recessive
HESX1	AD/AR	Strong	septooptic dysplasia
HEXA	AR	Definitive	Tay-Sachs disease
HEXB	AR	Definitive	Sandhoff disease
HEY1	.	Disputed Evidence	congenital heart disease
HEY2	AD/SD	Supportive	familial thoracic aortic aneurysm and aortic dissection
HFE	AR	Definitive	hemochromatosis type 1
HFM1	AD/AR	Strong	premature ovarian failure 9
HGD	AR	Definitive	alkaptonuria
HGF	AR/AD	Strong	autosomal recessive nonsyndromic hearing loss 39
HGSNAT	AR/AD	Definitive	mucopolysaccharidosis type 3C
HHAT	AR	Strong	chondrodysplasia-pseudohermaphroditism syndrome
HIBADH	AR	Limited	inborn organic aciduria
HIBCH	AR	Definitive	Leigh syndrome
HID1	AR	Strong	developmental and epileptic encephalopathy 105 with hypopituitarism
HIKESHI	AR	Definitive	leukodystrophy, hypomyelinating, 13
HINT1	AR	Definitive	Charcot-Marie-Tooth disease
HIPK4	AR	Moderate	male infertility with azoospermia or oligozoospermia due to single gene mutation
HIRA	AD	Strong	neurodevelopmental disorder
HIVEP1	AR	Limited	complex neurodevelopmental disorder
HIVEP2	AD	Definitive	intellectual disability, autosomal dominant 43
HJV	AR	Definitive	hemochromatosis type 2A
HK1	AR/AD	Strong	non-spherocytic hemolytic anemia due to hexokinase deficiency
HKDC1	AR	Limited	retinitis pigmentosa
HLA-DRB1	.	Supportive	systemic lupus erythematosus
HLCS	AR	Definitive	holocarboxylase synthetase deficiency
HMBS	SD/AD	Definitive	acute intermittent porphyria
HMCN1	AD	Limited	age related macular degeneration 1
HMGA1	AD	Limited	type 2 diabetes mellitus
HMGA2	AD	Definitive	Silver-Russell syndrome 5
HMGB1	AD	Strong	neurodevelopmental disorder
HMGB3	XL	Limited	X-linked colobomatous microphthalmia-microcephaly-intellectual disability-short stature syndrome
HMGCL	AR	Definitive	3-hydroxy-3-methylglutaric aciduria
HMGCR	AR	Strong	muscular dystrophy, limb-girdle, autosomal recessive 28
HMGCS1	AR	Strong	rigid spine syndrome
HMGCS2	AR	Definitive	3-hydroxy-3-methylglutaryl-CoA synthase deficiency
HMGXB3	.	Limited	Tourette syndrome
HMOX1	AR	Strong	heme oxygenase 1 deficiency
HMX1	AR	Definitive	oculoauricular syndrome
HNF1A	AD	Definitive	monogenic diabetes
HNF1B	AD	Definitive	renal cysts and diabetes syndrome
HNF4A	AD	Definitive	maturity-onset diabetes of the young type 1
HNMT	AR	Strong	intellectual disability, autosomal recessive 51
HNRNPA0	.	Limited	Tourette syndrome
HNRNPA1	AD	Strong	inclusion body myopathy with early-onset Paget disease with or without frontotemporal dementia 3
HNRNPA2B1	AD	Strong	inclusion body myopathy with early-onset Paget disease with or without frontotemporal dementia 2
HNRNPC	AD	Strong	intellectual developmental disorder, autosomal dominant 74
HNRNPD	AD	Definitive	complex neurodevelopmental disorder
HNRNPDL	AD	Definitive	muscular dystrophy, limb-girdle, autosomal dominant
HNRNPH1	AD	Definitive	syndromic intellectual disability
HNRNPH2	XL	Definitive	X-linked complex neurodevelopmental disorder
HNRNPK	AD	Definitive	neurodevelopmental disorder-craniofacial dysmorphism-cardiac defect-hip dysplasia syndrome
HNRNPL	AR	Limited	complex neurodevelopmental disorder
HNRNPR	AD	Definitive	syndromic intellectual disability
HNRNPU	AD	Definitive	complex neurodevelopmental disorder
HNRNPUL2	AD	Strong	complex neurodevelopmental disorder
HOGA1	AR	Definitive	primary hyperoxaluria type 3
HOMER2	AD	Strong	autosomal dominant nonsyndromic hearing loss 68
HORMAD1	AR	Moderate	male infertility with azoospermia or oligozoospermia due to single gene mutation
HOXA10	AD	Limited	female reproductive system disorder
HOXA11	AD	Strong	radioulnar synostosis with amegakaryocytic thrombocytopenia 1
HOXA13	AD	Definitive	hand-foot-genital syndrome
HOXA1	AR	Definitive	syndromic intellectual disability
HOXA2	SD/AR/AD	Strong	bilateral microtia-deafness-cleft palate syndrome
HOXA4	AD	Limited	microtia with meatal atresia and conductive deafness
HOXB13	AD	Definitive	prostate cancer
HOXB1	AR	Strong	facial paresis, hereditary congenital, 3
HOXB6	AD	Limited	hypospadias
HOXC13	AR/AD	Definitive	ectodermal dysplasia 9, hair/nail type
HOXD10	AD	Limited	congenital vertical talus
HOXD12	AD	Moderate	clubfoot
HOXD13	AD	Definitive	brachydactyly-syndactyly syndrome
HPCA	AR	Definitive	complex movement disorder with or without neurodevelopmental features
HPD	AR/AD	Definitive	tyrosinemia type III
HPDL	AR	Strong	neurodevelopmental disorder with progressive spasticity and brain white matter abnormalities
HPGD	AR/AD	Definitive	hypertrophic osteoarthropathy, primary, autosomal recessive, 1
HPRT1	XL	Definitive	Lesch-Nyhan syndrome
HPS1	AR	Definitive	Hermansky-Pudlak syndrome 1
HPS3	AR	Definitive	Hermansky-Pudlak syndrome 3
HPS4	AR	Definitive	Hermansky-Pudlak syndrome 4
HPS5	AR	Definitive	Hermansky-Pudlak syndrome 5
HPS6	AR	Definitive	Hermansky-Pudlak syndrome 6
HPSE2	AR	Definitive	urofacial syndrome type 1
HR	AR/AD	Definitive	atrichia with papular lesions
HRAS	AD	Definitive	Costello syndrome
HRG	AD	Strong	hereditary thrombophilia due to congenital histidine-rich (poly-L) glycoprotein deficiency
HRURF	AD	Moderate	hypotrichosis 4
HS2ST1	AR	Strong	neurofacioskeletal syndrome with or without renal agenesis
HS3ST6	AD	Limited	angioedema, hereditary, 8
HS6ST1	AD	Supportive	Kallmann syndrome
HS6ST2	XL	Limited	Paganini-Miozzo syndrome
HSCB	AR	Moderate	anemia, sideroblastic, 5
HSD11B1	AD	Moderate	cortisone reductase deficiency 2
HSD11B2	AR	Definitive	apparent mineralocorticoid excess
HSD17B10	XL	Definitive	HSD10 mitochondrial disease
HSD17B3	AR	Definitive	46,XY disorder of sex development due to 17-beta-hydroxysteroid dehydrogenase 3 deficiency
HSD17B4	AR	Definitive	d-bifunctional protein deficiency
HSD3B2	AR	Definitive	congenital adrenal hyperplasia due to 3-beta-hydroxysteroid dehydrogenase deficiency
HSD3B7	AR	Definitive	congenital bile acid synthesis defect 1
HSF2BP	AR	Strong	premature ovarian failure 19
HSF4	AD/AR	Definitive	cataract 5 multiple types
HSPA1L	AD	Moderate	inflammatory bowel disease
HSPA9	AR/AD	Strong	autosomal dominant sideroblastic anemia
HSPB1	AD	Definitive	Charcot-Marie-Tooth disease axonal type 2F
HSPB3	AD	Supportive	distal hereditary motor neuropathy type 2
HSPB8	AD	Definitive	neuronopathy, distal hereditary motor, autosomal dominant
HSPD1	AD/AR	Strong	leukodystrophy, hypomyelinating, 4
HSPG2	AR	Definitive	Schwartz-Jampel syndrome type 1
HTR1A	AD	Limited	menstrual cycle-dependent periodic fever
HTR2C	AD	Strong	obesity disorder
HTRA1	AR/AD	Definitive	cerebral arteriopathy, autosomal recessive, with subcortical infarcts and leukoencephalopathy 2
HTRA2	AR	Definitive	3-methylglutaconic aciduria type 8
HTT	AD/AR	Definitive	Huntington disease
https://clinicalgenome.org/docs/gene-disease-validity-sop-version-5/	.	.	2026-02-22
https://clinicalgenome.org/docs/gene-disease-validity-standard-operating-procedures-version-10/	.	.	2026-02-22
https://clinicalgenome.org/docs/gene-disease-validity-standard-operating-procedures-version-11/	.	.	2026-05-17
https://clinicalgenome.org/docs/gene-disease-validity-standard-operating-procedures-version-12/	.	.	2026-08-02
https://clinicalgenome.org/docs/gene-disease-validity-standard-operating-procedures-version-6/	.	.	2026-02-22
https://clinicalgenome.org/docs/gene-disease-validity-standard-operating-procedure-version-8/	.	.	2021-03-24
https://clinicalgenome.org/docs/gene-disease-validity-standard-operating-procedure-version-9/	.	.	2026-08-02
https://clinicalgenome.org/docs/summary-of-updates-to-the-clingen-gene-clinical-validity-curation-sop-version-7/	.	.	2026-02-22
https://clinicalgenome.org/docs/summary-of-updates-to-the-clingen-gene-clinical-validity-curation-sop-version-8/	.	.	2026-02-22
https://clinicalgenome.org/site/assets/files/2165/gene_curation_sop_version_6_aug_2018_final.pdf	.	.	2020-10-15
https://clinicalgenome.org/site/assets/files/2169/gene_curation_sop_2016_version_5_11_6_17.pdf	.	.	2020-10-15
https://clinicalgenome.org/site/assets/files/9851/gene-disease_validity_standard_operating_procedures-_version_11_docx.pdf	.	.	2026-04-12
https://www.clinicalgenome.org/site/assets/files/3975/gene-disease_validity_standard_operating_procedures_version_7-1.pdf	.	.	2020-10-15
HUWE1	XL/AD	Definitive	intellectual disability, X-linked syndromic, Turner type
HYAL1	AR	Definitive	mucopolysaccharidosis type 9
HYAL2	AR	Strong	Muggenthaler-Chowdhury-Chioza syndrome
HYCC1	AR	Definitive	leukodystrophy, hypomyelinating, 5
HYDIN	AR/AD	Definitive	primary ciliary dyskinesia 5
HYKK	AR	Limited	inborn disorder of lysine and hydroxylysine metabolism
HYLS1	AR	Definitive	hydrolethalus syndrome 1
HYOU1	AR	Strong	granulocytopenia with immunoglobulin abnormality
IARS1	AR	Strong	growth retardation, intellectual developmental disorder, hypotonia, and hepatopathy
IARS2	AR	Definitive	mitochondrial disease
IBA57	AR	Definitive	mitochondrial disease
ICE1	AR	Moderate	intellectual disability
ICOS	AR	Definitive	common variable immunodeficiency
ICOSLG	AR	Moderate	combined immunodeficiency
ID2	.	Disputed Evidence	congenital heart disease
IDH1	AD	Limited	Maffucci syndrome
IDH2	AD	Definitive	mitochondrial disease
IDH3A	AR	Strong	retinitis pigmentosa 90
IDH3B	AR/AD	Strong	retinitis pigmentosa 46
IDH3G	XL	Limited	retinitis pigmentosa
IDS	XL/XLR	Definitive	mucopolysaccharidosis type 2
IDUA	AR	Definitive	mucopolysaccharidosis type 1
IER3IP1	AR	Strong	primary microcephaly-epilepsy-permanent neonatal diabetes syndrome
IFIH1	AR/AD/SD	Definitive	IFIH1-related type 1 interferonopathy
IFITM5	AD	Definitive	osteogenesis imperfecta type 5
IFNAR1	AR	Definitive	immunodeficiency 106, susceptibility to viral infections
IFNAR2	AR	Strong	immunodeficiency 45
IFNG	AR	Moderate	immunodeficiency 69
IFNGR1	AR/AD	Definitive	immunodeficiency 27A
IFNGR2	AR/AD	Strong	immunodeficiency 28
IFRD1	AD	Supportive	spinocerebellar ataxia type 18
IFT122	AR	Definitive	cranioectodermal dysplasia 1
IFT140	AD/AR	Definitive	autosomal dominant polycystic kidney disease
IFT172	AR/AD	Definitive	ciliopathy
IFT27	AR	Definitive	ciliopathy
IFT38	AR	Limited	Leber congenital amaurosis
IFT43	AR	Strong	short-rib thoracic dysplasia 18 with polydactyly
IFT52	AR	Strong	short-rib thoracic dysplasia 16 with or without polydactyly
IFT54	AR	Definitive	ciliopathy
IFT56	AR	Strong	biliary, renal, neurologic, and skeletal syndrome
IFT57	AR	Moderate	ciliopathy
IFT74	AR	Definitive	ciliopathy-IFT74
IFT80	AR	Definitive	asphyxiating thoracic dystrophy 2
IFT81	AR	Strong	short-rib thoracic dysplasia 19 with or without polydactyly
IFT88	AD	Supportive	retinitis pigmentosa
IGBP1	AD/XL	Supportive	corpus callosum agenesis-intellectual disability-coloboma-micrognathia syndrome
IGF1	AD/AR/SD	Definitive	growth delay due to insulin-like growth factor type 1 deficiency
IGF1R	AR/AD/SD	Definitive	growth delay due to insulin-like growth factor I resistance
IGF2	AD	Definitive	Silver-Russell syndrome 3
IGF2BP2	.	No Known Disease Relationship	diabetes mellitus, noninsulin-dependent
IGFALS	AR	Strong	short stature due to primary acid-labile subunit deficiency
IGFBP7	AR	Strong	familial retinal arterial macroaneurysm
IGHG1	.	Supportive	systemic lupus erythematosus
IGHG2	.	Supportive	recurrent infections associated with rare immunoglobulin isotypes deficiency
IGHM	AR/AD	Definitive	autosomal recessive agammaglobulinemia 1
IGHMBP2	AR	Definitive	autosomal recessive distal spinal muscular atrophy 1
IGKC	AR	Moderate	recurrent infections associated with rare immunoglobulin isotypes deficiency
IGLL1	AR/AD	Strong	agammaglobulinemia 2, autosomal recessive
IGSF10	AD/AR	Moderate	disorder of sexual differentiation
IGSF1	XL	Definitive	X-linked central congenital hypothyroidism with late-onset testicular enlargement
IGSF3	AR	Supportive	familial congenital nasolacrimal duct obstruction
IHH	AD/AR	Definitive	brachydactyly type A1
IKBKB	AD/AR	Definitive	severe combined immunodeficiency due to IKK2 deficiency
IKBKE	AD	Moderate	encephalitis, acute, infection-induced, susceptibility to
IKBKG	XL/AD	Definitive	IKBKG-related immunodeficiency with or without ectodermal dysplasia
IKZF1	AD	Definitive	pancytopenia due to IKZF1 mutations
IKZF2	AD/AR/SD	Strong	immunodysregulation with variable immunodeficiency and autoimmunity
IKZF3	AD	Strong	immunodeficiency 84
IKZF5	AD	Strong	thrombocytopenia 7
IL10	AR	Strong	IL10-related early-onset inflammatory bowel disease
IL10RA	AR	Definitive	inflammatory bowel disease 28
IL10RB	AR	Definitive	inflammatory bowel disease 25
IL11RA	AR	Definitive	craniosynostosis and dental anomalies
IL12B	AR	Definitive	Mendelian susceptibility to mycobacterial diseases due to complete IL12B deficiency
IL12RB1	AR	Strong	Mendelian susceptibility to mycobacterial diseases due to complete IL12RB1 deficiency
IL12RB2	AR	Limited	immunodeficiency disease
IL17F	AD	Supportive	chronic mucocutaneous candidiasis
IL17RA	AR/AD	Strong	immunodeficiency 51
IL17RC	AD/AR	Strong	candidiasis, familial, 9
IL17RD	AD/SD	Supportive	Kallmann syndrome
IL18BP	AR	Limited	hepatitis, fulminant viral, susceptibility to
IL1B	.	No Known Disease Relationship	hereditary diffuse gastric adenocarcinoma
IL1R1	AD	Limited	chronic recurrent multifocal osteomyelitis 3
IL1RAP	AR	Limited	nephrotic syndrome of childhood - steroid sensitive
IL1RAPL1	XL	Definitive	intellectual disability, X-linked 21
IL1RN	AR	Strong	sterile multifocal osteomyelitis with periostitis and pustulosis
IL21	AR	Supportive	IL21-related infantile inflammatory bowel disease
IL21R	AR	Definitive	immunodeficiency disease
IL23R	AR	Strong	immunodeficiency disease
IL27RA	AR	Moderate	Epstein-Barr virus infection
IL2RA	AR	Definitive	immunodeficiency due to CD25 deficiency
IL2RB	AR	Strong	immunodeficiency 63 with lymphoproliferation and autoimmunity
IL2RG	XL/AR/XLR	Definitive	T-B+ severe combined immunodeficiency due to gamma chain deficiency
IL31RA	AD	Supportive	familial primary localized cutaneous amyloidosis
IL36RN	AR/AD/SD	Strong	psoriasis 14, pustular
IL37	AR	Limited	inflammatory bowel disease (infantile ulcerative colitis) 31, autosomal recessive
IL4R	.	No Known Disease Relationship	IgE responsiveness, atopic
IL6	AD	Definitive	Kaposi sarcoma, susceptibility to
IL6R	AR	Strong	hyper-IgE recurrent infection syndrome 5, autosomal recessive
IL6ST	AR/AD	Strong	hyper-IgE recurrent infection syndrome 4, autosomal recessive
IL7	AR	Strong	combined immunodeficiency
IL7R	AR	Definitive	immunodeficiency 104
ILDR1	AR	Definitive	nonsyndromic genetic hearing loss
ILK	AD	Limited	dilated cardiomyopathy
IMMP2L	AD	Limited	autism
IMPA1	AR	Moderate	intellectual disability, autosomal recessive 59
IMPDH1	AD	Definitive	IMPDH1-related retinopathy
IMPDH2	AD	Strong	neurodevelopmental disorder
IMPG1	AR/AD/SD	Definitive	IMPG1-related recessive retinopathy
IMPG2	AR/AD	Definitive	IMPG2-related recessive retinopathy
INF2	AD	Definitive	Charcot-Marie-Tooth disease dominant intermediate E
ING1	.	No Known Disease Relationship	head and neck squamous cell carcinoma
INO80	AR	Moderate	inborn error of immunity
INPP4A	AR	Strong	neurodevelopmental disorder
INPP5E	AR	Definitive	Joubert syndrome 1
INPP5K	AR	Strong	congenital muscular dystrophy with cataracts and intellectual disability
INPPL1	AR	Definitive	opsismodysplasia
INS	AR/AD/SD	Definitive	monogenic diabetes
INSL3	AD	Moderate	cryptorchidism
INSR	AD/AR	Definitive	insulin-resistance syndrome type A
INSRR	.	No Known Disease Relationship	schizophrenia
INTS11	AR	Strong	neurodevelopmental disorder with motor and language delay, ocular defects, and brain abnormalities
INTS13	AR	Strong	orofaciodigital syndrome
INTS1	AR	Strong	neurodevelopmental disorder with cataracts, poor growth, and dysmorphic facies
INTS8	AR	Limited	neurodevelopmental disorder with cerebellar hypoplasia and spasticity
INTU	AR	Definitive	INTU-related skeletal ciliopathy
INVS	AR	Definitive	nephronophthisis 2
IPMK	AD	Supportive	hereditary neuroendocrine tumor of small intestine
IPO8	AR	Definitive	VISS syndrome
IQCB1	AR/AD	Definitive	Senior-Loken syndrome 5
IQCE	AR	Strong	polydactyly, postaxial, type a7
IQGAP3	AD	Limited	hereditary peripheral neuropathy
IQSEC1	AR	Strong	intellectual developmental disorder with short stature and behavioral abnormalities
IQSEC2	XL	Definitive	complex neurodevelopmental disorder
IQSEC3	AR	Moderate	intellectual disability
IRAG1	AR	Limited	achalasia
IRAK1	XL	Supportive	systemic lupus erythematosus
IRAK2	AD/AR	Limited	immune dysregulation, autoimmunity, and autoinflammation
IRAK3	AD	Limited	asthma-related traits, susceptibility to, 5
IRAK4	AR	Strong	immunodeficiency 67
IREB2	AR	Strong	neurodegeneration, early-onset, with choreoathetoid movements and microcytic anemia
IRF1	AR	Strong	immunodeficiency 117
IRF2BP2	AD	Strong	immunodeficiency, common variable, 14
IRF2BPL	AD	Definitive	neurodevelopmental disorder with regression, abnormal movements, loss of speech, and seizures
IRF3	AD	Moderate	herpes simplex encephalitis, susceptibility to, 7
IRF4	AD/AR	Definitive	combined immunodeficiency
IRF5	.	Supportive	systemic lupus erythematosus
IRF6	AD	Definitive	van der Woude syndrome 1
IRF7	AR	Strong	immunodeficiency 39
IRF8	AR/AD	Strong	Mendelian susceptibility to mycobacterial diseases due to partial IRF8 deficiency
IRF9	AR	Moderate	immunodeficiency 65, susceptibility to viral infections
IRS4	XL	Strong	hypothyroidism, congenital, nongoitrous, 9
IRX4	AD	Limited	congenital heart disease
IRX5	AR/AD	Strong	craniofacial dysplasia - osteopenia syndrome
IRX6	AD	Moderate	cone dystrophy
ISCA1	AR	Strong	multiple mitochondrial dysfunctions syndrome 5
ISCA2	AR	Definitive	mitochondrial disease
ISCU	AR/AD	Definitive	mitochondrial disease
ISG15	AR	Strong	Mendelian susceptibility to mycobacterial diseases due to complete ISG15 deficiency
ISL1	AD	Definitive	congenital heart disease
ISLR2	AR	Moderate	multiple congenital anomalies/dysmorphic syndrome
ITCH	AR	Definitive	syndromic multisystem autoimmune disease due to ITCH deficiency
ITFG2	AR	Strong	neurodevelopmental disorder
ITGA2	AD	Strong	platelet-type bleeding disorder 9
ITGA2B	AR/AD	Definitive	Glanzmann's thrombasthenia
ITGA3	AR	Definitive	epidermolysis bullosa, junctional 7, with interstitial lung disease and nephrotic syndrome
ITGA6	AR	Definitive	junctional epidermolysis bullosa with pyloric atresia
ITGA7	AR/AD	Strong	congenital muscular dystrophy due to integrin alpha-7 deficiency
ITGA8	AR	Strong	renal hypodysplasia/aplasia 1
ITGAM	.	Supportive	systemic lupus erythematosus
ITGB2	AR	Definitive	leukocyte adhesion deficiency 1
ITGB3	AD/AR	Definitive	Glanzmann thrombasthenia 2
ITGB4	AR/AD/SD	Definitive	junctional epidermolysis bullosa with pyloric atresia
ITGB6	AR/AD	Strong	amelogenesis imperfecta type 1H
ITK	AR	Definitive	lymphoproliferative syndrome 1
ITM2B	AD	Strong	ABri amyloidosis
ITPA	AR	Definitive	genetic developmental and epileptic encephalopathy
ITPKB	AR	Limited	ITPKB deficiency
ITPR1	AR/AD/SD	Definitive	spinocerebellar ataxia type 29
ITPR2	AR	Supportive	isolated anhidrosis with normal sweat glands
ITPR3	AD/AR	Definitive	Charcot-Marie-Tooth disease, demyelinating, type 1J
ITSN1	AD/AR	Strong	neurodevelopmental disorder
ITSN2	AR	Strong	nephrotic syndrome
IVD	AR	Definitive	isovaleric acidemia
IVNS1ABP	AD	Strong	immunodeficiency 70
IYD	AR	Strong	thyroid dyshormonogenesis 4
JAG1	AD	Definitive	Alagille syndrome due to a JAG1 point mutation
JAG2	AR	Strong	muscular dystrophy, limb-girdle, autosomal recessive 27
JAGN1	AR	Definitive	autosomal recessive severe congenital neutropenia due to JAGN1 deficiency
JAK1	AD/AR	Definitive	autoinflammation, immune dysregulation, and eosinophilia
JAK2	AD	Strong	thrombocythemia 3
JAK3	AR	Definitive	T-B+ severe combined immunodeficiency due to JAK3 deficiency
JAKMIP1	AD	Moderate	neurodevelopmental disorder
JAM2	AR/AD	Strong	basal ganglia calcification, idiopathic, 8, autosomal recessive
JAM3	AR	Strong	porencephaly-microcephaly-bilateral congenital cataract syndrome
JARID2	AD	Definitive	developmental delay with variable intellectual disability and dysmorphic facies
JAZF1	.	Supportive	systemic lupus erythematosus
JKAMP	AR	Moderate	complex neurodevelopmental disorder
JMJD1C	AD	Strong	intellectual disability
JPH1	AR	Strong	congenital myopathy 25
JPH2	AR/AD	Strong	cardiomyopathy, dilated, 2E
JPH3	AD/AR	Definitive	Huntington disease-like 2
JUP	AR/AD	Strong	inherited epidermolysis bullosa
KALRN	AD/AR	Limited	coronary artery disorder
KANK1	AD/AR	Supportive	spastic quadriplegic cerebral palsy
KANK2	AR	Strong	nephrotic syndrome 16
KANK4	AR	Moderate	nephrotic syndrome
KANSL1	AD	Definitive	Koolen-de Vries syndrome
KARS1	AR	Strong	autosomal recessive nonsyndromic hearing loss 89
KAT14	AR	Limited	multiple congenital anomalies/dysmorphic syndrome
KAT2B	AR	Limited	steroid-resistant nephrotic syndrome
KAT5	AD	Strong	neurodevelopmental disorder with dysmorphic facies, sleep disturbance, and brain abnormalities
KAT6A	AD	Definitive	syndromic intellectual disability
KAT6B	AD	Definitive	KAT6B-related multiple congenital anomalies syndrome
KAT8	AD/AR	Strong	Li-Ghorbani-Weisz-Hubshman syndrome
KATNAL2	AR	Moderate	male infertility
KATNB1	AR	Definitive	lissencephaly 6 with microcephaly
KATNIP	AR	Definitive	ciliopathy
KBTBD13	AD/AR	Definitive	nemaline myopathy 6
KBTBD2	AR	Strong	neurodevelopmental disorder
KBTBD8	.	No Known Disease Relationship	Tourette syndrome
KCNA1	AD/AR	Definitive	episodic ataxia type 1
KCNA2	AD	Definitive	genetic developmental and epileptic encephalopathy
KCNA3	AD	Strong	neurodevelopmental disorder
KCNA4	AR	Limited	microcephaly, cataracts, impaired intellectual development, and dystonia with abnormal striatum
KCNA5	AD	Moderate	atrial fibrillation, familial, 7
KCNA6	AD	Moderate	complex neurodevelopmental disorder
KCNAB3	AD	Limited	neurodevelopmental disorder
KCNB1	AD	Definitive	complex neurodevelopmental disorder
KCNB2	AD	Strong	neurodevelopmental disorder
KCNC1	AD	Definitive	progressive myoclonic epilepsy type 7
KCNC2	AD	Definitive	genetic developmental and epileptic encephalopathy
KCNC3	AD	Definitive	spinocerebellar ataxia type 13
KCND1	XL	Strong	neurodevelopmental disorder
KCND2	AD	Strong	neurodevelopmental disorder
KCND3	AD	Strong	spinocerebellar ataxia type 19/22
KCNE1	AD/AR	Definitive	long QT syndrome 5
KCNE2	AD	Supportive	familial atrial fibrillation
KCNE3	AD	Limited	Brugada syndrome 6
KCNE5	XL	Limited	Brugada syndrome
KCNH1	AD/AR	Definitive	KCNH1 associated disorder
KCNH2	AD	Definitive	long QT syndrome 2
KCNH3	AD	Limited	neurodevelopmental disorder
KCNH5	AD	Definitive	neonatal/infantile epilepsy syndrome
KCNH7	AD	Limited	epilepsy
KCNJ10	AR/AD	Definitive	EAST syndrome
KCNJ11	AR/AD/SD	Definitive	hyperinsulinemic hypoglycemia, familial, 2
KCNJ13	AR/AD	Definitive	inherited retinal dystrophy
KCNJ16	AR	Definitive	hypokalemic alkalosis, familial, with specific renal tubulopathy
KCNJ18	AD	Strong	thyrotoxic periodic paralysis, susceptibility to, 2
KCNJ1	AR	Definitive	Bartter disease type 2
KCNJ2	AD	Definitive	Andersen-Tawil syndrome
KCNJ3	AD	Moderate	epilepsy
KCNJ5	AD	Definitive	familial hyperaldosteronism type III
KCNJ6	AD	Strong	Keppen-Lubinsky syndrome
KCNJ8	AD	Strong	hypertrichotic osteochondrodysplasia Cantu type
KCNK17	.	Limited	heart conduction disease
KCNK18	AD	Strong	migraine, with or without aura, susceptibility to, 13
KCNK3	AD	Definitive	pulmonary arterial hypertension
KCNK4	AD	Strong	facial dysmorphism, hypertrichosis, epilepsy, intellectual/developmental delay, and gingival overgrowth syndrome
KCNK9	AD	Strong	Birk-Barel syndrome
KCNMA1	AD/AR	Definitive	generalized epilepsy-paroxysmal dyskinesia syndrome
KCNN2	AD	Strong	neurodevelopmental disorder with or without variable movement or behavioral abnormalities
KCNN3	AD/AR	Strong	Zimmermann-Laband syndrome 3
KCNN4	AD/AR	Strong	dehydrated hereditary stomatocytosis 2
KCNQ1	AD/AR	Definitive	long QT syndrome
KCNQ1OT1	AD	Limited	Beckwith-Wiedemann syndrome
KCNQ2	AD	Definitive	neonatal encephalopathy with non-epileptic myoclonus
KCNQ3	AD/AR	Definitive	complex neurodevelopmental disorder
KCNQ4	AD/AR	Definitive	autosomal dominant nonsyndromic hearing loss 2A
KCNQ5	AD	Strong	intellectual disability, autosomal dominant 46
KCNT1	AD	Definitive	childhood-onset epilepsy syndrome
KCNT2	AD	Definitive	complex neurodevelopmental disorder
KCNU1	AR	Limited	spermatogenic failure 79
KCNV2	AR	Definitive	inherited retinal dystrophy
KCTD10	AD	Limited	multiple congenital anomalies/dysmorphic syndrome
KCTD13	AD	Limited	neurodevelopmental disorder
KCTD15	AD	Limited	frontonasal dysplasia
KCTD17	AD	Strong	myoclonic dystonia 26
KCTD1	AD	Definitive	scalp-ear-nipple syndrome
KCTD3	AR	Definitive	genetic developmental and epileptic encephalopathy
KCTD7	AR	Definitive	progressive myoclonus epilepsy
KDELR2	AR	Strong	osteogenesis imperfecta, type 21
KDF1	AD	Definitive	ectodermal dysplasia 12, hypohidrotic/hair/tooth/nail type
KDM1A	AD	Definitive	palatal anomalies-widely spaced teeth-facial dysmorphism-developmental delay syndrome
KDM2A	AD	Strong	neurodevelopmental disorder
KDM2B	AD	Strong	neurodevelopmental disorder
KDM3A	AR	Limited	complex neurodevelopmental disorder
KDM3B	AD	Definitive	Diets-Jongmans syndrome
KDM4B	AD	Strong	intellectual developmental disorder, autosomal dominant 65
KDM5A	AR/AD	Strong	El Hayek-Chahrour neurodevelopmental disorder
KDM5B	AD/AR/SD	Strong	intellectual disability, autosomal recessive 65
KDM5C	XL	Definitive	syndromic X-linked intellectual disability Claes-Jensen type
KDM6A	XL/AD	Definitive	Kabuki syndrome 2
KDM6B	AD/AR	Definitive	syndromic intellectual disability
KDM7A	AD	Limited	cerebral palsy
KDR	AD/AR	Definitive	pulmonary arterial hypertension
KDSR	AR/AD	Definitive	erythrokeratodermia variabilis et progressiva 4
KEAP1	AD	Supportive	goiter, multinodular 1, with or without Sertoli-Leydig cell tumors
KERA	AR/AD	Definitive	cornea plana
KGD4	AR	Limited	Leigh syndrome
KHDC3L	AR	Strong	hydatidiform mole, recurrent, 2
KHDRBS1	AD	Strong	primary ovarian failure
KHK	AR	Moderate	essential fructosuria
KIAA0319L	.	Supportive	systemic lupus erythematosus
KIAA0586	AR	Definitive	Joubert syndrome 23
KIAA0753	AR	Strong	orofaciodigital syndrome XV
KIAA0825	AR	Strong	polydactyly, postaxial, type a10
KIAA1217	AD	Moderate	skeletal system disorder
KIAA1549	AR/AD	Strong	retinitis pigmentosa 86
KICS2	AR	Moderate	neurodevelopmental disorder
KIDINS220	AD/AR	Definitive	spastic paraplegia, intellectual disability, nystagmus, and obesity
KIF11	AD	Definitive	ciliopathy
KIF12	AR	Definitive	cholestasis
KIF14	AR	Definitive	autosomal recessive primary microcephaly
KIF15	AR	Limited	braddock-carey syndrome 2
KIF17	AR	Limited	microphthalmia, isolated, with coloboma
KIF1A	AD/AR	Definitive	syndromic intellectual disability
KIF1B	AD/AR	Moderate	pheochromocytoma
KIF1C	AR/AD	Strong	spastic ataxia 2
KIF20A	AR/AD	Supportive	familial isolated restrictive cardiomyopathy
KIF21A	AR/AD	Definitive	congenital fibrosis of extraocular muscles
KIF21B	AD	Strong	neurodevelopmental disorder
KIF22	AD	Definitive	spondyloepimetaphyseal dysplasia with multiple dislocations
KIF23	AD	Moderate	congenital dyserythropoietic anemia type 3
KIF24	.	No Known Disease Relationship	schizophrenia
KIF26A	AR	Strong	cortical dysplasia, complex, with other brain malformations 11
KIF26B	AD	Limited	multiple congenital anomalies/dysmorphic syndrome
KIF2A	AD	Strong	complex cortical dysplasia with other brain malformations 3
KIF3B	AD	Strong	retinitis pigmentosa 89
KIF4A	XL	Strong	taurodontism, microdontia, and dens invaginatus
KIF5A	AD	Definitive	amyotrophic lateral sclerosis, susceptibility to, 25
KIF5B	AD	Strong	osteogenesis imperfecta
KIF5C	AD	Strong	complex cortical dysplasia with other brain malformations 2
KIF6	AR	Limited	complex neurodevelopmental disorder
KIF7	AR	Definitive	acrocallosal syndrome
KIFBP	AR	Definitive	Goldberg-Shprintzen syndrome
KIRREL1	AR	Moderate	nephrotic syndrome, type 23
KIRREL3	AD	Supportive	autosomal dominant non-syndromic intellectual disability
KISS1	AR/AD	Moderate	hypogonadotropic hypogonadism 13 with or without anosmia
KISS1R	AD/AR	Definitive	hypogonadotropic hypogonadism 8 with or without anosmia
KIT	AD	Definitive	piebaldism
KITLG	AD/AR	Strong	autosomal dominant nonsyndromic hearing loss 69
KIZ	AR/AD	Definitive	KIZ-related retinopathy
KL	AR	Supportive	tumoral calcinosis, hyperphosphatemic, familial, 1
KLB	AD	Strong	hypogonadotropic hypogonadism
KLC2	AR	Strong	spastic paraplegia, optic atropy, and neuropathy
KLC4	AR	Limited	early-childhood-onset neurodegeneration with retinitis pigmentosa, sensorineural hearing loss, and demyelinating peripheral neuropathy
KLF10	AD	Limited	hypertrophic cardiomyopathy
KLF11	AD	Strong	maturity-onset diabetes of the young type 7
KLF13	AD	Moderate	congenital heart disease
KLF1	AD/AR	Definitive	congenital dyserythropoietic anemia type 4
KLF2	AD	Limited	pulmonary arterial hypertension
KLF4	AD	Strong	hereditary palmoplantar keratoderma
KLF7	AD	Strong	neurodevelopmental disorder
KLHDC8B	AD	Limited	classic Hodgkin lymphoma
KLHL10	AD	Moderate	spermatogenic failure 11
KLHL13	XL	Limited	neurodevelopmental disorder
KLHL15	AD/XL	Strong	intellectual disability, X-linked 103
KLHL20	AD/AR	Strong	neurodevelopmental disorder
KLHL24	AD/AR	Strong	epidermolysis bullosa simplex 6, generalized, with scarring and hair loss
KLHL25	.	No Known Disease Relationship	schizophrenia
KLHL3	AD/AR/SD	Definitive	pseudohypoaldosteronism type 2D
KLHL40	AR	Definitive	nemaline myopathy 8
KLHL41	AR/AD	Strong	nemaline myopathy 9
KLHL7	AD/AR	Definitive	PERCHING syndrome
KLHL9	AD	Moderate	distal myopathy
KLK11	AD	Strong	ichthyosis with erythrokeratoderma
KLK1	AD	Limited	pulmonary arterial hypertension
KLK4	AR	Strong	amelogenesis imperfecta type 2A1
KLKB1	AR	Definitive	inherited prekallikrein deficiency
KLLN	.	No Known Disease Relationship	Cowden syndrome 4
KMO	AR	Limited	pellagra
KMT2A	AD	Definitive	Wiedemann-Steiner syndrome
KMT2B	AD	Definitive	dystonia 28, childhood-onset
KMT2C	AD	Definitive	Kleefstra syndrome 2
KMT2D	AD	Definitive	Kabuki syndrome 1
KMT2E	AD	Definitive	complex neurodevelopmental disorder
KMT5B	AD	Definitive	complex neurodevelopmental disorder
KNG1	AR/AD	Definitive	congenital high-molecular-weight kininogen deficiency
KNL1	AR	Strong	microcephaly 4, primary, autosomal recessive
KPNA3	AD	Strong	spastic paraplegia 88, autosomal dominant
KPNA4	AD	Limited	neurodevelopmental disorder
KPNA7	AR	Strong	oocyte/zygote/embryo maturation arrest 17
KPTN	AR	Definitive	complex neurodevelopmental disorder
KRAS	AD	Definitive	Noonan syndrome 3
KREMEN1	AR	Strong	ectodermal dysplasia 13, hair/tooth type
KRIT1	AD	Definitive	cerebral cavernous malformation 1
KRT10	AR/AD	Definitive	annular epidermolytic ichthyosis
KRT12	AD	Definitive	corneal dystrophy, Meesmann, 1
KRT13	AD	Strong	white sponge nevus 2
KRT14	AD/AR	Definitive	epidermolysis bullosa simplex 1A, generalized severe
KRT16	AD	Strong	pachyonychia congenita 1
KRT17	AD	Definitive	sebocystomatosis
KRT18	AR	Limited	cirrhosis, familial
KRT1	AD/AR	Definitive	annular epidermolytic ichthyosis
KRT20	.	No Known Disease Relationship	schizophrenia
KRT25	AR/AD	Strong	wooly hair, autosomal recessive 3
KRT2	AD	Definitive	superficial epidermolytic ichthyosis
KRT3	AD	Strong	corneal dystrophy, Meesmann, 1
KRT4	AD	Strong	white sponge nevus 1
KRT5	AD/AR	Definitive	epidermolysis bullosa simplex 1A, generalized severe
KRT6A	AD	Strong	pachyonychia congenita 3
KRT6B	AD	Strong	pachyonychia congenita 4
KRT6C	AD	Strong	palmoplantar keratoderma, nonepidermolytic, focal or diffuse
KRT71	AD	Moderate	hypotrichosis 13
KRT74	AD/AR	Strong	autosomal dominant wooly hair
KRT81	AD	Strong	monilethrix-1
KRT83	AD/AR	Strong	monilethrix
KRT85	AR/AD	Definitive	ectodermal dysplasia 4, hair/nail type
KRT86	AD	Strong	monilethrix
KRT8	AR/AD	Limited	cirrhosis, familial
KRT9	AD	Definitive	epidermolytic palmoplantar keratoderma, 1
KY	AR	Strong	myofibrillar myopathy 7
KYNU	AR	Definitive	vertebral, cardiac, renal, and limb defects syndrome 2
L1CAM	XL	Definitive	L1 syndrome
L2HGDH	AR	Definitive	L-2-hydroxyglutaric aciduria
LACC1	AR	Strong	juvenile arthritis due to defect in LACC1
LAGE3	XL/AR	Strong	Galloway-Mowat syndrome 2, X-linked
LAMA1	AR	Definitive	ataxia - intellectual disability - oculomotor apraxia - cerebellar cysts syndrome
LAMA2	AR	Definitive	LAMA2-related muscular dystrophy
LAMA3	AR	Definitive	junctional epidermolysis bullosa
LAMA4	AD/AR	Strong	dilated cardiomyopathy 1JJ
LAMA5	AR/AD	Definitive	LAMA5-related multisystemic syndrome
LAMB1	AR/AD	Strong	cobblestone lissencephaly without muscular or ocular involvement
LAMB2	AR	Definitive	Pierson syndrome
LAMB3	AR/AD/SD	Definitive	junctional epidermolysis bullosa, non-Herlitz type
LAMC2	AR	Definitive	junctional epidermolysis bullosa
LAMC3	AR	Definitive	occipital pachygyria and polymicrogyria
LAMP2	XL	Definitive	Danon disease
LAMP3	AR	Strong	interstitial lung disease
LAMTOR2	AR	Moderate	primary immunodeficiency syndrome due to p14 deficiency
LARGE1	AR	Definitive	muscular dystrophy-dystroglycanopathy
LARP1	AD	Strong	neurodevelopmental disorder
LARP7	AR	Definitive	microcephalic primordial dwarfism, Alazami type
LARS1	AR	Strong	infantile liver failure syndrome 1
LARS2	AR	Definitive	Perrault syndrome
LAS1L	XL	Strong	Wilson-Turner syndrome
LAT	AR	Definitive	severe combined immunodeficiency due to LAT deficiency
LBR	AD/AR	Definitive	Greenberg dysplasia
LBX1	AR	Moderate	central hypoventilation syndrome, congenital, 3
LCA5	AR/AD	Definitive	Leber congenital amaurosis 5
LCAT	AR	Definitive	LCAT deficiency
LCK	AR	Definitive	severe combined immunodeficiency due to LCK deficiency
LCN12	.	No Known Disease Relationship	Tourette syndrome
LCP1	AD	Moderate	bone marrow failure syndrome
LCP2	AR	Definitive	immunodeficiency 81
LCT	AR	Strong	congenital lactase deficiency
LDB1	AD	Strong	congenital hydrocephalus
LDB3	AD/AR	Strong	cardiomyopathy, dilated, 2l
LDHA	AR	Strong	glycogen storage disease due to lactate dehydrogenase M-subunit deficiency
LDHB	AD/AR	Supportive	glycogen storage disease due to lactate dehydrogenase H-subunit deficiency
LDLRAP1	AR	Definitive	hypercholesterolemia, familial, 4
LDLR	SD/AD/AR	Definitive	hypercholesterolemia, familial, 1
LEF1	AD/AR	Strong	ectodermal dysplasia 17 with or without limb malformations
LEFTY2	AD	Limited	visceral heterotaxy
LEMD2	AR/AD	Strong	Marbach-Rustad progeroid syndrome
LEMD3	AD	Definitive	Buschke-Ollendorff syndrome
LEO1	AD	Moderate	neurodevelopmental disorder
LEP	AR	Definitive	obesity due to congenital leptin deficiency
LEPR	AR	Strong	obesity due to leptin receptor gene deficiency
LETM1	AR	Strong	neurodegeneration, childhood-onset, with multisystem involvement due to mitochondrial dysfunction
LFNG	AR	Definitive	spondylocostal dysostosis 3, autosomal recessive
LGALSL	.	Limited	amyotrophic lateral sclerosis
LGI1	AD	Definitive	autosomal dominant epilepsy with auditory features
LGI3	AR	Strong	neurodevelopmental disorder
LGI4	AR	Strong	arthrogryposis multiplex congenita 1, neurogenic, with myelin defect
LGR4	SD	Moderate	syndromic disease
LHB	AR	Strong	hypogonadotropic hypogonadism 23 with or without anosmia
LHCGR	AR/AD	Strong	Leydig cell hypoplasia, type 1
LHFPL5	AR	Definitive	nonsyndromic genetic hearing loss
LHX2	AD	Strong	complex neurodevelopmental disorder
LHX3	AR/AD	Definitive	non-acquired combined pituitary hormone deficiency with spine abnormalities
LHX4	AD	Definitive	short stature-pituitary and cerebellar defects-small sella turcica syndrome
LHX6	.	No Known Disease Relationship	schizophrenia
LHX8	AD	Limited	inherited primary ovarian failure
LIAS	AR	Strong	lipoic acid synthetase deficiency
LIFR	AR/AD	Definitive	Stüve-Wiedemann syndrome
LIG1	AR	Definitive	immunodeficiency 96
LIG3	AR	Definitive	mitochondrial disease
LIG4	AR	Definitive	DNA ligase IV deficiency
LIM2	AR/AD	Definitive	cataract 19 multiple types
Limited	.	.	22/03/2019
LIMS2	AR	Limited	autosomal recessive limb-girdle muscular dystrophy type 2W
LINGO1	AR	Strong	intellectual disability, autosomal recessive 64
LINGO4	AR	Strong	neurodevelopmental disorder
LINS1	AR	Definitive	complex neurodevelopmental disorder
LIPA	AR	Definitive	lysosomal acid lipase deficiency
LIPC	AR/SD	Strong	hyperlipidemia due to hepatic triglyceride lipase deficiency
LIPE	AR	Definitive	LIPE-related familial partial lipodystrophy
LIPH	AR/AD	Definitive	hypotrichosis 7
LIPI	AD	Limited	hypertriglyceridemia
LIPN	AR	Strong	autosomal recessive congenital ichthyosis 8
LIPT1	AR	Strong	lipoyl transferase 1 deficiency
LIPT2	AR	Strong	encephalopathy, neonatal severe, with lactic acidosis and brain abnormalities
LITAF	AD	Definitive	Charcot-Marie-Tooth disease
LLGL1	.	No Known Disease Relationship	Tourette syndrome
LMAN1	AR	Definitive	factor V and factor VIII, combined deficiency of, type 1
LMAN2L	AR/AD	Moderate	intellectual developmental disorder, autosomal dominant 69
LMBR1	AR/AD	Strong	acheiropody
LMBRD1	AR	Definitive	methylmalonic aciduria and homocystinuria type cblF
LMBRD2	AD	Strong	developmental delay with variable neurologic and brain abnormalities
LMF1	AR	Strong	lipase deficiency, combined
LMNA	AD/SD/AR	Definitive	dilated cardiomyopathy 1A
LMNB1	AD	Definitive	microcephaly 26, primary, autosomal dominant
LMNB2	AR/AD	Strong	progressive myoclonic epilepsy type 9
LMOD1	AR/AD	Moderate	megacystis-microcolon-intestinal hypoperistalsis syndrome 3
LMOD2	AR	Definitive	cardiomyopathy, dilated, 2G
LMOD3	AR/AD	Definitive	nemaline myopathy 10
LMTK3	AD	Limited	complex neurodevelopmental disorder
LMX1A	AD/AR/SD	Definitive	autosomal dominant nonsyndromic hearing loss
LMX1B	AD	Definitive	nail-patella syndrome
LNPK	AR	Strong	neurodevelopmental disorder with epilepsy and hypoplasia of the corpus callosum
LONP1	AD/AR/XL	Strong	CODAS syndrome
LORICRIN	AD	Strong	loricrin keratoderma
LOX	AD	Strong	familial thoracic aortic aneurysm and aortic dissection
LOXHD1	AR/AD	Definitive	autosomal recessive nonsyndromic hearing loss 77
LOXL3	AR	Strong	myopia 28, autosomal recessive
LOXL4	AD	Limited	skeletal dysplasia
LPAR6	AR/AD	Strong	hypotrichosis 8
LPIN1	AR/AD	Definitive	myoglobinuria, acute recurrent, autosomal recessive
LPIN2	AR	Definitive	Majeed syndrome
LPL	AR/AD/SD	Definitive	familial lipoprotein lipase deficiency
LRAT	AR/AD	Definitive	inherited retinal dystrophy
LRBA	AR	Definitive	combined immunodeficiency due to LRBA deficiency
LRIF1	AR	Moderate	facioscapulohumeral muscular dystrophy
LRIG2	AR	Strong	urofacial syndrome 2
LRIT3	AR	Strong	congenital stationary night blindness 1F
LRMDA	AR	Strong	oculocutaneous albinism type 7
LRP12	AD	Strong	oculopharyngodistal myopathy 1
LRP1	AD/AR	Moderate	developmental dysplasia of the hip 3
LRP2	AD/AR	Definitive	Donnai-Barrow syndrome
LRP4	SD/AR/AD	Definitive	Cenani-Lenz syndactyly syndrome
LRP5	SD/AD/AR	Definitive	exudative vitreoretinopathy 4
LRP6	AD	Definitive	tooth agenesis
LRP8	.	No Known Disease Relationship	Tourette syndrome
LRPAP1	AR	Definitive	myopia 23, autosomal recessive
LRPPRC	AR	Definitive	Leigh syndrome
LRRC10	.	No Known Disease Relationship	dilated cardiomyopathy
LRRC23	AR	Moderate	spermatogenic failure 92
LRRC32	AR	Strong	cleft palate, proliferative retinopathy, and developmental delay
LRRC45	AR	Moderate	neurodevelopmental disorder
LRRC56	AR/AD	Strong	ciliary dyskinesia, primary, 39
LRRC7	AD	Strong	neurodevelopmental disorder
LRRC8A	AD/AR	Supportive	autosomal agammaglobulinemia
LRRC8C	AD	Moderate	telangiectasia, impaired intellectual development, microcephaly, metaphyseal dysplasia, eye abnormalities, and short stature
LRRFIP1	.	No Known Disease Relationship	schizophrenia
LRRK1	AR	Strong	osteosclerotic metaphyseal dysplasia
LRRK2	AD	Definitive	Parkinson disease
LRSAM1	AD/AR	Definitive	Charcot-Marie-Tooth disease axonal type 2P
LRTOMT	AR	Definitive	autosomal recessive nonsyndromic hearing loss 63
LSM11	AR	Limited	Aicardi-Goutieres syndrome 8
LSM1	AR	Limited	neurodevelopmental disorder
LSM7	AR	Moderate	leukodystrophy
LSR	AR	Moderate	intrahepatic cholestasis
LSS	AR/AD	Strong	cataract 44
LTBP1	AR	Strong	cutis laxa, autosomal recessive, type 2E
LTBP2	AR/AD	Definitive	glaucoma 3, primary congenital, D
LTBP3	AD/AR	Definitive	brachyolmia-amelogenesis imperfecta syndrome
LTBP4	AR	Strong	cutis laxa with severe pulmonary, gastrointestinal and urinary anomalies
LTV1	AR	Moderate	inflammatory poikiloderma with hair abnormalities and acral keratoses
LY96	AR	Limited	inborn error of immunity
LYN	AD	Strong	autoinflammatory disease, systemic, with vasculitis
LYPD6	.	No Known Disease Relationship	Tourette syndrome
LYRM4	AR	Moderate	combined oxidative phosphorylation deficiency 19
LYRM7	AR	Definitive	mitochondrial disease
LYSET	AR	Strong	dysostosis multiplex, Ain-Naz type
LYST	AR	Definitive	Chediak-Higashi syndrome
LYZ	AD	Strong	familial visceral amyloidosis
LZTFL1	AR	Definitive	LZTFL1-related ciliopathy
LZTR1	AR/AD	Definitive	Noonan syndrome 10
M1AP	AR	Strong	spermatogenic failure 48
MAB21L1	AR	Definitive	cerebellar, ocular, craniofacial, and genital syndrome
MAB21L2	SD/AD/AR	Definitive	colobomatous microphthalmia-rhizomelic dysplasia syndrome
MACF1	AD	Strong	lissencephaly 9 with complex brainstem malformation
MACROD2	AD	Limited	syndromic disease
MACROH2A1	AD	Supportive	brachydactyly-elbow wrist dysplasia syndrome
MAD1L1	AR	Limited	mosaic variegated aneuploidy syndrome 7 with inflammation and tumor predisposition
MAD2L2	AR	Supportive	Fanconi anemia
MADD	AR/AD	Strong	neurodevelopmental disorder with dysmorphic facies, impaired speech, and hypotonia
MAF	AD/AR	Definitive	cataract 21 multiple types
MAFB	AD	Definitive	multicentric carpo-tarsal osteolysis with or without nephropathy
MAG	AR	Definitive	complex hereditary spastic paraplegia
MAGED2	XL	Definitive	Bartter disease type 5
MAGEE2	XL	Moderate	male infertility with azoospermia or oligozoospermia due to single gene mutation
MAGEL2	AD	Definitive	Schaaf-Yang syndrome
MAGI2	AR/AD	Strong	nephrotic syndrome 15
MAGT1	XL	Definitive	X-linked immunodeficiency with magnesium defect, Epstein-Barr virus infection and neoplasia
MAK	AR/AD	Definitive	MAK-related retinopathy
MAL	AR	Moderate	leukodystrophy, hypomyelinating, 28
MALT1	AR	Definitive	combined immunodeficiency due to MALT1 deficiency
MAMDC2	AD/AR	Moderate	muscular dystrophy
MAMDC4	.	No Known Disease Relationship	schizophrenia
MAML2	.	No Known Disease Relationship	congenital heart disease
MAMLD1	XL	Strong	hypospadias 2, X-linked
MAN1B1	AR	Definitive	MAN1B1-congenital disorder of glycosylation
MAN2A2	AR	Moderate	disorder of glycosylation
MAN2B1	AR	Definitive	alpha-mannosidosis
MAN2B2	AR	Moderate	congenital disorder of glycosylation
MAN2C1	AR	Strong	congenital disorder of deglycosylation 2
MANBA	AR/AD	Definitive	beta-mannosidosis
MANF	AR	Moderate	diabetes, deafness, developmental delay, and short stature syndrome
MAOA	XL	Definitive	Brunner syndrome
MAOB	AD	Limited	cerebral palsy
MAP1B	AD	Strong	periventricular nodular heterotopia
MAP1LC3B2	AD	Limited	hereditary predisposition to infections
MAP2K1	AD	Definitive	cardiofaciocutaneous syndrome
MAP2K2	AD	Definitive	cardiofaciocutaneous syndrome
MAP2K7	.	No Known Disease Relationship	schizophrenia
MAP3K14	AR	Strong	NIK deficiency
MAP3K1	AD	Definitive	46,XY sex reversal 6
MAP3K20	AR/AD	Strong	myopathy, centronuclear, 6, with fiber-type disproportion
MAP3K3	AD	Strong	cerebral cavernous malformations 5
MAP3K6	AD	Supportive	hereditary diffuse gastric adenocarcinoma
MAP3K7	AD	Strong	cardiospondylocarpofacial syndrome
MAP4K4	AD	Strong	RASopathy
MAP7D3	XL	Limited	neurodevelopmental disorder
MAPK10	AD	Limited	Lennox-Gastaut syndrome
MAPK1	AD	Strong	Noonan syndrome 13
MAPK8	AD	Moderate	hereditary skin disorder
MAPK8IP1	AD	Limited	diabetes mellitus, noninsulin-dependent
MAPK8IP3	AD	Definitive	neurodevelopmental disorder with or without variable brain abnormalities; NEDBA
MAPKAPK3	AD	Strong	patterned macular dystrophy 3
MAPKAPK5	AR	Strong	neurocardiofaciodigital syndrome
MAPKBP1	AR	Definitive	nephronophthisis 20
MAPRE2	AD/AR/SD	Definitive	skin creases, congenital symmetric circumferential, 2
MAPT	AD/AR	Strong	supranuclear palsy, progressive, 1
MARCHF6	AD	Supportive	benign adult familial myoclonic epilepsy
MARK2	AD	Strong	neurodevelopmental disorder
MARK3	AR	Limited	visual impairment and progressive phthisis bulbi
MARK4	AD	Limited	neurodevelopmental disorder
MARS1	AD/AR	Strong	severe early-onset pulmonary alveolar proteinosis due to MARS deficiency
MARS2	AR	Definitive	mitochondrial disease
MARVELD2	AR	Definitive	nonsyndromic genetic hearing loss
MASP1	AR	Definitive	3MC syndrome 1
MASP2	AR	Strong	immunodeficiency due to MASP-2 deficiency
MAST1	AD	Strong	mega-corpus-callosum syndrome with cerebellar hypoplasia and cortical malformations
MAST2	AD	Limited	thrombotic disease
MAST3	AD	Strong	developmental and epileptic encephalopathy 108
MAST4	AD	Strong	neurodevelopmental disorder
MASTL	AD	Supportive	autosomal thrombocytopenia with normal platelets
MAT1A	AD/AR	Definitive	methionine adenosyltransferase deficiency
MAT2A	AD	Moderate	thoracic aortic aneurysm
MATN3	AR/AD	Definitive	multiple epiphyseal dysplasia type 5
MATR3	AD	Definitive	distal myopathy with vocal cord weakness
MAU2	AD	Limited	neurodevelopmental disorder
MAX	AD	Definitive	pheochromocytoma
MB	AD	Strong	myopathy, sarcoplasmic body
MBD4	AR/AD	Strong	tumor predisposition syndrome 2
MBD5	AD	Definitive	complex neurodevelopmental disorder
MBL2	AD	Limited	mannose-binding lectin deficiency
MBOAT7	AR	Definitive	complex neurodevelopmental disorder
MBTPS1	AR	Definitive	spondyloepiphyseal dysplasia, kondo-fu type
MBTPS2	XL/AD	Definitive	IFAP syndrome 1, with or without BRESHECK syndrome
MC1R	AR	Moderate	oculocutaneous albinism type 2
MC2R	AR	Definitive	glucocorticoid deficiency 1
MC3R	AD	Limited	body mass index quantitative trait locus 9
MC4R	AD/SD	Strong	inherited obesity
MCAT	AR	Moderate	optic atrophy 15
MCCC1	AR	Definitive	3-methylcrotonyl-CoA carboxylase 1 deficiency
MCCC2	AR	Definitive	3-methylcrotonyl-CoA carboxylase 2 deficiency
MCEE	AR	Definitive	methylmalonic acidemia due to methylmalonyl-CoA epimerase deficiency
MCF2L	AD	Limited	vascular malformation
MCF2	XL	Limited	polymicrogyria, bilateral perisylvian, X-linked
MCFD2	AR	Definitive	factor 5 and Factor VIII, combined deficiency of, 2
MCIDAS	AR/AD	Definitive	ciliary dyskinesia, primary, 42
MCM10	AR	Moderate	immunodeficiency 80 with or without congenital cardiomyopathy
MCM2	AD	Strong	autosomal dominant nonsyndromic hearing loss 70
MCM3AP	AR	Definitive	peripheral neuropathy, autosomal recessive, with or without impaired intellectual development
MCM4	AR	Strong	primary immunodeficiency with natural-killer cell deficiency and adrenal insufficiency
MCM5	AR	Limited	Meier-Gorlin syndrome 8
MCM6	AD	Strong	neurodevelopmental disorder
MCM7	AR	Moderate	syndromic disease
MCM8	AR/AD	Strong	premature ovarian failure 10
MCM9	AR/AD	Definitive	premature ovarian failure 10
MCOLN1	AR/AD	Definitive	mucolipidosis type IV
MCPH1	AR	Definitive	microcephaly with intellectual disability
MCTP2	AD	Limited	congenital heart defects, multiple types
MCTS1	XL	Strong	immunodeficiency 118
MDFIC	AR	Strong	lymphatic malformation 12
MDGA2	AR	Moderate	developmental and epileptic encephalopathy
MDH1	AR	Moderate	developmental and epileptic encephalopathy, 88
MDH2	AR/AD	Strong	developmental and epileptic encephalopathy, 51
MDM2	AD/AR	Moderate	lessel-kubisch syndrome
MDM4	AD	Moderate	bone marrow failure syndrome 6
ME2	AR	Limited	inborn disorder of energy metabolism
MECOM	AD	Definitive	radioulnar synostosis with amegakaryocytic thrombocytopenia 2
MECP2	XL/AD	Definitive	Rett syndrome
MECR	AR	Strong	dystonia, childhood-onset, with optic atrophy and basal ganglia abnormalities
MED11	AR	Strong	neurodegeneration with developmental delay, early respiratory failure, myoclonic seizures, and brain abnormalities
MED12L	AD	Definitive	Nizon-Isidor syndrome
MED12	XL	Definitive	MED12-related intellectual disability syndrome
MED13	AD	Definitive	intellectual developmental disorder 61
MED13L	AD	Definitive	syndromic intellectual disability
MED16	AR	Strong	complex neurodevelopmental disorder
MED17	AR	Definitive	infantile cerebral and cerebellar atrophy with postnatal progressive microcephaly
MED22	AR	Moderate	complex neurodevelopmental disorder
MED23	AR	Strong	intellectual disability, autosomal recessive 18
MED25	AR	Definitive	congenital cataract-microcephaly-nevus flammeus simplex-severe intellectual disability syndrome
MED27	AR	Definitive	neurodevelopmental disorder with spasticity, cataracts, and cerebellar hypoplasia
MEF2A	AD	Limited	coronary artery disease, autosomal dominant, 1
MEF2C	AD	Definitive	neurodevelopmental disorder with hypotonia, stereotypic hand movements, and impaired language
MEFV	SD/AR/AD	Definitive	familial Mediterranean fever
MEGF10	AR	Definitive	MEGF10-related myopathy
MEGF8	AR	Definitive	MEGF8-related Carpenter syndrome
MEI1	AR	Strong	hydatidiform mole, recurrent, 3
MEI4	SD	Strong	infertility disorder
MEIOB	AR/AD	Strong	spermatogenic failure 22
MEIS1	AD	Limited	thrombocytopenia
MEIS2	AD	Definitive	syndromic intellectual disability
MEN1	AD	Definitive	multiple endocrine neoplasia type 1
MEOX1	AR/AD	Strong	Klippel-Feil syndrome 2, autosomal recessive
MEPCE	AD	Limited	neurodevelopmental disorder
MEPE	AD	Moderate	nonsyndromic genetic hearing loss
MERTK	AR/AD	Definitive	MERTK-related retinopathy
MESD	AR/AD	Strong	osteogenesis imperfecta, type 20
MESP1	AD	Moderate	congenital heart disease
MESP2	AR	Definitive	spondylocostal dysostosis 2, autosomal recessive
MET	AD/AR	Definitive	hereditary papillary renal cell carcinoma
METAP1	AR	Limited	neurodevelopmental disorder
METTL23	AR	Definitive	intellectual disability, autosomal recessive 44
METTL4	AR	Limited	complex neurodevelopmental disorder
METTL5	AR	Strong	intellectual developmental disorder, autosomal recessive 72
MFAP5	AD	Strong	aortic aneurysm, familial thoracic 9
MFF	AR	Definitive	encephalopathy due to defective mitochondrial and peroxisomal fission 2
MFN2	SD/AR/AD	Definitive	Charcot-Marie-Tooth disease type 2A2
MFRP	AR/AD	Definitive	isolated microphthalmia 5
MFSD2A	AR	Definitive	microcephaly 15, primary, autosomal recessive
MFSD6L	AR	Limited	cataract
MFSD8	AR	Definitive	neuronal ceroid lipofuscinosis
MGAM	.	No Known Disease Relationship	Tourette syndrome
MGAT2	AR	Definitive	MGAT2-congenital disorder of glycosylation
MGME1	AR	Definitive	mitochondrial disease
MGP	AR/AD	Definitive	Keutel syndrome
MIA3	AR	Strong	odontochondrodysplasia 2 with hearing loss and diabetes
MIB1	AD	Moderate	left ventricular noncompaction 7
MICAL1	AD	Moderate	autosomal dominant epilepsy with auditory features
MICOS13	AR	Definitive	mitochondrial disease
MICU1	AR	Definitive	proximal myopathy with extrapyramidal signs
MICU2	AR	Limited	mitochondrial disease
MID1	XL	Definitive	X-linked Opitz G/BBB syndrome
MID2	XL	Supportive	non-syndromic X-linked intellectual disability
MIEF1	AD	Limited	optic atrophy 14
MIEF2	AR	Limited	combined oxidative phosphorylation deficiency 49
MIF	AR/AD	Supportive	cystic fibrosis
(MIM# 616154). Per criteria outlined by the ClinGen Lumping and Splitting Working Group, we found differences in the molecular mechanisms, inheritance patterns AND phenotypic presentation. Therefore, we have split curations for the disease entities, FAR1 deficiency and FAR1 dysregulation (terms introduced by the peroxisomal GCEP).	.	.	https://clinicalgenome.org/docs/gene-disease-validity-standard-operating-procedures-version-11/
(MIM# 616154). Per criteria outlined by the ClinGen Lumping and Splitting Working Group, we found differences in the molecular mechanisms, inheritance patterns AND phenotypic presentation. Therefore, we have split curations for the disease entities, FAR1 deficiency and FAR1 upregulation (terms introduced by the peroxisomal GCEP).	.	.	https://clinicalgenome.org/docs/gene-disease-validity-standard-operating-procedures-version-11/
MINAR2	AR	Strong	hearing loss, autosomal recessive 120
MINPP1	AR	Definitive	pontocerebellar hypoplasia
MIP	AD	Definitive	cataract 15 multiple types
MIPEP	AR	Strong	lethal left ventricular non-compaction-seizures-hypotonia-cataract-developmental delay syndrome
MIR140	AD	Strong	spondyloepiphyseal dysplasia, nishimura type
MIR145	AD	Limited	multisystemic smooth muscle dysfunction syndrome
MIR17HG	AD	Strong	Feingold syndrome type 2
MIR184	AD	Definitive	EDICT syndrome
MIR204	AD	Strong	familial progressive retinal dystrophy-iris coloboma-congenital cataract syndrome
MIR96	AD	Strong	autosomal dominant nonsyndromic hearing loss 50
MITF	AD/AR	Definitive	Waardenburg syndrome type 2A
MKKS	AR	Definitive	MKKS-related ciliopathy
MKRN3	AD	Strong	precocious puberty, central, 2
MKS1	AR	Definitive	ciliopathy
MLC1	AR/AD	Definitive	megalencephalic leukoencephalopathy with subcortical cysts 1
MLH1	AD/AR	Definitive	mismatch repair cancer syndrome 1
MLH3	AR/AD	Moderate	colorectal cancer, hereditary nonpolyposis, type 7
MLIP	AR	Strong	myopathy with myalgia, increased serum creatine kinase, and with or without episodic rhabdomyolysis 1
MLPH	AR	Strong	Griscelli syndrome type 3
MLYCD	AR	Definitive	malonic aciduria
MMAA	AR	Definitive	methylmalonic aciduria, cblA type
MMAB	AR	Definitive	methylmalonic aciduria, cblB type
MMACHC	AR	Definitive	methylmalonic aciduria and homocystinuria type cblC
MMADHC	AR	Definitive	inborn disorder of cobalamin metabolism and transport
MME	AR/AD/SD	Definitive	Charcot-Marie-Tooth disease axonal type 2T
MMGT1	AD	Moderate	neurodevelopmental disorder
MMP13	AR/AD	Definitive	spondyloepimetaphyseal dysplasia, Missouri type
MMP14	AR	Moderate	Winchester syndrome
MMP15	AR	Moderate	Alagille syndrome
MMP19	AD	Supportive	familial cavitary optic disk anomaly
MMP20	AR	Strong	amelogenesis imperfecta hypomaturation type 2A2
MMP21	AR/AD	Definitive	heterotaxy, visceral, 7, autosomal
MMP2	AR	Strong	multicentric osteolysis, nodulosis, and arthropathy
MMP9	AD/AR	Strong	metaphyseal anadysplasia 2
MMRN1	AR	Moderate	male infertility with azoospermia or oligozoospermia due to single gene mutation
MMS19	AR	Limited	neurodegenerative disease
MMUT	AR	Definitive	methylmalonic aciduria due to methylmalonyl-CoA mutase deficiency
MN1	AD	Definitive	CEBALID syndrome
MNS1	AR	Strong	heterotaxy, visceral, 9, autosomal, with male infertility
MNX1	AR/AD	Definitive	Currarino triad
MOCOS	AR	Definitive	xanthinuria type II
MOCS1	AR	Definitive	sulfite oxidase deficiency due to molybdenum cofactor deficiency type A
MOCS2	AR	Definitive	sulfite oxidase deficiency due to molybdenum cofactor deficiency type B1
MOCS3	AR	Moderate	sulfite oxidase deficiency due to molybdenum cofactor deficiency
Moderate	.	.	.
MOG	AD	Limited	narcolepsy 7
MOGS	AR	Definitive	MOGS-congenital disorder of glycosylation
MORC2	AD	Definitive	Charcot-Marie-Tooth disease axonal type 2Z
MORN5	.	No Known Disease Relationship	isolated cleft palate
MOS	AR	Strong	oocyte/zygote/embryo maturation arrest 20
MOSPD2	XL	Limited	male infertility with azoospermia or oligozoospermia due to single gene mutation
MOV10L1	AR	Moderate	spermatogenic failure 73
MPC1	AR	Definitive	mitochondrial disease
MPC2	AR	Moderate	mitochondrial pyruvate carrier deficiency
MPDU1	AR	Definitive	MPDU1-congenital disorder of glycosylation
MPDZ	AR	Strong	hydrocephalus, nonsyndromic, autosomal recessive 2
MPEG1	AD	Strong	immunodeficiency 77
MPG	.	No Known Disease Relationship	schizophrenia
MPI	AR	Definitive	MPI-congenital disorder of glycosylation
MPIG6B	AR	Definitive	thrombocytopenia, anemia, and myelofibrosis
MPL	AD/AR	Definitive	thrombocythemia 2
MPLKIP	AR	Definitive	trichothiodystrophy 4, nonphotosensitive
MPO	AR	Moderate	myeloperoxidase deficiency
MPST	.	No Known Disease Relationship	encephalopathy due to beta-mercaptolactate-cysteine disulfiduria
MPV17	AR	Definitive	mitochondrial disease
MPZ	AD/SD	Definitive	Charcot-Marie-Tooth disease
MPZL2	AR	Definitive	hearing loss, autosomal recessive 111
MRAP	AR	Definitive	glucocorticoid deficiency 2
MRAS	AD	Definitive	Noonan syndrome 11
MRC2	AD	Limited	cardiac rhythm disease
MRE11	AR	Definitive	ataxia-telangiectasia-like disorder 1
MRM2	AR	Strong	mitochondrial DNA depletion syndrome 17
MRPL12	AR	Limited	combined oxidative phosphorylation deficiency 45
MRPL24	AR	Limited	mitochondrial disease
MRPL38	AR	Limited	mitochondrial disease
MRPL39	AR	Strong	combined oxidative phosphorylation deficiency 59
MRPL3	AR	Strong	combined oxidative phosphorylation defect type 9
MRPL42	AR	Limited	complex neurodevelopmental disorder
MRPL44	AR	Definitive	mitochondrial disease
MRPL49	AR	Strong	mitochondrial disease
MRPL50	AR	Moderate	mitochondrial disease
MRPS14	AR	Moderate	combined oxidative phosphorylation deficiency 38
MRPS16	AR	Moderate	combined oxidative phosphorylation defect type 2
MRPS22	AR/AD	Definitive	mitochondrial disease
MRPS23	AR	Strong	combined oxidative phosphorylation deficiency 45
MRPS25	AR	Limited	mitochondrial disease
MRPS28	AR	Limited	combined oxidative phosphorylation deficiency 47
MRPS2	AR	Strong	combined oxidative phosphorylation deficiency 36
MRPS34	AR	Strong	combined oxidative phosphorylation deficiency 32
MRPS7	AR	Moderate	combined oxidative phosphorylation deficiency 34
MRTFA	AR	Moderate	immunodeficiency 66
MRTFB	AD	Moderate	neurodevelopmental disorder
MS4A1	AR	Moderate	immunodeficiency, common variable, 5
MS4A2	.	No Known Disease Relationship	IgE responsiveness, atopic
MSGN1	AR	Limited	skeletal dysplasia
MSH2	AD/AR	Definitive	Lynch syndrome 1
MSH3	AR	Definitive	familial adenomatous polyposis 4
MSH4	AR	Strong	premature ovarian failure 20
MSH5	AR	Strong	spermatogenic failure 74
MSH6	AD/AR	Definitive	mismatch repair cancer syndrome 1
MSI1	AR	Limited	microcephaly
MSL2	AD	Definitive	Karayol-Borroto-Haghshenas neurodevelopmental syndrome
MSL3	XL	Definitive	Basilicata-Akhtar syndrome
MSMB	AD	Limited	prostate cancer, hereditary, 13
MSMO1	AR	Strong	microcephaly-congenital cataract-psoriasiform dermatitis syndrome
MSN	XL	Definitive	combined immunodeficiency due to moesin deficiency
MSR1	AD	Limited	Barrett esophagus
MSRB3	AR	Definitive	nonsyndromic genetic hearing loss
MST1	AR	Moderate	combined immunodeficiency due to STK4 deficiency
MST1R	AD	Limited	nasopharyngeal carcinoma, susceptibility to, 3
MSTN	AR	Limited	myostatin-related muscle hypertrophy
MSTO1	AR/AD	Definitive	mitochondrial disease
MSX1	AD	Definitive	tooth agenesis, selective, 1
MSX2	AD	Definitive	parietal foramina
MTAP	AD	Strong	diaphyseal medullary stenosis-bone malignancy syndrome
MT-ATP6	MT/AD/AR	Definitive	mitochondrial disease
MT-ATP8	MT/AR	Supportive	mitochondrial proton-transporting ATP synthase complex deficiency
MTCL1	AR	Strong	hereditary neurological disease
MT-CO1	MT/AD/AR	Definitive	mitochondrial disease
MT-CO2	MT/AR	Definitive	mitochondrial disease
MT-CO3	MT/AD/AR	Definitive	mitochondrial disease
MT-CYB	MT/AR	Definitive	mitochondrial disease
MTF1	AD	Limited	intellectual disability
MTFMT	AR	Definitive	Leigh syndrome
MTHFD1	AR	Definitive	combined immunodeficiency and megaloblastic anemia with or without hyperhomocysteinemia
MTHFR	AR	Definitive	homocystinuria due to methylene tetrahydrofolate reductase deficiency
MTHFS	AR	Strong	neurodevelopmental disorder with microcephaly, epilepsy, and hypomyelination
MTM1	XL/XLR	Definitive	X-linked myotubular myopathy
MTMR14	AD	Moderate	autosomal dominant centronuclear myopathy
MTMR2	AR	Definitive	demyelinating hereditary motor and sensory neuropathy
MT-ND1	MT/AR	Definitive	Leigh syndrome
MT-ND2	MT/AR	Moderate	mitochondrial disease
MT-ND3	MT/AR	Definitive	mitochondrial disease
MT-ND4L	MT	Supportive	Leber hereditary optic neuropathy
MT-ND4	MT	Definitive	mitochondrial disease
MT-ND5	MT	Definitive	Leigh syndrome
MT-ND6	MT	Definitive	mitochondrial disease
MTO1	AR	Definitive	mitochondrial disease
MTOR	AD	Definitive	overgrowth syndrome and/or cerebral malformations due to abnormalities in MTOR pathway genes
MTPAP	AR	Definitive	mitochondrial disease
MTR	AR	Definitive	methylcobalamin deficiency type cblG
MTRFR	AR	Definitive	Leigh syndrome
MT-RNR1	MT	Definitive	mitochondrial disease
MT-RNR2	MT	Limited	mitochondrial disease
MTRR	AR	Definitive	methylcobalamin deficiency type cblE
MTSS2	AD	Strong	intellectual developmental disorder with ocular anomalies and distinctive facial features
MT-TA	MT	Definitive	mitochondrial disease
MT-TC	MT	Limited	mitochondrial disease
MT-TD	MT	Moderate	mitochondrial disease
MT-TE	MT	Definitive	mitochondrial disease
MT-TF	MT	Definitive	mitochondrial disease
MT-TG	MT	Moderate	mitochondrial disease
MT-TH	MT	Definitive	mitochondrial disease
MT-TI	MT	Definitive	mitochondrial disease
MT-TK	MT	Definitive	Leigh syndrome
MT-TL1	MT	Definitive	mitochondrial disease
MT-TL2	MT	Definitive	mitochondrial disease
MT-TM	MT	Definitive	mitochondrial disease
MT-TN	MT	Definitive	mitochondrial disease
MTTP	AR	Definitive	abetalipoproteinemia
MT-TP	MT	Definitive	mitochondrial disease
MT-TQ	MT	Limited	mitochondrial disease
MT-TR	MT	Moderate	mitochondrial disease
MT-TS1	MT	Definitive	mitochondrial disease
MT-TS2	MT	Definitive	mitochondrial disease
MT-TT	MT	Moderate	mitochondrial disease
MT-TV	MT	Definitive	mitochondrial disease
MT-TW	MT	Definitive	mitochondrial disease
MT-TY	MT	Definitive	mitochondrial disease
MTX2	AR	Definitive	mandibuloacral dysplasia progeroid syndrome
MUC1	AD	Definitive	tubulointerstitial kidney disease, autosomal dominant, 2
MUC5B	AR/AD	Limited	interstitial lung disease
MUC7	AD	Limited	inherited susceptibility to asthma
MUSK	AR	Definitive	congenital myasthenic syndrome 9
MUTYH	AR/AD	Definitive	familial adenomatous polyposis 2
MVD	AD	Strong	porokeratosis 7, multiple types
MVK	AR/AD	Definitive	mevalonate kinase deficiency
MX2	.	No Known Disease Relationship	Tourette syndrome
MYADML2	AR	Limited	connective tissue disorder
MYBBP1A	AR	Strong	hydrops fetalis
MYBPC1	AD/AR	Strong	lethal congenital contracture syndrome 4
MYBPC3	AD/AR	Definitive	left ventricular noncompaction 10
MYBPHL	.	Limited	familial dilated cardiomyopathy
MYCBP2	AD	Strong	neurodevelopmental disorder
MYCBPAP	AR	Moderate	spermatogenic failure
MYCN	AD	Definitive	Feingold syndrome type 1
MYC	.	No Known Disease Relationship	Burkitt lymphoma
MYD88	AR	Strong	pyogenic bacterial infections due to MyD88 deficiency
MYF5	AR	Strong	ophthalmoplegia, external, with rib and vertebral anomalies
MYF6	AD	Limited	centronuclear myopathy
MYH10	AD	Definitive	complex neurodevelopmental disorder with or without congenital anomalies
MYH11	AD/AR	Definitive	familial thoracic aortic aneurysm and aortic dissection
MYH14	AD	Definitive	autosomal dominant nonsyndromic hearing loss 4A
MYH1	AR	Limited	hereditary skeletal muscle disorder
MYH2	SD/AD/AR	Definitive	myopathy, proximal, and ophthalmoplegia
MYH3	AD/AR	Definitive	Freeman-Sheldon syndrome
MYH6	AD	Definitive	MYH-6 related congenital heart defects
MYH7	AD/AR	Definitive	hypertrophic cardiomyopathy 1
MYH7B	AD	Supportive	left ventricular noncompaction
MYH8	AD	Strong	trismus-pseudocamptodactyly syndrome
MYH9	AD	Definitive	macrothrombocytopenia and granulocyte inclusions with or without nephritis or sensorineural hearing loss
MYL11	AR/AD	Strong	arthrogryposis, distal, type 1C
MYL1	AR	Moderate	congenital myopathy with reduced type 2 muscle fibers
MYL2	AR/AD	Definitive	hypertrophic cardiomyopathy
MYL3	SD/AD	Definitive	hypertrophic cardiomyopathy
MYL4	AD	Strong	atrial fibrillation, familial, 18
MYL9	AR	Strong	megacystis-microcolon-intestinal hypoperistalsis syndrome 4
MYLK2	AD	Limited	hypertrophic cardiomyopathy 1
MYLK3	AR/AD	Moderate	dilated cardiomyopathy
MYLK	AD/AR	Strong	familial thoracic aortic aneurysm and aortic dissection
MYMK	AR	Definitive	Carey-Fineman-Ziter syndrome
MYMX	AR	Strong	Carey-Fineman-Ziter syndrome
MYO10	AR	Definitive	microphthalmia
MYO15A	AR	Definitive	nonsyndromic genetic hearing loss
MYO18B	AR	Definitive	Klippel-Feil anomaly-myopathy-facial dysmorphism syndrome
MYO1A	.	Refuted Evidence	nonsyndromic genetic hearing loss
MYO1C	AD	Supportive	autosomal dominant nonsyndromic hearing loss
MYO1E	AR/AD	Strong	focal segmental glomerulosclerosis 6
MYO1F	.	Disputed Evidence	nonsyndromic genetic hearing loss
MYO1H	AR/AD	Supportive	congenital central hypoventilation syndrome
MYO3A	SD/AR/AD	Definitive	autosomal recessive nonsyndromic hearing loss 30
MYO5A	AR	Definitive	Griscelli syndrome type 1
MYO5B	AR	Definitive	microvillus inclusion disease
MYO6	AD/AR/SD	Definitive	autosomal dominant nonsyndromic hearing loss 22
MYO7A	AD/AR	Definitive	Usher syndrome type 1
MYO9A	AR	Strong	myasthenic syndrome, congenital, 24, presynaptic
MYO9B	AR	Moderate	Charcot-Marie-Tooth disease type 2
MYOC	AD	Definitive	glaucoma 1, open angle, A
MYOCD	AD/AR	Strong	megabladder, congenital
MYOD1	AR	Strong	myopathy, congenital, with diaphragmatic defects, respiratory insufficiency, and dysmorphic facies
MYOF	AD	Limited	angioedema, hereditary, 7
MYOM1	AD/AR	Limited	hypertrophic cardiomyopathy
MYORG	AR/AD/SD	Definitive	basal ganglia calcification, idiopathic, 7, autosomal recessive
MYOT	AD	Strong	myofibrillar myopathy 3
MYOZ2	AD	Limited	hypertrophic cardiomyopathy 16
MYPN	AD/AR	Definitive	MYPN-related myopathy
MYRF	AD	Definitive	cardiac-urogenital syndrome
MYSM1	AR	Definitive	bone marrow failure syndrome 4
MYT1	AD	Strong	oculoauriculovertebral spectrum with radial defects
MYT1L	AD	Definitive	syndromic complex neurodevelopmental disorder
MYZAP	AR	Strong	cardiomyopathy, dilated, 2K
NAA10	XL	Definitive	NAA10-related syndrome
NAA15	AD	Definitive	intellectual disability, autosomal dominant 50
NAA20	AR	Strong	intellectual developmental disorder, autosomal recessive 73
NAA30	AD	Limited	neurodevelopmental disorder
NAA60	AR	Strong	basal ganglia calcification, idiopathic, 9, autosomal recessive
NAA80	AR	Limited	auroneurodental syndrome
NACC1	AD	Definitive	NACC1-related neurodevelopmental disorder with epilepsy, cataracts and episodic irritability
NADK2	AR	Strong	progressive encephalopathy with leukodystrophy due to DECR deficiency
NADSYN1	AR	Strong	vertebral, cardiac, renal, and limb defects syndrome 3
NAE1	AR	Strong	neurodevelopmental disorder with dysmorphic facies and ischiopubic hypoplasia
NAF1	AD	Definitive	pulmonary fibrosis and/or bone marrow failure syndrome, telomere-related, 7
NAGA	AR	Definitive	alpha-N-acetylgalactosaminidase deficiency
NAGLU	AR/AD	Definitive	mucopolysaccharidosis type 3B
NAGS	AR	Definitive	hyperammonemia due to N-acetylglutamate synthase deficiency
NALCN	AR/AD	Definitive	congenital contractures of the limbs and face, hypotonia, and developmental delay
NANOS1	AD	Supportive	male infertility with azoospermia or oligozoospermia due to single gene mutation
NANOS3	SD	Moderate	primary ovarian failure
NANS	AR	Definitive	spondyloepimetaphyseal dysplasia, Genevieve type
NAPB	AR	Definitive	developmental and epileptic encephalopathy 107
NARS1	AR/AD	Definitive	complex neurodevelopmental disorder
NARS2	AD/AR	Definitive	combined oxidative phosphorylation defect type 24
NAT2	AR	Limited	acetylation, slow
NAV2	AR	Moderate	neurodevelopmental disorder
NAV3	AD/AR	Definitive	complex neurodevelopmental disorder
NAXD	AD/AR	Definitive	mitochondrial disease
NAXE	AR	Definitive	mitochondrial disease
NBAS	AR	Definitive	short stature-optic atrophy-Pelger-Huët anomaly syndrome
NBEA	AD	Definitive	complex neurodevelopmental disorder
NBEAL2	AR/AD	Definitive	gray platelet syndrome
NBN	AD/AR	Definitive	Nijmegen breakage syndrome
NCAPD2	AR	Strong	microcephaly 21, primary, autosomal recessive
NCAPD3	AR	Moderate	microcephaly 22, primary, autosomal recessive
NCAPG2	AR	Strong	Khan-Khan-Katsanis syndrome
NCAPH	AR	Limited	microcephaly 23, primary, autosomal recessive
NCBP1	.	Limited	Tourette syndrome
NCDN	AD/AR	Strong	neurodevelopmental disorder with infantile epileptic spasms
NCF1	AR	Strong	granulomatous disease, chronic, autosomal recessive, cytochrome b-positive, type 1
NCF2	AR	Definitive	granulomatous disease, chronic, autosomal recessive, cytochrome b-positive, type 2
NCF4	AR	Strong	granulomatous disease, chronic, autosomal recessive, cytochrome b-positive, type 3
NCKAP1	AD	Definitive	complex neurodevelopmental disorder
NCKAP1L	AR	Strong	immunodeficiency 72 with autoinflammation
NCOA3	AD	Limited	autosomal dominant nonsyndromic hearing loss
NCOR1	AD	Limited	complex neurodevelopmental disorder
NCSTN	AD	Strong	acne inversa, familial, 1
NDC1	AR	Strong	triple-A syndrome
NDE1	AR	Definitive	microcephaly with lissencephaly and/or hydranencephaly
NDN	AD	Limited	Prader-Willi syndrome
NDNF	AD	Strong	hypogonadotropic hypogonadism 25 with anosmia
NDP	XL/AD	Definitive	Norrie disease
NDRG1	AR	Definitive	Charcot-Marie-Tooth disease type 4D
NDRG4	AR	Limited	achromatopsia
NDST1	AR	Strong	intellectual disability, autosomal recessive 46
NDST2	.	No Known Disease Relationship	schizophrenia
NDUFA10	AR	Strong	mitochondrial complex I deficiency, nuclear type 22
NDUFA11	AR	Strong	mitochondrial complex I deficiency, nuclear type 14
NDUFA12	AR	Definitive	mitochondrial complex I deficiency, nuclear type 23
NDUFA13	AR	Strong	mitochondrial complex I deficiency, nuclear type 28
NDUFA1	AR/XL	Definitive	mitochondrial complex I deficiency, nuclear type 12
NDUFA2	AR	Definitive	mitochondrial disease
NDUFA3	AR	Limited	Leigh syndrome
NDUFA6	AR	Strong	mitochondrial complex I deficiency, nuclear type 33
NDUFA7	AR	Limited	optic atrophy
NDUFA8	AR	Strong	mitochondrial complex I deficiency, nuclear type 37
NDUFA9	AR	Strong	mitochondrial complex I deficiency, nuclear type 26
NDUFAF1	AR	Strong	mitochondrial complex I deficiency, nuclear type 11
NDUFAF2	AR	Definitive	Leigh syndrome
NDUFAF3	AR	Definitive	mitochondrial disease
NDUFAF4	AR	Definitive	mitochondrial disease
NDUFAF5	AR	Definitive	Leigh syndrome
NDUFAF6	AR/AD	Definitive	Leigh syndrome
NDUFAF7	AD	Limited	degenerative myopia
NDUFAF8	AR	Strong	mitochondrial complex I deficiency, nuclear type 34
NDUFB10	AR	Strong	mitochondrial disease
NDUFB11	XL	Definitive	mitochondrial disease
NDUFB3	AR	Definitive	mitochondrial disease
NDUFB7	AR	Moderate	mitochondrial complex I deficiency, nuclear type 39
NDUFB8	AR	Strong	mitochondrial complex I deficiency, nuclear type 32
NDUFB9	AR	Moderate	mitochondrial complex I deficiency, nuclear type 24
NDUFC2	AR	Moderate	Leigh syndrome
NDUFS1	AR	Definitive	mitochondrial disease
NDUFS2	AR/MT	Definitive	Leigh syndrome
NDUFS3	AR	Strong	mitochondrial complex I deficiency, nuclear type 8
NDUFS4	AR	Definitive	Leigh syndrome
NDUFS6	AR	Definitive	mitochondrial disease
NDUFS7	AR	Definitive	mitochondrial disease
NDUFS8	AR	Definitive	mitochondrial disease
NDUFV1	AR	Definitive	mitochondrial complex I deficiency, nuclear type 4
NDUFV2	AR	Definitive	mitochondrial disease
NEB	AD/AR	Definitive	nemaline myopathy 2
NEBL	AD	Moderate	hypertrophic cardiomyopathy
NECAP1	AR/AD	Strong	developmental and epileptic encephalopathy, 21
NECTIN1	AR	Definitive	cleft lip/palate-ectodermal dysplasia syndrome
NECTIN4	AR	Definitive	ectodermal dysplasia-syndactyly syndrome 1
NEDD4L	AD	Definitive	periventricular nodular heterotopia 7
NEFH	AD	Definitive	Charcot-Marie-Tooth disease axonal type 2CC
NEFL	AR/AD	Definitive	Charcot-Marie-Tooth disease type 2
NEIL3	.	Disputed Evidence	autoimmune disease
NEK10	AR/AD	Definitive	ciliary dyskinesia, primary, 44
NEK1	AD/AR	Definitive	amyotrophic lateral sclerosis, susceptibility to, 24
NEK2	AR/AD	Moderate	retinitis pigmentosa 67
NEK8	AR/AD	Definitive	renal-hepatic-pancreatic dysplasia 2
NEK9	AR	Strong	NEK9-related lethal skeletal dysplasia
NEMF	AR/AD	Strong	intellectual developmental disorder with speech delay and axonal peripheral neuropathy
NEU1	AR	Definitive	sialidosis
NEUROD1	AD/AR	Strong	permanent neonatal diabetes mellitus-pancreatic and cerebellar agenesis syndrome
NEUROD2	AD	Strong	developmental and epileptic encephalopathy, 72
NEUROG1	AR	Strong	cranial dysinnervation disorder, congenital, with absent corneal reflex and developmental delay
NEUROG3	AR	Strong	permanent neonatal diabetes mellitus
NEXMIF	XL	Definitive	X-linked complex neurodevelopmental disorder
NEXN	AD/SD	Strong	dilated cardiomyopathy 1CC
NF1	AD	Definitive	neurofibromatosis type 1
NF2	AD	Definitive	NF2-related schwannomatosis
NFASC	AD/AR	Strong	neurodevelopmental disorder with central and peripheral motor dysfunction
NFAT5	AD	Moderate	inborn error of immunity
NFATC1	AD/AR	Moderate	inborn error of immunity
NFATC2	AR	Moderate	lymphoproliferative syndrome
NFE2	AR	Limited	thrombocytopenia
NFE2L1	AD	Limited	syndromic disease
NFE2L2	AD	Strong	immunodeficiency, developmental delay, and hypohomocysteinemia
NFIA	AD	Definitive	brain malformations with or without urinary tract defects
NFIB	AD	Definitive	syndromic complex neurodevelopmental disorder
NFIX	AD	Definitive	Malan overgrowth syndrome
NFKB1	AD	Definitive	immunodeficiency, common variable, 12
NFKB2	AD	Definitive	immunodeficiency, common variable, 10
NFKBIA	AD	Definitive	ectodermal dysplasia and immunodeficiency 2
NFKBIZ	.	Limited	hereditary nonpolyposis colon cancer
NFS1	AR	Strong	combined oxidative phosphorylation deficiency 52
NFU1	AR	Definitive	mitochondrial disease
NGF	AR/AD	Strong	hereditary sensory and autonomic neuropathy
NGLY1	AR	Definitive	congenital disorder of deglycosylation 1
NHEJ1	AR	Definitive	Cernunnos-XLF deficiency
NHERF1	AD	Moderate	hypophosphatemic nephrolithiasis/osteoporosis 2
NHLH2	AR	Limited	hypogonadotropic hypogonadism 27 without anosmia
NHLRC1	AR	Definitive	Lafora disease
NHLRC2	AR	Definitive	fibrosis, neurodegeneration, and cerebral angiomatosis
NHP2	AR/AD	Strong	dyskeratosis congenita, autosomal recessive 2
NHS	XL/AD	Definitive	Nance-Horan syndrome
NID1	AD	Strong	central nervous system malformation
NIN	AR	Limited	Seckel syndrome 7
NIPA1	AD	Strong	hereditary spastic paraplegia 6
NIPAL4	AR	Definitive	autosomal recessive congenital ichthyosis 6
NIPBL	AD	Definitive	Cornelia de Lange syndrome
NIT1	AR	Strong	cerebrovascular disorder
NKAP	XL	Strong	intellectual developmental disorder, X-linked, syndromic, Hackmann-Di Donato type
NKX2-1	AD	Definitive	NKX2-1 related choreoathetosis and congenital hypothyroidism with or without pulmonary dysfunction
NKX2-2	AR	Strong	neonatal diabetes mellitus
NKX2-3	AD	Limited	inflammatory bowel disease
NKX2-5	AD/SD	Definitive	conotruncal heart malformations
NKX2-6	AR	Strong	congenital heart disease
NKX3-2	AR	Definitive	spondylo-megaepiphyseal-metaphyseal dysplasia
NKX6-2	AR	Strong	spastic ataxia 8, autosomal recessive, with hypomyelinating leukodystrophy
NLGN1	AD/AR	Moderate	autism, susceptibility to, 20
NLGN3	XL	Strong	autism, susceptibility to, X-linked 1
NLGN4X	XL	Definitive	X-linked complex neurodevelopmental disorder
NLGN4Y	.	Limited	male infertility with azoospermia or oligozoospermia due to single gene mutation
NLRC4	AD	Definitive	periodic fever-infantile enterocolitis-autoinflammatory syndrome
NLRP11	.	No Known Disease Relationship	Tourette syndrome
NLRP12	AD	Strong	familial cold autoinflammatory syndrome 2
NLRP1	SD/AD/AR	Strong	corneal intraepithelial dyskeratosis-palmoplantar hyperkeratosis-laryngeal dyskeratosis syndrome
NLRP2	AR	Strong	oocyte/zygote/embryo maturation arrest 18
NLRP3	AD	Definitive	cryopyrin-associated periodic syndrome
NLRP5	AR	Strong	oocyte/zygote/embryo maturation arrest 19
NLRP7	AR	Strong	hydatidiform mole, recurrent, 1
NME3	AR	Limited	inherited neurodegenerative disorder
NME5	AR	Moderate	ciliary dyskinesia, primary, 48, without situs inversus
NME7	AD/AR	Supportive	situs inversus
NME8	AR/AD	Supportive	primary ciliary dyskinesia
NMNAT1	AR/AD	Definitive	NMNAT1-related retinopathy
NMNAT2	AR	Moderate	developmental defect during embryogenesis
NMRK1	.	No Known Disease Relationship	Tourette syndrome
NNT	AR	Definitive	glucocorticoid deficiency 4
NOBOX	AD/AR	Strong	premature ovarian failure 5
NOD2	AD	Definitive	Blau syndrome
NODAL	AD	Definitive	heterotaxy, visceral, 5, autosomal
NOG	AD	Definitive	NOG-related symphalangism spectrum disorder
NOL3	AD	Supportive	myoclonus, familial
NONO	XL	Definitive	neurodevelopmental disorder
NOP10	AR/AD	Strong	dyskeratosis congenita, autosomal recessive 1
NOP56	AD	Definitive	spinocerebellar ataxia type 36
No reported evidence	.	.	22/02/2019
NOS1AP	AR	Strong	nephrotic syndrome, type 22
NOS1	AR	Supportive	idiopathic achalasia
NOS2	.	No Known Disease Relationship	schizophrenia
NOTCH1	AD	Definitive	NOTCH1-related AOS spectrum disorder
NOTCH2	AD	Definitive	Alagille syndrome
NOTCH2NLA	AD	Limited	neuronal intranuclear inclusion disease
NOTCH3	AR/AD	Definitive	cerebral arteriopathy, autosomal dominant, with subcortical infarcts and leukoencephalopathy, type 1
NOVA2	AD	Definitive	complex neurodevelopmental disorder
NOX1	XL	Limited	inflammatory bowel disease
NPAS2	AR	Limited	azoospermia
NPAS3	AD	Limited	neurodevelopmental disorder
NPAS4	AD	Limited	complex neurodevelopmental disorder
NPAT	AD	Limited	colorectal cancer
NPC1	AR	Definitive	Niemann-Pick disease, type C1
NPC2	AR	Definitive	Niemann-Pick disease, type C2
NPHP1	AR	Definitive	nephronophthisis 1
NPHP3	AR	Definitive	nephronophthisis
NPHP4	AR	Definitive	nephronophthisis 4
NPHS1	AR/AD	Definitive	congenital nephrotic syndrome, Finnish type
NPHS2	AD/AR	Definitive	nephrotic syndrome, type 2
NPM1	AD	Strong	dyskeratosis congenita
NPNT	AR	Strong	renal agenesis
NPPA	AD/AR	Moderate	atrial fibrillation, familial, 6
NPPC	AD	Limited	short stature with nonspecific skeletal abnormalities 1
NPR1	AR	Strong	genetic hypertension
NPR2	AR/AD	Definitive	acromesomelic dysplasia 1, Maroteaux type
NPR3	AR	Strong	Boudin-Mortier syndrome
NPRL2	AD	Definitive	focal epilepsy
NPRL3	AD	Definitive	focal epilepsy
NPSR1	AD	Limited	asthma-related traits, susceptibility to, 2
NPTX1	AD	Strong	spinocerebellar ataxia 50
NR0B1	XL/XLR	Definitive	X-linked adrenal hypoplasia congenita
NR0B2	AD	Limited	inherited obesity
NR1H4	AR	Strong	cholestasis, progressive familial intrahepatic, 5
NR1I2	AR	Limited	pediatric lymphoma
NR1I3	AD	Limited	intellectual disability
NR2E1	AD	Limited	microcephaly
NR2E3	AR/AD	Definitive	enhanced S-cone syndrome
NR2F1	AD	Definitive	Bosch-Boonstra-Schaaf optic atrophy syndrome
NR2F2	AD	Definitive	NR2F2 related multiple congenital anomalies/dysmorphic syndrome
NR3C1	AD	Strong	glucocorticoid resistance
NR3C2	AD	Definitive	autosomal dominant pseudohypoaldosteronism type 1
NR4A2	AD	Definitive	complex neurodevelopmental disorder
NR5A1	AD/AR	Definitive	NR5A1-related sex development disorder
NRAP	AR	Definitive	dilated cardiomyopathy
NRAS	AD	Definitive	Noonan syndrome
NRCAM	AR	Strong	neurodevelopmental disorder with neuromuscular and skeletal abnormalities
NRDC	AR	Moderate	complex neurodevelopmental disorder
NRG1	AR/AD	Moderate	Hirschsprung disease
NRG2	AD	Limited	intellectual disability
NRIP1	AD	Limited	congenital anomalies of kidney and urinary tract 3
NRL	AR/AD	Definitive	enhanced S-cone syndrome
NRP1	AR	Limited	congenital heart disease
NRROS	AR	Definitive	seizures, early-onset, with neurodegeneration and brain calcifications
NRXN1	AR/AD	Definitive	complex neurodevelopmental disorder
NRXN2	AD/AR	Limited	autism
NRXN3	AD	Limited	autism
NSD1	AD	Definitive	Sotos syndrome 1
NSD2	AD	Definitive	Rauch-Steindl syndrome
NSDHL	XL	Definitive	CK syndrome
NSF	AD	Moderate	developmental and epileptic encephalopathy 96
NSMCE2	AR	Strong	Seckel syndrome 10
NSMCE3	AR	Moderate	lung disease, immunodeficiency, and chromosome breakage syndrome;
NSMF	AD	Strong	hypogonadotropic hypogonadism 9 with or without anosmia
NSRP1	AR	Strong	neurodevelopmental disorder with spasticity, seizures, and brain abnormalities
NSUN2	AR	Definitive	syndromic intellectual disability
NSUN3	AR	Moderate	combined oxidative phosphorylation deficiency 48
NSUN6	AR	Strong	intellectual developmental disorder, autosomal recessive 82
NT5C2	AR	Definitive	complex hereditary spastic paraplegia
NT5C3A	AR	Definitive	hemolytic anemia due to pyrimidine 5' nucleotidase deficiency
NT5E	AR	Strong	hereditary arterial and articular multiple calcification syndrome
NTF4	AD	Limited	glaucoma 1, open angle, O
NTHL1	AR	Definitive	familial adenomatous polyposis 3
NTN1	AD	Strong	mirror movements 4
NTNG1	AD	Supportive	atypical Rett syndrome
NTNG2	AR/AD	Definitive	neurodevelopmental disorder with behavioral abnormalities, absent speech, and hypotonia
NTRK1	AR/AD	Definitive	hereditary sensory and autonomic neuropathy type 4
NTRK2	AD	Strong	obesity, hyperphagia, and developmental delay
NTRK3	.	Disputed Evidence	congenital heart disease
NUAK2	AR	Moderate	anencephaly 2
NUBPL	AR	Definitive	mitochondrial disease
NUDCD2	AR	Moderate	multiple congenital anomalies/dysmorphic syndrome
NUDCD3	AR	Strong	severe combined immunodeficiency
NUDT2	AR	Definitive	intellectual developmental disorder with or without peripheral neuropathy
NUF2	AD	Limited	complex neurodevelopmental disorder
NUP107	AR/AD	Strong	Galloway-Mowat syndrome 7
NUP133	AR/AD	Strong	Galloway-Mowat syndrome 8
NUP155	AR/AD	Supportive	familial atrial fibrillation
NUP160	AR/AD	Strong	nephrotic syndrome, type 19
NUP188	AR	Definitive	sandestig-stefanova syndrome
NUP205	AR/AD	Strong	nephrotic syndrome, type 13
NUP210L	AR	Limited	spermatogenic failure
NUP210	.	No Known Disease Relationship	schizophrenia
NUP214	AR	Strong	encephalopathy, acute, infection-induced, susceptibility to, 9
NUP37	AD/AR	Supportive	familial idiopathic steroid-resistant nephrotic syndrome
NUP50	AD	Limited	amyotrophic lateral sclerosis
NUP54	AR	Moderate	dystonia 37, early-onset, with striatal lesions
NUP62	AR/AD	Strong	familial infantile bilateral striatal necrosis
NUP85	AR/AD	Strong	nephrotic syndrome, type 17
NUP88	AR	Strong	fetal akinesia deformation sequence 4
NUP93	AR/AD	Definitive	nephrotic syndrome, type 12
NUP98	AR	Limited	immunodeficiency disease
NUS1	AR/AD	Definitive	intellectual disability, autosomal dominant 55, with seizures
NXN	AR	Strong	robinow syndrome, autosomal recessive 2
NXNL1	.	Limited	Leber congenital amaurosis
NYNRIN	AR	Moderate	hereditary Wilms tumor
NYX	XL	Definitive	NYX-related retinopathy
OAS1	AD/AR	Strong	pulmonary alveolar proteinosis with hypogammaglobulinemia
OAS2	AR	Strong	multisystem inflammatory syndrome in children and adults
OAT	AR	Definitive	ornithine aminotransferase deficiency
OBSCN	AD/AR	Strong	rhabdomyolysis, susceptibility to, 1
OBSL1	AR	Definitive	3M syndrome 2
OCA2	AR/AD	Definitive	oculocutaneous albinism type 2
OCEL1	AD	Limited	Aicardi syndrome
OCLN	AR	Definitive	pseudo-TORCH syndrome 1
OCRL	XL/XLR	Definitive	oculocerebrorenal syndrome
ODAD1	AR/AD	Definitive	primary ciliary dyskinesia 20
ODAD2	AR/AD	Definitive	primary ciliary dyskinesia 23
ODAD3	AR/AD	Definitive	primary ciliary dyskinesia 30
ODAD4	AR/AD	Definitive	primary ciliary dyskinesia 35
ODAPH	AR	Strong	amelogenesis imperfecta hypomaturation type 2A4
ODC1	AD	Strong	neurodevelopmental disorder with alopecia and brain abnormalities
ODF4	AR	Moderate	male infertility with azoospermia or oligozoospermia due to single gene mutation
OFD1	XL/AD/AR	Definitive	OFD1-related ciliopathy
OGDH	AR	Definitive	mitochondrial disease
OGDHL	AR	Strong	Yoon-Bellen neurodevelopmental syndrome
OGG1	AD	Limited	nonpapillary renal cell carcinoma
OGT	XL	Strong	intellectual disability, X-linked 106
ONECUT1	AR	Strong	neonatal diabetes mellitus
OOEP	AR	Moderate	female infertility due to oocyte meiotic arrest
OPA1	AR/AD/SD	Definitive	autosomal dominant optic atrophy, classic form
OPA3	AD/AR	Definitive	3-methylglutaconic aciduria type 3
OPHN1	XL	Definitive	X-linked intellectual disability-cerebellar hypoplasia syndrome
OPLAH	AR	Strong	5-oxoprolinase deficiency
OPN1LW	XL/AD	Definitive	blue cone monochromacy
OPN1MW	XL/AD	Definitive	blue cone monochromacy
OPN1SW	AD	Strong	blue color blindness
OPTN	SD/AD/AR	Definitive	glaucoma, normal tension, susceptibility to
OR4M1	.	No Known Disease Relationship	Tourette syndrome
OR9I1	.	No Known Disease Relationship	Tourette syndrome
ORAI1	AD/AR	Definitive	tubular aggregate myopathy
ORC1	AR/AD	Definitive	Meier-Gorlin syndrome 1
ORC4	AR/AD	Definitive	Meier-Gorlin syndrome 2
ORC6	AR/AD	Definitive	Meier-Gorlin syndrome 3
OSBPL2	AD	Strong	autosomal dominant nonsyndromic hearing loss 67
OSBPL9	AD/AR	Limited	complex neurodevelopmental disorder
OSGEP	AR	Strong	Galloway-Mowat syndrome 3
OSMR	SD/AD	Strong	amyloidosis, primary localized cutaneous, 1
OSR1	.	Disputed Evidence	congenital heart disease
OSTC	AR	Limited	congenital disorder of glycosylation
OSTM1	AR	Definitive	autosomal recessive osteopetrosis 5
OTC	XL/XLR	Definitive	ornithine carbamoyltransferase deficiency
OTOA	AR	Definitive	nonsyndromic genetic hearing loss
OTOF	AR	Definitive	autosomal recessive nonsyndromic hearing loss 9
OTOG	AR	Definitive	nonsyndromic genetic hearing loss
OTOGL	AR	Definitive	nonsyndromic genetic hearing loss
OTUD4	AD	Limited	precocious puberty
OTUD5	XL	Strong	multiple congenital anomalies-neurodevelopmental syndrome, X-linked
OTUD6B	AR	Definitive	syndromic intellectual disability
OTUD7A	AR	Moderate	neurodevelopmental disorder with hypotonia and seizures
OTULIN	AR/AD	Definitive	autoinflammation, panniculitis, and dermatosis syndrome, autosomal recessive
OTX2	AD	Definitive	syndromic microphthalmia type 5
OVOL2	AD	Definitive	posterior polymorphous corneal dystrophy 1
OXA1L	AR	Moderate	combined oxidative phosphorylation deficiency
OXCT1	AR	Definitive	succinyl-CoA:3-ketoacid CoA transferase deficiency
OXGR1	AD	Moderate	nephrolithiasis, calcium oxalate, 2, with or without nephrocalcinosis
OXR1	AR	Strong	isolated cerebellar hypoplasia/agenesis
P2RX1	.	Disputed Evidence	inherited bleeding disorder, platelet-type
P2RX2	AD	Strong	autosomal dominant nonsyndromic hearing loss 41
P2RX6	AR	Limited	myopathy
P2RY12	AR/AD	Definitive	platelet-type bleeding disorder 8
P2RY8	AD	Moderate	systemic lupus erythematosus
P3H1	AR/AD	Definitive	osteogenesis imperfecta type 8
P3H2	AR	Strong	myopia, high, with cataract and vitreoretinal degeneration
P4HA1	AR	Limited	connective tissue disorder
P4HA2	AD	Strong	myopia
P4HB	AD	Strong	Cole-Carpenter syndrome 1
P4HTM	AR	Definitive	hypotonia, hypoventilation, impaired intellectual development, dysautonomia, epilepsy, and eye abnormalities
PABPC1	AD	Strong	neurodevelopmental disorder
PABPC5	.	Limited	Tourette syndrome
PABPN1	AD/AR	Definitive	oculopharyngeal muscular dystrophy
PACS1	AD	Definitive	Schuurs-Hoeijmakers syndrome
PACS2	AD	Definitive	genetic developmental and epileptic encephalopathy
PACSIN1	AD	Limited	systemic lupus erythematosus
PACSIN3	AR	Moderate	myopathy
PADI3	AR	Strong	uncombable hair syndrome 1
PADI6	AR/AD	Strong	preimplantation embryonic lethality 2
PAFAH1B1	AD	Definitive	lissencephaly due to LIS1 mutation
PAH	AR	Definitive	phenylketonuria
PAICS	AR	Limited	PAICS deficiency
PAK1	AD	Strong	intellectual developmental disorder with macrocephaly, seizures, and speech delay
PAK2	AD	Strong	Knobloch syndrome 2
PAK3	XL	Definitive	X-linked complex neurodevelopmental disorder
PALB2	AR/AD	Definitive	hereditary breast carcinoma
PALLD	AD	Limited	pancreatic cancer, susceptibility to, 1
PALS1	AD	Strong	neurodevelopmental disorder
PAM16	AR	Strong	autosomal recessive spondylometaphyseal dysplasia, Megarbane type
PAN2	AR	Definitive	multiple congenital anomalies/dysmorphic syndrome-intellectual disability
PANK2	AR	Definitive	pantothenate kinase-associated neurodegeneration
PANK4	AD	Moderate	cataract 49
PANX1	AD/AR	Strong	oocyte maturation defect 7
PAPPA2	AR	Strong	Short stature, Dauber-Argente type
PAPSS1	AR	Limited	obesity disorder
PAPSS2	AR	Definitive	spondyloepimetaphyseal dysplasia, PAPSS2 type
PAQR8	.	No Known Disease Relationship	schizophrenia
PARK7	AR	Definitive	Parkinson disease
PARN	AR/AD/SD	Definitive	pulmonary fibrosis and/or bone marrow failure, Telomere-related, 4
PARP1	AR	Limited	neurodevelopmental disorder
PARP6	AD	Strong	neurodevelopmental disorder
PARS2	AR/AD	Definitive	developmental and epileptic encephalopathy, 75
PATL2	AR	Strong	oocyte maturation defect 4
PAX1	AD/AR	Definitive	otofaciocervical syndrome 2
PAX2	AD	Definitive	focal segmental glomerulosclerosis 7
PAX3	AR/AD/SD	Definitive	Waardenburg syndrome
PAX4	AD	Supportive	maturity-onset diabetes of the young
PAX5	AD/AR	Definitive	leukemia, acute lymphoblastic, susceptibility to, 3
PAX6	AD	Definitive	PAX6-related ocular dysgenesis
PAX7	AR	Strong	myopathy, congenital, progressive, with scoliosis
PAX8	AD	Definitive	hypothyroidism, congenital, nongoitrous, 2
PAX9	AD	Definitive	tooth agenesis, selective, 3
PBX1	AD	Definitive	congenital anomalies of kidney and urinary tract syndrome with or without hearing loss, abnormal ears, or developmental delay
PC	AR	Definitive	pyruvate carboxylase deficiency disease
PCARE	AR/AD	Definitive	PCARE-related retinopathy
PCBD1	AR	Definitive	pterin-4 alpha-carbinolamine dehydratase 1 deficiency
PCBP2	AD	Strong	neurodevelopmental disorder
PCCA	AR	Definitive	propionic acidemia
PCCB	AR	Definitive	propionic acidemia
PCDH10	AD	Limited	autism
PCDH12	AR	Definitive	diencephalic-mesencephalic junction dysplasia syndrome 1
PCDH15	AR	Definitive	autosomal recessive nonsyndromic hearing loss 23
PCDH19	XL/AD	Definitive	developmental and epileptic encephalopathy, 9
PCDHA9	AR	Limited	amyotrophic lateral sclerosis
PCDHGA5	AD	Limited	complex neurodevelopmental disorder
PCDHGC4	AR	Strong	neurodevelopmental disorder with poor growth and skeletal anomalies
PCGF2	AD	Definitive	turnpenny-fry syndrome
PCK1	AR	Definitive	phosphoenolpyruvate carboxykinase deficiency, cytosolic
PCK2	AR	Moderate	peripheral neuropathy
PCLO	AR	Strong	pontocerebellar hypoplasia type 3
PCNA	AR	Supportive	ataxia-telangiectasia-like disorder 2
PCNT	AR	Definitive	microcephalic osteodysplastic primordial dwarfism type II
PCSK1	AR	Definitive	obesity due to prohormone convertase I deficiency
PCSK5	.	Disputed Evidence	syndromic congenital heart disease
PCSK6	.	No Known Disease Relationship	congenital heart disease
PCSK9	AD/AR	Definitive	hypercholesterolemia, autosomal dominant, 3
PCYT1A	AR/AD	Definitive	spondylometaphyseal dysplasia-cone-rod dystrophy syndrome
PCYT2	AR	Definitive	spastic paraplegia 82, autosomal recessive
PDCD10	AD	Definitive	cerebral cavernous malformation 3
PDCD1	AR	Supportive	systemic lupus erythematosus
PDCD6IP	AR	Strong	microcephaly 29, primary, autosomal recessive
PDCL3	AR	Moderate	megacystis-microcolon-intestinal hypoperistalsis syndrome
PDE10A	AD/AR	Strong	striatal degeneration, autosomal dominant 2
PDE11A	AD	Strong	pigmented nodular adrenocortical disease, primary, 2
PDE12	AR	Strong	mitochondrial disease
PDE1C	AD	Supportive	autosomal dominant nonsyndromic hearing loss
PDE2A	AR	Strong	intellectual developmental disorder with paroxysmal dyskinesia or seizures
PDE3A	AD	Strong	brachydactyly-arterial hypertension syndrome
PDE4D	AD	Definitive	acrodysostosis 2 with or without hormone resistance
PDE6A	AR/AD	Definitive	PDE6A-related retinopathy
PDE6B	AD/AR	Definitive	inherited retinal dystrophy
PDE6C	AR/AD	Definitive	PDE6C-related retinopathy
PDE6D	AR	Strong	Joubert syndrome 22
PDE6G	AR/AD	Definitive	PDE6G-related retinopathy
PDE6H	AR	Strong	achromatopsia 6
PDE8B	AD	Strong	autosomal dominant striatal neurodegeneration type 1
PDGFB	AD	Strong	basal ganglia calcification, idiopathic, 5
PDGFD	AD	Limited	pulmonary arterial hypertension
PDGFRA	AD	Definitive	gastrointestinal stromal tumor
PDGFRB	AD	Definitive	acroosteolysis-keloid-like lesions-premature aging syndrome
PDHA1	AR/XL	Definitive	Leigh syndrome
PDHA2	AR	Limited	spermatogenic failure 70
PDHB	AR	Definitive	pyruvate dehydrogenase E1-beta deficiency
PDHX	AR	Definitive	Leigh syndrome
PDIA2	AD	Limited	aortic valve disorder
PDIA6	AR	Strong	multiple congenital anomalies/dysmorphic syndrome
PDK3	XL	Definitive	Charcot-Marie-Tooth disease X-linked dominant 6
PDLIM3	AD	Limited	hypertrophic cardiomyopathy
PDLIM7	AD	Limited	mitral valve prolapse
PDP1	AR	Strong	pyruvate dehydrogenase phosphatase deficiency
PDSS1	AR	Strong	deafness-encephaloneuropathy-obesity-valvulopathy syndrome
PDSS2	AR	Definitive	coenzyme Q10 deficiency, primary, 3
PDX1	AD/AR	Definitive	maturity-onset diabetes of the young type 4
PDXK	AR	Strong	neuropathy, hereditary motor and sensory, type VIc, with optic atrophy
PDYN	AD	Strong	spinocerebellar ataxia type 23
PDZD7	AR	Definitive	hearing loss, autosomal recessive
PDZD8	AR	Strong	intellectual developmental disorder with autism and dysmorphic facies
PECR	AR	Limited	neurodevelopmental disorder
PEPD	AR	Definitive	prolidase deficiency
PER2	AD	Supportive	advanced sleep phase syndrome
PER3	AD	Supportive	advanced sleep phase syndrome
PERP	AR/AD	Strong	Olmsted syndrome 2
PET100	AR	Definitive	mitochondrial disease
PET117	AR	Supportive	cytochrome-c oxidase deficiency disease
PEX10	AR	Definitive	peroxisome biogenesis disorder
PEX11A	.	No Known Disease Relationship	peroxisome biogenesis disorder
PEX11B	AR	Definitive	peroxisome biogenesis disorder
PEX11G	.	No Known Disease Relationship	peroxisome biogenesis disorder
PEX12	AR	Definitive	peroxisome biogenesis disorder
PEX13	AR	Definitive	peroxisome biogenesis disorder
PEX14	AR	Definitive	peroxisome biogenesis disorder
PEX16	AR	Definitive	peroxisome biogenesis disorder
PEX19	AR	Definitive	peroxisome biogenesis disorder
PEX1	AR	Definitive	peroxisome biogenesis disorder 1A (Zellweger)
PEX26	AR	Definitive	peroxisome biogenesis disorder
PEX2	AR	Definitive	peroxisome biogenesis disorder
PEX3	AR	Definitive	peroxisome biogenesis disorder
PEX5	AR	Definitive	peroxisome biogenesis disorder
PEX6	AR/AD	Definitive	peroxisome biogenesis disorder
PEX7	AR	Definitive	rhizomelic chondrodysplasia punctata type 1
PFKM	AR	Definitive	glycogen storage disease VII
PFN1	AD	Definitive	amyotrophic lateral sclerosis type 18
PGAM2	AR	Strong	glycogen storage disease due to phosphoglycerate mutase deficiency
PGAP1	AR	Strong	intellectual disability, autosomal recessive 42
PGAP2	AR	Definitive	hyperphosphatasia with intellectual disability syndrome 3
PGAP3	AR	Definitive	hyperphosphatasia with intellectual disability syndrome 4
PGK1	XL/XLR	Definitive	glycogen storage disease due to phosphoglycerate kinase 1 deficiency
PGK2	AR	Moderate	male infertility with azoospermia or oligozoospermia due to single gene mutation
PGM1	AR	Definitive	PGM1-congenital disorder of glycosylation
PGM2L1	AR	Strong	neurodevelopmental disorder with hypotonia, dysmorphic facies, and skin abnormalities
PGM3	AR	Definitive	immunodeficiency 23
PGRMC1	AD/XL	Moderate	cataract
PHACTR1	AD	Strong	developmental and epileptic encephalopathy, 70
PHACTR2	AR	Limited	dilated cardiomyopathy
PHC1	AR	Moderate	microcephaly 11, primary, autosomal recessive
PHEX	XL	Definitive	X-linked dominant hypophosphatemic rickets
PHF10	AR	Limited	multiple congenital anomalies/dysmorphic syndrome
PHF12	AD	Definitive	complex neurodevelopmental disorder
PHF21A	AD	Definitive	complex neurodevelopmental disorder
PHF5A	AD	Strong	neurodevelopmental disorder
PHF6	XL	Definitive	Borjeson-Forssman-Lehmann syndrome
PHF8	XL	Definitive	syndromic X-linked intellectual disability Siderius type
PHGDH	AR	Definitive	neurometabolic disorder due to serine deficiency
PHIP	AD	Definitive	developmental delay, intellectual disability, obesity, and dysmorphic features
PHKA1	XL/AR	Definitive	glycogen storage disease IXd
PHKA2	XL/AR	Definitive	glycogen storage disease IXa1
PHKB	AR	Definitive	glycogen storage disease IXb
PHKG2	AR	Definitive	glycogen storage disease IXc
PHLDB1	AR	Moderate	osteogenesis imperfecta, type 23
PHOX2A	AR/AD	Strong	fibrosis of extraocular muscles, congenital, 2
PHOX2B	AD	Definitive	central hypoventilation syndrome, congenital, 1, with or without Hirschsprung disease
PHYH	AR	Definitive	adult Refsum disease
PHYKPL	AR	Limited	phosphohydroxylysinuria
PI4K2A	AR	Strong	neurodevelopmental disorder with hyperkinetic movements, seizures, and structural brain abnormalities
PI4KA	AR	Definitive	polymicrogyria, perisylvian, with cerebellar hypoplasia and arthrogryposis
PI4KB	AD	Limited	hearing loss, autosomal dominant 87
PIBF1	AR	Definitive	Joubert syndrome 33
PICK1	AR	Supportive	male infertility due to globozoospermia
PIDD1	AR	Definitive	intellectual developmental disorder, autosomal recessive 75, with neuropsychiatric features and variant lissencephaly
PIEZO1	AD/AR	Definitive	PIEZO1-related generalized lymphatic dysplasia with non-immune hydrops fetalis
PIEZO2	AD/AR	Definitive	arthrogryposis, distal, with impaired proprioception and touch
PIGA	XL/AD	Definitive	complex neurodevelopmental disorder
PIGB	AR	Definitive	developmental and epileptic encephalopathy, 80
PIGC	AR	Strong	glycosylphosphatidylinositol biosynthesis defect 16
PIGF	AR	Limited	congenital disorder of glycosylation
PIGG	AR	Definitive	intellectual disability, autosomal recessive 53
PIGH	AR	Strong	glycosylphosphatidylinositol biosynthesis defect 17
PIGK	AR	Strong	neurodevelopmental disorder with hypotonia and cerebellar atrophy, with or without seizures
PIGL	AR	Definitive	syndromic intellectual disability
PIGM	AR	Moderate	hypercoagulability syndrome due to glycosylphosphatidylinositol deficiency
PIGN	AR	Definitive	multiple congenital anomalies-hypotonia-seizures syndrome 1
PIGO	AR	Definitive	complex neurodevelopmental disorder
PIGP	AR/AD	Strong	developmental and epileptic encephalopathy, 55
PIGQ	AR/AD	Definitive	developmental and epileptic encephalopathy, 77
PIGS	AR	Definitive	glycosylphosphatidylinositol biosynthesis defect 18
PIGT	AR	Definitive	multiple congenital anomalies-hypotonia-seizures syndrome 3
PIGU	AR/AD	Strong	glycosylphosphatidylinositol biosynthesis defect 21
PIGV	AR	Definitive	hyperphosphatasia with intellectual disability syndrome 1
PIGW	AR	Strong	hyperphosphatasia with intellectual disability syndrome 5
PIGY	AR	Strong	hyperphosphatasia with intellectual disability syndrome 6
PIK3C2A	AR	Strong	oculocerebrodental syndrome
PIK3C2B	AD	Moderate	familial partial epilepsy
PIK3CA	AD	Definitive	overgrowth syndrome and/or cerebral malformations due to abnormalities in MTOR pathway genes
PIK3CD	AD/AR	Definitive	immunodeficiency 14
PIK3CG	AR	Strong	immunodeficiency 97 with autoinflammation
PIK3R1	AD/AR	Definitive	immunodeficiency 36 with lymphoproliferation
PIK3R2	AD	Definitive	overgrowth syndrome and/or cerebral malformations due to abnormalities in MTOR pathway genes
PIK3R5	AR	Supportive	spinocerebellar ataxia, autosomal recessive, with axonal neuropathy 2
PIKFYVE	AD	Definitive	fleck corneal dystrophy
PINK1	AR/AD	Definitive	autosomal recessive early-onset Parkinson disease 6
PIP5K1C	AD/AR	Strong	lethal congenital contracture syndrome 3
PIR	XL	Limited	complex neurodevelopmental disorder
PISD	AR	Strong	Liberfarb syndrome
PITPNM3	AD	Strong	cone-rod dystrophy 5
PITRM1	AR	Strong	spinocerebellar ataxia, autosomal recessive 30
PITX1	AD	Strong	clubfoot
PITX2	AD	Definitive	Axenfeld-Rieger syndrome type 1
PITX3	AD	Definitive	anterior segment dysgenesis 1
PIWIL2	AR	Strong	male infertility with azoospermia or oligozoospermia due to single gene mutation
PJA1	XL	Moderate	X-linked complex neurodevelopmental disorder
PJVK	AR	Definitive	nonsyndromic genetic hearing loss
PKD1	AR/AD	Definitive	autosomal recessive polycystic kidney disease
PKD1L1	AR/AD	Definitive	heterotaxy, visceral, 8, autosomal
PKD2	AR/AD	Definitive	autosomal dominant polycystic kidney disease
PKDCC	AR	Strong	rhizomelic limb shortening with dysmorphic features
PKHD1	AR/AD	Definitive	autosomal recessive polycystic kidney disease
PKHD1L1	AR	Strong	sensorineural hearing loss disorder
PKLR	AR/AD	Definitive	pyruvate kinase deficiency of red cells
PKP1	AR	Definitive	epidermolysis bullosa simplex due to plakophilin deficiency
PKP2	AD	Definitive	arrhythmogenic right ventricular cardiomyopathy
PLA2G2A	AD	Limited	colorectal cancer
PLA2G4A	AR/AD	Strong	cytosolic phospholipase-A2 alpha deficiency associated bleeding disorder
PLA2G5	AR	Definitive	familial benign flecked retina
PLA2G6	AR	Definitive	neurodegeneration with brain iron accumulation 2A
PLA2G7	AR	Limited	platelet-activating factor acetylhydrolase deficiency
PLAA	AR	Strong	neurodevelopmental disorder with progressive microcephaly, spasticity, and brain anomalies
PLAAT3	AR	Strong	lipodystrophy, familial partial, type 9
PLAG1	AD	Strong	silver-russell syndrome 4
PLAGL1	AD	Supportive	transient neonatal diabetes mellitus
PLAT	AR	Moderate	thrombophilia, familial, due to decreased release of tissue plasminogen activator
PLAU	AD	Strong	Quebec platelet disorder
PLCB1	AR/AD	Definitive	genetic developmental and epileptic encephalopathy
PLCB3	AR	Limited	spondylometaphyseal dysplasia with corneal dystrophy
PLCB4	SD/AR/AD	Definitive	auriculocondylar syndrome 2
PLCD1	AR/AD	Strong	nonsyndromic congenital nail disorder 3
PLCE1	AR/AD	Definitive	nephrotic syndrome, type 3
PLCG1	AD	Moderate	immune dysregulation, autoimmunity, and autoinflammation
PLCG2	AD	Strong	autoinflammation-PLCG2-associated antibody deficiency-immune dysregulation
PLCH1	AR	Strong	holoprosencephaly 14
PLCZ1	AR	Strong	spermatogenic failure 17
PLD1	AR	Definitive	PLD1-related congenital heart disease
PLD3	AD/AR	Moderate	spinocerebellar ataxia 46
PLD4	AR	Moderate	systemic lupus erythematosus 18
PLEC	AR/AD	Definitive	PLEC-related muscular dystrophy-epidermolysis bullosa simplex spectrum disorder
PLEK	AD	Limited	autosomal dominant nonsyndromic hearing loss 58
PLEKHA5	AD	Moderate	cleft lip/palate
PLEKHA6	.	No Known Disease Relationship	schizophrenia
PLEKHA7	AD	Moderate	cleft lip/palate
PLEKHG1	AD	Limited	periventricular leukomalacia
PLEKHG2	AR/AD	Strong	leukodystrophy and acquired microcephaly with or without dystonia;
PLEKHG5	AR	Definitive	neuromuscular disease
PLEKHM1	AD/AR	Strong	osteopetrosis, autosomal dominant 3
PLEKHM2	AR	Moderate	dilated cardiomyopathy
PLEKHN1	AR	Limited	hereditary sensory and autonomic neuropathy
PLG	AR/AD	Definitive	hypoplasminogenemia
PLIN1	AD	Definitive	PLIN1-related familial partial lipodystrophy
PLIN4	AD	Moderate	vacuolar Neuromyopathy
PLK1	AR	Strong	neurodevelopmental disorder
PLK4	AR	Definitive	microcephaly and chorioretinopathy 2
PLN	AD	Definitive	intrinsic cardiomyopathy
PLOD1	AR	Definitive	Ehlers-Danlos syndrome, kyphoscoliotic type 1
PLOD2	AR	Definitive	Bruck syndrome 2
PLOD3	AR	Strong	bone fragility with contractures, arterial rupture, and deafness
PLP1	XL	Definitive	Pelizaeus-Merzbacher spectrum disorder
PLPBP	AR	Strong	epilepsy, early-onset, vitamin B6-dependent
PLS1	AD	Strong	hearing loss, autosomal dominant 76
PLS3	XL	Definitive	X-linked osteoporosis with fractures
PLVAP	AR	Strong	diarrhea 10, protein-losing enteropathy type
PLXNA1	AR/AD	Strong	Dworschak-Punetha neurodevelopmental syndrome
PLXNA2	AR/AD	Moderate	complex neurodevelopmental disorder
PLXNA3	XL	Strong	hypogonadotropic hypogonadism
PLXNB2	AR	Strong	syndromic disease
PLXNC1	AD	Limited	cerebral cortical dysplasia
PLXND1	AR/AD	Strong	congenital heart defects, multiple types, 9
PMEL	AR	Limited	oculocutaneous albinism
PMEPA1	AD	Strong	hereditary disorder of connective tissue
PMFBP1	AR	Strong	spermatogenic failure 31
PMM2	AR	Definitive	PMM2-congenital disorder of glycosylation
PMP22	AD	Definitive	Charcot-Marie-Tooth disease type 1A
PMP2	AD	Strong	Charcot-Marie-Tooth disease, demyelinating, type 1G
PMPCA	AR	Definitive	mitochondrial disease
PMPCB	AR	Strong	multiple mitochondrial dysfunctions syndrome 6
PMS1	.	Refuted Evidence	Lynch syndrome
PMS2	AD/AR	Definitive	mismatch repair cancer syndrome 1
PMVK	AD/AR	Definitive	porokeratosis 1, Mibelli type
PNKD	AD	Strong	paroxysmal nonkinesigenic dyskinesia 1
PNKP	AR/AD	Definitive	microcephaly, seizures, and developmental delay
PNLDC1	AR	Strong	spermatogenic failure 57
PNLIP	AR	Strong	pancreatic triacylglycerol lipase deficiency
PNP	AR	Definitive	purine nucleoside phosphorylase deficiency
PNPLA1	AR	Strong	autosomal recessive congenital ichthyosis 10
PNPLA2	AR	Definitive	neutral lipid storage myopathy
PNPLA3	AD	Limited	metabolic dysfunction-associated steatotic liver disease
PNPLA4	XL	Limited	mitochondrial disease
PNPLA6	AR	Definitive	PNPLA6-related spastic paraplegia with or without ataxia
PNPLA8	AR	Definitive	mitochondrial disease
PNPO	AR	Definitive	pyridoxal phosphate-responsive seizures
PNPT1	AR/AD	Definitive	combined oxidative phosphorylation defect type 13
POC1A	AR	Strong	short stature-onychodysplasia-facial dysmorphism-hypotrichosis syndrome
POC1B	AR/AD	Definitive	cone-rod dystrophy 20
POC5	AR/AD	Strong	scoliosis
PODXL	AR/AD	Strong	nephrotic syndrome
POF1B	XL	Moderate	premature ovarian failure 2B
POFUT1	AD/AR	Definitive	Dowling-Degos disease 2
POGLUT1	AD/AR	Definitive	autosomal recessive limb-girdle muscular dystrophy
POGZ	AD	Definitive	intellectual disability-microcephaly-strabismus-behavioral abnormalities syndrome
POLA1	XL	Definitive	X-linked intellectual disability, van Esch type
POLA2	AR	Strong	telomere syndrome
POLD1	AD/AR	Definitive	POLD1-related polyposis and colorectal cancer syndrome
POLD2	AR	Moderate	non-severe combined immunodeficiency due to polymerase delta deficiency
POLD3	AD/AR	Strong	immunodeficiency 122
POLE2	AR	Limited	combined immunodeficiency
POLE	AD/AR	Definitive	POLE-related polyposis and colorectal cancer syndrome
POLG2	AR/AD/SD	Strong	progressive external ophthalmoplegia with mitochondrial DNA deletions, autosomal dominant 4
POLG	AR/AD	Definitive	mitochondrial DNA depletion syndrome 4a
POLH	AR	Definitive	xeroderma pigmentosum variant type
POLR1A	AD/AR	Strong	acrofacial dysostosis Cincinnati type
POLR1B	AD	Strong	Treacher Collins syndrome 4
POLR1C	AR/AD	Definitive	POLR1C-related disorder
POLR1D	AR/AD	Definitive	Treacher Collins syndrome 2
POLR2A	AD	Definitive	neurodevelopmental disorder with hypotonia and variable intellectual and behavioral abnormalities
POLR2C	AD	Moderate	primary ovarian failure
POLR3A	AR/AD	Definitive	POLR3A-related disorder
POLR3B	AD/AR	Definitive	POLR3B-related disorder
POLR3C	AD	Moderate	varicella zoster infection
POLR3F	AD	Limited	immunodeficiency 101 (varicella zoster virus-specific)
POLR3GL	AR	Moderate	short stature, oligodontia, dysmorphic facies, and motor delay
POLR3H	AD/AR	Moderate	primary ovarian failure
POLR3K	AR	Strong	leukodystrophy, hypomyelinating, 21
POLRMT	AR/AD	Strong	combined oxidative phosphorylation deficiency 55
POM121C	.	No Known Disease Relationship	schizophrenia
POM121L12	.	No Known Disease Relationship	Tourette syndrome
POMC	SD/AR/AD	Strong	inherited obesity
POMGNT1	AR/AD	Definitive	muscular dystrophy-dystroglycanopathy (congenital with brain and eye anomalies), type A3
POMGNT2	AR	Definitive	myopathy caused by variation in POMGNT2
POMK	AR/AD	Definitive	muscular dystrophy-dystroglycanopathy (congenital with brain and eye anomalies), type a, 12
POMP	AR/AD	Strong	proteasome-associated autoinflammatory syndrome 2
POMT1	AR	Definitive	muscular dystrophy-dystroglycanopathy (congenital with brain and eye anomalies), type A1
POMT2	AR	Definitive	myopathy caused by variation in POMT2
POP1	AR	Definitive	anauxetic dysplasia 2
POPDC1	AR	Definitive	autosomal recessive limb-girdle muscular dystrophy
POPDC2	AR	Strong	cardiac conduction defect
POPDC3	AR	Definitive	autosomal recessive limb-girdle muscular dystrophy
POR	AR	Definitive	Antley-Bixler syndrome with genital anomalies and disordered steroidogenesis
PORCN	XL/AD	Definitive	focal dermal hypoplasia
POT1	AD/AR	Definitive	tumor predisposition syndrome 3
POU1F1	SD/AD/AR	Definitive	pituitary hormone deficiency, combined, 1
POU2AF1	AR	Moderate	agammaglobulinemia
POU3F2	AD	Strong	neurodevelopmental disorder
POU3F3	AD	Definitive	complex neurodevelopmental disorder
POU3F4	XL/MT	Definitive	nonsyndromic genetic hearing loss
POU4F1	AD	Strong	ataxia, intention tremor, and hypotonia syndrome, childhood-onset
POU4F3	AD	Definitive	autosomal dominant nonsyndromic hearing loss 15
POU5F1	AD	Limited	primary ovarian failure
POU6F2	.	Limited	Wilms tumor 5
PPA2	AR	Definitive	sudden cardiac failure, infantile
PPARA	AD	Limited	cholesterol metabolism disease
PPARG	AD/SD	Definitive	PPARG-related familial partial lipodystrophy
PPCDC	AR	Limited	dilated cardiomyopathy
PPCS	AR/AD	Strong	cardiomyopathy, dilated, 2c
PPFIA2	AD	Limited	neurodevelopmental disorder
PPFIA3	AD	Strong	complex neurodevelopmental disorder
PPFIBP1	AR	Strong	neurodevelopmental disorder with seizures, microcephaly, and brain abnormalities
PPIA	AD	Limited	amyotrophic lateral sclerosis
PPIB	AR/AD	Strong	osteogenesis imperfecta type 9
PPID	AD	Limited	stutter disorder
PPIL1	AR	Strong	pontocerebellar hypoplasia, type 14
PPIP5K2	AR	Moderate	hearing loss, autosomal recessive 100
PPM1D	AD	Definitive	syndromic intellectual disability
PPM1F	AR	Limited	cholestasis
PPM1K	AR	Moderate	maple syrup urine disease, mild variant
PPOX	SD/AD/AR	Definitive	variegate porphyria
PPP1CB	AD	Definitive	Noonan syndrome-like disorder with loose anagen hair
PPP1R12A	AD	Strong	genitourinary and/or brain malformation syndrome
PPP1R12B	AR	Limited	complex neurodevelopmental disorder
PPP1R13L	AR	Definitive	arrhythmogenic cardiomyopathy with variable ectodermal abnormalities
PPP1R15B	AR	Strong	microcephaly, short stature, and impaired glucose metabolism 2
PPP1R21	AR	Definitive	neurodevelopmental disorder with hypotonia, facial dysmorphism, and brain abnormalities
PPP1R36	AR	Limited	male infertility with azoospermia or oligozoospermia due to single gene mutation
PPP1R3A	AD	Limited	diabetes mellitus, noninsulin-dependent
PPP1R3F	XL	Strong	neurodevelopmental disorder
PPP2CA	AD	Definitive	complex neurodevelopmental disorder
PPP2R1A	AD	Definitive	complex neurodevelopmental disorder
PPP2R2B	AD	Strong	spinocerebellar ataxia type 12
PPP2R3C	AR/AD	Strong	gonadal dysgenesis, dysmorphic facies, retinal dystrophy, and myopathy
PPP2R5C	AD	Definitive	complex neurodevelopmental disorder
PPP2R5D	AD	Definitive	Houge-Janssens syndrome 1
PPP3CA	AD	Definitive	developmental and epileptic encephalopathy
PPP3CC	.	No Known Disease Relationship	schizophrenia
PPP3R1	AD	Limited	autosomal dominant nonsyndromic hearing loss 58
PPP5C	AD	Moderate	neurodevelopmental disorder
PPT1	AR	Definitive	neuronal ceroid lipofuscinosis
PPWD1	.	No Known Disease Relationship	Tourette syndrome
PQBP1	XL	Definitive	Renpenning syndrome
PRCD	AR/AD	Definitive	retinitis pigmentosa 36
PRDM10	AD	Limited	Birt-Hogg-Dube syndrome 2
PRDM12	AR	Definitive	hereditary sensory and autonomic neuropathy
PRDM13	AR/AD	Definitive	North Carolina macular dystrophy
PRDM15	AR	Moderate	multiple congenital anomalies/dysmorphic syndrome
PRDM16	AD	Strong	dilated cardiomyopathy
PRDM5	AR/AD	Definitive	brittle cornea syndrome 2
PRDM6	AD	Strong	patent ductus arteriosus 3
PRDM8	AR	Strong	early-onset Lafora body disease
PRDM9	AD	Strong	primary ovarian failure
PRDX1	AR	Strong	methylmalonic aciduria and homocystinuria type cblC
PRDX3	AR/AD	Strong	spinocerebellar ataxia, autosomal recessive 32
PREPL	AR	Strong	myasthenic syndrome, congenital, 22
PRF1	AR	Definitive	familial hemophagocytic lymphohistiocytosis 2
PRG4	AR	Definitive	camptodactyly-arthropathy-coxa vara-pericarditis syndrome
PRICKLE1	AR/AD	Strong	epilepsy, progressive myoclonic, 1B
PRICKLE2	AR/AD	Moderate	neurodevelopmental disorder
PRICKLE3	XL	Limited	Leber hereditary optic neuropathy
PRIM1	AR	Strong	primordial dwarfism-immunodeficiency-lipodystrophy syndrome
PRIMA1	AR	Limited	epilepsy
PRIMPOL	AD	Limited	myopia 22, autosomal dominant
PRKAB2	.	Disputed Evidence	congenital heart disease
PRKACA	AD/AR	Strong	cardioacrofacial dysplasia 1
PRKACB	AD/AR	Strong	cardioacrofacial dysplasia 2
PRKACG	AR	Supportive	platelet-type bleeding disorder 19
PRKAG2	AD	Definitive	PRKAG2-related cardiomyopathy
PRKAG3	AD	Moderate	skeletal muscle glycogen content and metabolism quantitative trait locus
PRKAR1A	AD	Definitive	Carney complex, type 1
PRKAR1B	AD	Strong	Marbach-Schaaf neurodevelopmental syndrome
PRKCD	AR	Definitive	systemic lupus erythematosus
PRKCG	AD	Definitive	spinocerebellar ataxia type 14
PRKCSH	AD	Definitive	polycystic liver disease 1
PRKD1	AD/AR	Definitive	congenital heart defects and ectodermal dysplasia
PRKDC	AR	Definitive	severe combined immunodeficiency due to DNA-PKcs deficiency
PRKG1	AD	Strong	familial thoracic aortic aneurysm and aortic dissection
PRKG2	AR	Strong	acromesomelic dysplasia 4
PRKN	AR	Definitive	Parkinson disease
PRKRA	AR	Strong	dystonia 16
PRLR	AD	Supportive	familial hyperprolactinemia
PRMT7	AR	Definitive	short stature-brachydactyly-obesity-global developmental delay syndrome
PRMT9	AR	Moderate	complex neurodevelopmental disorder
PRNP	AD	Definitive	Gerstmann-Straussler-Scheinker syndrome
PROC	AD/SD/AR	Definitive	thrombophilia due to protein C deficiency, autosomal dominant
PRODH2	AR	Limited	hydroxyprolinemia
PRODH	AR	Definitive	hyperprolinemia type 1
PROK2	SD/AD/AR	Definitive	hypogonadotropic hypogonadism 4 with or without anosmia
PROKR2	AD/AR	Definitive	hypogonadotropic hypogonadism 3 with or without anosmia
PROM1	AR/AD	Definitive	PROM1-related recessive retinopathy
PROP1	AR/AD	Definitive	pituitary hormone deficiency, combined, 2
PRORP	AR	Definitive	mitochondrial disease
PROS1	SD/AD/AR	Definitive	thrombophilia due to protein S deficiency, autosomal dominant
PROSER1	AR	Limited	neurodevelopmental disorder
PROX1	.	Disputed Evidence	congenital heart disease
PROZ	.	Limited	protein Z deficiency
PRPF19	AD	Strong	neurodevelopmental disorder
PRPF31	AD	Definitive	retinitis pigmentosa 11
PRPF3	AD	Definitive	retinitis pigmentosa 18
PRPF4	AD	Definitive	retinitis pigmentosa 70
PRPF6	AD	Strong	retinitis pigmentosa 60
PRPF8	AD	Definitive	PRPF8-related retinopathy
PRPH2	AD/SD/AR	Definitive	retinitis pigmentosa 7
PRPH	AD/AR	Moderate	amyotrophic lateral sclerosis type 1
PRPS1	XL/XLR	Definitive	PRPS1 deficiency disorder
PRR12	AD	Definitive	neuroocular syndrome
PRRT2	AD/AR	Definitive	PRRT2-associated paroxysmal movement disorder
PRRX1	AD/AR	Strong	agnathia-otocephaly complex
PRSS12	AR	Definitive	intellectual disability, autosomal recessive 1
PRSS1	AD	Definitive	hereditary chronic pancreatitis
PRSS56	AR/AD	Definitive	isolated microphthalmia 6
PRSS8	AR	Moderate	ichthyosis
PRUNE1	AR	Strong	neurodevelopmental disorder with microcephaly, hypotonia, and variable brain anomalies
PRX	AR/AD	Definitive	Charcot-Marie-Tooth disease type 4
PSAP	AR/AD	Definitive	Gaucher disease due to saposin C deficiency
PSAT1	AR/AD	Definitive	neurometabolic disorder due to serine deficiency
PSD3	.	Limited	antecubital pterygium syndrome
PSEN1	AD	Strong	Alzheimer disease 3
PSEN2	AD	Strong	Alzheimer disease 4
PSENEN	AD	Strong	acne inversa, familial, 2
PSKH1	AR	Strong	cholestasis, progressive familial intrahepatic, 13
PSMB10	AD/AR	Strong	immunodeficiency 121 with autoinflammation
PSMB1	AR	Moderate	neurodevelopmental disorder
PSMB4	AR	Limited	proteasome-associated autoinflammatory syndrome 3
PSMB8	AR/AD	Definitive	proteasome-associated autoinflammatory syndrome 1
PSMB9	AD	Strong	proteasome-associated autoinflammatory syndrome 6
PSMC1	AR/AD	Limited	neurodevelopmental disorder with poor growth, spastic tetraplegia, and hearing loss
PSMC3	AD/AR	Strong	complex neurodevelopmental disorder
PSMC3IP	AR/AD	Strong	ovarian dysgenesis 3
PSMC5	AD	Strong	neurodevelopmental disorder
PSMD11	AD	Strong	complex neurodevelopmental disorder
PSMD12	AD	Definitive	Stankiewicz-Isidor syndrome
PSMF1	AR	Strong	complex neurodevelopmental disorder with motor features
PSMG2	AR	Limited	proteasome-associated autoinflammatory syndrome 4
PSPH	AR	Definitive	PSPH deficiency
PSTPIP1	AD	Definitive	pyogenic arthritis-pyoderma gangrenosum-acne syndrome
PTCD1	AR	Limited	cardiomyopathy
PTCD3	AR	Strong	combined oxidative phosphorylation deficiency 51
PTCH1	AD	Definitive	nevoid basal cell carcinoma syndrome
PTCH2	AD	Moderate	nevoid basal cell carcinoma syndrome
PTCHD1	XL	Definitive	X-linked complex neurodevelopmental disorder
PTCRA	AR	Strong	immunodeficiency 126, susceptibility to
PTDSS1	AD	Definitive	Lenz-Majewski hyperostotic dwarfism
PTEN	AD/AR	Definitive	Cowden syndrome 1
PTF1A	AR	Definitive	permanent neonatal diabetes mellitus-pancreatic and cerebellar agenesis syndrome
PTGDR	AD	Limited	asthma-related traits, susceptibility to, 1
PTGER2	AD	Limited	asthma, nasal polyps, and aspirin intolerance
PTGIS	.	Limited	essential hypertension, genetic
PTGS1	SD/AR	Moderate	platelet-type bleeding disorder 12
PTH1R	AR/AD	Definitive	primary failure of tooth eruption
PTH	AD/AR	Strong	hypoparathyroidism, familial isolated 1
PTHLH	AD	Definitive	brachydactyly type E2
PTPA	AD/AR	Moderate	Parkinson disease
PTPN11	AD	Definitive	Noonan syndrome 1
PTPN13	AR	Moderate	bone marrow failure syndrome
PTPN14	AR	Strong	lymphedema-posterior choanal atresia syndrome
PTPN1	AD	Limited	autoinflammatory syndrome
PTPN22	AR/AD	Supportive	systemic lupus erythematosus
PTPN23	AR	Definitive	neurodevelopmental disorder and structural brain anomalies with or without seizures and spasticity
PTPN2	AD	Strong	autoinflammatory syndrome of childhood
PTPN3	.	No Known Disease Relationship	schizophrenia
PTPN4	AD	Strong	neurodevelopmental disorder
PTPRC	AR	Definitive	immunodeficiency 104
PTPRF	AR	Strong	breasts and/or nipples, aplasia or hypoplasia of, 2
PTPRJ	AR/AD	Moderate	thrombocytopenia 10
PTPRO	AR/AD	Strong	nephrotic syndrome, type 6
PTPRQ	SD/AR/AD	Definitive	autosomal recessive nonsyndromic hearing loss 84A
PTRH2	AR	Definitive	neurologic, endocrine, and pancreatic disease, multisystem, infantile-onset 1
PTRHD1	AR	Strong	neurodevelopmental disorder with early-onset parkinsonism and behavioral abnormalities
PTS	AR	Definitive	BH4-deficient hyperphenylalaninemia A
PUF60	AD	Definitive	syndromic intellectual disability
PUM1	AD	Strong	neurodevelopmental disorder with motor abnormalities, seizures, and facial dysmorphism
PURA	AD	Definitive	complex neurodevelopmental disorder
PUS1	AR	Definitive	mitochondrial disease
PUS3	AR	Definitive	severe growth deficiency-strabismus-extensive dermal melanocytosis-intellectual disability syndrome
PUS7	AR/AD	Strong	intellectual developmental disorder with abnormal behavior, microcephaly, and short stature
PXDN	AR	Definitive	anterior segment dysgenesis 7
PXK	.	Supportive	systemic lupus erythematosus
PYCR1	AR	Definitive	PYCR1-related de Barsy syndrome
PYCR2	AR	Definitive	leukodystrophy, hypomyelinating, 10
PYGL	AR	Definitive	glycogen storage disease VI
PYGM	AD/AR	Definitive	glycogen storage disease V
PYROXD1	AR	Definitive	myofibrillar myopathy 8
PYROXD2	AR	Limited	mitochondrial disease
QARS1	AR	Definitive	diffuse cerebral and cerebellar atrophy - intractable seizures - progressive microcephaly syndrome
QDPR	AR	Definitive	dihydropteridine reductase deficiency
QKI	AD	Limited	intellectual disability
QRICH1	AD	Definitive	Ververi-Brady syndrome 1
QRICH2	AR	Strong	spermatogenic failure 35
QRSL1	AR	Strong	combined oxidative phosphorylation deficiency 40
QTMAN	AD	Limited	neurodevelopmental disorder
RAB11A	AD	Strong	neurodevelopmental disorder
RAB11B	AD	Strong	neurodevelopmental disorder with ataxic gait, absent speech, and decreased cortical white matter
RAB14	AD	Moderate	neurodevelopmental disorder
RAB18	AR	Definitive	Warburg micro syndrome 3
RAB1A	AD	Moderate	complex neurodevelopmental disorder
RAB23	AR	Definitive	RAB23-related Carpenter syndrome
RAB27A	AR	Definitive	Griscelli syndrome type 2
RAB28	AR/AD	Definitive	RAB28-related retinopathy
RAB32	AD	Moderate	Parkinson disease 26, autosomal dominant, susceptibility to
RAB33B	AR	Strong	Smith-McCort dysplasia 2
RAB34	AR	Strong	orofaciodigital syndrome 20
RAB35	AR/AD	Limited	complex neurodevelopmental disorder
RAB39B	XL	Definitive	early-onset parkinsonism-intellectual disability syndrome
RAB3GAP1	AR	Definitive	Warburg micro syndrome
RAB3GAP2	AR	Definitive	RAB18 deficiency
RAB40AL	.	Refuted Evidence	X-linked syndromic intellectual disability
RAB5C	AD	Strong	neurodevelopmental disorder
RAB5IF	AR	Limited	craniofacial dysmorphism, skeletal anomalies, and impaired intellectual development syndrome 2
RAB7A	AD	Definitive	Charcot-Marie-Tooth disease type 2
RABGAP1	AR	Strong	neurodevelopmental disorder
RABL2A	AD	Limited	infertility disorder
RABL3	AD	Supportive	familial pancreatic carcinoma
RABL6	AR	Limited	neurodevelopmental disorder
RAC1	AD	Definitive	syndromic intellectual disability
RAC2	AR/AD	Definitive	immunodeficiency 73b with defective neutrophil chemotaxis and lymphopenia
RAC3	AD	Strong	neurodevelopmental disorder with structural brain anomalies and dysmorphic facies
RACGAP1	AR	Limited	Anemia, congenital dyserythropoietic, type IIIb, autosomal recessive
RACK1	AD	Limited	neurodevelopmental disorder
RAD21	AD/AR	Definitive	Cornelia de Lange syndrome
RAD50	AR	Strong	Nijmegen breakage syndrome-like disorder
RAD51	AD/AR	Strong	Fanconi anemia complementation group R
RAD51B	AR	Limited	primary ovarian failure
RAD51C	AR/AD	Definitive	RAD51C-related cancer predisposition
RAD51D	AD	Definitive	RAD51D-related cancer predisposition
RAF1	AD	Definitive	Noonan syndrome
RAG1	AR	Definitive	Omenn syndrome
RAG2	AR	Definitive	recombinase activating gene 2 deficiency
RAI1	AD	Definitive	Smith-Magenis syndrome
RAI2	.	Disputed Evidence	congenital heart disease
RALA	AD	Definitive	complex neurodevelopmental disorder
RALGAPA1	AD/AR	Strong	neurodevelopmental disorder with hypotonia, neonatal respiratory insufficiency, and thermodysregulation
RALGAPB	AD/AR	Strong	neurodevelopmental disorder
RALGDS	AR	Limited	complex neurodevelopmental disorder
RAMP2	AD	Moderate	open-angle glaucoma
RANBP2	AD	Definitive	familial acute necrotizing encephalopathy
RANGRF	AD	Limited	Brugada syndrome
RAP1A	AD	Moderate	Kabuki syndrome
RAP1B	AD	Strong	thrombocytopenia 11 with multiple congenital anomalies and dysmorphic facies
RAP1GDS1	AR	Strong	Alfadhel syndrome
RAPGEF2	AD	Limited	amyotrophic lateral sclerosis
RAPGEF4	AD	Limited	prostate cancer
RAPSN	AR	Definitive	neuromuscular disease
RARA	AD	Moderate	craniosynostosis
RARB	AD/AR	Definitive	microphthalmia, syndromic 12
RARS1	AR	Definitive	leukodystrophy, hypomyelinating, 9
RARS2	AD/AR	Definitive	mitochondrial disease
RASA1	AD	Definitive	capillary malformation-arteriovenous malformation 1
RASA2	AD	Moderate	Noonan syndrome
RASAL1	AD	Limited	breast cancer
RASGRP1	AR	Definitive	immunodeficiency 64
RASGRP2	AR	Definitive	platelet-type bleeding disorder 18
RAX2	AR/AD	Definitive	retinitis pigmentosa
RAX	AR	Definitive	isolated microphthalmia 3
RB1	AD	Definitive	hereditary retinoblastoma
RBBP5	AD	Strong	neurodevelopmental disorder
RBBP7	XL	Limited	spermatogenic failure, X-linked, 9
RBBP8	AR	Definitive	Jawad syndrome
RBCK1	AR	Definitive	polyglucosan body myopathy 1 with or without immunodeficiency
RBFOX1	AD	Strong	neurodevelopmental disorder
RBFOX2	AD	Strong	congenital heart defects, multiple types
RBFOX3	AD	Moderate	neurodevelopmental disorder
RBL2	AR	Strong	Brunet-Wagner neurodevelopmental syndrome
RBM10	XL	Definitive	TARP syndrome
RBM20	AD	Definitive	dilated cardiomyopathy
RBM28	AR	Strong	ANE syndrome
RBM7	AR	Moderate	spinal muscular atrophy
RBM8A	AR	Definitive	thrombocytopenia-absent radius syndrome
RBMX	XL	Moderate	syndromic X-linked intellectual disability Shashi type
RBP3	AR/AD	Strong	retinitis pigmentosa 66
RBP4	AR/AD	Definitive	progressive retinal dystrophy due to retinol transport defect
RBPJ	AD	Strong	Adams-Oliver syndrome 3
RBSN	AR	Strong	Kariminejad neurodevelopmental syndrome
RC3H1	AR/AD	Moderate	hemophagocytic lymphohistiocytosis, familial, 6
RCAN1	AD	Moderate	focal segmental glomerulosclerosis
RCBTB1	AD/AR	Definitive	RCBTB1-related retinopathy
RD3	AR/AD	Definitive	RD3-related retinopathy
RDH11	AR	Strong	retinitis pigmentosa-juvenile cataract-short stature-intellectual disability syndrome
RDH12	AR/AD	Definitive	RDH12-related recessive retinopathy
RDH14	AR	Limited	neurodevelopmental disorder
RDH5	SD/AR/AD	Definitive	fundus albipunctatus
RDX	AR	Definitive	nonsyndromic genetic hearing loss
REC114	AR	Strong	oocyte maturation defect 10
REC8	AR	Moderate	primary ovarian failure
RECQL4	AR	Definitive	Rothmund-Thomson syndrome
RECQL5	AR/AD	Limited	coronary artery disorder
RECQL	AR	Moderate	RECON progeroid syndrome
REEP1	AD/AR	Definitive	hereditary spastic paraplegia 31
REEP2	SD/AD/AR	Strong	hereditary spastic paraplegia 72
REEP6	AR/AD	Definitive	inherited retinal dystrophy
RELA	AD	Definitive	combined immunodeficiency due to RELA haploinsufficiency
REL	AR	Strong	immunodeficiency 92
RELB	AR	Definitive	immunodeficiency 53
RELN	AD/AR	Definitive	lissencephaly with cerebellar hypoplasia
RELT	AR	Strong	amelogenesis imperfecta, type 3C
REN	AD/AR	Definitive	familial juvenile hyperuricemic nephropathy type 2
REPS1	AR	Limited	neurodegeneration with brain iron accumulation 7
REPS2	XL	Moderate	complex neurodevelopmental disorder
RERE	AD	Definitive	complex neurodevelopmental disorder with or without congenital anomalies
REST	AD	Strong	fibromatosis, gingival, 5
RET	AD/AR	Definitive	multiple endocrine neoplasia type 2B
RETN	AD	Limited	diabetes mellitus, noninsulin-dependent
RETREG1	AR	Definitive	hereditary sensory and autonomic neuropathy
REV3L	AD	Strong	Moebius syndrome
REXO2	AD	Moderate	type 1 interferonopathy of childhood
RFC1	AR	Definitive	cerebellar ataxia with neuropathy and bilateral vestibular areflexia syndrome
RFC4	AR	Strong	Morimoto-Ryu-Malicdan neuromuscular syndrome
RFT1	AR	Strong	RFT1-congenital disorder of glycosylation
RFWD3	AR	Moderate	Fanconi anemia, complementation group W
RFX2	AD	Limited	cerebral palsy
RFX3	AD	Definitive	complex neurodevelopmental disorder
RFX4	AD	Strong	neurodevelopmental disorder
RFX5	AR	Definitive	MHC class II deficiency
RFX6	AD/AR/SD	Definitive	monogenic diabetes
RFX7	AD	Definitive	complex neurodevelopmental disorder
RFXANK	AR	Definitive	MHC class II deficiency
RFXAP	AR	Definitive	MHC class II deficiency
RGR	SD/AD/AR	Supportive	retinitis pigmentosa
RGS10	AR	Limited	immunodeficiency disease
RGS18	AD	Limited	inherited bleeding disorder, platelet-type
RGS5	.	No Known Disease Relationship	essential hypertension, genetic
RGS6	AR	Limited	neurodevelopmental disorder
RGS7	AR	Limited	neurodevelopmental disorder
RGS9	AR	Definitive	prolonged electroretinal response suppression 1
RGS9BP	AR	Definitive	prolonged electroretinal response suppression 2
RHAG	AR/AD	Definitive	Rh deficiency syndrome
RHBDF1	AR	Moderate	dilated cardiomyopathy
RHBDF2	AD/AR	Definitive	palmoplantar keratoderma-esophageal carcinoma syndrome
RHCE	AR	Strong	Rh deficiency syndrome
RHD	AR	Supportive	Rh deficiency syndrome
RHEB	AD	Limited	complex neurodevelopmental disorder
RHOA	.	Limited	ectodermal dysplasia with facial dysmorphism and acral, ocular, and brain anomalies
RHOB	AD	Moderate	cerebral palsy
RHOBTB2	AD/AR	Definitive	complex neurodevelopmental disorder
RHOG	AR	Moderate	hemophagocytic lymphohistiocytosis due to RhoG deficiency
RHOH	AR	Strong	epidermodysplasia verruciformis, susceptibility to, 4
RHO	SD/AD/AR	Definitive	retinitis pigmentosa 4
RHOXF1	XL	Moderate	spermatogenic failure
RIC1	AR/AD	Strong	cleft lip/palate
RIC3	AD/AR	Limited	Parkinson disease
RICTOR	AD	Strong	neurodevelopmental disorder
RIGI	AD	Strong	Singleton-Merten syndrome 2
RILPL1	AD	Limited	oculopharyngodistal myopathy 4
RIMS1	AD	Strong	cone-rod dystrophy 7
RIMS2	AR	Strong	cone-rod synaptic disorder syndrome, congenital nonprogressive
RIN1	AD	Limited	familial nonmedullary thyroid carcinoma
RIN2	AR	Definitive	RIN2 syndrome
RING1	AD	Limited	complex neurodevelopmental disorder
RINT1	AR	Strong	infantile liver failure syndrome 3
RIOK2	AR	Limited	male infertility with azoospermia or oligozoospermia due to single gene mutation
RIPK1	AD/AR	Definitive	immunodeficiency 57
RIPK3	AR	Moderate	hereditary predisposition to infections
RIPK4	AR	Definitive	Bartsocas-Papas syndrome 1
RIPOR2	AR/AD	Strong	nonsyndromic genetic hearing loss
RIPPLY1	AR	Limited	cerebellar ataxia, intellectual disability, and dysequilibrium
RIPPLY2	AR	Strong	spondylocostal dysostosis 6, autosomal recessive
RIT1	AD	Definitive	Noonan syndrome
RLBP1	AR/AD	Definitive	RLBP1-related retinopathy
RLIM	XL/AD	Definitive	non-syndromic X-linked intellectual disability
RMI2	AR	Moderate	Bloom syndrome
RMND1	AR	Definitive	mitochondrial disease
RMP64	AR	Strong	anauxetic dysplasia 3
RMRP	AR	Definitive	cartilage-hair hypoplasia
RNASEH1	AR/AD	Strong	progressive external ophthalmoplegia with mitochondrial DNA deletions, autosomal recessive 2
RNASEH2A	AR/AD	Definitive	RNASEH2A-related type 1 interferonopathy
RNASEH2B	AR/AD	Definitive	Aicardi-Goutieres syndrome 2
RNASEH2C	AR/AD	Definitive	RNASEH2C-related type 1 interferonopathy
RNASEL	AD/AR	Moderate	multisystem inflammatory syndrome in children and adults
RNASET2	AR	Definitive	cystic leukoencephalopathy without megalencephaly
RNF113A	XL/AR	Strong	trichothiodystrophy 5, nonphotosensitive
RNF125	AD	Strong	Tenorio syndrome
RNF135	AD	Supportive	overgrowth-macrocephaly-facial dysmorphism syndrome
RNF139	AD	Limited	nonpapillary renal cell carcinoma
RNF13	AD	Strong	developmental and epileptic encephalopathy, 73
RNF168	AR	Definitive	RIDDLE syndrome
RNF170	AD/AR	Strong	autosomal dominant sensory ataxia 1
RNF207	AD	Limited	long QT syndrome
RNF212	AR	Limited	spermatogenic failure 62
RNF212B	AR	Moderate	infertility disorder
RNF213	AD/AR	Strong	Moyamoya disease 2
RNF216	AR	Strong	cerebellar ataxia-hypogonadism syndrome
RNF220	AR	Strong	leukodystrophy, hypomyelinating, 23, with ataxia, deafness, liver dysfunction, and dilated cardiomyopathy
RNF2	AD	Strong	Luo-Schoch-Yamamoto syndrome
RNF31	AR	Moderate	immunodeficiency 115 with autoinflammation
RNF40	AD	Limited	congenital heart disease
RNF43	AD	Definitive	sessile serrated polyposis cancer syndrome
RNF6	.	No Known Disease Relationship	esophageal cancer
RNH1	AR	Strong	encephalitis, acute, infection-induced, susceptibility to, 12
RNLS	AR	Limited	cataract
RNPC3	AR	Definitive	isolated growth hormone deficiency, type 5
RNU12	AR	Strong	craniosynostosis-anal anomalies-porokeratosis syndrome
RNU2-2	AD	Strong	neurodevelopmental disorder
RNU4-2	AD/AR	Strong	neurodevelopmental disorder with hypotonia, brain anomalies, distinctive facies, and absent language
RNU4ATAC	AR	Definitive	RNU4ATAC spectrum disorder
RNU5B-1	AD	Strong	neurodevelopmental disorder
RNU7-1	AR	Strong	Aicardi-Goutieres syndrome 9
ROBO1	AR/AD/SD	Definitive	neurooculorenal syndrome
ROBO2	AD	Strong	vesicoureteral reflux 2
ROBO3	AR	Definitive	gaze palsy, familial horizontal, with progressive scoliosis 1
ROBO4	AD	Strong	aortic valve disease 3
ROCK2	AD	Moderate	congenital heart disease
ROGDI	AR	Definitive	amelocerebrohypohidrotic syndrome
ROM1	AD	Strong	retinitis pigmentosa 7
ROR1	AR	Moderate	hearing loss, autosomal recessive 108
ROR2	AR/AD	Definitive	autosomal recessive Robinow syndrome
RORA	AD	Strong	intellectual developmental disorder with or without epilepsy or cerebellar ataxia
RORB	AD	Definitive	complex neurodevelopmental disorder
RORC	AR/AD	Strong	autosomal recessive mendelian susceptibility to mycobacterial diseases due to complete RORgamma receptor deficiency
ROS1	AD/AR	Moderate	male infertility with azoospermia or oligozoospermia due to single gene mutation
RP1	AD/AR/SD	Definitive	retinitis pigmentosa 1
RP1L1	AR/AD/SD	Definitive	occult macular dystrophy
RP2	XL/AD	Definitive	RP2-related retinopathy
RP9	AD	Strong	retinitis pigmentosa 9
RPA1	AD	Strong	pulmonary fibrosis and/or bone marrow failure, telomere-related, 6
RPE65	AD/AR	Definitive	RPE65-related recessive retinopathy
RPGRIP1	AR/AD	Definitive	Leber congenital amaurosis 6
RPGRIP1L	AR	Definitive	ciliopathy
RPGR	XL/AD	Definitive	retinitis pigmentosa 3
RPH3A	AR/AD	Strong	neurodevelopmental disorder
RPIA	AR	Strong	ribose-5-P isomerase deficiency
RPL10L	AD/AR	Moderate	oligospermia
RPL10	XL	Definitive	X-linked syndromic intellectual disability
RPL11	AD	Definitive	Diamond-Blackfan anemia 7
RPL13	AD	Strong	spondyloepimetaphyseal dysplasia, Isidor-Toutain type
RPL15	AD	Strong	Diamond-Blackfan anemia 12
RPL18	AD	Moderate	Diamond-Blackfan anemia 18
RPL21	AD	Strong	hypotrichosis 12
RPL26	AD	Strong	Diamond-Blackfan anemia 11
RPL27	AD	Moderate	Diamond-Blackfan anemia 16
RPL31	AD	Moderate	Diamond-Blackfan anemia
RPL35A	AD	Strong	Diamond-Blackfan anemia 5
RPL35	AD	Supportive	Diamond-Blackfan anemia
RPL3L	AR	Strong	cardiomyopathy, dilated, 2D
RPL5	AD	Definitive	Diamond-Blackfan anemia 6
RPL8	AD	Moderate	Diamond-Blackfan anemia
RPL9	AD	Moderate	Diamond-Blackfan anemia
RPS10	AD	Definitive	Diamond-Blackfan anemia
RPS15A	AD	Supportive	Diamond-Blackfan anemia
RPS15	AD	Limited	Diamond-Blackfan anemia
RPS17	AD	Strong	Diamond-Blackfan anemia 4
RPS19	AD	Definitive	Diamond-Blackfan anemia 1
RPS20	AD	Moderate	familial colorectal cancer
RPS23	AD	Strong	brachycephaly, trichomegaly, and developmental delay
RPS24	AD	Definitive	Diamond-Blackfan anemia
RPS26	AD	Definitive	Diamond-Blackfan anemia 10
RPS27	AD	Limited	Diamond-Blackfan anemia 17
RPS28	AD	Moderate	Diamond-Blackfan anemia 15 with mandibulofacial dysostosis
RPS29	AD	Strong	Diamond-Blackfan anemia 13
RPS6KA3	XL/AD	Definitive	Coffin-Lowry syndrome
RPS6KB1	AD	Moderate	hypertrophic cardiomyopathy
RPS6KC1	AR	Moderate	complex neurodevelopmental disorder
RPS7	AD	Strong	Diamond-Blackfan anemia 8
RPSA	AD	Definitive	familial isolated congenital asplenia
RRAD	AD	Limited	Brugada syndrome
RRAGA	AD	Strong	cataract
RRAGC	AD	Strong	Long-Olsen-Distelmaier syndrome
RRAGD	AD	Strong	hypomagnesemia 7, renal, with or without dilated cardiomyopathy
RRAS2	AD	Definitive	Noonan syndrome
RRAS	AD	Strong	Noonan syndrome and Noonan-related syndrome
RREB1	AD	Moderate	RASopathy
RRM1	AR/AD	Moderate	progressive external ophthalmoplegia with mitochondrial dna deletions, autosomal recessive 6
RRM2B	AR/AD	Definitive	mitochondrial DNA depletion syndrome 8a
RRP7A	AR	Moderate	microcephaly 28, primary, autosomal recessive
RS1	XL/XLR	Definitive	X-linked retinoschisis
RSPH1	AR/AD	Definitive	primary ciliary dyskinesia 24
RSPH3	AR/AD	Definitive	primary ciliary dyskinesia 32
RSPH4A	AR/AD	Definitive	primary ciliary dyskinesia 11
RSPH9	AR/AD	Definitive	primary ciliary dyskinesia 12
RSPO1	AR	Strong	palmoplantar keratoderma-XX sex reversal-predisposition to squamous cell carcinoma syndrome
RSPO2	AR	Strong	tetraamelia syndrome 2
RSPO4	AR	Definitive	nonsyndromic congenital nail disorder 4
RSPRY1	AR	Strong	progressive spondyloepimetaphyseal dysplasia-short stature-short fourth metatarsals-intellectual disability syndrome
RSRC1	AR	Definitive	intellectual developmental disorder, autosomal recessive 70
RSRC2	AD	Limited	complex neurodevelopmental disorder
RTEL1	AD/AR/SD	Definitive	dyskeratosis congenita, autosomal recessive 5
RTKN2	.	No Known Disease Relationship	dilated cardiomyopathy
RTN2	AR/AD	Strong	neuronopathy, distal hereditary motor, autosomal recessive 11, with spasticity
RTN4IP1	AR	Definitive	optic atrophy 10 with or without ataxia, intellectual disability, and seizures
RTTN	AR	Definitive	microcephalic primordial dwarfism due to RTTN deficiency
RUBCN	AR	Strong	autosomal recessive spinocerebellar ataxia 15
RUNDC3B	.	No Known Disease Relationship	schizophrenia
RUNX1	AD	Definitive	hereditary thrombocytopenia and hematological cancer predisposition syndrome associated with RUNX1
RUNX1T1	AD	Strong	neurodevelopmental disorder
RUNX2	AD	Definitive	cleidocranial dysplasia 1
RUSC2	AR	Strong	intellectual disability, autosomal recessive 61
RXFP2	AR	Limited	cryptorchidism
RXRA	.	No Known Disease Relationship	congenital heart disease
RXYLT1	AR	Definitive	muscle-eye-brain disease
RYBP	AD	Moderate	complex neurodevelopmental disorder
RYR1	AD/AR	Definitive	malignant hyperthermia, susceptibility to, 1
RYR2	AD	Definitive	catecholaminergic polymorphic ventricular tachycardia
RYR3	AD/AR	Limited	genetic developmental and epileptic encephalopathy
S1PR2	AR	Strong	nonsyndromic genetic hearing loss
SACK1G	AR	Limited	hereditary palmoplantar keratoderma
SACK1H	AD	Strong	amelogenesis imperfecta, type 3A
SACS	AR	Definitive	Charlevoix-Saguenay spastic ataxia
SAG	AR/AD/SD	Definitive	Oguchi disease-1
SALL1	AD	Definitive	Townes-Brocks syndrome 1
SALL2	.	Limited	coloboma, ocular, autosomal recessive
SALL4	AD	Definitive	Duane-radial ray syndrome
SAMD11	AR	Strong	retinitis pigmentosa
SAMD12	AD/SD	Strong	epilepsy, familial adult myoclonic, 1
SAMD7	AR	Strong	macular dystrophy with or without cone dysfunction
SAMD9	AD/AR	Definitive	MIRAGE syndrome
SAMD9L	AD	Definitive	ataxia-pancytopenia syndrome
SAMHD1	AR/AD	Definitive	Aicardi-Goutieres syndrome 5
SAR1B	AR	Strong	chylomicron retention disease
SARDH	AR	Moderate	sarcosinemia
SARS1	AR/AD	Strong	hereditary peripheral neuropathy
SARS2	AR	Definitive	hyperuricemia-pulmonary hypertension-renal failure-alkalosis syndrome
SART3	AD/AR	Strong	neurodevelopmental disorder
SASH1	AR/AD	Strong	dyschromatosis universalis hereditaria 1
SASH3	XL	Definitive	immunodeficiency 102
SASS6	AR	Strong	microcephaly 14, primary, autosomal recessive
SAT1	XL	Strong	systemic lupus erythematosus
SATB1	AD	Definitive	complex neurodevelopmental disorder
SATB2	AD	Definitive	SATB2 associated disorder
SAXO6	.	No Known Disease Relationship	schizophrenia
SBDS	AR	Definitive	Shwachman-Diamond syndrome
SBF1	AR	Strong	Charcot-Marie-Tooth disease type 4B3
SBF2	AR	Definitive	Charcot-Marie-Tooth disease type 4B2
SC5D	AR	Definitive	lathosterolosis
SCAF4	AD	Definitive	complex neurodevelopmental disorder
SCAMP5	AD/AR	Strong	neurodevelopmental disorder
SCAPER	AR/AD	Definitive	intellectual developmental disorder and retinitis pigmentosa; IDDRP
SCARB2	AR	Definitive	action myoclonus-renal failure syndrome
SCARF2	AR	Definitive	van den Ende-Gupta syndrome
SCD5	AD	Limited	hearing loss, autosomal dominant 79
SCD	AR	Limited	adrenoleukodystrophy
SCGN	AR	Moderate	ulcerative colitis
SCHIP1	AR	Limited	complex neurodevelopmental disorder
SCLT1	AR	Strong	ciliopathy
SCN10A	AD	Strong	episodic pain syndrome, familial, 2
SCN11A	AD	Definitive	hereditary sensory and autonomic neuropathy type 7
SCN1A	AD	Definitive	developmental and epileptic encephalopathy, 6A
SCN1B	AD/AR	Definitive	generalized epilepsy with febrile seizures plus
SCN2A	AD	Definitive	developmental and epileptic encephalopathy, 11
SCN2B	AD	Moderate	atrial fibrillation, familial, 14
SCN3A	AD	Definitive	genetic developmental and epileptic encephalopathy
SCN3B	AD	Supportive	familial atrial fibrillation
SCN4A	AR/AD	Definitive	SCN4A-related myopathy, autosomal recessive
SCN4B	AD	Supportive	familial atrial fibrillation
SCN5A	SD/AD/AR	Definitive	long QT syndrome 3
SCN7A	AR	Limited	holoprosencephaly
SCN8A	AD/AR	Definitive	developmental and epileptic encephalopathy, 13
SCN9A	AD/SD/AR	Definitive	primary erythermalgia
SCNM1	AR	Strong	orofaciodigital syndrome 19
SCNN1A	AR/AD	Definitive	pseudohypoaldosteronism, type IB1, autosomal recessive
SCNN1B	AR/SD/AD	Definitive	pseudohypoaldosteronism, type IB2, autosomal recessive
SCNN1G	AD/AR	Definitive	Liddle syndrome
SCO1	AR	Definitive	mitochondrial disease
SCO2	AR/AD	Definitive	Leigh syndrome
SCP2	AR	Definitive	sterol carrier protein 2 deficiency
SCRIB	AD	Limited	autism spectrum disorder
SCUBE3	AR	Strong	short stature, facial dysmorphism, and skeletal anomalies with or without cardiac anomalies 2
SCYL1	AR	Definitive	acute infantile liver failure-cerebellar ataxia-peripheral sensory motor neuropathy syndrome
SCYL2	AR	Strong	arthrogryposis multiplex congenita 4, neurogenic, with agenesis of the corpus callosum
SDCCAG8	AR	Definitive	Bardet-Biedl syndrome 16
SDHA	AD/AR	Definitive	hereditary pheochromocytoma-paraganglioma
SDHAF1	AR	Definitive	mitochondrial disease
SDHAF2	AD	Definitive	hereditary pheochromocytoma-paraganglioma
SDHB	AD/AR	Definitive	pheochromocytoma/paraganglioma syndrome 4
SDHC	AD	Definitive	hereditary pheochromocytoma-paraganglioma
SDHD	AD/AR	Definitive	pheochromocytoma/paraganglioma syndrome 1
SDK2	AR	Limited	intellectual disability
SDR9C7	AR	Strong	ichthyosis, congenital, autosomal recessive 13
SEC16B	AD	Moderate	autosomal dominant polycystic liver disease
SEC23A	AR	Moderate	craniolenticulosutural dysplasia
SEC23B	AR/AD	Definitive	congenital dyserythropoietic anemia type 2
SEC24C	AD	Supportive	22q11.2 deletion syndrome
SEC24D	AR/AD	Strong	Cole-Carpenter syndrome 2
SEC31A	AR	Moderate	neurodevelopmental disorder with spastic quadriplegia, optic atrophy, seizures, and structural brain anomalies
SEC61A1	AD	Strong	hyperuricemic nephropathy, familial juvenile type 4
SEC61B	AD	Moderate	polycystic liver disease 1
SEC63	AD	Definitive	polycystic liver disease 2
SECISBP2	AR	Strong	thyroid hormone metabolism, abnormal 1
SEL1L	AR	Strong	neurodevelopmental disorder
SELENBP1	AR	Strong	extraoral halitosis due to methanethiol oxidase deficiency
SELENOI	AR	Strong	spastic paraplegia 81, autosomal recessive
SELENON	AR/AD	Definitive	rigid spine muscular dystrophy 1
SEMA3A	AR/AD/SD	Definitive	skeletal dysplasia
SEMA3D	AD	Limited	skeletal dysplasia
SEMA3E	AD	Moderate	CHD7-related CHARGE syndrome
SEMA3F	AD	Strong	hypogonadotropic hypogonadism
SEMA4A	AD/AR	Moderate	inherited retinal dystrophy
SEMA5A	AD	Moderate	neurodevelopmental disorder
SEMA6B	AD	Definitive	progressive myoclonus epilepsy
SEMA6D	AD	Limited	complex neurodevelopmental disorder
SEMA7A	AR	Moderate	cholestasis, progressive familial intrahepatic, 11
SENP7	AR	Strong	arthrogryposis multiplex congenita
SEPHS1	AD	Strong	neurodevelopmental disorder
SEPSECS	AR	Definitive	pontocerebellar hypoplasia type 2D
SEPTIN12	AD/AR	Supportive	non-syndromic male infertility due to sperm motility disorder
SEPTIN4	AR	Strong	male infertility
SEPTIN9	AD	Strong	amyotrophic neuralgia
SERAC1	AR	Definitive	Leigh syndrome
SERPINA11	AR	Limited	hydrops fetalis
SERPINA1	AR/AD	Strong	alpha 1-antitrypsin deficiency
SERPINA6	AD/AR/SD	Strong	corticosteroid-binding globulin deficiency
SERPINB6	AR	Definitive	autosomal recessive nonsyndromic hearing loss 91
SERPINB7	AR	Definitive	palmoplantar keratoderma, Nagashima type
SERPINB8	AD/AR	Strong	peeling skin syndrome 5
SERPINC1	AR/AD/SD	Definitive	hereditary antithrombin deficiency
SERPIND1	AD	Definitive	heparin cofactor 2 deficiency
SERPINE1	AR/SD	Definitive	congenital plasminogen activator inhibitor type 1 deficiency
SERPINF1	AR/AD	Strong	osteogenesis imperfecta type 6
SERPINF2	AR/AD	Definitive	alpha-2-plasmin inhibitor deficiency
SERPING1	AD/SD	Definitive	hereditary angioedema with C1Inh deficiency
SERPINH1	AR/AD	Strong	osteogenesis imperfecta type 10
SERPINI1	AD	Definitive	progressive myoclonus epilepsy
SET	AD	Definitive	intellectual disability, autosomal dominant 58
SETBP1	AD	Definitive	Schinzel-Giedion syndrome
SETD1A	AD	Strong	neurodevelopmental disorder with speech impairment and dysmorphic facies
SETD1B	AD	Definitive	complex neurodevelopmental disorder
SETD2	AD	Definitive	Luscan-Lumish syndrome
SETD5	AD	Definitive	syndromic complex neurodevelopmental disorder
SETD6	.	Limited	colorectal cancer
SETX	AD/AR	Definitive	amyotrophic lateral sclerosis type 4
SEZ6	AR	Limited	nonsyndromic genetic hearing loss
SF1	AD	Moderate	neurodevelopmental disorder
SF3B1	AD	Strong	complex neurodevelopmental disorder
SF3B2	AD	Strong	craniofacial microsomia 1
SF3B4	AD	Definitive	Nager acrofacial dysostosis
SFRP4	AR	Strong	Pyle disease
SFTPA1	AD/SD	Strong	interstitial lung disease 1
SFTPA2	AD	Definitive	interstitial lung disease 2
SFTPB	AR	Definitive	surfactant metabolism dysfunction, pulmonary, 1
SFTPC	AD	Definitive	SFTPC-related interstitial lung disease
SFXN4	AR	Definitive	mitochondrial disease
SGCA	AR	Definitive	autosomal recessive limb-girdle muscular dystrophy
SGCB	AR	Definitive	autosomal recessive limb-girdle muscular dystrophy type 2E
SGCD	AR/AD	Definitive	autosomal recessive limb-girdle muscular dystrophy
SGCE	AD	Definitive	myoclonic dystonia 11
SGCG	AR	Definitive	autosomal recessive limb-girdle muscular dystrophy type 2C
SGK3	AD	Limited	hypophosphatemic rickets
SGMS1	AR	Moderate	complex neurodevelopmental disorder
SGMS2	AD	Strong	calvarial doughnut lesions-bone fragility syndrome
SGO1	AD/AR	Moderate	chronic atrial and intestinal dysrhythmia
SGO2	AR	Limited	Perrault syndrome
SGPL1	AR	Definitive	nephrotic syndrome 14
SGSH	AD/AR	Definitive	mucopolysaccharidosis type 3A
SGSM3	AR	Strong	neurodevelopmental disorder
SH2B1	AD/AR	Moderate	severe early-onset obesity-insulin resistance syndrome due to SH2B1 deficiency
SH2B3	AR/SD	Definitive	SH2B3-related immune system disorder
SH2D1A	XL	Definitive	X-linked lymphoproliferative disease due to SH2D1A deficiency
SH3BP2	AD	Strong	cherubism
SH3GL1	AR	Limited	immunodeficiency disease
SH3KBP1	XL	Moderate	immunodeficiency 61
SH3PXD2B	AR	Definitive	Frank-Ter Haar syndrome
SH3TC2	AD/AR	Definitive	Charcot-Marie-Tooth disease type 4C
SHANK1	AD	Definitive	complex neurodevelopmental disorder
SHANK2	AD	Definitive	complex neurodevelopmental disorder
SHANK3	AD	Definitive	Phelan-McDermid syndrome
SHARPIN	AR	Strong	autoinflammation with episodic fever and immune dysregulation
SHH	AD	Definitive	holoprosencephaly 3
SHKBP1	.	No Known Disease Relationship	schizophrenia
SHMT2	AR	Strong	neurodevelopmental disorder with cardiomyopathy, spasticity, and brain abnormalities
SHOC1	AR	Limited	spermatogenic failure
SHOC2	AD	Definitive	Noonan syndrome-like disorder with loose anagen hair
SHOX2	AD	Limited	atrial fibrillation
SHOX	XL/AD/AR	Definitive	Leri-Weill dyschondrosteosis
SHPK	AR	Moderate	isolated sedoheptulokinase deficiency
SHQ1	AR	Strong	neurodevelopmental disorder with dystonia and seizures
SHROOM3	AR/AD	Strong	neural tube defect
SHROOM4	XL	Strong	congenital anomaly of kidney and urinary tract
SIAE	.	Limited	autoimmune disease, susceptibility to, 6
SIAH1	AD	Strong	Buratti-Harel syndrome
SI	AR/SD	Strong	congenital sucrase-isomaltase deficiency
SIGMAR1	AR	Strong	autosomal recessive distal spinal muscular atrophy 2
SIK1	AD	Definitive	developmental and epileptic encephalopathy, 30
SIK3	AD/AR	Moderate	spondyloepimetaphyseal dysplasia, Krakow type
SIL1	AR	Definitive	Marinesco-Sjogren syndrome
SIM1	AD/AR	Definitive	obesity due to SIM1 deficiency
SIN3A	AD	Definitive	SIN3A-related intellectual disability syndrome
SIN3B	AD	Strong	neurodevelopmental disorder
SIPA1L3	SD/AD/AR	Moderate	cataract 45
SIRPG	AR	Limited	male infertility with azoospermia or oligozoospermia due to single gene mutation
SIRT1	AD	Limited	monogenic diabetes
SIX1	AD	Definitive	branchio-oto-renal syndrome
SIX2	AD	Limited	congenital anomaly of kidney and urinary tract
SIX3	AD	Definitive	holoprosencephaly 2
SIX5	AD	Definitive	branchiootorenal syndrome 2
SIX6	AR/AD	Strong	colobomatous optic disc-macular atrophy-chorioretinopathy syndrome
SKI	AD	Definitive	Shprintzen-Goldberg syndrome
SKIC2	AR	Definitive	trichohepatoenteric syndrome 2
SKIC3	AR	Definitive	trichohepatoenteric syndrome 1
SKOR2	AR	Limited	nervous system disorder
SLC10A1	AR	Strong	hypercholanemia, familial, 2
SLC10A2	AR	Limited	bile acid malabsorption, primary, 1
SLC10A7	AR	Definitive	short stature, amelogenesis imperfecta, and skeletal dysplasia with scoliosis
SLC11A1	AR/AD	Supportive	cystic fibrosis
SLC11A2	AR	Definitive	microcytic anemia with liver iron overload
SLC12A1	AR	Definitive	antenatal Bartter syndrome
SLC12A2	AD/AR	Strong	hearing loss, autosomal dominant 78
SLC12A3	AR	Definitive	Gitelman syndrome
SLC12A5	AD/AR	Strong	developmental and epileptic encephalopathy, 34
SLC12A6	AD/AR	Definitive	agenesis of the corpus callosum with peripheral neuropathy
SLC12A7	.	No Known Disease Relationship	renal tubular acidosis, distal, 2, with progressive sensorineural hearing loss
SLC12A9	AR	Strong	neurodevelopmental disorder
SLC13A1	AR	Moderate	sulfation-related bone disorder
SLC13A3	AR	Strong	leukoencephalopathy, acute reversible, with increased urinary alpha-ketoglutarate
SLC13A5	AR/AD	Definitive	developmental and epileptic encephalopathy, 25
SLC14A1	AD	Limited	blood group, kidd system
SLC16A12	AD	Strong	juvenile cataract-microcornea-renal glucosuria syndrome
SLC16A1	SD/AD/AR	Definitive	ketoacidosis due to monocarboxylate transporter-1 deficiency
SLC16A2	XL	Definitive	Allan-Herndon-Dudley syndrome
SLC17A3	AD	Limited	uric acid concentration, serum, quantitative trait locus 4
SLC17A5	AR	Definitive	free sialic acid storage disease
SLC17A8	AD	Definitive	nonsyndromic genetic hearing loss
SLC17A9	AD	Supportive	disseminated superficial actinic porokeratosis
SLC18A2	AR	Definitive	brain dopamine-serotonin vesicular transport disease
SLC18A3	AR	Strong	congenital myasthenic syndrome 21
SLC19A1	AR	Moderate	combined immunodeficiency
SLC19A2	AR	Definitive	thiamine-responsive megaloblastic anemia syndrome
SLC19A3	AR	Definitive	Leigh syndrome
SLC1A1	AR/AD	Strong	dicarboxylic aminoaciduria
SLC1A2	AR/AD	Definitive	developmental and epileptic encephalopathy, 41
SLC1A3	AD	Definitive	episodic ataxia type 6
SLC1A4	AD/AR	Definitive	spastic tetraplegia-thin corpus callosum-progressive postnatal microcephaly syndrome
SLC20A1	AD	Strong	exstrophy-epispadias complex
SLC20A2	AD	Strong	basal ganglia calcification, idiopathic, 1
SLC22A12	AR	Strong	hypouricemia, renal 1
SLC22A4	AR	Limited	hearing loss, autosomal recessive
SLC22A5	AR	Definitive	systemic primary carnitine deficiency disease
SLC24A1	AR	Definitive	inherited retinal dystrophy
SLC24A4	AR/AD	Strong	amelogenesis imperfecta hypomaturation type 2A5
SLC24A5	AR	Definitive	oculocutaneous albinism type 6
SLC25A10	AR	Moderate	mitochondrial DNA depletion syndrome 19
SLC25A11	AD	Supportive	hereditary pheochromocytoma-paraganglioma
SLC25A12	AR	Strong	developmental and epileptic encephalopathy, 39
SLC25A13	AR	Definitive	citrin deficiency
SLC25A15	AR	Definitive	ornithine translocase deficiency
SLC25A19	AR	Strong	Amish lethal microcephaly
SLC25A1	AR	Definitive	mitochondrial disease
SLC25A20	AR	Definitive	carnitine-acylcarnitine translocase deficiency
SLC25A21	AR	Moderate	mitochondrial DNA depletion syndrome 18
SLC25A22	AR/AD	Definitive	genetic developmental and epileptic encephalopathy
SLC25A24	AD/AR	Definitive	Fontaine progeroid syndrome
SLC25A26	AR	Definitive	mitochondrial disease
SLC25A32	AR	Strong	exercise intolerance, riboflavin-responsive
SLC25A36	AR	Strong	hyperinsulinemic hypoglycemia, familial, 8
SLC25A38	AR	Definitive	sideroblastic anemia 2
SLC25A3	AR	Strong	cardiomyopathy-hypotonia-lactic acidosis syndrome
SLC25A42	AR	Strong	metabolic crises, recurrent, with variable encephalomyopathic features and neurologic regression
SLC25A46	AR/AD	Definitive	neuropathy, hereditary motor and sensory, type 6B
SLC25A4	AR/AD	Definitive	mitochondrial DNA depletion syndrome 12B (cardiomyopathic type), autosomal recessive
SLC25A5	XL	Limited	intellectual disability
SLC26A1	AR/AD	Moderate	nephrolithiasis susceptibility caused by SLC26A1
SLC26A2	AR	Definitive	SLC26A2-related skeletal dysplasia
SLC26A3	AR	Definitive	congenital secretory chloride diarrhea 1
SLC26A4	AR/AD	Definitive	autosomal recessive nonsyndromic hearing loss 4
SLC26A5	AR	Strong	autosomal recessive nonsyndromic hearing loss 61
SLC26A6	AD	Limited	primary hyperoxaluria
SLC26A7	AR	Strong	congenital hypothyroidism
SLC26A8	AD/AR	Strong	non-syndromic male infertility due to sperm motility disorder
SLC26A9	AR	Supportive	cystic fibrosis
SLC27A4	AR	Definitive	ichthyosis prematurity syndrome
SLC29A3	AR	Definitive	H syndrome
SLC2A10	AR	Definitive	arterial tortuosity syndrome
SLC2A1	AD/AR/SD	Definitive	GLUT1 deficiency syndrome
SLC2A2	AR	Definitive	glycogen storage disease due to GLUT2 deficiency
SLC2A3	AD	Supportive	Huntington disease
SLC2A6	AD	Limited	cardiomyopathy
SLC2A9	AD/AR/SD	Strong	hypouricemia, renal, 2
SLC30A10	AR	Strong	cirrhosis - dystonia - polycythemia - hypermanganesemia syndrome
SLC30A2	AD	Definitive	zinc deficiency, transient neonatal
SLC30A5	AR	Moderate	cardiomyopathy
SLC30A7	AD	Moderate	Joubert syndrome
SLC30A8	AD	Limited	type 2 diabetes mellitus
SLC30A9	AR	Definitive	psychomotor regression-oculomotor apraxia-movement disorder-nephropathy syndrome
SLC31A1	AR	Moderate	neurodegeneration and seizures due to copper transport defect
SLC32A1	AD	Strong	generalized epilepsy with febrile seizures plus, type 12
SLC33A1	AD/AR	Definitive	Huppke-Brendel syndrome
SLC34A1	AR/AD	Definitive	hypercalcemia, infantile, 2
SLC34A2	AR	Definitive	pulmonary alveolar microlithiasis
SLC34A3	SD/AR	Definitive	hereditary hypophosphatemic rickets with hypercalciuria
SLC35A1	AR	Strong	SLC35A1-congenital disorder of glycosylation
SLC35A2	XL	Definitive	X-linked complex neurodevelopmental disorder
SLC35A3	AR	Definitive	autism spectrum disorder - epilepsy - arthrogryposis syndrome
SLC35B2	AR	Moderate	leukodystrophy, hypomyelinating, 26, with chondrodysplasia
SLC35C1	AR	Definitive	leukocyte adhesion deficiency type II
SLC35D1	AR	Definitive	schneckenbecken dysplasia
SLC35F1	AD	Moderate	neurodevelopmental disorder
SLC35F5	AR	Limited	multiple congenital anomalies/dysmorphic syndrome
SLC35G2	AR	Limited	mitochondrial complex I deficiency
SLC36A2	SD/AR/AD	Supportive	iminoglycinuria
SLC37A3	AR	Strong	retinitis pigmentosa
SLC37A4	AR/AD	Definitive	glycogen storage disease type 1 due to SLC37A4 mutation
SLC38A12	AD	Limited	complex neurodevelopmental disorder
SLC38A3	AR	Strong	developmental and epileptic encephalopathy 102
SLC38A8	AR	Definitive	foveal hypoplasia - optic nerve decussation defect - anterior segment dysgenesis syndrome
SLC38A9	.	No Known Disease Relationship	lysosomal storage disease
SLC39A12	AR	Limited	retinitis pigmentosa
SLC39A13	AR	Definitive	Ehlers-Danlos syndrome, spondylocheirodysplastic type
SLC39A14	AD/AR	Definitive	hypermanganesemia with dystonia 2
SLC39A4	AR	Definitive	acrodermatitis enteropathica
SLC39A5	AD	Strong	myopia 24, autosomal dominant
SLC39A7	AR	Strong	agammaglobulinemia 9, autosomal recessive
SLC39A8	AR	Definitive	SLC39A8-CDG
SLC3A1	AR/AD	Definitive	cystinuria
SLC40A1	AD/AR	Definitive	hemochromatosis type 4
SLC41A1	AR	Limited	kidney disorder
SLC44A1	AR	Strong	neurodegeneration, childhood-onset, with ataxia, tremor, optic atrophy, and cognitive decline
SLC44A4	AD	Supportive	autosomal dominant nonsyndromic hearing loss
SLC45A1	AR	Strong	intellectual developmental disorder with neuropsychiatric features
SLC45A2	AR	Definitive	oculocutaneous albinism type 4
SLC46A1	AR	Definitive	hereditary folate malabsorption
SLC4A10	AR	Strong	complex neurodevelopmental disorder
SLC4A11	AD/AR	Definitive	corneal dystrophy-perceptive deafness syndrome
SLC4A1	AR/AD	Definitive	renal tubular acidosis, distal, 4, with hemolytic anemia
SLC4A2	AR/AD	Strong	hereditary spherocytosis type 4
SLC4A3	AD	Strong	short QT syndrome 7
SLC4A4	AR	Definitive	autosomal recessive proximal renal tubular acidosis
SLC4A7	AR	Moderate	retinitis pigmentosa
SLC4A8	.	Limited	schizophrenia
SLC51A	AR	Limited	cholestasis, progressive familial intrahepatic, 6
SLC51B	AR	Limited	bile acid malabsorption, primary, 2
SLC52A1	AD	Moderate	maternal riboflavin deficiency
SLC52A2	AR	Definitive	Brown-Vialetto-van Laere syndrome 2
SLC52A3	AR	Definitive	Brown-Vialetto-van Laere syndrome 1
SLC5A1	AR	Definitive	glucose-galactose malabsorption
SLC5A2	AR/AD/SD	Definitive	familial renal glucosuria
SLC5A5	AR	Definitive	thyroid dyshormonogenesis 1
SLC5A6	AR	Strong	neurodegeneration, infantile-onset, biotin-responsive
SLC5A7	AD/AR	Strong	congenital myasthenic syndrome 20
SLC66A1	AR	Strong	retinitis pigmentosa
SLC6A14	AR	Supportive	cystic fibrosis
SLC6A17	AR	Strong	progressive essential tremor-speech impairment-facial dysmorphism-intellectual disability-abnormal behavior syndrome
SLC6A19	AR/AD	Definitive	Hartnup disease
SLC6A1	AD	Definitive	epilepsy with myoclonic atonic seizures
SLC6A20	AR/AD	Limited	hyperglycinuria
SLC6A2	AD	Supportive	postural orthostatic tachycardia syndrome due to NET deficiency
SLC6A3	AR	Definitive	SLC6A3-related dopamine transporter deficiency syndrome
SLC6A4	AD	Limited	obsessive-compulsive disorder
SLC6A5	AR/AD	Definitive	hyperekplexia 3
SLC6A6	AR	Moderate	hypotaurinemic retinal degeneration and cardiomyopathy
SLC6A8	XL/XLR	Definitive	creatine transporter deficiency
SLC6A9	AR	Definitive	atypical glycine encephalopathy
SLC7A14	AD/AR	Strong	retinitis pigmentosa 68
SLC7A3	AD	Limited	autism spectrum disorder
SLC7A5	AR	Moderate	complex neurodevelopmental disorder
SLC7A6OS	AR	Limited	epilepsy
SLC7A7	AR	Definitive	lysinuric protein intolerance
SLC7A9	AR/AD/SD	Definitive	cystinuria
SLC9A1	AR	Strong	Lichtenstein-Knorr syndrome
SLC9A3	AR/AD	Strong	congenital secretory sodium diarrhea 8
SLC9A6	XL	Definitive	Christianson syndrome
SLC9A7	XL	Strong	intellectual developmental disorder, X-linked 108
SLC9A9	AD	Limited	autism, susceptibility to, 16
SLC9D1	AD	Limited	Fuchs' endothelial dystrophy
SLCO1B1	AR	Supportive	Rotor syndrome
SLCO1B3	AR	Supportive	Rotor syndrome
SLCO1B7	.	No Known Disease Relationship	schizophrenia
SLCO1C1	AR	Limited	complex neurodevelopmental disorder
SLCO2A1	AR/AD	Definitive	hypertrophic osteoarthropathy, primary, autosomal recessive, 2
SLF2	AR	Strong	Atelis syndrome 1
SLFN14	AD	Strong	platelet-type bleeding disorder 20
SLIRP	AR	Limited	inborn mitochondrial metabolism disorder
SLIT2	AD/AR	Moderate	congenital anomaly of kidney and urinary tract
SLIT3	AR	Moderate	congenital diaphragmatic hernia
SLITRK1	AD	Limited	Tourette syndrome
SLITRK2	XL	Strong	intellectual developmental disorder, X-linked 111
SLITRK3	AD/AR	Limited	epilepsy
SLITRK6	AR	Definitive	high myopia-sensorineural deafness syndrome
SLK	AR	Moderate	complex neurodevelopmental disorder
SLMAP	AD	Supportive	Brugada syndrome
SLPI	AD	Limited	otitis media
SLURP1	AR/AD	Strong	mal de Meleda
SLX4	AR	Definitive	Fanconi anemia complementation group P
SMAD1	AD	Limited	congenital heart disease
SMAD2	AD	Definitive	congenital heart disease
SMAD3	AD	Definitive	aneurysm-osteoarthritis syndrome
SMAD4	AD	Definitive	juvenile polyposis/hereditary hemorrhagic telangiectasia syndrome
SMAD6	AR/AD	Definitive	SMAD6-related disease
SMAD7	AD	Limited	congenital heart disease
SMAD9	AD	Definitive	pulmonary arterial hypertension
SMARCA1	XL	Definitive	neurodevelopmental disorder
SMARCA2	AD	Definitive	intellectual disability-sparse hair-brachydactyly syndrome
SMARCA4	AD/AR	Definitive	Coffin-Siris syndrome
SMARCA5	AD	Strong	complex neurodevelopmental disorder
SMARCAD1	AD	Definitive	ectodermal dysplasia syndrome
SMARCAL1	AR	Definitive	Schimke immuno-osseous dysplasia
SMARCB1	AD	Definitive	rhabdoid tumor predisposition syndrome 1
SMARCC1	AD	Definitive	SMARCC1-associated developmental dysgenesis syndrome
SMARCC2	AD	Definitive	Coffin-Siris syndrome 8
SMARCD1	AD	Strong	Coffin-Siris syndrome 11
SMARCD2	AR	Strong	specific granule deficiency 2
SMARCE1	AD	Definitive	familial meningioma
SMC1A	XL/AD	Definitive	X-linked complex neurodevelopmental disorder
SMC1B	AD	Limited	gonadal dysgenesis
SMC3	AD	Definitive	Cornelia de Lange syndrome
SMC5	AR	Strong	Atelis syndrome 2
SMCHD1	AD	Definitive	arhinia, choanal atresia, and microphthalmia
SMDT1	AR	Limited	progressive muscular dystrophy
SMG7	.	No Known Disease Relationship	autoimmune disease
SMG8	AR	Definitive	Alzahrani-Kuwahara syndrome
SMG9	AR	Strong	heart and brain malformation syndrome
SMN1	AR	Definitive	spinal muscular atrophy, type 1
SMN2	AR	Moderate	spinal muscular atrophy, type III
SMO	AD/AR	Definitive	mosaic SMO syndrome
SMOC1	AR	Definitive	microphthalmia with limb anomalies
SMOC2	AR	Strong	dentin dysplasia type I
SMPD1	AR	Definitive	acid sphingomyelinase deficiency
SMPD4	AR	Strong	neurodevelopmental disorder with microcephaly, arthrogryposis, and structural brain anomalies
SMPDL3A	AR	Limited	sensory peripheral neuropathy
SMPX	XL	Definitive	nonsyndromic genetic hearing loss
SMS	XL	Definitive	syndromic X-linked intellectual disability Snyder type
SMURF2	AR	Moderate	complex neurodevelopmental disorder
SMYD1	AD	Limited	hypertrophic cardiomyopathy
SNAI1	AD	Limited	congenital heart disease
SNAI2	AR/AD	Definitive	piebaldism
SNAP25	AD	Definitive	genetic developmental and epileptic encephalopathy
SNAP29	AR	Strong	CEDNIK syndrome
SNAPC4	AR	Strong	neurodevelopmental disorder with motor regression, progressive spastic paraplegia, and oromotor dysfunction
SNCA	AD/AR	Definitive	autosomal dominant Parkinson disease 4
SNCB	AD	Moderate	Lewy body dementia
SNF8	AR	Strong	developmental and epileptic encephalopathy 115
SNIP1	AR	Moderate	psychomotor retardation, epilepsy, and craniofacial dysmorphism
SNORA31	AD	Strong	encephalopathy, acute, infection-induced (herpes-specific), susceptibility to, 10
SNORD118	AR	Strong	leukoencephalopathy with calcifications and cysts
SNRNP200	AD/AR	Definitive	retinitis pigmentosa 33
SNRPA	AR	Limited	complex neurodevelopmental disorder
SNRPB	SD/AD	Definitive	cerebrocostomandibular syndrome
SNRPE	AD	Strong	hypotrichosis 11
SNRPN	AD	Definitive	Prader-Willi syndrome
SNTA1	AD	Limited	long QT syndrome 12
SNUPN	AR	Definitive	muscular dystrophy, limb-girdle, autosomal recessive 29
SNX10	AR	Definitive	autosomal recessive osteopetrosis 8
SNX14	AR	Definitive	autosomal recessive spinocerebellar ataxia 20
SNX27	AR	Strong	neurodevelopmental disorder
SNX31	.	No Known Disease Relationship	schizophrenia
SNX3	AD	Limited	MMEP syndrome
SOBP	AR	Supportive	intellectual disability, anterior maxillary protrusion, and strabismus
SOCS1	AD	Definitive	autoinflammatory syndrome with immunodeficiency
SOCS4	AD	Limited	autoimmune disease
SOD1	AR/AD	Definitive	amyotrophic lateral sclerosis type 1
SOD2	AR/AD	Limited	cardiomyopathy
SOHLH1	AD/AR	Strong	ovarian dysgenesis 5
SOHLH2	AD	Limited	inherited primary ovarian failure
SON	AD	Definitive	ZTTK syndrome
SORBS2	AD	Limited	congenital heart disease
SORCS1	.	No Known Disease Relationship	schizophrenia
SORCS3	AD	Limited	complex neurodevelopmental disorder
SORD	AR	Definitive	Charcot-Marie-Tooth disease
SORL1	AD	Supportive	early-onset autosomal dominant Alzheimer disease
SOS1	AD	Definitive	Noonan syndrome
SOS2	AD	Definitive	Noonan syndrome 9
SOST	AR/AD	Strong	sclerosteosis 1
SOX10	AD	Definitive	Waardenburg syndrome type 4C
SOX11	AD	Definitive	intellectual developmental disorder with microcephaly and with or without ocular malformations or hypogonadotropic hypogonadism
SOX12	AD	Limited	neurodevelopmental disorder
SOX17	AD	Definitive	pulmonary arterial hypertension
SOX18	AD/AR	Strong	hypotrichosis-lymphedema-telangiectasia-renal defect syndrome
SOX2	AD	Definitive	anophthalmia/microphthalmia-esophageal atresia syndrome
SOX3	XL/AD/AR	Definitive	46,XX sex reversal 3
SOX4	AD	Strong	Coffin-Siris syndrome 10
SOX5	AD	Definitive	Lamb-Shaffer syndrome
SOX6	AD	Definitive	complex neurodevelopmental disorder
SOX7	AD	Limited	congenital heart disease
SOX8	AR	Limited	neurodevelopmental disorder
SOX9	AD	Definitive	campomelic dysplasia
SP110	AR	Definitive	hepatic veno-occlusive disease-immunodeficiency syndrome
SP6	AD	Strong	amelogenesis imperfecta, IIa 1K
SP7	AR/AD	Strong	osteogenesis imperfecta type 12
SP9	AD	Strong	neurodevelopmental disorder
SPAG17	AR	Moderate	male infertility with azoospermia or oligozoospermia due to single gene mutation
SPAG1	AR/AD	Definitive	primary ciliary dyskinesia 28
SPAG7	AD	Limited	PFAPA syndrome
SPAG9	AD	Limited	schizophrenia
SPARC	AR/AD	Strong	osteogenesis imperfecta type 17
SPARCL1	AD	Limited	stromal corneal dystrophy
SPART	AR	Definitive	Troyer syndrome
SPAST	AD/AR	Definitive	hereditary spastic paraplegia 4
SPATA13	AD	Moderate	primary angle-closure glaucoma
SPATA16	AR	Moderate	spermatogenic failure 6
SPATA22	AR	Moderate	infertility disorder
SPATA3	AR	Moderate	male infertility with azoospermia or oligozoospermia due to single gene mutation
SPATA7	AR/AD	Definitive	Leber congenital amaurosis 3
SPATC1L	AD/AR	Moderate	hearing loss disorder
SPDL1	AR	Limited	microcephaly
SPECC1L	AD	Definitive	hypertelorism, Teebi type
SPEF2	AR/AD	Definitive	primary ciliary dyskinesia
SPEG	AR	Definitive	myopathy, centronuclear, 5
SPEN	AD	Definitive	Radio-Tartaglia syndrome
SPG11	AR	Definitive	hereditary spastic paraplegia 11
SPG21	AR	Strong	mast syndrome
SPG7	AR/AD	Definitive	hereditary spastic paraplegia 7
SPI1	AD	Definitive	agammaglobulinemia 10, autosomal dominant
SPIDR	AR/AD	Moderate	ovarian dysgenesis 9
SPIN4	XL	Moderate	Lui-Jee-Baron syndrome
SPINK1	AD	Strong	hereditary chronic pancreatitis
SPINK2	AR	Strong	spermatogenic failure 29
SPINK5	AR	Definitive	Netherton syndrome
SPINT2	AR	Definitive	syndromic congenital sodium diarrhea
SPNS2	AR	Moderate	hearing loss, autosomal recessive 115
SPOP	AD	Definitive	neurodevelopmental disorder with relative macrocephaly and with or without cardiac or endocrine anomalies
SPOUT1	AR	Limited	complex neurodevelopmental disorder
SPP1	.	Supportive	systemic lupus erythematosus
SPP2	AD	Limited	retinitis pigmentosa
SPPL2A	AR	Moderate	immunodeficiency 86
SPR	AR/AD	Definitive	dopa-responsive dystonia due to sepiapterin reductase deficiency
SPRED1	AD	Definitive	Legius syndrome
SPRED2	AR	Strong	Noonan syndrome 14
SPRTN	AR	Strong	progeroid features-hepatocellular carcinoma predisposition syndrome
SPRY1	AR	Moderate	craniosynostosis
SPRY2	AD	Limited	IgA nephropathy, susceptibility to, 3
SPRY4	AD	Moderate	hypogonadotropic hypogonadism 17 with or without anosmia
SPTA1	AR/AD	Definitive	hereditary spherocytosis type 3
SPTAN1	AD/AR	Definitive	genetic developmental and epileptic encephalopathy
SPTB	AD/AR	Strong	hereditary spherocytosis type 2
SPTBN1	AD	Definitive	developmental delay, impaired speech, and behavioral abnormalities
SPTBN2	AD/AR	Definitive	spinocerebellar ataxia type 5
SPTBN4	AR	Definitive	neurodevelopmental disorder with hypotonia, neuropathy, and deafness
SPTBN5	AD/AR	Limited	neurodevelopmental disorder
SPTLC1	AD	Definitive	neuropathy, hereditary sensory and autonomic, type 1A
SPTLC2	AD	Definitive	neuropathy, hereditary sensory and autonomic, type 1C
SPTSSA	AD/AR	Strong	spastic paraplegia 90A, autosomal dominant
SQOR	AR	Strong	sulfide quinone oxidoreductase deficiency
SQSTM1	AR/AD	Definitive	neurodegeneration with ataxia, dystonia, and gaze palsy, childhood-onset
SRC	AD	Strong	thrombocytopenia 6
SRCAP	AD	Definitive	Floating-Harbor syndrome
SRD5A2	AR	Strong	46,XY disorder of sex development due to 5-alpha-reductase 2 deficiency
SRD5A3	AR	Definitive	SRD5A3-congenital disorder of glycosylation
SREBF1	AD	Strong	IFAP syndrome 2
SREBF2	AR/AD	Moderate	neurocutaneous syndrome
SRF	AD	Limited	congenital heart disease
SRGAP1	AD	Moderate	congenital anomaly of kidney and urinary tract
SRI	.	Refuted Evidence	hypertrophic cardiomyopathy
SRP19	AR	Moderate	neutropenia
SRP54	AD	Strong	neutropenia, severe congenital, 8, autosomal dominant
SRP68	AR	Moderate	neutropenia, severe congenital, 10, autosomal recessive
SRP72	AD	Strong	autosomal dominant aplasia and myelodysplasia
SRPK3	XL	Strong	intellectual developmental disorder, X-linked 114
SRPRA	AD	Moderate	Shwachman-Diamond syndrome
SRPX2	XL/AD	Supportive	rolandic epilepsy-speech dyspraxia syndrome
SRRM2	AD	Definitive	intellectual developmental disorder, autosomal dominant 72
SRSF1	AD	Strong	neurodevelopmental disorder with dysmorphic facies and behavioral abnormalities
SRY	XL/AD	Definitive	46,XX sex reversal 1
SS18L1	AD/AR	Moderate	amyotrophic lateral sclerosis
SSBP1	AD/AR	Strong	optic atrophy 13 with retinal and foveal abnormalities
SSBP3	AD	Limited	neurodevelopmental disorder
SSR3	AR	Moderate	congenital disorder of glycosylation
SSR4	XL	Strong	SSR4-congenital disorder of glycosylation
SSUH2	AD	Supportive	dentin dysplasia type I
SSX1	XL	Strong	spermatogenic failure, X-linked, 5
ST14	AR	Strong	autosomal recessive congenital ichthyosis 11
ST3GAL3	AR	Strong	developmental and epileptic encephalopathy, 15
ST3GAL5	AR	Definitive	GM3 synthase deficiency
ST7	AR	Limited	genetic developmental and epileptic encephalopathy
ST8SIA2	AD	Limited	schizophrenia
STAB1	AR	Strong	isolated hyperferritinemia
STAC3	AR	Definitive	Bailey-Bloch congenital myopathy
STAG1	AD	Definitive	complex neurodevelopmental disorder
STAG2	XL	Definitive	Mullegama-Klein-Martinez syndrome
STAG3	AR	Strong	premature ovarian failure 8
STAMBP	AR	Definitive	microcephaly-capillary malformation syndrome
STAR	AR	Definitive	congenital lipoid adrenal hyperplasia due to STAR deficency
STARD13	.	No Known Disease Relationship	schizophrenia
STARD7	AD	Limited	epilepsy, familial adult myoclonic, 2
STAT1	AD/AR	Definitive	immunodeficiency 31B
STAT2	AR	Strong	primary immunodeficiency with post-measles-mumps-rubella vaccine viral infection
STAT3	AD	Definitive	STAT3-related early-onset multisystem autoimmune disease
STAT4	AD	Strong	disabling pansclerotic morphea of childhood
STAT5B	AR/AD/SD	Definitive	growth hormone insensitivity syndrome with immune dysregulation
STAT6	AD	Strong	hyper-IgE syndrome 6, autosomal dominant, with recurrent infections
STEAP3	AD/AR	Moderate	severe congenital hypochromic anemia with ringed sideroblasts
STEEP1	XL	Moderate	intellectual disability, X-linked 107
STIL	AR	Definitive	autosomal recessive primary microcephaly
STIM1	AR/AD	Definitive	myopathy, tubular aggregate, 1
STING1	AD/AR	Strong	STING-associated vasculopathy with onset in infancy
STK11	AD	Definitive	Peutz-Jeghers syndrome
STK33	AR	Limited	spermatogenic failure 93
STK36	AR/AD	Moderate	ciliary dyskinesia, primary, 46
STK4	AR	Definitive	combined immunodeficiency due to STK4 deficiency
STKLD1	AD	Limited	polydactyly
STN1	AR	Strong	cerebroretinal microangiopathy with calcifications and cysts 2
STRA6	AR/AD	Definitive	microphthalmia, syndromic 9
STRA8	AR	Moderate	male infertility with azoospermia or oligozoospermia due to single gene mutation
STRADA	AR	Definitive	polyhydramnios, megalencephaly, and symptomatic epilepsy
STRC	AR	Definitive	nonsyndromic genetic hearing loss
STRIP2	.	No Known Disease Relationship	Tourette syndrome
STS	XL	Definitive	recessive X-linked ichthyosis
STT3A	AR/AD	Definitive	congenital disorder of glycosylation, type Iw, autosomal dominant
STT3B	AR	Supportive	STT3B-congenital disorder of glycosylation
STUB1	AR/AD	Strong	autosomal recessive spinocerebellar ataxia 16
STX11	AR	Definitive	familial hemophagocytic lymphohistiocytosis 4
STX16	AD	Strong	pseudohypoparathyroidism type 1B
STX1A	AR/AD	Strong	neurodevelopmental disorder
STX1B	AD	Definitive	generalized epilepsy with febrile seizures plus
STX2	AR	Limited	spermatogenic failure
STX3	AR	Strong	retinal dystrophy and microvillus inclusion disease
STX4	AR	Moderate	hearing loss, autosomal recessive 123
STX5	AR	Moderate	congenital disorder of glycosylation
STXBP1	AD/AR	Definitive	developmental and epileptic encephalopathy, 4
STXBP2	AR/AD	Definitive	familial hemophagocytic lymphohistiocytosis 5
STXBP3	AR	Strong	inborn error of immunity
SUCLA2	AR/MT	Definitive	Leigh syndrome
SUCLG1	AR	Definitive	mitochondrial DNA depletion syndrome 9
SUCO	AD/AR	Moderate	osteogenesis imperfecta
SUFU	AD/AR	Definitive	medulloblastoma
SUGCT	AR	Strong	glutaric acidemia type 3
SULT1B1	.	No Known Disease Relationship	schizophrenia
SULT2B1	AR	Strong	ichthyosis, congenital, autosomal recessive 14
SUMF1	AR	Definitive	mucosulfatidosis
SUMO1	AD	Limited	orofacial cleft 10
SUMO4	AD	Limited	type 1 diabetes mellitus 5
SUN1	AR	Limited	complex neurodevelopmental disorder
SUN5	AR	Strong	spermatogenic failure 16
SUOX	AR	Definitive	isolated sulfite oxidase deficiency
SUPT16H	AD	Strong	neurodevelopmental disorder with dysmorphic facies and thin corpus callosum
SUPT7L	AR	Limited	lipodystrophy
SURF1	AR	Definitive	Leigh syndrome
SUZ12	AD	Definitive	Imagawa-Matsumoto syndrome
SV2A	AD/AR/SD	Moderate	developmental and epileptic encephalopathy 113
SVBP	AD/AR	Strong	neurodevelopmental disorder with ataxia, hypotonia, and microcephaly
SVIL	AR	Strong	myofibrillar myopathy 10
SYCE1	AR/AD	Definitive	SYCE1-related gametogenic failure
SYCP2	AD	Strong	spermatogenic failure 1
SYCP2L	AR	Strong	premature ovarian failure 24
SYCP3	AD	Moderate	infertility disorder
SYDE2	AR	Limited	multiple congenital anomalies/dysmorphic syndrome
SYK	AD	Strong	immunodeficiency 82 with systemic inflammation
SYN1	XL	Definitive	X-linked complex neurodevelopmental disorder
SYNCRIP	AD	Definitive	SYNCRIP-related neurodevelopmental disorder
SYNDIG1	.	No Known Disease Relationship	Tourette syndrome
SYNE1	AD/AR	Definitive	autosomal recessive ataxia, Beauce type
SYNE2	AD	Supportive	autosomal dominant Emery-Dreifuss muscular dystrophy
SYNE4	AR	Strong	autosomal recessive nonsyndromic hearing loss 76
SYNGAP1	AD	Definitive	complex neurodevelopmental disorder
SYNGR1	AD	Limited	bipolar disorder
SYNJ1	AR/AD	Definitive	genetic developmental and epileptic encephalopathy
SYNPO	AD	Limited	focal segmental glomerulosclerosis
SYP	XL	Definitive	intellectual disability, X-linked 96
SYT14	AR	Supportive	autosomal recessive spinocerebellar ataxia 11
SYT1	AD	Strong	infantile hypotonia-oculomotor anomalies-hyperkinetic movements-developmental delay syndrome
SYT2	AD/AR	Definitive	myasthenic syndrome, congenital, 7B, presynaptic, autosomal recessive
SYTL4	XL	Limited	retinal disorder
SYVN1	.	No Known Disease Relationship	schizophrenia
SZT2	AR/AD	Definitive	genetic developmental and epileptic encephalopathy
TAB2	AD	Definitive	congenital heart defects, multiple types, 2
TAC3	AR/AD	Strong	hypogonadotropic hypogonadism 10 with or without anosmia
TACO1	AR	Definitive	mitochondrial disease
TACR3	AR/AD	Strong	hypogonadotropic hypogonadism 11 with or without anosmia
TACSTD2	AR	Definitive	gelatinous drop-like corneal dystrophy
TAF13	AR	Strong	intellectual disability, autosomal recessive 60
TAF15	AD	Limited	amyotrophic lateral sclerosis
TAF1A	AD	Supportive	familial isolated dilated cardiomyopathy
TAF1C	AR	Moderate	neurodevelopmental disorder
TAF1	XL	Definitive	intellectual disability, X-linked, syndromic 33
TAF2	AR	Strong	microcephaly-thin corpus callosum-intellectual disability syndrome
TAF4	AD	Strong	intellectual developmental disorder, autosomal dominant 73
TAF4B	AR/AD	Supportive	male infertility with azoospermia or oligozoospermia due to single gene mutation
TAF6	AR	Strong	Alazami-Yuan syndrome
TAF8	AR	Strong	neurodevelopmental disorder with severe motor impairment, absent language, cerebral hypomyelination, and brain atrophy
TAF9	.	No Known Disease Relationship	schizophrenia
TAFAZZIN	XL	Definitive	Barth syndrome
TALDO1	AR	Definitive	transaldolase deficiency
TAMM41	AR	Strong	combined oxidative phosphorylation deficiency 56
TANC2	AD	Definitive	intellectual developmental disorder with autistic features and language delay, with or without seizures
TANGO2	AR	Definitive	recurrent metabolic encephalomyopathic crises-rhabdomyolysis-cardiac arrhythmia-intellectual disability syndrome
TAOK1	AD	Definitive	syndromic intellectual disability
TAOK2	AR/AD	Strong	neurodevelopmental disorder
TAP1	AR	Definitive	MHC class I deficiency
TAP2	AR	Definitive	MHC class I deficiency
TAPBP	AR	Moderate	MHC class I deficiency
TAPT1	AR	Strong	complex lethal osteochondrodysplasia
TARDBP	AD	Definitive	amyotrophic lateral sclerosis type 10
TARS1	AR	Moderate	trichothiodystrophy 7, nonphotosensitive
TARS2	AR	Definitive	mitochondrial disease
TAS2R38	AD	Limited	thiourea tasting
TASP1	AR	Strong	Suleiman-El-Hattab syndrome
TAT	AR	Definitive	tyrosinemia type II
TBC1D1	AD	Strong	non-syndromic renal or urinary tract malformation
TBC1D20	AR	Definitive	Warburg micro syndrome 4
TBC1D23	AR	Definitive	pontocerebellar hypoplasia, type 11
TBC1D24	AR/AD	Definitive	DOORS syndrome
TBC1D2B	AR	Strong	neurodevelopmental disorder with seizures and gingival overgrowth
TBC1D31	AR	Limited	congenital anomaly of kidney and urinary tract
TBC1D32	AR	Definitive	ciliopathy
TBC1D7	AR	Strong	macrocephaly/megalencephaly syndrome, autosomal recessive
TBC1D8B	XL/AD	Strong	nephrotic syndrome, type 20
TBCCD1	AR	Moderate	male infertility with azoospermia or oligozoospermia due to single gene mutation
TBCD	AR	Definitive	early-onset progressive diffuse brain atrophy-microcephaly-muscle weakness-optic atrophy syndrome
TBCE	AR	Definitive	hypoparathyroidism-retardation-dysmorphism syndrome
TBCK	AR	Definitive	syndromic complex neurodevelopmental disorder
TBK1	AR/AD	Definitive	frontotemporal dementia and/or amyotrophic lateral sclerosis 4
TBL1XR1	AD	Definitive	complex neurodevelopmental disorder
TBL1X	XL	Strong	hypothyroidism, congenital, nongoitrous, 8
TBP	AD	Definitive	spinocerebellar ataxia type 17
TBR1	AD	Definitive	complex neurodevelopmental disorder
TBX15	AR	Definitive	pelviscapular dysplasia
TBX18	AD	Strong	congenital anomalies of kidney and urinary tract 2
TBX19	AR	Definitive	congenital isolated adrenocorticotropic hormone deficiency
TBX1	AD	Definitive	conotruncal heart malformations
TBX20	AD	Definitive	congenital heart disease
TBX21	AR	Moderate	immunodeficiency 88
TBX22	XL	Definitive	cleft palate with or without ankyloglossia, X-linked
TBX2	AD	Strong	vertebral anomalies and variable endocrine and T-cell dysfunction
TBX3	AD	Definitive	ulnar-mammary syndrome
TBX4	AD/AR/SD	Definitive	pulmonary arterial hypertension
TBX5	AD	Definitive	Holt-Oram syndrome
TBX6	SD/AD/AR	Strong	spondylocostal dysostosis 5
TBXA2R	AD	Moderate	bleeding diathesis due to thromboxane synthesis deficiency
TBXAS1	AR	Definitive	ghosal hematodiaphyseal dysplasia
TBXT	AD/AR	Strong	chordoma
TCAP	AD/AR	Definitive	autosomal recessive limb-girdle muscular dystrophy
TCEAL1	XL	Strong	neurodevelopmental disorder with gait disturbance, dysmorphic facies, and behavioral abnormalities, X-linked
TCEANC	XL	Limited	male infertility with azoospermia or oligozoospermia due to single gene mutation
TCF12	AD/AR	Definitive	TCF12-related craniosynostosis
TCF20	AD	Definitive	developmental delay with variable intellectual impairment and behavioral abnormalities
TCF21	.	No Known Disease Relationship	congenital heart disease
TCF3	SD/AR/AD	Definitive	autosomal agammaglobulinemia
TCF4	AD	Definitive	Pitt-Hopkins syndrome
TCF7L1	AD	Limited	combined pituitary hormone deficiencies, genetic form
TCF7L2	AD	Definitive	complex neurodevelopmental disorder
TCHH	AR	Limited	uncombable hair syndrome 3
TCIRG1	AR/AD	Definitive	autosomal recessive osteopetrosis 1
TCN1	AR	Moderate	transcobalamin I deficiency
TCN2	AR	Definitive	transcobalamin II deficiency
TCOF1	AD	Definitive	Treacher-Collins syndrome
TCP11L2	.	No Known Disease Relationship	schizophrenia
TCP1	AD	Strong	neurodevelopmental disorder
TCTN1	AR	Strong	Joubert syndrome 13
TCTN2	AR	Definitive	Joubert syndrome 24
TCTN3	AR	Definitive	ciliopathy
TDO2	AR	Supportive	familial hypertryptophanemia
TDP1	AR	Strong	spinocerebellar ataxia, autosomal recessive, with axonal neuropathy 1
TDP2	AR	Definitive	spinocerebellar ataxia, autosomal recessive 23
TDRD6	AD/AR	Moderate	male infertility with azoospermia or oligozoospermia due to single gene mutation
TDRD7	AR	Strong	cataract 36
TDRD9	AR/AD	Strong	spermatogenic failure 30
TEAD1	AD	Strong	helicoid peripapillary chorioretinal degeneration
TECPR2	AR	Definitive	hereditary spastic paraplegia 49
TECR	AR	Supportive	autosomal recessive non-syndromic intellectual disability
TECRL	AR	Definitive	catecholaminergic polymorphic ventricular tachycardia
TECTA	AR/AD	Definitive	nonsyndromic genetic hearing loss
TEDC1	AR	Limited	autosomal recessive primary microcephaly
TEFM	AR	Strong	combined oxidative phosphorylation deficiency 58
TEK	AD	Definitive	TEK-related primary glaucoma
TEKT1	.	Disputed Evidence	primary ciliary dyskinesia
TEKT3	.	Limited	spermatogenic failure 81
TELO2	AR	Definitive	TELO2-related intellectual disability-neurodevelopmental disorder
TENM1	XL/AD	Supportive	isolated congenital anosmia
TENM3	AR/AD	Strong	microphthalmia, isolated, with coloboma 9
TENM4	AD	Strong	tremor, hereditary essential, 5
TENT5A	AR	Strong	osteogenesis imperfecta, type 18
TEP1	AD	Moderate	cerebral palsy
TERB2	AR	Moderate	spermatogenic failure 59
TERC	AD	Definitive	dyskeratosis congenita, autosomal dominant 1
TERT	SD/AD/AR	Definitive	dyskeratosis congenita, autosomal dominant 2
TET2	AD/AR	Strong	immunodeficiency 75
TET3	SD/AR/AD	Definitive	Beck-Fahrner syndrome
TEX11	XL/AD	Strong	spermatogenic failure, X-linked, 2
TEX14	AD	Supportive	male infertility with azoospermia or oligozoospermia due to single gene mutation
TEX15	AD	Supportive	male infertility with azoospermia or oligozoospermia due to single gene mutation
TFAM	AR	Strong	mitochondrial DNA depletion syndrome 15 (hepatocerebral type)
TFAP2A	AD	Definitive	branchiooculofacial syndrome
TFAP2B	AD	Definitive	TFAP2B-related congenital heart disease spectrum disorder
TFAP2E	AD	Limited	multiple congenital anomalies/dysmorphic syndrome
TF	AR	Strong	atransferrinemia
TFE3	AD/XL	Definitive	X-linked syndromic complex neurodevelopmental disorder
TFG	AD/AR	Strong	hereditary motor and sensory neuropathy, Okinawa type
TFR2	AR	Definitive	hemochromatosis type 3
TFRC	AR	Definitive	TFRC-related combined immunodeficiency
TG	AD/AR	Strong	thyroid dyshormonogenesis 3
TGDS	AR	Definitive	Catel-Manzke syndrome
TGFA	AD	Supportive	tooth agenesis
TGFB1	AD/AR	Definitive	Camurati-Engelmann disease
TGFB2	AD	Definitive	familial thoracic aortic aneurysm and aortic dissection
TGFB3	AD/AR	Definitive	Rienhoff syndrome
TGFBI	AD	Definitive	epithelial-stromal TGFBI dystrophy
TGFBR1	AD	Definitive	Loeys-Dietz syndrome
TGFBR2	AD	Definitive	Loeys-Dietz syndrome 2
TGIF1	AD	Definitive	holoprosencephaly 4
TGM1	AR	Definitive	autosomal recessive congenital ichthyosis 1
TGM2	AD	Limited	type 2 diabetes mellitus
TGM3	AR	Moderate	uncombable hair syndrome 2
TGM5	AR	Definitive	acral peeling skin syndrome
TGM6	AD	Strong	spinocerebellar ataxia type 35
THAP11	AR	Limited	methylmalonic aciduria and homocystinuria
THAP12	AR	Limited	syndromic complex neurodevelopmental disorder
THAP1	AD/SD	Strong	torsion dystonia 6
TH	AR	Definitive	TH-deficient dopa-responsive dystonia
THBD	AD/AR	Strong	thrombomodulin-related bleeding disorder
THBS1	AR/AD	Strong	congenital glaucoma
THBS2	AD	Moderate	Ehlers-Danlos syndrome, classic-like, 3
THBS3	.	No Known Disease Relationship	Tourette syndrome
THG1L	AD/AR	Strong	spinocerebellar ataxia, autosomal recessive 28
THOC1	AD	Moderate	hearing loss disorder
THOC2	XL	Definitive	X-linked complex neurodevelopmental disorder
THOC6	AR	Definitive	THOC6-related developmental delay-microcephaly-facial dysmorphism syndrome
THPO	AD/SD	Definitive	thrombocythemia 1
THRA	AD	Definitive	congenital nongoitrous hypothyroidism 6
THRB	AD/AR/SD	Strong	thyroid hormone resistance, generalized, autosomal dominant
THSD1	AD/AR	Definitive	non-immune hydrops fetalis
THSD4	AD	Strong	aortic aneurysm, familial thoracic 12
THUMPD1	AR	Strong	neurodevelopmental disorder with speech delay and variable ocular anomalies
TIA1	AD/SD	Strong	distal myopathy, Welander type
TIAM1	AR	Strong	neurodevelopmental disorder with language delay and seizures
TICAM1	SD/AR/AD	Strong	herpes simplex encephalitis, susceptibility to, 4
TIE1	AD	Strong	lymphatic malformation 11
TIGD2	.	No Known Disease Relationship	Tourette syndrome
TIMCC	.	Limited	Meniere disease
TIMM22	AR	Moderate	mitochondrial disease
TIMM44	AD	Limited	thyroid cancer
TIMM50	AR	Definitive	3-methylglutaconic aciduria type 9
TIMM8A	XL	Definitive	deafness dystonia syndrome
TIMMDC1	AR	Definitive	mitochondrial disease
TIMP3	AD	Definitive	Sorsby fundus dystrophy
TINF2	AD	Definitive	dyskeratosis congenita, autosomal dominant 3
TJP1	AD	Limited	arrhythmogenic right ventricular cardiomyopathy
TJP2	AR/AD	Strong	cholestasis, progressive familial intrahepatic, 4
TK2	AR	Definitive	mitochondrial disease
TKFC	AR	Moderate	inborn error of immunity
TKT	AR	Strong	transketolase deficiency
TLCD3B	AD/AR	Strong	cone-rod dystrophy 22
TLE1	AR	Limited	movement disorder
TLE6	AR	Strong	preimplantation embryonic lethality 1
TLK2	AD/SD	Definitive	intellectual disability, autosomal dominant 57
TLL1	AD	Strong	atrial septal defect 6
TLN1	AD	Moderate	idiopathic spontaneous coronary artery dissection
TLN2	AD	Limited	camptodactyly of fingers
TLR3	AD/AR	Strong	immunodeficiency 83, susceptibility to viral infections
TLR4	AR	Limited	inflammatory bowel disease
TLR5	.	Limited	systemic lupus erythematosus, susceptibility to, 1
TLR7	XL	Moderate	systemic lupus erythematosus 17
TLR8	XL	Strong	immunodeficiency 98 with autoinflammation, X-linked
TM2D3	AR	Moderate	neurodevelopmental disorder
TM4SF20	AD	Limited	specific language impairment 5
TM9SF4	AD	Limited	autism spectrum disorder
TMC1	SD/AD/AR	Definitive	autosomal recessive nonsyndromic hearing loss 7
TMC6	AR	Definitive	epidermodysplasia verruciformis, susceptibility to, 1
TMC8	AR	Definitive	epidermodysplasia verruciformis, susceptibility to, 2
TMCO1	AR	Definitive	cerebrofaciothoracic dysplasia
TMED7	AR	Limited	retinal disorder
TMEFF1	AR	Strong	hereditary predisposition to infections
TMEM106B	AD	Definitive	leukodystrophy, hypomyelinating, 16
TMEM107	AR	Strong	Meckel syndrome 13
TMEM126A	AR	Definitive	mitochondrial disease
TMEM126B	AR	Definitive	mitochondrial disease
TMEM127	AD	Definitive	pheochromocytoma
TMEM132D	AR	Limited	intellectual disability
TMEM132E	AR	Strong	hearing loss, autosomal recessive 99
TMEM135	AR	Limited	neurodevelopmental disorder
TMEM138	AR	Definitive	ciliopathy
TMEM147	AR	Strong	neurodevelopmental disorder with facial dysmorphism, absent language, and pseudo-pelger-huet anomaly
TMEM151A	AD	Strong	episodic kinesigenic dyskinesia 3
TMEM161B	AR	Limited	neurodevelopmental disorder
TMEM163	AD	Strong	leukodystrophy, hypomyelinating, 25
TMEM165	AR	Definitive	TMEM165-congenital disorder of glycosylation
TMEM167A	AR	Moderate	neonatal diabetes mellitus
TMEM168	.	Disputed Evidence	Brugada syndrome
TMEM216	AR	Definitive	ciliopathy
TMEM218	AR	Strong	Joubert syndrome 39
TMEM222	AR	Definitive	neurodevelopmental disorder with motor and speech delay and behavioral abnormalities
TMEM230	SD/AD	Moderate	Parkinson disease
TMEM231	AR	Definitive	ciliopathy
TMEM237	AR	Definitive	Joubert syndrome 14
TMEM240	AD	Definitive	spinocerebellar ataxia type 21
TMEM260	AR	Strong	structural heart defects and renal anomalies syndrome
TMEM38B	AR/AD	Strong	osteogenesis imperfecta type 14
TMEM43	AD	Definitive	arrhythmogenic right ventricular dysplasia 5
TMEM45A	AR	Moderate	brittle cornea syndrome
TMEM53	AR	Strong	craniotubular dysplasia, Ikegawa type
TMEM63A	AD	Strong	leukodystrophy, hypomyelinating, 19, transient infantile
TMEM63B	AD	Strong	complex neurodevelopmental disorder
TMEM63C	AR	Strong	spastic paraplegia 87, autosomal recessive
TMEM65	AR	Moderate	mitochondrial disease
TMEM67	AR	Definitive	Meckel syndrome, type 3
TMEM70	AR	Definitive	mitochondrial disease
TMEM92	AR	Limited	nervous system disorder
TMEM94	AR	Definitive	intellectual developmental disorder with cardiac defects and dysmorphic facies
TMEM98	AD	Strong	nanophthalmos 4
TMIE	AR	Definitive	nonsyndromic genetic hearing loss
TMLHE	XL	Limited	epsilon-trimethyllysine hydroxylase deficiency
TMOD1	AR	Limited	dilated cardiomyopathy
TMPO	AD	Supportive	familial isolated dilated cardiomyopathy
TMPRSS15	AR	Strong	congenital enteropathy due to enteropeptidase deficiency
TMPRSS3	AR	Definitive	nonsyndromic genetic hearing loss
TMPRSS4	AR	Supportive	autosomal recessive cerebral atrophy
TMPRSS5	AD	Limited	nonsyndromic genetic hearing loss
TMPRSS6	AR	Definitive	IRIDA syndrome
TMPRSS9	AR	Limited	complex neurodevelopmental disorder
TMTC2	.	Disputed Evidence	nonsyndromic genetic hearing loss
TMTC3	AR/AD	Strong	lissencephaly 8
TMX2	AR	Strong	neurodevelopmental disorder with microcephaly, cortical malformations, and spasticity
TNC	AD	Moderate	autosomal dominant nonsyndromic hearing loss 56
TNFAIP3	AD	Strong	autoinflammatory syndrome, familial, Behcet-like 1
TNFRSF10B	AD/AR	Limited	head and neck squamous cell carcinoma
TNFRSF11A	AD/AR	Strong	autosomal recessive osteopetrosis 7
TNFRSF11B	AR	Strong	juvenile Paget disease
TNFRSF13B	AR/AD	Definitive	immunodeficiency, common variable, 2
TNFRSF13C	AR	Moderate	immunodeficiency, common variable, 4
TNFRSF1A	AD	Definitive	TNF receptor 1-associated periodic fever syndrome
TNFRSF21	AD	Limited	myopia
TNFRSF4	AR	Supportive	combined immunodeficiency due to OX40 deficiency
TNFRSF9	AR	Definitive	immunodeficiency 109 with lymphoproliferation
TNFSF11	AR	Definitive	autosomal recessive osteopetrosis 2
TNFSF12	AD	Limited	common variable immunodeficiency
TNFSF13	AR	Limited	common variable immunodeficiency
TNFSF4	AD	Supportive	systemic lupus erythematosus
TNFSF9	AR	Limited	hereditary predisposition to infections
TNIK	AR	Moderate	intellectual disability, autosomal recessive 54
TNIP1	.	Supportive	systemic lupus erythematosus
TNK2	AR	Supportive	infantile-onset mesial temporal lobe epilepsy with severe cognitive regression
TNNC1	AD	Definitive	hypertrophic cardiomyopathy
TNNC2	AD	Strong	congenital myopathy 15
TNNI1	AD/AR	Moderate	arthrogryposis
TNNI2	AR/AD	Strong	distal arthrogryposis type 2B1
TNNI3	AR/AD	Definitive	dilated cardiomyopathy 2A
TNNI3K	AD	Strong	atrial conduction disease
TNNT1	AR/AD	Definitive	nemaline myopathy 5
TNNT2	AD/AR	Definitive	dilated cardiomyopathy 1D
TNNT3	AD/AR	Strong	distal arthrogryposis type 2B1
TNPO1	.	No Known Disease Relationship	Tourette syndrome
TNPO2	AD	Strong	intellectual developmental disorder with hypotonia, impaired speech, and dysmorphic facies
TNPO3	AD	Definitive	muscular dystrophy, limb-girdle, autosomal dominant
TNR	AR	Definitive	neurodevelopmental disorder, nonprogressive, with spasticity and transient opisthotonus
TNRC6A	AD	Limited	epilepsy, familial adult myoclonic, 6
TNRC6B	AD	Definitive	complex neurodevelopmental disorder
TNS2	AR	Strong	nephrotic syndrome
TNXB	AR/AD	Definitive	Ehlers-Danlos syndrome due to tenascin-X deficiency
TOE1	AR	Strong	pontocerebellar hypoplasia type 7
TOGARAM1	AR	Definitive	ciliopathy
TOGARAM2	AR	Limited	nonsyndromic genetic hearing loss
TOM1	AD	Limited	immune system disorder
TOMM70	AD/AR	Moderate	leukodystrophy
TOMM7	AR	Moderate	Garg-Mishra progeroid syndrome
TONSL	AR	Definitive	spondyloepimetaphyseal dysplasia, sponastrime type
TOP2B	AD	Strong	B-cell immunodeficiency, distal limb anomalies, and urogenital malformations
TOP3A	AR	Definitive	microcephaly, growth restriction, and increased sister chromatid exchange 2
TOP6BL	AR	Limited	hydatidiform mole, recurrent, 4
TOPBP1	.	No Known Disease Relationship	pulmonary arterial hypertension
TOPORS	AD/AR	Definitive	TOPORS-related retinopathy
TOR1A	AD/AR	Definitive	early-onset generalized limb-onset dystonia
TOR1AIP1	AR	Definitive	TOR1AIP1-related multisystem disorder
TP53	AD	Definitive	breast cancer
TP53BP2	.	Disputed Evidence	open-angle glaucoma
TP53RK	AR	Strong	Galloway-Mowat syndrome 4
TP53TG5	AR	Limited	complex neurodevelopmental disorder
TP63	AD	Definitive	ectrodactyly, ectodermal dysplasia, and cleft lip-palate syndrome 3
TP73	AR	Strong	ciliary dyskinesia, primary, 47, and lissencephaly
TPCN2	AD	Limited	albinism
TPH2	AD	Limited	attention deficit-hyperactivity disorder, susceptibility to, 7
TPI1	AR	Strong	triosephosphate isomerase deficiency
TPK1	AR	Strong	childhood encephalopathy due to thiamine pyrophosphokinase deficiency
TPM1	AD	Definitive	hypertrophic cardiomyopathy
TPM2	AR/AD	Definitive	TPM2-related myopathy
TPM3	SD/AR/AD	Definitive	TPM3-related myopathy
TPM4	AD	Strong	bleeding disorder, platelet-type, 25
TPO	AR	Strong	thyroid dyshormonogenesis 2A
TPP1	AR	Definitive	neuronal ceroid lipofuscinosis
TPP2	AR	Definitive	immunodeficiency 78 with autoimmunity and developmental delay
TPR	AR	Limited	intellectual developmental disorder, autosomal recessive 79
TPRKB	AR	Strong	Galloway-Mowat syndrome 5
TPRN	AR	Definitive	nonsyndromic genetic hearing loss
TPX2	.	No Known Disease Relationship	Tourette syndrome
TRA2B	AD	Definitive	syndromic complex neurodevelopmental disorder
TRAC	AR	Moderate	TCR-alpha-beta-positive T-cell deficiency
TRAF3	AD	Strong	herpes simplex encephalitis, susceptibility to, 3
TRAF3IP2	AR/AD	Strong	candidiasis, familial, 8
TRAF6	AD	Supportive	autosomal dominant hypohidrotic ectodermal dysplasia
TRAF7	AD	Definitive	cardiac, facial, and digital anomalies with developmental delay
TRAIP	AR	Strong	Seckel syndrome 9
TRAK1	AD/AR	Strong	developmental and epileptic encephalopathy, 68
TRAP1	AR	Strong	syndromic disease
TRAPPC10	AR	Strong	neurodevelopmental disorder with microcephaly, short stature, and speech delay
TRAPPC11	AR	Definitive	autosomal recessive limb-girdle muscular dystrophy
TRAPPC12	AR	Strong	early-onset progressive encephalopathy-hearing loss-pons hypoplasia-brain atrophy syndrome
TRAPPC14	AR	Supportive	autosomal recessive primary microcephaly
TRAPPC2L	AR	Strong	encephalopathy, progressive, early-onset, with episodic rhabdomyolysis
TRAPPC2	XL/AD	Definitive	spondyloepiphyseal dysplasia tarda, X-linked
TRAPPC4	AR/AD	Definitive	neurodevelopmental disorder with epilepsy, spasticity, and brain atrophy
TRAPPC6A	AR	Limited	complex neurodevelopmental disorder
TRAPPC6B	AR	Definitive	neurodevelopmental disorder with microcephaly, epilepsy, and brain atrophy
TRAPPC9	AR	Definitive	intellectual disability-obesity-brain malformations-facial dysmorphism syndrome
TRDN	AR	Definitive	catecholaminergic polymorphic ventricular tachycardia
TREH	AD	Supportive	diarrhea-vomiting due to trehalase deficiency
TREM2	AR	Strong	polycystic lipomembranous osteodysplasia with sclerosing leukoencephalopathy 2
TRERF1	AR	Limited	complex neurodevelopmental disorder
TREX1	AD/AR	Definitive	TREX1-related type 1 interferonopathy
TRHR	AR	Strong	hypothyroidism, congenital, nongoitrous, 7
TRIB3	AD	Limited	cardiomyopathy
TRIM22	AR	Strong	inborn error of immunity
TRIM23	AD	Limited	complex neurodevelopmental disorder
TRIM28	AD	Definitive	childhood kidney Wilms tumor
TRIM2	AR	Strong	Charcot-Marie-Tooth disease type 2R
TRIM32	AR	Definitive	autosomal recessive limb-girdle muscular dystrophy
TRIM33	AR	Limited	developmental dysplasia of the hip
TRIM36	.	Limited	anencephaly 1
TRIM37	AR	Definitive	mulibrey nanism
TRIM44	AD	Supportive	isolated aniridia
TRIM47	AD	Limited	genetic cerebral small vessel disease
TRIM63	AR	Strong	hypertrophic cardiomyopathy
TRIM69	AD/AR	Limited	hereditary predisposition to infections
TRIM71	AD	Strong	hydrocephalus, congenital communicating, 1
TRIM8	AD	Definitive	focal segmental glomerulosclerosis and neurodevelopmental syndrome
TRIO	AD	Definitive	syndromic intellectual disability
TRIOBP	AR	Definitive	hearing loss, autosomal recessive
TRIP11	AR	Definitive	TRIP11-related skeletal dysplasia
TRIP12	AD	Definitive	complex neurodevelopmental disorder
TRIP13	AR/AD	Strong	oocyte maturation defect 9
TRIP4	AR	Strong	spinal muscular atrophy with congenital bone fractures 1
TRIT1	AR	Definitive	mitochondrial disease
TRMT10A	AR	Definitive	microcephaly, short stature, and impaired glucose metabolism 1
TRMT10C	AR	Strong	combined oxidative phosphorylation defect type 30
TRMT1	AR/AD	Definitive	intellectual developmental disorder, autosomal recessive 68
TRMT5	AR	Definitive	mitochondrial disease
TRMU	AR/MT	Definitive	acute infantile liver failure due to synthesis defect of mtDNA-encoded proteins
TRNT1	AR	Definitive	congenital sideroblastic anemia-B-cell immunodeficiency-periodic fever-developmental delay syndrome
TRPA1	AD	Moderate	familial episodic pain syndrome with predominantly upper body involvement
TRPC3	AD	Moderate	spinocerebellar ataxia type 41
TRPC4AP	AD	Limited	hypothyroidism
TRPC5	XL	Moderate	neurodevelopmental disorder
TRPC6	AD	Strong	focal segmental glomerulosclerosis 2
TRPM1	AR	Definitive	TRPM1-related retinopathy
TRPM3	AD	Definitive	syndromic complex neurodevelopmental disorder
TRPM4	AD	Strong	progressive familial heart block type IB
TRPM6	AR	Definitive	intestinal hypomagnesemia 1
TRPM7	AD	Strong	familial primary hypomagnesemia
TRPS1	AD	Definitive	trichorhinophalangeal syndrome type I
TRPV1	AD/AR	Moderate	malignant hyperthermia, susceptibility to
TRPV3	AD	Strong	mutilating palmoplantar keratoderma with periorificial keratotic plaques
TRPV4	AD	Definitive	neuromuscular disease
TRPV5	AR	Limited	hypercalciuria, absorptive, 2
TRPV6	AR/AD	Strong	intestinal hypomagnesemia 1
TRRAP	AD	Definitive	complex neurodevelopmental disorder with or without congenital anomalies
TRU-TCA1-1	AR	Moderate	thyroid hormone metabolism, abnormal, 3
TSC1	AD	Definitive	tuberous sclerosis 1
TSC2	AD	Definitive	tuberous sclerosis 2
TSEN15	AR	Strong	pontocerebellar hypoplasia, type 2F
TSEN2	AR	Strong	pontocerebellar hypoplasia type 2B
TSEN34	AR	Supportive	pontocerebellar hypoplasia type 2
TSEN54	AR/AD	Definitive	pontocerebellar hypoplasia
TSFM	AR	Definitive	mitochondrial disease
TSGA10	.	Limited	spermatogenic failure 26
TSHB	AR	Definitive	isolated thyroid-stimulating hormone deficiency
TSHR	AD/AR	Definitive	hypothyroidism due to TSH receptor mutations
TSHZ1	AD	Strong	aural atresia, congenital
TSHZ3	AD	Moderate	congenital anomaly of kidney and urinary tract
TSPAN12	AD/SD	Definitive	TSPAN12-related exudative vitreoretinopathy
TSPAN18	AR	Limited	intellectual disability
TSPAN7	XL	Definitive	intellectual disability, X-linked 58
TSPEAR	AR	Strong	ectodermal dysplasia 14, hair/tooth type with or without hypohidrosis
TSPOAP1	AR	Strong	dystonia 22, juvenile-onset
TSPYL1	AR	Strong	sudden infant death-dysgenesis of the testes syndrome
TSR1	AD	Limited	idiopathic spontaneous coronary artery dissection
TSR2	XL/AD	Supportive	Diamond-Blackfan anemia
TTBK2	AD	Strong	spinocerebellar ataxia type 11
TTC12	AR/AD	Definitive	ciliary dyskinesia, primary, 45
TTC19	AR	Definitive	Leigh syndrome
TTC21A	AR	Strong	spermatogenic failure 37
TTC21B	AR/AD	Definitive	asphyxiating thoracic dystrophy 4
TTC29	AR	Strong	spermatogenic failure 42
TTC5	AR	Strong	neurodevelopmental disorder with cerebral atrophy and variable facial dysmorphism
TTC7A	AR	Definitive	multiple intestinal atresia
TTC8	AR/AD	Definitive	TTC8-related ciliopathy
TTF1	AD	Moderate	congenital hypothyroidism
TTF2	AD	Limited	congenital hypothyroidism
TTI1	AR	Strong	neurodevelopmental disorder with microcephaly and movement abnormalities
TTI2	AR	Strong	severe intellectual disability-short stature-behavioral abnormalities-facial dysmorphism syndrome
TTL	AR/AD	Moderate	complex neurodevelopmental disorder
TTLL5	AR/AD	Definitive	TTLL5-related retinopathy
TTLL9	AR	Moderate	male infertility with azoospermia or oligozoospermia due to single gene mutation
TTN	AD/AR	Definitive	dilated cardiomyopathy 1G
TTPA	AR	Definitive	familial isolated deficiency of vitamin E
TTR	AD	Definitive	familial amyloid neuropathy
TUBA1A	AD	Definitive	tubulinopathy
TUBA3D	.	Limited	keratoconus 9
TUBA3E	AR	Limited	complex neurodevelopmental disorder
TUBA4A	AD/AR	Strong	spastic ataxia 11, autosomal dominant
TUBA8	AR/AD	Moderate	macrothrombocytopenia, isolated, 2, autosomal dominant
TUBAL3	AR	Limited	complex neurodevelopmental disorder
TUB	AR/AD	Strong	retinal dystrophy and obesity
TUBB1	AD	Definitive	macrothrombocytopenia, isolated, 1, autosomal dominant
TUBB2A	AD	Definitive	tubulinopathy
TUBB2B	AD/AR	Definitive	complex cortical dysplasia with other brain malformations
TUBB3	AD	Definitive	TUBB3-related tubulinopathy
TUBB4A	AD	Definitive	TUBB4A-related neurologic disorder
TUBB4B	AD	Definitive	TUBB4B-related ciliopathy
TUBB6	.	Limited	facial palsy, congenital, with ptosis and velopharyngeal dysfunction
TUBB8	SD/AD/AR	Definitive	oocyte maturation defect 2
TUBB	AD	Definitive	TUBB3-related tubulinopathy
TUBG1	AD	Definitive	lissencephaly spectrum disorders
TUBGCP2	AR	Strong	pachygyria, microcephaly, developmental delay, and dysmorphic facies, with or without seizures
TUBGCP4	AR	Strong	microcephaly and chorioretinopathy 3
TUBGCP6	AR	Definitive	microcephaly and chorioretinopathy 1
TUFM	AR	Strong	combined oxidative phosphorylation defect type 4
TUFT1	AR	Strong	woolly hair-skin fragility syndrome
TULP1	AR/AD	Definitive	retinitis pigmentosa 14
TULP3	AR	Strong	ciliopathy
TUSC3	AR	Definitive	intellectual disability
TWIST1	AD	Definitive	Saethre-Chotzen syndrome
TWIST2	AD/AR	Definitive	ablepharon macrostomia syndrome
TWNK	AR/AD	Definitive	Perrault syndrome 5
TXN2	AR	Moderate	combined oxidative phosphorylation deficiency 29
TXNDC15	AR	Strong	ciliopathy
TXNL4A	AR	Definitive	choanal atresia-hearing loss-cardiac defects-craniofacial dysmorphism syndrome
TXNRD2	AD/AR	Strong	glucocorticoid deficiency 5
TYK2	AR	Strong	immunodeficiency 35
TYMP	AR	Definitive	mitochondrial disease
TYR	AR/AD	Definitive	oculocutaneous albinism type 1
TYROBP	AR	Strong	polycystic lipomembranous osteodysplasia with sclerosing leukoencephalopathy 1
TYRP1	AR	Definitive	oculocutaneous albinism type 3
U2AF2	AD	Strong	developmental delay, dysmorphic facies, and brain anomalies
UBA1	XL	Strong	infantile-onset X-linked spinal muscular atrophy
UBA2	AD	Definitive	ACCES syndrome
UBA5	AR/AD	Definitive	genetic developmental and epileptic encephalopathy
UBA6	AD	Limited	intellectual disability
UBAP1	AD	Strong	spastic paraplegia 80, autosomal dominant
UBAP1L	AR	Definitive	inherited retinal dystrophy
UBAP2L	AD	Definitive	neurodevelopmental disorder with impaired language, behavioral abnormalities, and dysmorphic facies
UBB	.	No Known Disease Relationship	isolated cleft palate
UBE2A	XL	Definitive	syndromic X-linked intellectual disability Nascimento type
UBE2L3	.	Supportive	systemic lupus erythematosus
UBE2T	AR	Strong	Fanconi anemia complementation group T
UBE2U	AD	Limited	syndromic disease
UBE3A	AD	Definitive	Angelman syndrome
UBE3B	AR	Definitive	oculocerebrofacial syndrome, Kaufman type
UBE3C	AR	Strong	neurodevelopmental disorder with absent speech and movement and behavioral abnormalities
UBE4A	AR	Strong	neurodevelopmental disorder with hypotonia and gross motor and speech delay
UBIAD1	AD	Definitive	Schnyder corneal dystrophy
UBQLN1	AD	Limited	intellectual disability
UBQLN2	XL/AD	Definitive	amyotrophic lateral sclerosis type 15
UBR1	AR	Definitive	Johanson-Blizzard syndrome
UBR4	AD	Moderate	hereditary episodic ataxia
UBR5	AD	Definitive	neurodevelopmental disorder
UBR7	AR	Strong	Li-Campeau syndrome
UBTF	AD	Definitive	childhood-onset motor and cognitive regression syndrome with extrapyramidal movement disorder
UCHL1	AR/AD	Definitive	hereditary spastic paraplegia
UCP2	AD	Moderate	hyperinsulinism due to UCP2 deficiency
UCP3	AD	Limited	inherited obesity
UFC1	AR	Definitive	neurodevelopmental disorder with spasticity and poor growth
UFM1	AR/AD	Definitive	leukodystrophy, hypomyelinating, 14
UFSP2	AD/AR	Strong	developmental and epileptic encephalopathy 106
UGCG	AR	Limited	ichthyosis
UGDH	AR	Strong	developmental and epileptic encephalopathy, 84
UGGT1	AR	Moderate	disorder of protein N-glycosylation
UGP2	AR	Strong	developmental and epileptic encephalopathy, 83
UGT1A1	AR	Definitive	Crigler-Najjar syndrome type 2
UHRF1	AR/AD	Moderate	DNA repair disease
UIMC1	.	No Known Disease Relationship	schizophrenia
ULK4	AD	Limited	prostate cancer
UMOD	AD	Definitive	autosomal dominant medullary cystic kidney disease with or without hyperuricemia
UMPS	AR/AD	Definitive	orotic aciduria
UNC119	AD	Moderate	cone-rod dystrophy 24
UNC13A	AD/AR	Definitive	neurodevelopmental disorder with hypotonia, epilepsy, and absent speech
UNC13B	AD/AR	Limited	epilepsy
UNC13D	AR	Definitive	familial hemophagocytic lymphohistiocytosis 3
UNC45A	AR	Strong	osteootohepatoenteric syndrome
UNC45B	AR/AD	Strong	myofibrillar myopathy 11
UNC50	AR	Moderate	arthrogryposis multiplex congenita
UNC79	AD	Strong	complex neurodevelopmental disorder
UNC80	AR	Definitive	hypotonia, infantile, with psychomotor retardation and characteristic facies 2
UNC93B1	SD/AR/AD	Strong	herpes simplex encephalitis, susceptibility to, 1
UNG	AR	Strong	hyper-IgM syndrome type 5
UNK	AR	Limited	complex neurodevelopmental disorder
UNKL	.	No Known Disease Relationship	Tourette syndrome
UPB1	AR	Strong	beta-ureidopropionase deficiency
UPF1	AD	Strong	neurodevelopmental disorder
UPF3B	XL	Definitive	X-linked complex neurodevelopmental disorder
UPK3A	AD	Supportive	renal agenesis, unilateral
UQCC2	AR	Strong	mitochondrial complex III deficiency nuclear type 7
UQCC3	AR	Moderate	mitochondrial complex III deficiency nuclear type 9
UQCRB	AR	Strong	mitochondrial complex III deficiency nuclear type 3
UQCRC1	AD	Limited	parkinsonism with polyneuropathy
UQCRC2	AR	Strong	mitochondrial complex III deficiency nuclear type 5
UQCRFS1	AR	Strong	mitochondrial complex III deficiency, nuclear type 10
UQCRH	AR	Moderate	mitochondrial complex III deficiency, nuclear type 11
UQCRQ	AR	Strong	mitochondrial complex III deficiency nuclear type 4
UROC1	AR	Moderate	urocanic aciduria
UROD	SD/AD/AR	Definitive	UROD-related inherited porphyria
UROS	AR	Definitive	cutaneous porphyria
USB1	AR/AD	Definitive	poikiloderma with neutropenia
USF1	AD	Limited	hyperlipidemia, combined, 1
USF3	.	No Known Disease Relationship	schizophrenia
USH1C	AR/AD	Definitive	Usher syndrome type 1C
USH1G	AR	Definitive	Usher syndrome type 1G
USH2A	AR/AD	Definitive	Usher syndrome type 2
USP14	AR	Strong	syndromic disease
USP18	AR	Definitive	pseudo-TORCH syndrome 2
USP1	.	No Known Disease Relationship	Tourette syndrome
USP25	AD	Moderate	epilepsy, idiopathic generalized, susceptibility to, 19
USP26	.	Limited	spermatogenic failure, X-linked, 6
USP27X	XL	Strong	intellectual disability, X-linked 105
USP2	AR	Limited	complex neurodevelopmental disorder
USP33	AD	Limited	renal hypertension
USP34	AD	Limited	congenital heart disease
USP44	AD	Limited	congenital heart disease
USP45	AD/AR	Strong	Leber congenital amaurosis 19
USP48	AD	Strong	hearing loss, autosomal dominant 85
USP53	AR	Strong	cholestasis
USP7	AD	Definitive	Hao-Fountain syndrome
USP8	AD/AR	Moderate	hereditary spastic paraplegia
USP9X	XL	Definitive	X-linked syndromic intellectual disability
UTP4	AR	Supportive	hereditary North American Indian childhood cirrhosis
UTRN	.	No Known Disease Relationship	schizophrenia
UVSSA	AR	Definitive	UV-sensitive syndrome 3
UXS1	AD	Limited	skeletal dysplasia
VAC14	AR	Strong	striatonigral degeneration, childhood-onset
VAMP1	AR/AD	Strong	myasthenic syndrome, congenital, 25, presynaptic
VAMP2	AD	Strong	neurodevelopmental disorder with hypotonia and autistic features with or without hyperkinetic movements
VANGL1	AD	Limited	neural tube defects, susceptibility to
VANGL2	AD	Moderate	neural tube defects, susceptibility to
VAPB	AD	Definitive	amyotrophic lateral sclerosis type 8
VARS1	AR	Definitive	neurodevelopmental disorder with microcephaly, seizures, and cortical atrophy
VARS2	AR	Definitive	mitochondrial disease
VAV1	AD	Limited	common variable immunodeficiency
VAX1	AR	Limited	microphthalmia, syndromic 11
VCAN	AD	Definitive	Wagner disease
VCL	AD	Strong	dilated cardiomyopathy 1W
VCP	AD	Definitive	complex neurodevelopmental disorder
VDR	AR	Definitive	vitamin D-dependent rickets, type 2A
VEGFA	AD	Limited	congenital heart disease
VEGFC	AD	Strong	lymphatic malformation 4
VEZF1	AD	Limited	autism spectrum disorder
VGLL2	AR	Strong	isolated congenital syngnathia
VHL	AR/AD	Definitive	von Hippel-Lindau disease
VIM	AD	Definitive	cataract
VIP	AD	Limited	Asperger syndrome
VIPAS39	AR	Definitive	arthrogryposis, renal dysfunction, and cholestasis 2
VKORC1	AR/AD	Strong	vitamin K-dependent clotting factors, combined deficiency of, type 2
VLDLR	AR	Definitive	cerebellar ataxia, intellectual disability, and dysequilibrium syndrome 1
VMA12	AR	Strong	TMEM199-CDG
VMA21	XL	Strong	X-linked myopathy with excessive autophagy
VMA22	AR	Definitive	CCDC115-CDG
VPS11	AR	Definitive	VPS11-related neurological disorder
VPS13A	AR	Definitive	VPS13A-related neurodegenerative disease
VPS13B	AR	Definitive	Cohen syndrome
VPS13C	AR	Strong	autosomal recessive early-onset Parkinson disease 23
VPS13D	AR	Strong	autosomal recessive cerebellar ataxia-saccadic intrusion syndrome
VPS16	AR/AD	Strong	dystonia 30
VPS18	.	No Known Disease Relationship	leukodystrophy
VPS26C	AD	Limited	neurodevelopmental disorder
VPS33A	AR	Definitive	mucopolysaccharidosis-plus syndrome
VPS33B	AR	Definitive	arthrogryposis, renal dysfunction, and cholestasis 1
VPS35	AD/AR	Definitive	Parkinson disease
VPS35L	AR	Limited	Ritscher-Schinzel syndrome 3
VPS37A	AR	Moderate	hereditary spastic paraplegia 53
VPS41	AR	Strong	spinocerebellar ataxia, autosomal recessive 29
VPS45	AR	Strong	congenital neutropenia-myelofibrosis-nephromegaly syndrome
VPS4A	AD/AR	Definitive	cerebellar hypoplasia-intellectual disability-congenital microcephaly-dystonia-anemia-growth retardation syndrome
VPS4B	AD	Supportive	dentin dysplasia type I
VPS50	AR	Strong	neurodevelopmental disorder with microcephaly, seizures, and neonatal cholestasis
VPS51	AR	Moderate	pontocerebellar hypoplasia, type 13
VPS52	AR	Moderate	complex neurodevelopmental disorder with or without congenital anomalies
VPS53	AR	Definitive	pontocerebellar hypoplasia type 2E
VPS8	.	Limited	arthrogryposis multiplex congenita
VRK1	AR	Definitive	pontocerebellar hypoplasia type 1A
VSX1	AD	Moderate	keratoconus 1
VSX2	AR/AD	Definitive	microphthalmia, isolated, with coloboma 3
VTN	AD	Limited	atypical hemolytic-uremic syndrome
VWA1	AR	Strong	neuronopathy, distal hereditary motor, autosomal recessive 7
VWA2	AR	Limited	congenital anomaly of kidney and urinary tract
VWA3B	AR	Limited	spinocerebellar ataxia, autosomal recessive 22
VWA8	AD	Strong	retinitis pigmentosa 97
VWF	AD/AR	Definitive	hereditary von Willebrand disease
WAC	AD	Definitive	DeSanto-Shinawi syndrome
WAPL	AD	Limited	complex neurodevelopmental disorder
WARS1	AD/AR	Definitive	distal hereditary motor neuropathy
WARS2	AR	Definitive	mitochondrial disease
WASF1	AD	Strong	neurodevelopmental disorder with absent language and variable seizures
WASHC3	AD/AR	Limited	neurodevelopmental disorder
WASHC4	AR	Strong	intellectual disability, autosomal recessive 43
WASHC5	AD/AR	Strong	Ritscher-Schinzel syndrome 1
WASL	AR	Limited	Parkinson disease
WAS	XL/AD/XLR	Definitive	Wiskott-Aldrich syndrome
WBP11	AD	Strong	vertebral, cardiac, tracheoesophageal, renal, and limb defects
WBP2	AR	Moderate	hearing loss, autosomal recessive 107
WBP4	AR	Strong	neurodevelopmental disorder
WDFY3	AD	Definitive	syndromic intellectual disability
WDFY4	AR	Limited	complex neurodevelopmental disorder
WDPCP	AR	Definitive	ciliopathy
WDR11	AD/AR	Strong	hypogonadotropic hypogonadism 14 with or without anosmia
WDR13	XL	Limited	intellectual disability
WDR19	AR	Definitive	ciliopathy
WDR1	AR	Strong	periodic fever, immunodeficiency, and thrombocytopenia syndrome
WDR26	AD	Definitive	Skraban-Deardorff syndrome
WDR35	AR	Definitive	cranioectodermal dysplasia 2
WDR36	AD	Limited	glaucoma 1, open angle, G
WDR37	AD	Definitive	neurooculocardiogenitourinary syndrome
WDR44	XL	Strong	ciliopathy
WDR45B	AR	Strong	neurodevelopmental disorder with spastic quadriplegia and brain abnormalities with or without seizures
WDR45	XL	Definitive	X-linked complex neurodevelopmental disorder
WDR47	AR/AD	Strong	complex neurodevelopmental disorder
WDR48	AR	Supportive	autosomal recessive spastic paraplegia type 60
WDR4	AR	Strong	microcephaly, growth deficiency, seizures, and brain malformations
WDR5	AD	Strong	neurodevelopmental disorder
WDR62	AR	Definitive	microcephaly 2, primary, autosomal recessive, with or without cortical malformations
WDR72	AR	Definitive	amelogenesis imperfecta
WDR73	AR	Strong	Galloway-Mowat syndrome 1
WDR81	AR	Strong	cerebellar ataxia, intellectual disability, and dysequilibrium syndrome 2
WDR83OS	AR	Strong	neurodevelopmental disorder with variable familial hypercholanemia
WDR87	AR	Limited	cataract
WDR91	AR	Strong	complex neurodevelopmental disorder
WDR93	AR	Limited	autism spectrum disorder
WEE2	AR	Definitive	oocyte maturation defect 5
WFDC2	AR	Strong	bronchiectasis and nasal polyposis
WFS1	AD/AR	Definitive	Wolfram-like syndrome
WHRN	AR	Definitive	Usher syndrome type 2D
WIPF1	AR	Definitive	Wiskott-Aldrich syndrome 2
WIPI2	AR	Strong	intellectual developmental disorder with short stature and variable skeletal anomalies
WLS	AR	Strong	Zaki syndrome
WNK1	AR/AD	Definitive	neuropathy, hereditary sensory and autonomic, type 2A
WNK3	XL	Strong	Prieto syndrome
WNK4	AD	Strong	pseudohypoaldosteronism type 2B
WNT10A	SD/AR/AD	Definitive	ectodermal dysplasia WNT10A related
WNT10B	AR/AD	Definitive	split hand-foot malformation 6
WNT11	AD/AR	Strong	osteoporosis
WNT1	AD/AR	Definitive	osteogenesis imperfecta type 15
WNT2B	AR	Strong	diarrhea 9
WNT3	AR	Definitive	tetraamelia syndrome 1
WNT4	AR/AD	Strong	mullerian aplasia and hyperandrogenism
WNT5A	AD	Definitive	autosomal dominant Robinow syndrome 1
WNT7A	AR	Definitive	Fuhrmann syndrome
WNT7B	AR	Strong	multiple congenital anomalies/dysmorphic syndrome
WNT9B	AR	Moderate	renal agenesis
WRAP53	AR/AD	Strong	dyskeratosis congenita, autosomal recessive 3
WRAP73	AR	Moderate	anterior segment dysgenesis
WRN	AR	Definitive	Werner syndrome
WSB2	AR	Limited	complex neurodevelopmental disorder
WT1	AD	Definitive	Denys-Drash syndrome
WWOX	AR/AD	Definitive	genetic developmental and epileptic encephalopathy
XDH	AR	Strong	xanthinuria type I
XIAP	XL	Definitive	X-linked lymphoproliferative disease due to XIAP deficiency
XIST	XL	Strong	X inactivation, familial skewed, 1
XK	XL	Strong	XK-related neurodegenerative disease
XPA	AR	Definitive	xeroderma pigmentosum group A
XPC	AR	Definitive	xeroderma pigmentosum group C
XPNPEP3	AR	Definitive	nephronophthisis-like nephropathy 1
XPO5	AR	Limited	nephrotic syndrome
XPO7	AD	Limited	prostate cancer
XPR1	AD	Strong	basal ganglia calcification, idiopathic, 6
XRCC1	AD/AR	Strong	spinocerebellar ataxia, autosomal recessive 26
XRCC2	AR/AD	Moderate	Fanconi anemia complementation group U
XRCC4	AR	Definitive	short stature, microcephaly, and endocrine dysfunction
XRCC6	AD	Limited	autism spectrum disorder
XYLT1	AR	Strong	Desbuquois dysplasia 2
XYLT2	AR	Strong	spondylo-ocular syndrome
YAP1	AD	Strong	uveal coloboma-cleft lip and palate-intellectual disability
YARS1	AD/AR	Definitive	Charcot-Marie-Tooth disease
YARS2	AR	Definitive	myopathy, lactic acidosis, and sideroblastic anemia 2
YEATS2	AD	Supportive	benign adult familial myoclonic epilepsy
YIF1B	AR	Definitive	Kaya-Barakat-Masson syndrome
YIPF5	AR	Strong	microcephaly, epilepsy, and diabetes syndrome 2
YKT6	AR	Moderate	syndromic disease
YME1L1	AR	Moderate	optic atrophy 11
YPEL2	AD	Limited	retinitis pigmentosa
YRDC	AR	Strong	Galloway-Mowat syndrome 10
YTHDC1	AD	Limited	autism spectrum disorder
YWHAE	AD	Strong	neurodevelopmental disorder
YWHAG	AD	Definitive	developmental and epileptic encephalopathy, 56
YWHAZ	AD	Moderate	complex neurodevelopmental disorder
YY1	AD	Definitive	complex neurodevelopmental disorder
YY1AP1	AR/AD	Strong	grange syndrome
ZAP70	AR	Definitive	combined immunodeficiency due to ZAP70 deficiency
ZAR1	AR	Limited	syndromic disease
ZBTB11	AR	Definitive	syndromic complex neurodevelopmental disorder
ZBTB16	AR	Moderate	skeletal defects, genital hypoplasia, and intellectual disability
ZBTB18	AD	Definitive	complex neurodevelopmental disorder
ZBTB20	AD	Definitive	Primrose syndrome
ZBTB24	AR	Definitive	immunodeficiency-centromeric instability-facial anomalies syndrome 2
ZBTB40	AR	Limited	neurodevelopmental disorder
ZBTB42	AR	Moderate	lethal congenital contracture syndrome 6
ZBTB47	AD	Strong	neurodevelopmental disorder
ZBTB7A	AD	Strong	complex neurodevelopmental disorder
ZC2HC1C	AR	Limited	neurodevelopmental disorder
ZC3H12B	AD	Limited	autism spectrum disorder
ZC3H14	AD/AR	Moderate	intellectual disability, autosomal recessive 56
ZC3H7A	.	No Known Disease Relationship	Tourette syndrome
ZC4H2	XL	Definitive	Wieacker-Wolff syndrome
ZCCHC8	AR/AD	Strong	pulmonary fibrosis and/or bone marrow failure, telomere-related
ZDBF2	AD	Limited	nasopalpebral lipoma-coloboma syndrome
ZDHHC15	XL	Limited	intellectual disability, X-linked 91
ZDHHC16	AR	Moderate	neurodevelopmental disorder
ZDHHC5	.	Limited	schizophrenia
ZDHHC9	XL	Definitive	syndromic X-linked intellectual disability Raymond type
ZEB1	AD	Definitive	posterior polymorphous corneal dystrophy 3
ZEB2	AD	Definitive	Mowat-Wilson syndrome
ZFHX2	AD	Limited	indifference to pain, congenital, autosomal dominant
ZFHX3	AD/AR	Definitive	complex neurodevelopmental disorder
ZFHX4	AD	Definitive	neurodevelopmental disorder
ZFP36L1	AR	Limited	oocyte maturation defect 13
ZFP36L2	.	Limited	oocyte maturation defect 13
ZFP57	AR/AD	Definitive	diabetes mellitus, transient neonatal, 1
ZFPM1	AD	Limited	congenital heart disease
ZFPM2	AD	Strong	tetralogy of fallot
ZFR	AR	Supportive	autosomal recessive spastic paraplegia type 71
ZFTRAF1	AR	Limited	complex neurodevelopmental disorder
ZFX	XL	Strong	X-linked syndromic complex neurodevelopmental disorder
ZFYVE19	AR	Definitive	cholestasis, progressive familial intrahepatic, 9
ZFYVE26	AR	Definitive	hereditary spastic paraplegia 15
ZFYVE27	AD	Limited	hereditary spastic paraplegia 33
ZIC1	AD	Definitive	craniosynostosis 6
ZIC2	AD	Definitive	holoprosencephaly 5
ZIC3	XL	Definitive	VACTERL association, X-linked, with or without hydrocephalus
ZMAT2	AD	Limited	congenital radioulnar synostosis
ZMIZ1	AD	Definitive	complex neurodevelopmental disorder
ZMPSTE24	AR/AD	Definitive	mandibuloacral dysplasia with type B lipodystrophy
ZMYM2	AD	Definitive	neurodevelopmental-craniofacial syndrome with variable renal and cardiac abnormalities
ZMYM3	XL	Strong	intellectual developmental disorder, X-linked 112
ZMYM5	AR	Limited	multiple congenital anomalies/dysmorphic syndrome
ZMYM6	AD	Limited	intellectual disability
ZMYND10	AR/AD	Definitive	primary ciliary dyskinesia 22
ZMYND11	AD	Definitive	syndromic complex neurodevelopmental disorder
ZMYND15	AR/AD	Strong	spermatogenic failure 14
ZMYND8	AD	Definitive	syndromic complex neurodevelopmental disorder
ZNF112	.	No Known Disease Relationship	Tourette syndrome
ZNF141	AR	Supportive	postaxial polydactyly type A
ZNF142	AR	Strong	neurodevelopmental disorder with impaired speech and hyperkinetic movements
ZNF143	AR	Moderate	methylmalonic acidemia
ZNF148	AD	Strong	global developmental delay, absent or hypoplastic corpus callosum, and dysmorphic facies
ZNF18	AR	Limited	neurodevelopmental disorder
ZNF215	.	No Known Disease Relationship	Beckwith-Wiedemann syndrome
ZNF219	AR	Limited	microphthalmia
ZNF229	.	No Known Disease Relationship	schizophrenia
ZNF23	.	No Known Disease Relationship	Tourette syndrome
ZNF292	AD	Definitive	complex neurodevelopmental disorder
ZNF335	AR	Strong	microcephalic primordial dwarfism due to ZNF335 deficiency
ZNF341	AR	Definitive	hyper-IgE recurrent infection syndrome 3, autosomal recessive
ZNF37A	.	No Known Disease Relationship	Tourette syndrome
ZNF385A	.	No Known Disease Relationship	Tourette syndrome
ZNF3	AR	Limited	multiple congenital anomalies/dysmorphic syndrome
ZNF407	AD/AR	Strong	short stature, impaired intellectual development, microcephaly, hypotonia, and ocular anomalies
ZNF408	AD/AR	Strong	exudative vitreoretinopathy 6
ZNF41	XL	Limited	non-syndromic X-linked intellectual disability
ZNF423	AR/AD	Strong	nephronophthisis 14
ZNF445	AR	Limited	syndromic disease
ZNF462	AD	Definitive	Weiss-Kruszka syndrome
ZNF469	AD/AR	Definitive	brittle cornea syndrome 1
ZNF483	AD	Moderate	primary ovarian failure
ZNF513	AD/AR	Moderate	retinitis pigmentosa 58
ZNF518B	.	No Known Disease Relationship	schizophrenia
ZNF526	AR	Strong	Dentici-Novelli neurodevelopmental syndrome
ZNF541	AR	Limited	male infertility with azoospermia or oligozoospermia due to single gene mutation
ZNF565	.	No Known Disease Relationship	schizophrenia
ZNF589	AR	Limited	complex neurodevelopmental disorder
ZNF592	AR	Limited	cerebellar ataxia
ZNF606	AD	Limited	neuromyelitis optica
ZNF609	AR	Limited	neurodevelopmental disorder
ZNF644	AD	Strong	myopia 21, autosomal dominant
ZNF668	AR	Moderate	neurodevelopmental disorder with poor growth, large ears, and dysmorphic facies
ZNF674	.	Disputed Evidence	intellectual disability
ZNF687	AD	Strong	Paget disease of bone 6
ZNF699	AR	Strong	DEGCAGS syndrome
ZNF711	XL	Definitive	X-linked complex neurodevelopmental disorder
ZNF713	AD	Limited	autism
ZNF750	AD/AR	Moderate	seborrhea-like dermatitis with psoriasiform elements
ZNF799	.	No Known Disease Relationship	Tourette syndrome
ZNF804A	AD	Limited	complex neurodevelopmental disorder
ZNF808	AR	Strong	pancreatic agenesis 3
ZNF81	XL	Supportive	non-syndromic X-linked intellectual disability
ZNF862	AD	Limited	hereditary gingival fibromatosis
ZNFX1	AR	Strong	immunodeficiency 91 and hyperinflammation
ZNHIT3	AR/AD	Strong	PEHO syndrome
ZNRF3	AD	Strong	complex neurodevelopmental disorder
ZP1	AR/AD	Strong	female infertility due to zona pellucida defect
ZP2	AR/AD	Definitive	oocyte maturation defect 6
ZP3	AD/AR	Strong	oocyte maturation defect 3
ZP4	.	No Known Disease Relationship	schizophrenia
ZPBP	.	Limited	spermatogenic failure 66
ZPR1	AR	Moderate	growth restriction, hypoplastic kidneys, alopecia, and distinctive facies
ZRSR2	XL	Strong	orofaciodigital syndrome 21
ZSCAN10	AR	Strong	otofacial neurodevelopmental syndrome
ZSWIM6	AD	Definitive	acromelic frontonasal dysostosis
ZSWIM7	AR	Strong	ovarian dysgenesis 10
ZWILCH	AD	Limited	autism spectrum disorder
ZYG11B	AD/AR	Limited	multiple congenital anomalies/dysmorphic syndrome
